lab_result_id,lab_order_id,result_ts,result_value,unit,abnormal_flag,result_status
LRES000000001,LORD000000001,2026-05-24 08:49:25,0.853,mg/dL,N,Final
LRES000000002,LORD000000002,2026-05-16 08:06:28,0.987,mg/dL,N,Final
LRES000000003,LORD000000003,2026-04-16 03:44:44,17.031,g/dL,N,Preliminary
LRES000000004,LORD000000004,2026-04-16 05:44:44,421.453,10^9/L,N,Final
LRES000000005,LORD000000005,2026-03-27 17:37:25,4.419,mmol/L,N,Final
LRES000000006,LORD000000006,2026-05-08 11:01:08,4.16,mmol/L,N,Final
LRES000000007,LORD000000007,2026-02-22 16:55:21,1.125,mg/dL,N,Final
LRES000000008,LORD000000008,2026-01-18 18:29:10,6.914,10^9/L,N,Preliminary
LRES000000009,LORD000000009,2026-01-18 04:29:10,3.899,10^9/L,L,Preliminary
LRES000000010,LORD000000011,2026-05-26 17:39:32,4.201,mmol/L,N,Final
LRES000000011,LORD000000013,2026-04-08 04:20:08,433.104,10^9/L,N,Preliminary
LRES000000012,LORD000000014,2026-04-08 12:20:08,89.159,mg/dL,N,Final
LRES000000013,LORD000000015,2026-02-04 19:57:10,280.327,10^9/L,N,Final
LRES000000014,LORD000000016,2026-04-15 05:12:00,0.51,mg/dL,L,Preliminary
LRES000000015,LORD000000017,2026-04-15 08:12:00,15.561,g/dL,N,Final
LRES000000016,LORD000000018,2026-05-26 16:13:42,0.724,mg/dL,N,Final
LRES000000017,LORD000000019,2026-04-21 15:47:46,138.352,mmol/L,N,Final
LRES000000018,LORD000000020,2026-02-23 05:25:28,1.393,mg/dL,H,Final
LRES000000019,LORD000000022,2026-03-07 21:37:48,5.456,mmol/L,H,Preliminary
LRES000000020,LORD000000023,2026-03-08 11:37:48,78.032,mg/dL,N,Final
LRES000000021,LORD000000024,2026-05-08 19:31:18,4.754,mmol/L,N,Final
LRES000000022,LORD000000025,2026-05-08 07:31:18,3.686,mmol/L,N,Final
LRES000000023,LORD000000026,2026-03-12 01:37:44,7.667,ng/L,N,Final
LRES000000024,LORD000000028,2026-04-10 22:14:27,18.113,g/dL,H,Final
LRES000000025,LORD000000029,2026-05-13 08:26:19,2.177,10^9/L,L,Final
LRES000000026,LORD000000030,2026-03-23 17:30:11,139.433,mmol/L,N,Final
LRES000000027,LORD000000031,2026-01-10 00:17:23,2.645,ng/L,N,Final
LRES000000028,LORD000000032,2026-01-10 18:17:23,4.669,mmol/L,N,Final
LRES000000029,LORD000000034,2026-06-02 00:01:07,1.285,mg/dL,N,Final
LRES000000030,LORD000000035,2026-03-20 08:18:55,-1.059,ng/L,L,Final
LRES000000031,LORD000000037,2026-04-28 02:04:35,10.918,10^9/L,N,Final
LRES000000032,LORD000000038,2026-04-28 13:04:35,2.432,ng/L,N,Final
LRES000000033,LORD000000039,2026-03-28 11:54:29,407.547,10^9/L,N,Preliminary
LRES000000034,LORD000000040,2026-02-04 09:02:59,426.606,10^9/L,N,Final
LRES000000035,LORD000000041,2026-02-03 19:02:59,7.666,10^9/L,N,Final
LRES000000036,LORD000000042,2026-03-17 11:32:23,98.455,mg/dL,N,Final
LRES000000037,LORD000000043,2026-03-02 23:18:21,3.311,mmol/L,L,Preliminary
LRES000000038,LORD000000044,2026-03-03 12:18:21,1.083,mg/dL,N,Final
LRES000000039,LORD000000045,2026-03-13 19:08:48,4.841,mmol/L,N,Final
LRES000000040,LORD000000046,2026-01-17 21:22:17,215.214,10^9/L,N,Final
LRES000000041,LORD000000047,2026-01-17 04:22:17,135.655,mmol/L,N,Final
LRES000000042,LORD000000048,2026-01-17 04:44:50,6.291,10^9/L,N,Preliminary
LRES000000043,LORD000000049,2026-01-17 09:44:50,101.673,mg/dL,N,Final
LRES000000044,LORD000000050,2026-04-27 13:09:45,0.951,mg/dL,N,Final
LRES000000045,LORD000000051,2026-04-27 15:09:45,19.697,ng/L,H,Final
LRES000000046,LORD000000052,2026-03-03 00:38:30,0.781,mg/dL,N,Final
LRES000000047,LORD000000054,2026-04-12 21:54:37,5.18,10^9/L,N,Final
LRES000000048,LORD000000056,2026-04-03 14:32:57,12.642,ng/L,N,Preliminary
LRES000000049,LORD000000057,2026-04-03 22:32:57,140.652,10^9/L,L,Final
LRES000000050,LORD000000058,2026-04-17 12:48:36,1.193,mg/dL,N,Preliminary
LRES000000051,LORD000000059,2026-01-18 02:45:25,256.382,10^9/L,N,Final
LRES000000052,LORD000000060,2026-03-26 21:09:59,14.354,g/dL,N,Final
LRES000000053,LORD000000061,2026-04-15 05:29:13,6.148,10^9/L,N,Preliminary
LRES000000054,LORD000000062,2026-04-14 23:29:13,122.986,mg/dL,N,Preliminary
LRES000000055,LORD000000063,2026-02-07 22:27:07,8.883,10^9/L,N,Final
LRES000000056,LORD000000064,2026-02-06 18:27:07,14.433,g/dL,N,Final
LRES000000057,LORD000000065,2026-04-05 18:55:31,62.817,mg/dL,L,Preliminary
LRES000000058,LORD000000066,2026-04-06 13:55:31,16.317,g/dL,N,Final
LRES000000059,LORD000000067,2026-03-04 22:42:34,3.726,mmol/L,N,Preliminary
LRES000000060,LORD000000068,2026-03-05 01:42:34,18.067,ng/L,N,Preliminary
LRES000000061,LORD000000069,2026-05-25 17:56:50,9.72,ng/L,N,Final
LRES000000062,LORD000000070,2026-05-25 14:56:50,13.048,g/dL,N,Final
LRES000000063,LORD000000071,2026-03-12 15:00:07,55.902,mg/dL,L,Preliminary
LRES000000064,LORD000000072,2026-03-12 09:00:07,141.002,mmol/L,N,Final
LRES000000065,LORD000000073,2026-04-11 11:53:46,3.962,mmol/L,N,Final
LRES000000066,LORD000000074,2026-04-10 23:53:46,7.696,10^9/L,N,Final
LRES000000067,LORD000000075,2026-05-31 22:37:20,10.508,10^9/L,N,Final
LRES000000068,LORD000000076,2026-06-01 10:37:20,0.922,mg/dL,N,Final
LRES000000069,LORD000000077,2026-02-12 03:43:11,139.337,mmol/L,N,Preliminary
LRES000000070,LORD000000078,2026-02-12 08:43:11,9.429,10^9/L,N,Final
LRES000000071,LORD000000079,2026-02-19 21:16:21,101.966,mg/dL,N,Final
LRES000000072,LORD000000080,2026-05-25 11:42:18,0.848,mg/dL,N,Final
LRES000000073,LORD000000081,2026-04-22 12:03:13,0.953,mg/dL,N,Final
LRES000000074,LORD000000082,2026-04-21 09:03:13,18.424,g/dL,H,Final
LRES000000075,LORD000000084,2026-02-26 02:43:08,140.797,mmol/L,N,Final
LRES000000076,LORD000000086,2026-05-07 01:12:47,140.875,mmol/L,N,Final
LRES000000077,LORD000000087,2026-02-23 00:14:01,4.649,mmol/L,N,Preliminary
LRES000000078,LORD000000088,2026-02-23 06:14:01,5.345,mmol/L,H,Final
LRES000000079,LORD000000089,2026-03-11 16:40:29,438.457,10^9/L,N,Final
LRES000000080,LORD000000090,2026-06-01 05:49:27,397.579,10^9/L,N,Final
LRES000000081,LORD000000091,2026-05-31 22:49:27,128.294,mg/dL,N,Preliminary
LRES000000082,LORD000000092,2026-03-02 08:20:56,141.09,mmol/L,N,Final
LRES000000083,LORD000000093,2026-02-12 11:13:24,0.803,mg/dL,N,Final
LRES000000084,LORD000000094,2026-02-11 16:13:24,13.904,g/dL,N,Preliminary
LRES000000085,LORD000000095,2026-05-06 18:02:25,13.339,g/dL,N,Final
LRES000000086,LORD000000096,2026-04-14 00:01:52,73.701,mg/dL,N,Final
LRES000000087,LORD000000097,2026-04-14 02:01:52,9.743,ng/L,N,Final
LRES000000088,LORD000000098,2026-02-21 18:50:59,442.745,10^9/L,N,Final
LRES000000089,LORD000000099,2026-02-22 03:50:59,316.437,10^9/L,N,Final
LRES000000090,LORD000000100,2026-04-17 04:10:31,13.227,g/dL,N,Final
LRES000000091,LORD000000101,2026-04-17 02:10:31,16.998,g/dL,N,Preliminary
LRES000000092,LORD000000102,2026-04-27 16:39:41,15.26,g/dL,N,Final
LRES000000093,LORD000000103,2026-04-28 15:39:41,4.248,mmol/L,N,Preliminary
LRES000000094,LORD000000105,2026-03-20 11:29:16,1.219,mg/dL,N,Final
LRES000000095,LORD000000107,2026-03-20 23:26:25,316.323,10^9/L,N,Final
LRES000000096,LORD000000108,2026-03-20 12:26:25,100.648,mg/dL,N,Final
LRES000000097,LORD000000109,2026-05-13 23:49:33,87.171,mg/dL,N,Preliminary
LRES000000098,LORD000000110,2026-05-14 02:49:33,74.341,10^9/L,L,Final
LRES000000099,LORD000000111,2026-04-20 17:09:17,154.511,mg/dL,H,Final
LRES000000100,LORD000000112,2026-04-21 01:09:17,4.763,mmol/L,N,Final
LRES000000101,LORD000000113,2026-02-24 23:57:22,16.152,g/dL,N,Final
LRES000000102,LORD000000114,2026-05-09 19:10:10,143.167,mmol/L,N,Preliminary
LRES000000103,LORD000000115,2026-01-04 07:21:40,5.541,mmol/L,H,Final
LRES000000104,LORD000000116,2026-01-03 13:21:40,94.679,mg/dL,N,Final
LRES000000105,LORD000000117,2026-03-05 20:27:02,80.947,mg/dL,N,Final
LRES000000106,LORD000000118,2026-04-21 14:44:44,17.561,g/dL,H,Preliminary
LRES000000107,LORD000000119,2026-05-27 08:14:55,3.172,mmol/L,L,Preliminary
LRES000000108,LORD000000120,2026-04-19 04:25:57,19.25,g/dL,H,Final
LRES000000109,LORD000000121,2026-01-20 09:39:48,5.536,10^9/L,N,Final
LRES000000110,LORD000000122,2026-01-19 22:39:48,3.218,mmol/L,L,Preliminary
LRES000000111,LORD000000123,2026-05-08 02:24:17,116.361,mg/dL,N,Final
LRES000000112,LORD000000124,2026-05-07 18:24:17,136.07,mmol/L,N,Final
LRES000000113,LORD000000126,2026-03-02 11:07:42,5.864,10^9/L,N,Preliminary
LRES000000114,LORD000000127,2026-04-28 16:23:16,93.005,mg/dL,N,Preliminary
LRES000000115,LORD000000128,2026-02-09 05:58:07,138.471,mmol/L,N,Preliminary
LRES000000116,LORD000000129,2026-05-24 02:26:10,132.053,mg/dL,N,Final
LRES000000117,LORD000000130,2026-02-02 08:37:37,9.349,10^9/L,N,Final
LRES000000118,LORD000000131,2026-02-16 20:30:11,4.095,mmol/L,N,Final
LRES000000119,LORD000000132,2026-02-16 18:30:11,137.959,mmol/L,N,Final
LRES000000120,LORD000000133,2026-01-06 22:45:57,109.635,mg/dL,N,Preliminary
LRES000000121,LORD000000134,2026-01-07 04:45:57,6.737,10^9/L,N,Preliminary
LRES000000122,LORD000000135,2026-03-13 22:45:04,14.452,g/dL,N,Preliminary
LRES000000123,LORD000000136,2026-03-13 01:45:04,129.257,mg/dL,N,Final
LRES000000124,LORD000000137,2026-05-15 11:30:40,0.674,mg/dL,N,Preliminary
LRES000000125,LORD000000138,2026-04-13 21:48:45,14.779,g/dL,N,Final
LRES000000126,LORD000000139,2026-02-01 17:18:06,138.445,mmol/L,N,Final
LRES000000127,LORD000000140,2026-02-01 02:18:06,0.716,mg/dL,N,Final
LRES000000128,LORD000000141,2026-03-22 07:29:26,142.661,mmol/L,N,Final
LRES000000129,LORD000000142,2026-03-22 16:29:26,6.722,10^9/L,N,Final
LRES000000130,LORD000000144,2026-02-23 15:00:40,137.256,mmol/L,N,Final
LRES000000131,LORD000000145,2026-02-23 15:00:40,149.705,10^9/L,L,Preliminary
LRES000000132,LORD000000146,2026-01-25 21:06:25,1.37,mg/dL,H,Preliminary
LRES000000133,LORD000000147,2026-01-25 19:06:25,1.011,mg/dL,N,Preliminary
LRES000000134,LORD000000150,2026-03-17 01:01:01,142.684,mmol/L,N,Final
LRES000000135,LORD000000153,2026-04-02 11:39:12,4.247,mmol/L,N,Final
LRES000000136,LORD000000154,2026-04-02 19:39:12,0.872,mg/dL,N,Preliminary
LRES000000137,LORD000000155,2026-02-27 06:19:49,75.915,mg/dL,N,Final
LRES000000138,LORD000000156,2026-02-27 01:19:49,144.285,mmol/L,N,Final
LRES000000139,LORD000000157,2026-04-20 21:30:53,10.678,10^9/L,N,Final
LRES000000140,LORD000000158,2026-04-20 04:30:53,17.523,g/dL,H,Preliminary
LRES000000141,LORD000000159,2026-04-13 11:29:34,126.073,mg/dL,N,Preliminary
LRES000000142,LORD000000160,2026-04-13 05:29:34,277.162,10^9/L,N,Preliminary
LRES000000143,LORD000000161,2026-03-28 04:27:18,112.428,10^9/L,L,Preliminary
LRES000000144,LORD000000162,2026-03-28 18:27:18,4.413,mmol/L,N,Preliminary
LRES000000145,LORD000000163,2026-02-14 14:37:47,6.902,10^9/L,N,Final
LRES000000146,LORD000000164,2026-02-14 17:37:47,139.825,mmol/L,N,Preliminary
LRES000000147,LORD000000165,2026-04-26 17:43:43,9.186,ng/L,N,Preliminary
LRES000000148,LORD000000166,2026-04-17 05:31:27,142.062,mmol/L,N,Preliminary
LRES000000149,LORD000000167,2026-03-12 15:03:21,143.539,mmol/L,N,Final
LRES000000150,LORD000000168,2026-02-27 17:39:37,146.234,mmol/L,H,Preliminary
LRES000000151,LORD000000169,2026-01-29 22:18:14,104.406,mg/dL,N,Preliminary
LRES000000152,LORD000000170,2026-04-13 13:15:06,95.208,mg/dL,N,Preliminary
LRES000000153,LORD000000171,2026-04-07 13:53:10,14.808,ng/L,N,Final
LRES000000154,LORD000000172,2026-03-27 04:03:16,125.336,mg/dL,N,Final
LRES000000155,LORD000000173,2026-03-26 17:03:16,4.31,mmol/L,N,Final
LRES000000156,LORD000000174,2026-05-30 00:08:18,112.261,mg/dL,N,Final
LRES000000157,LORD000000175,2026-05-30 07:08:18,0.89,mg/dL,N,Final
LRES000000158,LORD000000176,2026-02-18 18:45:26,333.372,10^9/L,N,Preliminary
LRES000000159,LORD000000177,2026-04-22 22:11:46,0.584,mg/dL,L,Preliminary
LRES000000160,LORD000000178,2026-05-13 20:29:11,98.972,mg/dL,N,Final
LRES000000161,LORD000000179,2026-01-05 19:44:22,9.403,10^9/L,N,Preliminary
LRES000000162,LORD000000180,2026-01-14 02:43:26,4.549,mmol/L,N,Final
LRES000000163,LORD000000181,2026-01-14 15:43:26,8.457,10^9/L,N,Final
LRES000000164,LORD000000183,2026-05-22 08:38:07,292.125,10^9/L,N,Final
LRES000000165,LORD000000184,2026-05-22 03:38:07,17.497,g/dL,N,Final
LRES000000166,LORD000000185,2026-02-01 05:37:24,4.047,mmol/L,N,Final
LRES000000167,LORD000000186,2026-02-18 03:00:52,16.294,g/dL,N,Final
LRES000000168,LORD000000187,2026-02-18 12:00:52,9.625,10^9/L,N,Final
LRES000000169,LORD000000188,2026-03-26 17:57:27,2.055,ng/L,N,Final
LRES000000170,LORD000000189,2026-03-26 21:57:27,170.729,10^9/L,N,Preliminary
LRES000000171,LORD000000190,2026-01-17 08:27:05,309.32,10^9/L,N,Final
LRES000000172,LORD000000191,2026-04-09 08:47:05,0.719,mg/dL,N,Final
LRES000000173,LORD000000192,2026-01-20 17:07:47,5.245,mmol/L,H,Final
LRES000000174,LORD000000193,2026-01-20 13:07:47,4.442,ng/L,N,Final
LRES000000175,LORD000000194,2026-04-13 10:30:20,12.424,g/dL,N,Final
LRES000000176,LORD000000195,2026-04-22 23:25:52,290.616,10^9/L,N,Final
LRES000000177,LORD000000196,2026-03-07 07:53:06,15.747,g/dL,N,Preliminary
LRES000000178,LORD000000197,2026-03-06 22:53:06,10.535,g/dL,L,Final
LRES000000179,LORD000000198,2026-05-04 05:12:53,140.97,mmol/L,N,Preliminary
LRES000000180,LORD000000199,2026-04-23 13:24:37,138.914,mmol/L,N,Final
LRES000000181,LORD000000200,2026-04-06 15:21:11,5.081,mmol/L,N,Final
LRES000000182,LORD000000201,2026-03-09 15:00:44,75.026,10^9/L,L,Final
LRES000000183,LORD000000202,2026-05-26 14:25:31,266.421,10^9/L,N,Preliminary
LRES000000184,LORD000000203,2026-05-26 03:25:31,13.588,ng/L,N,Final
LRES000000185,LORD000000204,2026-05-16 00:40:39,9.043,ng/L,N,Final
LRES000000186,LORD000000205,2026-02-20 22:52:27,0.951,mg/dL,N,Final
LRES000000187,LORD000000206,2026-02-14 02:20:12,5.441,10^9/L,N,Final
LRES000000188,LORD000000207,2026-02-14 01:20:12,215.91,10^9/L,N,Final
LRES000000189,LORD000000208,2026-01-14 10:37:42,140.522,mmol/L,N,Preliminary
LRES000000190,LORD000000209,2026-01-14 01:37:42,11.242,ng/L,N,Final
LRES000000191,LORD000000210,2026-02-06 07:48:46,17.053,g/dL,N,Final
LRES000000192,LORD000000211,2026-02-05 23:48:46,158.165,10^9/L,N,Final
LRES000000193,LORD000000212,2026-01-23 07:46:14,140.173,mmol/L,N,Preliminary
LRES000000194,LORD000000213,2026-05-12 01:07:17,16.445,g/dL,N,Final
LRES000000195,LORD000000214,2026-01-30 09:27:38,4.201,mmol/L,N,Final
LRES000000196,LORD000000215,2026-02-17 01:07:25,352.583,10^9/L,N,Preliminary
LRES000000197,LORD000000216,2026-03-23 01:30:49,6.626,10^9/L,N,Final
LRES000000198,LORD000000217,2026-04-22 13:21:11,5.929,10^9/L,N,Final
LRES000000199,LORD000000218,2026-04-22 00:21:11,4.41,mmol/L,N,Final
LRES000000200,LORD000000219,2026-05-26 23:47:34,10.616,g/dL,L,Final
LRES000000201,LORD000000220,2026-05-26 18:47:34,3.432,mmol/L,L,Preliminary
LRES000000202,LORD000000221,2026-01-25 14:46:47,133.839,mg/dL,N,Final
LRES000000203,LORD000000223,2026-01-14 18:26:16,9.515,10^9/L,N,Preliminary
LRES000000204,LORD000000224,2026-03-02 15:01:48,93.951,mg/dL,N,Final
LRES000000205,LORD000000225,2026-03-03 09:01:48,1.228,mg/dL,N,Final
LRES000000206,LORD000000226,2026-02-28 18:01:24,133.583,mmol/L,L,Final
LRES000000207,LORD000000227,2026-02-27 15:01:24,0.951,mg/dL,N,Preliminary
LRES000000208,LORD000000228,2026-05-02 09:16:24,100.668,mg/dL,N,Final
LRES000000209,LORD000000230,2026-01-16 10:50:29,171.637,10^9/L,N,Final
LRES000000210,LORD000000231,2026-04-09 23:09:43,14.492,g/dL,N,Preliminary
LRES000000211,LORD000000232,2026-05-12 15:10:53,5.963,ng/L,N,Final
LRES000000212,LORD000000233,2026-04-09 01:19:14,0.808,mg/dL,N,Final
LRES000000213,LORD000000234,2026-04-08 22:19:14,113.008,mg/dL,N,Final
LRES000000214,LORD000000235,2026-02-04 12:51:17,7.006,10^9/L,N,Final
LRES000000215,LORD000000236,2026-01-03 05:01:13,61.45,10^9/L,L,Final
LRES000000216,LORD000000238,2026-02-17 14:55:34,4.308,mmol/L,N,Preliminary
LRES000000217,LORD000000239,2026-02-17 21:55:34,4.55,mmol/L,N,Final
LRES000000218,LORD000000240,2026-02-02 16:23:24,3.946,mmol/L,N,Preliminary
LRES000000219,LORD000000241,2026-03-22 21:22:15,3.636,mmol/L,N,Preliminary
LRES000000220,LORD000000242,2026-03-22 10:22:15,9.23,10^9/L,N,Final
LRES000000221,LORD000000243,2026-03-23 21:56:34,112.392,mg/dL,N,Final
LRES000000222,LORD000000244,2026-02-14 02:51:21,0.887,mg/dL,N,Final
LRES000000223,LORD000000245,2026-01-05 20:59:14,103.294,mg/dL,N,Preliminary
LRES000000224,LORD000000246,2026-01-06 00:59:14,0.868,mg/dL,N,Preliminary
LRES000000225,LORD000000248,2026-04-10 23:54:38,13.674,g/dL,N,Final
LRES000000226,LORD000000249,2026-04-25 04:11:36,125.358,mg/dL,N,Final
LRES000000227,LORD000000250,2026-02-04 11:32:49,17.005,g/dL,N,Final
LRES000000228,LORD000000251,2026-02-15 03:03:34,8.099,10^9/L,N,Preliminary
LRES000000229,LORD000000252,2026-05-10 08:35:41,576.047,10^9/L,H,Final
LRES000000230,LORD000000253,2026-03-04 22:31:38,4.249,mmol/L,N,Final
LRES000000231,LORD000000254,2026-02-18 03:38:19,138.887,mmol/L,N,Preliminary
LRES000000232,LORD000000255,2026-02-17 13:38:19,237.569,10^9/L,N,Final
LRES000000233,LORD000000256,2026-04-08 00:03:47,1.069,mg/dL,N,Final
LRES000000234,LORD000000257,2026-04-08 15:03:47,14.624,g/dL,N,Preliminary
LRES000000235,LORD000000258,2026-01-12 12:41:25,-2.213,ng/L,L,Preliminary
LRES000000236,LORD000000260,2026-05-01 19:27:39,14.565,g/dL,N,Final
LRES000000237,LORD000000261,2026-03-28 16:45:32,8.128,10^9/L,N,Final
LRES000000238,LORD000000262,2026-05-13 21:55:27,16.039,g/dL,N,Preliminary
LRES000000239,LORD000000263,2026-03-04 11:53:26,3.267,mmol/L,L,Preliminary
LRES000000240,LORD000000264,2026-03-03 21:53:26,-7.386,ng/L,L,Final
LRES000000241,LORD000000265,2026-01-02 18:10:21,16.494,g/dL,N,Final
LRES000000242,LORD000000266,2026-01-03 01:10:21,367.481,10^9/L,N,Final
LRES000000243,LORD000000267,2026-04-23 03:14:19,4.604,ng/L,N,Final
LRES000000244,LORD000000268,2026-04-23 09:14:19,3.783,mmol/L,N,Preliminary
LRES000000245,LORD000000269,2026-02-18 22:48:38,3.736,mmol/L,N,Preliminary
LRES000000246,LORD000000270,2026-02-18 19:48:38,13.995,g/dL,N,Preliminary
LRES000000247,LORD000000271,2026-04-05 20:34:48,18.28,ng/L,N,Final
LRES000000248,LORD000000272,2026-04-05 20:34:48,496.681,10^9/L,H,Final
LRES000000249,LORD000000273,2026-03-04 18:13:15,138.286,mmol/L,N,Final
LRES000000250,LORD000000274,2026-05-05 21:47:37,17.508,ng/L,N,Final
LRES000000251,LORD000000275,2026-03-07 03:18:26,16.484,g/dL,N,Preliminary
LRES000000252,LORD000000276,2026-03-06 18:18:26,13.726,g/dL,N,Final
LRES000000253,LORD000000277,2026-03-27 06:11:57,4.793,mmol/L,N,Preliminary
LRES000000254,LORD000000278,2026-03-27 13:11:57,138.488,mmol/L,N,Final
LRES000000255,LORD000000279,2026-03-06 09:13:53,144.191,mmol/L,N,Final
LRES000000256,LORD000000281,2026-03-03 23:25:55,6.741,10^9/L,N,Final
LRES000000257,LORD000000282,2026-03-27 16:08:44,14.33,g/dL,N,Final
LRES000000258,LORD000000283,2026-01-24 19:05:21,7.812,10^9/L,N,Final
LRES000000259,LORD000000284,2026-01-25 02:05:21,4.523,10^9/L,N,Preliminary
LRES000000260,LORD000000285,2026-04-26 18:54:28,-1.263,ng/L,L,Preliminary
LRES000000261,LORD000000286,2026-04-27 11:54:28,400.767,10^9/L,N,Final
LRES000000262,LORD000000287,2026-04-25 10:17:12,13.735,ng/L,N,Final
LRES000000263,LORD000000288,2026-04-25 16:17:12,9.859,ng/L,N,Final
LRES000000264,LORD000000289,2026-03-08 10:50:25,341.447,10^9/L,N,Preliminary
LRES000000265,LORD000000290,2026-03-08 13:50:25,1.212,mg/dL,N,Final
LRES000000266,LORD000000291,2026-05-21 05:52:33,7.327,10^9/L,N,Final
LRES000000267,LORD000000292,2026-05-20 18:52:33,110.823,mg/dL,N,Preliminary
LRES000000268,LORD000000293,2026-05-06 12:48:42,107.558,mg/dL,N,Preliminary
LRES000000269,LORD000000294,2026-05-06 10:48:42,490.557,10^9/L,H,Final
LRES000000270,LORD000000295,2026-02-27 14:35:34,4.703,mmol/L,N,Preliminary
LRES000000271,LORD000000296,2026-01-09 00:22:42,1.193,mg/dL,N,Final
LRES000000272,LORD000000297,2026-05-08 00:43:11,143.235,mmol/L,N,Final
LRES000000273,LORD000000298,2026-01-16 09:45:25,100.381,mg/dL,N,Final
LRES000000274,LORD000000300,2026-02-16 22:47:34,4.739,mmol/L,N,Final
LRES000000275,LORD000000301,2026-05-17 08:01:44,4.668,mmol/L,N,Preliminary
LRES000000276,LORD000000303,2026-02-10 20:07:10,94.613,mg/dL,N,Final
LRES000000277,LORD000000304,2026-05-28 23:18:44,0.923,mg/dL,N,Preliminary
LRES000000278,LORD000000305,2026-05-29 01:18:44,141.174,mg/dL,H,Final
LRES000000279,LORD000000307,2026-05-23 18:11:59,13.014,ng/L,N,Final
LRES000000280,LORD000000308,2026-04-26 14:37:34,4.446,10^9/L,N,Preliminary
LRES000000281,LORD000000309,2026-04-26 16:37:34,1.194,mg/dL,N,Final
LRES000000282,LORD000000310,2026-02-06 07:58:23,194.673,10^9/L,N,Final
LRES000000283,LORD000000314,2026-01-03 21:24:51,26.096,ng/L,H,Final
LRES000000284,LORD000000316,2026-02-24 11:42:15,379.669,10^9/L,N,Preliminary
LRES000000285,LORD000000318,2026-02-02 14:59:12,15.364,g/dL,N,Final
LRES000000286,LORD000000319,2026-02-02 05:59:12,7.083,10^9/L,N,Final
LRES000000287,LORD000000320,2026-05-16 00:11:00,0.992,mg/dL,N,Final
LRES000000288,LORD000000321,2026-05-16 10:11:00,170.395,10^9/L,N,Final
LRES000000289,LORD000000322,2026-05-14 16:02:41,94.506,mg/dL,N,Preliminary
LRES000000290,LORD000000323,2026-05-15 10:02:41,16.852,ng/L,N,Final
LRES000000291,LORD000000324,2026-03-18 23:14:56,153.101,mg/dL,H,Preliminary
LRES000000292,LORD000000325,2026-04-12 23:57:57,4.525,mmol/L,N,Final
LRES000000293,LORD000000326,2026-04-02 23:38:25,14.102,ng/L,N,Final
LRES000000294,LORD000000327,2026-02-07 10:09:56,4.377,mmol/L,N,Final
LRES000000295,LORD000000328,2026-04-13 03:04:31,78.34,10^9/L,L,Preliminary
LRES000000296,LORD000000329,2026-02-05 01:43:55,0.62,mg/dL,N,Preliminary
LRES000000297,LORD000000330,2026-02-05 09:43:55,142.407,mmol/L,N,Final
LRES000000298,LORD000000331,2026-04-17 17:43:27,5.847,mmol/L,H,Final
LRES000000299,LORD000000332,2026-04-17 13:43:27,501.917,10^9/L,H,Preliminary
LRES000000300,LORD000000333,2026-04-27 11:30:19,7.305,ng/L,N,Preliminary
LRES000000301,LORD000000335,2026-01-13 21:15:59,16.567,g/dL,N,Final
LRES000000302,LORD000000337,2026-03-05 00:10:40,7.543,ng/L,N,Preliminary
LRES000000303,LORD000000338,2026-03-04 21:10:40,15.279,ng/L,N,Final
LRES000000304,LORD000000339,2026-03-02 01:54:05,145.918,mmol/L,H,Final
LRES000000305,LORD000000340,2026-03-02 23:54:05,15.054,g/dL,N,Preliminary
LRES000000306,LORD000000341,2026-03-20 23:04:10,136.574,mmol/L,N,Final
LRES000000307,LORD000000342,2026-04-27 11:44:18,133.804,mmol/L,L,Final
LRES000000308,LORD000000343,2026-04-26 21:44:18,138.541,mmol/L,N,Final
LRES000000309,LORD000000344,2026-01-05 10:30:23,10.52,10^9/L,N,Final
LRES000000310,LORD000000345,2026-01-05 15:30:23,134.228,mmol/L,L,Final
LRES000000311,LORD000000346,2026-04-22 00:01:19,15.569,ng/L,N,Final
LRES000000312,LORD000000347,2026-04-21 10:01:19,136.598,mmol/L,N,Final
LRES000000313,LORD000000348,2026-03-01 16:30:34,3.008,ng/L,N,Final
LRES000000314,LORD000000349,2026-03-02 04:30:34,4.943,mmol/L,N,Final
LRES000000315,LORD000000350,2026-05-04 13:31:34,138.079,mmol/L,N,Final
LRES000000316,LORD000000352,2026-04-08 18:14:50,0.644,mg/dL,N,Preliminary
LRES000000317,LORD000000353,2026-05-25 08:56:15,4.321,mmol/L,N,Preliminary
LRES000000318,LORD000000354,2026-04-14 16:06:11,140.359,mmol/L,N,Preliminary
LRES000000319,LORD000000355,2026-04-14 10:06:11,186.941,10^9/L,N,Preliminary
LRES000000320,LORD000000356,2026-01-26 15:23:44,9.89,ng/L,N,Final
LRES000000321,LORD000000357,2026-01-26 01:23:44,15.746,g/dL,N,Final
LRES000000322,LORD000000358,2026-06-01 08:05:42,5.363,ng/L,N,Preliminary
LRES000000323,LORD000000359,2026-06-01 06:05:42,86.625,mg/dL,N,Preliminary
LRES000000324,LORD000000360,2026-03-18 20:43:22,0.781,mg/dL,N,Final
LRES000000325,LORD000000361,2026-05-08 06:28:15,3.818,10^9/L,L,Final
LRES000000326,LORD000000362,2026-02-26 17:20:16,1.042,mg/dL,N,Final
LRES000000327,LORD000000364,2026-03-13 04:38:11,8.238,10^9/L,N,Final
LRES000000328,LORD000000365,2026-03-13 10:38:11,99.853,mg/dL,N,Final
LRES000000329,LORD000000366,2026-02-07 11:08:43,140.947,mmol/L,N,Final
LRES000000330,LORD000000367,2026-02-08 01:08:43,9.669,ng/L,N,Final
LRES000000331,LORD000000368,2026-01-25 11:37:59,144.568,mmol/L,N,Final
LRES000000332,LORD000000369,2026-01-03 09:48:19,89.227,mg/dL,N,Preliminary
LRES000000333,LORD000000370,2026-01-14 00:01:12,239.819,10^9/L,N,Final
LRES000000334,LORD000000371,2026-01-13 21:01:12,,mmol/L,N,Preliminary
LRES000000335,LORD000000372,2026-03-16 08:12:09,135.317,mmol/L,N,Preliminary
LRES000000336,LORD000000374,2026-04-07 09:40:39,17.47,g/dL,N,Preliminary
LRES000000337,LORD000000375,2026-03-04 18:48:04,14.643,g/dL,N,Final
LRES000000338,LORD000000377,2026-04-09 14:34:58,401.32,10^9/L,N,Final
LRES000000339,LORD000000378,2026-04-09 13:34:58,138.453,mmol/L,N,Final
LRES000000340,LORD000000379,2026-05-26 20:32:55,0.833,mg/dL,N,Final
LRES000000341,LORD000000380,2026-05-26 14:32:55,140.434,mmol/L,N,Preliminary
LRES000000342,LORD000000381,2026-02-14 06:10:54,144.33,mmol/L,N,Final
LRES000000343,LORD000000382,2026-04-02 00:15:54,4.58,mmol/L,N,Preliminary
LRES000000344,LORD000000383,2026-01-26 22:22:37,388.932,10^9/L,N,Preliminary
LRES000000345,LORD000000384,2026-01-05 15:56:32,439.091,10^9/L,N,Final
LRES000000346,LORD000000385,2026-01-05 05:56:32,7.513,10^9/L,N,Final
LRES000000347,LORD000000386,2026-03-30 03:38:19,124.105,mg/dL,N,Final
LRES000000348,LORD000000387,2026-03-29 13:38:19,0.799,mg/dL,N,Final
LRES000000349,LORD000000388,2026-03-29 11:21:21,12.906,g/dL,N,Final
LRES000000350,LORD000000389,2026-03-29 16:21:21,17.126,g/dL,N,Final
LRES000000351,LORD000000390,2026-02-17 11:09:28,8.628,10^9/L,N,Final
LRES000000352,LORD000000391,2026-02-21 16:14:45,3.74,mmol/L,N,Final
LRES000000353,LORD000000392,2026-02-15 18:54:02,3.418,mmol/L,L,Final
LRES000000354,LORD000000394,2026-01-16 04:11:41,1.257,ng/L,N,Final
LRES000000355,LORD000000395,2026-04-21 08:41:55,14.627,g/dL,N,Final
LRES000000356,LORD000000396,2026-01-14 23:34:18,122.383,mg/dL,N,Preliminary
LRES000000357,LORD000000397,2026-01-14 21:34:18,210.686,10^9/L,N,Final
LRES000000358,LORD000000398,2026-01-15 05:46:11,419.225,10^9/L,N,Final
LRES000000359,LORD000000399,2026-01-14 18:46:11,11.233,10^9/L,H,Preliminary
LRES000000360,LORD000000400,2026-05-20 19:31:59,1.074,mg/dL,N,Preliminary
LRES000000361,LORD000000401,2026-05-20 23:31:59,12.283,g/dL,N,Preliminary
LRES000000362,LORD000000402,2026-04-24 07:24:48,8.301,10^9/L,N,Final
LRES000000363,LORD000000403,2026-04-24 04:24:48,138.136,mmol/L,N,Preliminary
LRES000000364,LORD000000404,2026-04-30 10:04:44,226.157,10^9/L,N,Final
LRES000000365,LORD000000405,2026-04-30 01:04:44,3.985,mmol/L,N,Preliminary
LRES000000366,LORD000000406,2026-04-13 03:26:59,5.435,mmol/L,H,Preliminary
LRES000000367,LORD000000408,2026-05-01 10:14:08,136.154,mmol/L,N,Final
LRES000000368,LORD000000409,2026-03-10 11:52:10,93.589,mg/dL,N,Final
LRES000000369,LORD000000411,2026-05-25 21:32:43,140.939,mmol/L,N,Final
LRES000000370,LORD000000412,2026-05-25 07:32:43,232.583,10^9/L,N,Final
LRES000000371,LORD000000413,2026-04-29 01:27:49,7.891,10^9/L,N,Final
LRES000000372,LORD000000414,2026-01-20 01:23:26,4.879,10^9/L,N,Preliminary
LRES000000373,LORD000000415,2026-01-20 11:23:26,77.424,10^9/L,L,Preliminary
LRES000000374,LORD000000416,2026-04-03 22:20:58,15.649,ng/L,N,Final
LRES000000375,LORD000000417,2026-01-15 09:00:20,4.726,mmol/L,N,Final
LRES000000376,LORD000000419,2026-03-25 15:01:08,10.993,10^9/L,N,Final
LRES000000377,LORD000000420,2026-02-11 23:32:57,3.977,ng/L,N,Preliminary
LRES000000378,LORD000000421,2026-01-18 12:39:07,141.859,mmol/L,N,Preliminary
LRES000000379,LORD000000422,2026-01-18 06:39:07,4.989,10^9/L,N,Final
LRES000000380,LORD000000423,2026-04-20 05:21:58,122.922,mg/dL,N,Preliminary
LRES000000381,LORD000000424,2026-04-20 03:21:58,13.53,g/dL,N,Final
LRES000000382,LORD000000425,2026-03-01 02:55:41,8.919,10^9/L,N,Final
LRES000000383,LORD000000426,2026-02-28 17:55:41,205.626,10^9/L,N,Final
LRES000000384,LORD000000427,2026-03-20 18:25:08,18.286,g/dL,H,Preliminary
LRES000000385,LORD000000428,2026-03-20 09:25:08,502.9,10^9/L,H,Final
LRES000000386,LORD000000429,2026-03-07 11:27:16,145.112,mmol/L,H,Final
LRES000000387,LORD000000430,2026-03-26 20:54:13,17.332,g/dL,N,Final
LRES000000388,LORD000000431,2026-03-26 07:54:13,0.94,mg/dL,N,Preliminary
LRES000000389,LORD000000433,2026-04-13 21:53:54,83.376,mg/dL,N,Final
LRES000000390,LORD000000434,2026-04-13 15:29:46,0.573,mg/dL,L,Final
LRES000000391,LORD000000435,2026-05-27 16:24:42,15.652,g/dL,N,Final
LRES000000392,LORD000000436,2026-02-28 06:22:33,16.784,g/dL,N,Final
LRES000000393,LORD000000437,2026-02-28 08:22:33,3.761,mmol/L,N,Final
LRES000000394,LORD000000438,2026-01-31 08:28:44,4.895,mmol/L,N,Preliminary
LRES000000395,LORD000000439,2026-04-27 12:46:04,143.422,mmol/L,N,Final
LRES000000396,LORD000000440,2026-01-23 10:27:50,0.665,mg/dL,N,Final
LRES000000397,LORD000000441,2026-01-23 10:27:50,357.733,10^9/L,N,Final
LRES000000398,LORD000000442,2026-03-27 08:40:36,138.181,mmol/L,N,Final
LRES000000399,LORD000000444,2026-04-21 02:30:50,11.947,g/dL,L,Final
LRES000000400,LORD000000445,2026-04-21 23:30:50,13.82,g/dL,N,Final
LRES000000401,LORD000000446,2026-01-18 14:22:31,10.305,ng/L,N,Final
LRES000000402,LORD000000447,2026-01-06 02:40:35,139.173,mmol/L,N,Final
LRES000000403,LORD000000448,2026-01-06 07:40:35,20.012,g/dL,H,Preliminary
LRES000000404,LORD000000449,2026-05-01 10:12:38,65.352,mg/dL,L,Final
LRES000000405,LORD000000450,2026-01-26 14:10:22,13.076,ng/L,N,Final
LRES000000406,LORD000000451,2026-05-17 13:44:56,1.463,mg/dL,H,Preliminary
LRES000000407,LORD000000452,2026-05-17 16:44:56,17.491,g/dL,N,Final
LRES000000408,LORD000000453,2026-04-11 20:31:52,109.09,mg/dL,N,Final
LRES000000409,LORD000000454,2026-01-04 05:56:25,0.682,mg/dL,N,Final
LRES000000410,LORD000000455,2026-04-20 21:58:05,5.493,ng/L,N,Final
LRES000000411,LORD000000456,2026-05-22 17:28:37,16.215,g/dL,N,Preliminary
LRES000000412,LORD000000457,2026-02-09 01:44:55,5.201,ng/L,N,Final
LRES000000413,LORD000000458,2026-04-03 07:42:55,12.575,g/dL,N,Final
LRES000000414,LORD000000459,2026-01-21 18:31:22,5.071,mmol/L,N,Final
LRES000000415,LORD000000460,2026-02-18 01:04:56,4.704,10^9/L,N,Final
LRES000000416,LORD000000461,2026-02-18 02:04:56,57.807,mg/dL,L,Final
LRES000000417,LORD000000462,2026-05-25 23:13:40,4.493,mmol/L,N,Final
LRES000000418,LORD000000463,2026-05-25 12:13:40,-6.482,ng/L,L,Preliminary
LRES000000419,LORD000000464,2026-04-15 05:13:37,7.396,10^9/L,N,Final
LRES000000420,LORD000000465,2026-02-16 17:31:54,3.746,mmol/L,N,Preliminary
LRES000000421,LORD000000466,2026-02-17 06:31:54,15.861,g/dL,N,Final
LRES000000422,LORD000000467,2026-01-03 22:42:31,4.575,mmol/L,N,Final
LRES000000423,LORD000000468,2026-02-12 15:27:04,141.906,mmol/L,N,Final
LRES000000424,LORD000000469,2026-04-09 13:44:54,134.533,mg/dL,N,Final
LRES000000425,LORD000000470,2026-04-10 09:44:54,1.28,mg/dL,N,Final
LRES000000426,LORD000000471,2026-04-01 08:26:05,16.475,g/dL,N,Final
LRES000000427,LORD000000472,2026-02-22 09:37:00,12.156,g/dL,N,Final
LRES000000428,LORD000000473,2026-02-21 18:37:00,14.047,ng/L,N,Preliminary
LRES000000429,LORD000000474,2026-04-20 16:56:58,9.792,10^9/L,N,Final
LRES000000430,LORD000000475,2026-04-20 08:56:58,4.791,mmol/L,N,Final
LRES000000431,LORD000000476,2026-01-31 01:38:11,268.232,10^9/L,N,Final
LRES000000432,LORD000000477,2026-03-01 17:57:04,0.7,mg/dL,N,Preliminary
LRES000000433,LORD000000478,2026-03-01 21:57:04,12.095,g/dL,N,Final
LRES000000434,LORD000000479,2026-01-19 15:29:26,15.145,g/dL,N,Final
LRES000000435,LORD000000480,2026-01-19 16:29:26,1.006,mg/dL,N,Final
LRES000000436,LORD000000481,2026-02-11 22:00:20,116.56,mg/dL,N,Final
LRES000000437,LORD000000482,2026-01-13 02:51:14,17.276,g/dL,N,Preliminary
LRES000000438,LORD000000483,2026-01-14 21:44:51,10.584,10^9/L,N,Preliminary
LRES000000439,LORD000000484,2026-01-10 10:17:11,175.544,10^9/L,N,Final
LRES000000440,LORD000000485,2026-01-10 00:17:11,118.402,mg/dL,N,Final
LRES000000441,LORD000000486,2026-05-04 05:44:25,74.262,mg/dL,N,Preliminary
LRES000000442,LORD000000487,2026-02-24 02:30:27,10.048,ng/L,N,Final
LRES000000443,LORD000000489,2026-05-30 15:24:28,10.855,ng/L,N,Final
LRES000000444,LORD000000490,2026-03-29 13:42:40,1.11,mg/dL,N,Final
LRES000000445,LORD000000491,2026-03-09 09:23:46,6.6,10^9/L,N,Preliminary
LRES000000446,LORD000000492,2026-04-28 18:38:17,100.659,mg/dL,N,Final
LRES000000447,LORD000000493,2026-05-15 23:42:04,138.7,mmol/L,N,Final
LRES000000448,LORD000000494,2026-05-14 05:06:43,5.973,ng/L,N,Preliminary
LRES000000449,LORD000000495,2026-05-14 01:06:43,78.386,mg/dL,N,Final
LRES000000450,LORD000000496,2026-02-23 11:53:36,101.474,mg/dL,N,Preliminary
LRES000000451,LORD000000497,2026-02-23 11:53:36,3.737,mmol/L,N,Final
LRES000000452,LORD000000499,2026-06-01 11:11:09,5.275,ng/L,N,Preliminary
LRES000000453,LORD000000500,2026-04-29 13:45:24,4.704,mmol/L,N,Preliminary
LRES000000454,LORD000000501,2026-03-06 16:33:15,134.816,mmol/L,L,Final
LRES000000455,LORD000000502,2026-01-03 08:46:26,0.776,mg/dL,N,Preliminary
LRES000000456,LORD000000503,2026-05-13 11:57:58,1.09,mg/dL,N,Final
LRES000000457,LORD000000504,2026-03-24 09:58:23,138.126,mmol/L,N,Final
LRES000000458,LORD000000505,2026-05-10 06:06:11,4.862,10^9/L,N,Preliminary
LRES000000459,LORD000000506,2026-05-10 20:06:11,5.943,10^9/L,N,Final
LRES000000460,LORD000000507,2026-05-09 15:46:21,0.72,mg/dL,N,Final
LRES000000461,LORD000000508,2026-05-10 02:46:21,13.99,g/dL,N,Final
LRES000000462,LORD000000509,2026-02-19 03:25:51,230.334,10^9/L,N,Preliminary
LRES000000463,LORD000000510,2026-03-26 22:47:39,116.641,mg/dL,N,Preliminary
LRES000000464,LORD000000511,2026-03-26 14:47:39,15.966,g/dL,N,Final
LRES000000465,LORD000000512,2026-01-14 18:10:52,4.126,mmol/L,N,Final
LRES000000466,LORD000000513,2026-04-22 18:55:27,19.353,ng/L,H,Preliminary
LRES000000467,LORD000000514,2026-04-23 08:55:27,143.416,mmol/L,N,Preliminary
LRES000000468,LORD000000515,2026-05-07 15:02:39,17.077,ng/L,N,Final
LRES000000469,LORD000000516,2026-01-17 12:48:36,4.982,mmol/L,N,Preliminary
LRES000000470,LORD000000517,2026-01-18 12:48:36,134.982,mmol/L,L,Final
LRES000000471,LORD000000518,2026-03-26 18:06:15,0.947,mg/dL,N,Final
LRES000000472,LORD000000519,2026-04-16 05:37:49,308.428,10^9/L,N,Preliminary
LRES000000473,LORD000000520,2026-04-16 21:37:49,0.946,mg/dL,N,Final
LRES000000474,LORD000000521,2026-03-19 17:37:10,140.086,mmol/L,N,Final
LRES000000475,LORD000000522,2026-03-19 18:37:10,1.025,mg/dL,N,Final
LRES000000476,LORD000000523,2026-02-11 09:57:29,1.224,mg/dL,N,Preliminary
LRES000000477,LORD000000524,2026-02-12 01:57:29,140.009,mmol/L,N,Preliminary
LRES000000478,LORD000000525,2026-01-28 08:27:35,13.659,g/dL,N,Preliminary
LRES000000479,LORD000000526,2026-01-27 18:27:35,3.089,mmol/L,L,Final
LRES000000480,LORD000000527,2026-05-28 06:05:18,16.171,g/dL,N,Final
LRES000000481,LORD000000528,2026-05-28 19:05:18,6.725,10^9/L,N,Final
LRES000000482,LORD000000529,2026-02-04 11:58:57,-0.835,ng/L,L,Final
LRES000000483,LORD000000530,2026-04-04 12:49:19,2.412,ng/L,N,Preliminary
LRES000000484,LORD000000531,2026-04-04 14:49:19,8.058,10^9/L,N,Final
LRES000000485,LORD000000532,2026-03-31 16:39:43,5.149,mmol/L,N,Final
LRES000000486,LORD000000533,2026-03-31 12:39:43,-3.819,ng/L,L,Final
LRES000000487,LORD000000534,2026-05-30 08:13:00,1.232,mg/dL,N,Final
LRES000000488,LORD000000535,2026-04-11 20:46:20,136.726,mmol/L,N,Final
LRES000000489,LORD000000537,2026-02-25 10:07:21,437.53,10^9/L,N,Preliminary
LRES000000490,LORD000000538,2026-04-26 07:19:40,0.624,mg/dL,N,Final
LRES000000491,LORD000000539,2026-02-08 15:59:43,109.063,mg/dL,N,Preliminary
LRES000000492,LORD000000540,2026-02-09 07:59:43,138.511,mmol/L,N,Final
LRES000000493,LORD000000541,2026-05-14 11:13:10,103.731,mg/dL,N,Preliminary
LRES000000494,LORD000000542,2026-05-14 08:13:10,1.389,mg/dL,H,Final
LRES000000495,LORD000000543,2026-05-19 06:55:59,14.764,g/dL,N,Preliminary
LRES000000496,LORD000000544,2026-05-19 23:55:59,135.539,mg/dL,N,Preliminary
LRES000000497,LORD000000545,2026-03-10 22:28:57,131.48,mg/dL,N,Preliminary
LRES000000498,LORD000000546,2026-03-11 01:28:57,386.01,10^9/L,N,Preliminary
LRES000000499,LORD000000547,2026-05-31 17:05:35,5.142,mmol/L,N,Preliminary
LRES000000500,LORD000000548,2026-05-15 10:08:52,8.145,10^9/L,N,Final
LRES000000501,LORD000000549,2026-01-25 00:45:46,15.487,g/dL,N,Final
LRES000000502,LORD000000550,2026-01-25 08:45:46,12.409,g/dL,N,Preliminary
LRES000000503,LORD000000551,2026-01-03 03:46:48,290.928,10^9/L,N,Final
LRES000000504,LORD000000553,2026-02-24 03:35:28,90.762,mg/dL,N,Preliminary
LRES000000505,LORD000000554,2026-03-06 16:59:02,13.892,ng/L,N,Final
LRES000000506,LORD000000555,2026-03-07 04:59:02,1.279,mg/dL,N,Preliminary
LRES000000507,LORD000000556,2026-01-17 02:51:40,11.767,ng/L,N,Final
LRES000000508,LORD000000557,2026-03-25 14:27:57,4.96,mmol/L,N,Final
LRES000000509,LORD000000558,2026-03-26 04:27:57,5.842,ng/L,N,Final
LRES000000510,LORD000000559,2026-05-20 20:32:47,17.042,ng/L,N,Final
LRES000000511,LORD000000560,2026-02-27 09:19:48,139.833,mg/dL,N,Final
LRES000000512,LORD000000561,2026-02-27 08:19:48,14.316,g/dL,N,Final
LRES000000513,LORD000000562,2026-04-28 00:13:19,8.445,ng/L,N,Final
LRES000000514,LORD000000563,2026-04-28 08:13:19,8.595,10^9/L,N,Final
LRES000000515,LORD000000567,2026-02-17 17:20:13,6.132,10^9/L,N,Final
LRES000000516,LORD000000568,2026-02-25 07:13:31,6.496,ng/L,N,Final
LRES000000517,LORD000000569,2026-02-02 11:03:49,0.43,mg/dL,L,Preliminary
LRES000000518,LORD000000570,2026-02-02 00:03:49,10.248,10^9/L,N,Preliminary
LRES000000519,LORD000000571,2026-04-16 14:02:00,4.485,10^9/L,N,Preliminary
LRES000000520,LORD000000572,2026-01-30 07:45:03,360.708,10^9/L,N,Preliminary
LRES000000521,LORD000000573,2026-04-27 22:14:50,8.952,10^9/L,N,Final
LRES000000522,LORD000000574,2026-04-27 22:14:50,14.501,ng/L,N,Final
LRES000000523,LORD000000575,2026-05-25 11:17:30,521.332,10^9/L,H,Final
LRES000000524,LORD000000576,2026-05-25 01:17:30,6.067,10^9/L,N,Preliminary
LRES000000525,LORD000000577,2026-02-10 22:54:40,14.648,g/dL,N,Final
LRES000000526,LORD000000578,2026-03-08 21:01:35,1.082,mg/dL,N,Final
LRES000000527,LORD000000579,2026-03-08 13:01:35,138.901,mmol/L,N,Final
LRES000000528,LORD000000580,2026-05-15 21:36:38,147.337,mmol/L,H,Final
LRES000000529,LORD000000581,2026-05-16 11:36:38,1.084,mg/dL,N,Preliminary
LRES000000530,LORD000000583,2026-03-14 11:53:37,325.147,10^9/L,N,Final
LRES000000531,LORD000000584,2026-03-17 15:53:04,9.18,10^9/L,N,Preliminary
LRES000000532,LORD000000585,2026-01-26 05:27:31,0.603,mg/dL,N,Final
LRES000000533,LORD000000586,2026-01-26 04:27:31,135.824,mmol/L,N,Preliminary
LRES000000534,LORD000000587,2026-04-01 18:21:59,1.155,mg/dL,N,Final
LRES000000535,LORD000000588,2026-05-28 08:28:50,1.009,mg/dL,N,Final
LRES000000536,LORD000000591,2026-04-08 18:39:49,93.11,mg/dL,N,Final
LRES000000537,LORD000000592,2026-04-08 12:39:49,139.223,mmol/L,N,Final
LRES000000538,LORD000000593,2026-05-28 09:22:19,16.303,ng/L,N,Final
LRES000000539,LORD000000594,2026-05-28 05:22:19,1.0,mg/dL,N,Final
LRES000000540,LORD000000595,2026-03-25 05:00:14,418.797,10^9/L,N,Final
LRES000000541,LORD000000596,2026-05-18 05:06:57,8.405,10^9/L,N,Preliminary
LRES000000542,LORD000000597,2026-03-04 02:10:43,4.514,mmol/L,N,Final
LRES000000543,LORD000000598,2026-05-18 19:42:02,7.872,ng/L,N,Final
LRES000000544,LORD000000599,2026-05-19 03:42:02,138.877,mmol/L,N,Final
LRES000000545,LORD000000600,2026-02-02 03:11:44,14.515,g/dL,N,Final
LRES000000546,LORD000000601,2026-02-02 08:11:44,70.423,mg/dL,N,Final
LRES000000547,LORD000000602,2026-03-02 03:46:48,-1.79,ng/L,L,Final
LRES000000548,LORD000000603,2026-01-18 14:20:45,4.208,mmol/L,N,Final
LRES000000549,LORD000000604,2026-01-17 16:15:20,11.043,10^9/L,H,Final
LRES000000550,LORD000000605,2026-01-17 20:15:20,136.759,mmol/L,N,Preliminary
LRES000000551,LORD000000606,2026-03-06 19:16:23,10.093,10^9/L,N,Final
LRES000000552,LORD000000607,2026-03-05 17:16:23,0.641,mg/dL,N,Preliminary
LRES000000553,LORD000000608,2026-04-25 13:00:52,97.269,10^9/L,L,Final
LRES000000554,LORD000000609,2026-04-25 02:00:52,16.435,g/dL,N,Final
LRES000000555,LORD000000610,2026-03-18 13:07:14,140.619,mmol/L,N,Final
LRES000000556,LORD000000611,2026-02-22 15:58:15,0.824,mg/dL,N,Final
LRES000000557,LORD000000612,2026-03-23 02:12:36,11.752,ng/L,N,Preliminary
LRES000000558,LORD000000614,2026-01-06 03:12:58,141.937,mmol/L,N,Final
LRES000000559,LORD000000615,2026-01-18 08:30:13,8.378,ng/L,N,Final
LRES000000560,LORD000000616,2026-01-18 22:30:13,139.321,mmol/L,N,Final
LRES000000561,LORD000000617,2026-01-24 03:29:42,88.238,mg/dL,N,Preliminary
LRES000000562,LORD000000618,2026-01-23 20:29:42,66.741,mg/dL,L,Final
LRES000000563,LORD000000619,2026-02-19 11:44:25,128.113,mg/dL,N,Preliminary
LRES000000564,LORD000000620,2026-02-03 07:36:50,89.983,mg/dL,N,Final
LRES000000565,LORD000000621,2026-02-22 12:57:54,140.015,mmol/L,N,Preliminary
LRES000000566,LORD000000622,2026-04-29 07:04:51,0.845,mg/dL,N,Final
LRES000000567,LORD000000623,2026-05-31 14:02:39,0.782,mg/dL,N,Final
LRES000000568,LORD000000624,2026-05-30 12:02:39,15.313,ng/L,N,Preliminary
LRES000000569,LORD000000625,2026-03-21 20:23:24,26.022,ng/L,H,Preliminary
LRES000000570,LORD000000626,2026-03-22 09:23:24,7.208,10^9/L,N,Final
LRES000000571,LORD000000627,2026-01-30 05:28:49,9.409,10^9/L,N,Final
LRES000000572,LORD000000628,2026-05-08 15:54:09,144.142,mg/dL,H,Final
LRES000000573,LORD000000629,2026-05-19 18:21:01,176.1,10^9/L,N,Final
LRES000000574,LORD000000630,2026-05-19 07:21:01,4.74,mmol/L,N,Final
LRES000000575,LORD000000631,2026-04-23 20:41:46,130.61,mg/dL,N,Final
LRES000000576,LORD000000632,2026-01-19 03:13:23,14.722,g/dL,N,Preliminary
LRES000000577,LORD000000633,2026-05-28 13:25:19,141.715,mmol/L,N,Final
LRES000000578,LORD000000634,2026-01-03 03:23:00,137.984,mmol/L,N,Final
LRES000000579,LORD000000637,2026-02-04 03:45:44,10.855,ng/L,N,Final
LRES000000580,LORD000000638,2026-02-04 04:45:44,4.018,mmol/L,N,Preliminary
LRES000000581,LORD000000639,2026-02-01 13:04:54,0.525,mg/dL,L,Final
LRES000000582,LORD000000640,2026-05-28 07:46:39,3.751,mmol/L,N,Final
LRES000000583,LORD000000641,2026-05-27 14:46:39,4.103,mmol/L,N,Final
LRES000000584,LORD000000642,2026-05-02 20:20:43,15.987,ng/L,N,Final
LRES000000585,LORD000000643,2026-05-03 16:20:43,15.083,ng/L,N,Preliminary
LRES000000586,LORD000000644,2026-04-29 21:20:41,10.489,10^9/L,N,Final
LRES000000587,LORD000000645,2026-01-27 18:29:37,118.763,mg/dL,N,Final
LRES000000588,LORD000000646,2026-01-19 06:20:55,13.39,g/dL,N,Preliminary
LRES000000589,LORD000000647,2026-03-08 08:25:03,7.307,10^9/L,N,Preliminary
LRES000000590,LORD000000648,2026-05-07 00:13:53,213.563,10^9/L,N,Preliminary
LRES000000591,LORD000000649,2026-02-24 03:47:12,5.142,ng/L,N,Final
LRES000000592,LORD000000650,2026-02-23 23:47:12,91.579,mg/dL,N,Final
LRES000000593,LORD000000651,2026-05-04 19:48:36,13.527,ng/L,N,Final
LRES000000594,LORD000000652,2026-05-13 06:00:32,124.742,mg/dL,N,Preliminary
LRES000000595,LORD000000653,2026-03-16 05:12:23,8.685,10^9/L,N,Preliminary
LRES000000596,LORD000000654,2026-03-16 06:12:23,13.564,ng/L,N,Final
LRES000000597,LORD000000655,2026-04-10 11:12:31,4.156,mmol/L,N,Preliminary
LRES000000598,LORD000000656,2026-01-08 22:07:37,13.448,g/dL,N,Final
LRES000000599,LORD000000657,2026-02-06 08:44:33,62.742,mg/dL,L,Final
LRES000000600,LORD000000658,2026-03-05 14:11:19,5.876,10^9/L,N,Final
LRES000000601,LORD000000660,2026-03-13 18:16:10,1.028,mg/dL,N,Final
LRES000000602,LORD000000661,2026-05-11 00:11:56,13.496,g/dL,N,Preliminary
LRES000000603,LORD000000662,2026-05-11 13:11:56,3.709,ng/L,N,Preliminary
LRES000000604,LORD000000663,2026-05-28 08:42:25,11.055,g/dL,L,Preliminary
LRES000000605,LORD000000664,2026-05-27 18:42:25,13.515,g/dL,N,Final
LRES000000606,LORD000000666,2026-02-20 00:16:50,5.355,mmol/L,H,Preliminary
LRES000000607,LORD000000667,2026-02-19 17:45:41,12.449,g/dL,N,Final
LRES000000608,LORD000000668,2026-03-30 07:10:35,-5.298,ng/L,L,Final
LRES000000609,LORD000000669,2026-03-31 00:10:35,16.83,ng/L,N,Preliminary
LRES000000610,LORD000000670,2026-05-07 13:20:21,132.007,mg/dL,N,Final
LRES000000611,LORD000000671,2026-05-07 18:20:21,5.783,10^9/L,N,Preliminary
LRES000000612,LORD000000672,2026-04-14 08:14:15,0.366,mg/dL,L,Final
LRES000000613,LORD000000673,2026-04-14 06:14:15,87.643,mg/dL,N,Preliminary
LRES000000614,LORD000000674,2026-01-26 07:31:11,1.224,mg/dL,N,Final
LRES000000615,LORD000000675,2026-01-26 10:31:11,16.809,ng/L,N,Final
LRES000000616,LORD000000676,2026-03-14 15:05:17,10.298,10^9/L,N,Final
LRES000000617,LORD000000677,2026-03-14 01:05:17,4.535,mmol/L,N,Final
LRES000000618,LORD000000678,2026-05-27 17:15:33,139.546,mmol/L,N,Preliminary
LRES000000619,LORD000000679,2026-05-28 05:15:33,0.912,mg/dL,N,Final
LRES000000620,LORD000000680,2026-04-20 13:25:31,17.148,g/dL,N,Final
LRES000000621,LORD000000681,2026-04-19 01:55:52,12.122,ng/L,N,Preliminary
LRES000000622,LORD000000682,2026-02-25 20:16:44,6.758,10^9/L,N,Preliminary
LRES000000623,LORD000000683,2026-04-18 00:06:19,11.827,g/dL,L,Final
LRES000000624,LORD000000684,2026-01-13 08:47:47,139.284,mmol/L,N,Final
LRES000000625,LORD000000685,2026-01-13 08:47:47,13.052,g/dL,N,Final
LRES000000626,LORD000000686,2026-05-08 14:21:21,15.409,g/dL,N,Final
LRES000000627,LORD000000687,2026-05-07 16:21:21,13.991,g/dL,N,Preliminary
LRES000000628,LORD000000688,2026-05-17 04:49:02,86.736,mg/dL,N,Final
LRES000000629,LORD000000689,2026-05-17 06:49:02,0.106,mg/dL,L,Preliminary
LRES000000630,LORD000000691,2026-03-14 13:45:57,134.641,mg/dL,N,Preliminary
LRES000000631,LORD000000692,2026-02-22 20:23:28,0.982,mg/dL,N,Preliminary
LRES000000632,LORD000000693,2026-02-22 07:23:28,4.304,mmol/L,N,Final
LRES000000633,LORD000000694,2026-02-24 17:14:33,4.512,mmol/L,N,Final
LRES000000634,LORD000000695,2026-05-17 03:20:43,136.708,mmol/L,N,Final
LRES000000635,LORD000000696,2026-05-16 09:20:43,20.255,ng/L,H,Final
LRES000000636,LORD000000697,2026-01-11 22:07:09,1.113,mg/dL,N,Final
LRES000000637,LORD000000698,2026-04-04 06:41:33,3.514,mmol/L,N,Final
LRES000000638,LORD000000699,2026-04-05 07:41:33,380.059,10^9/L,N,Final
LRES000000639,LORD000000700,2026-05-15 11:13:08,136.394,mmol/L,N,Preliminary
LRES000000640,LORD000000702,2026-04-19 17:51:17,213.818,10^9/L,N,Preliminary
LRES000000641,LORD000000703,2026-04-01 12:33:43,4.164,mmol/L,N,Preliminary
LRES000000642,LORD000000704,2026-04-01 18:33:43,7.41,10^9/L,N,Final
LRES000000643,LORD000000706,2026-03-11 10:56:34,11.523,ng/L,N,Final
LRES000000644,LORD000000707,2026-04-01 21:34:52,1.321,mg/dL,H,Preliminary
LRES000000645,LORD000000708,2026-01-04 12:16:38,0.699,mg/dL,N,Final
LRES000000646,LORD000000711,2026-04-14 21:32:45,4.357,mmol/L,N,Preliminary
LRES000000647,LORD000000712,2026-04-30 14:27:34,1.137,mg/dL,N,Preliminary
LRES000000648,LORD000000713,2026-05-25 10:41:36,136.524,mmol/L,N,Final
LRES000000649,LORD000000714,2026-05-25 04:41:36,9.958,10^9/L,N,Final
LRES000000650,LORD000000715,2026-01-02 00:49:29,0.967,mg/dL,N,Final
LRES000000651,LORD000000716,2026-01-02 11:49:29,12.929,ng/L,N,Final
LRES000000652,LORD000000717,2026-02-28 00:56:22,77.652,mg/dL,N,Final
LRES000000653,LORD000000718,2026-02-27 12:56:22,11.3,ng/L,N,Preliminary
LRES000000654,LORD000000719,2026-03-01 04:10:00,173.48,10^9/L,N,Final
LRES000000655,LORD000000720,2026-01-04 10:02:18,4.083,mmol/L,N,Final
LRES000000656,LORD000000721,2026-03-03 10:48:09,13.092,g/dL,N,Final
LRES000000657,LORD000000722,2026-03-04 01:48:09,7.115,ng/L,N,Final
LRES000000658,LORD000000723,2026-01-17 04:02:07,1.034,mg/dL,N,Final
LRES000000659,LORD000000724,2026-01-17 01:02:07,3.928,mmol/L,N,Preliminary
LRES000000660,LORD000000726,2026-04-18 11:16:53,15.854,g/dL,N,Final
LRES000000661,LORD000000727,2026-01-11 18:00:15,0.892,mg/dL,N,Final
LRES000000662,LORD000000728,2026-01-06 13:52:45,6.293,10^9/L,N,Preliminary
LRES000000663,LORD000000729,2026-01-06 04:52:45,161.949,10^9/L,N,Final
LRES000000664,LORD000000730,2026-02-06 13:44:57,0.937,mg/dL,N,Final
LRES000000665,LORD000000731,2026-03-14 17:47:28,133.365,mmol/L,L,Final
LRES000000666,LORD000000732,2026-03-14 12:47:28,232.623,10^9/L,N,Final
LRES000000667,LORD000000733,2026-02-27 10:08:39,14.814,g/dL,N,Final
LRES000000668,LORD000000734,2026-02-27 22:08:39,3.369,ng/L,N,Final
LRES000000669,LORD000000735,2026-03-09 22:31:55,143.734,mmol/L,N,Preliminary
LRES000000670,LORD000000736,2026-03-09 21:31:55,5.783,10^9/L,N,Preliminary
LRES000000671,LORD000000737,2026-03-22 13:21:19,4.889,mmol/L,N,Preliminary
LRES000000672,LORD000000738,2026-03-21 23:21:19,140.153,mmol/L,N,Preliminary
LRES000000673,LORD000000739,2026-05-17 00:35:00,90.437,mg/dL,N,Final
LRES000000674,LORD000000740,2026-03-24 23:47:52,345.62,10^9/L,N,Final
LRES000000675,LORD000000741,2026-03-15 22:38:27,13.867,g/dL,N,Final
LRES000000676,LORD000000742,2026-02-23 10:54:41,15.397,g/dL,N,Final
LRES000000677,LORD000000743,2026-03-07 08:37:01,9.773,10^9/L,N,Preliminary
LRES000000678,LORD000000744,2026-04-06 09:39:13,6.356,10^9/L,N,Final
LRES000000679,LORD000000745,2026-04-06 06:39:13,0.807,mg/dL,N,Final
LRES000000680,LORD000000746,2026-01-14 09:57:33,4.456,mmol/L,N,Final
LRES000000681,LORD000000748,2026-04-20 00:06:17,15.251,g/dL,N,Preliminary
LRES000000682,LORD000000749,2026-05-01 05:46:59,4.99,mmol/L,N,Preliminary
LRES000000683,LORD000000750,2026-02-24 10:59:36,136.803,mmol/L,N,Preliminary
LRES000000684,LORD000000751,2026-04-12 10:11:27,5.803,10^9/L,N,Final
LRES000000685,LORD000000752,2026-04-11 10:11:27,58.065,mg/dL,L,Preliminary
LRES000000686,LORD000000753,2026-01-07 16:05:03,4.9,mmol/L,N,Final
LRES000000687,LORD000000754,2026-01-29 19:50:22,1.127,mg/dL,N,Final
LRES000000688,LORD000000755,2026-01-30 02:50:22,3.671,mmol/L,N,Final
LRES000000689,LORD000000756,2026-04-10 19:55:22,5.936,ng/L,N,Final
LRES000000690,LORD000000757,2026-04-09 22:55:22,142.782,mmol/L,N,Final
LRES000000691,LORD000000758,2026-04-30 19:52:50,3.864,mmol/L,N,Final
LRES000000692,LORD000000759,2026-04-30 20:52:50,4.102,mmol/L,N,Preliminary
LRES000000693,LORD000000760,2026-01-19 15:08:23,6.69,10^9/L,N,Final
LRES000000694,LORD000000761,2026-01-19 02:08:23,0.934,mg/dL,N,Final
LRES000000695,LORD000000763,2026-05-15 20:17:49,91.478,mg/dL,N,Preliminary
LRES000000696,LORD000000764,2026-05-15 17:17:49,144.173,mg/dL,H,Preliminary
LRES000000697,LORD000000765,2026-03-28 17:12:14,11.918,10^9/L,H,Preliminary
LRES000000698,LORD000000766,2026-03-28 02:12:14,17.092,ng/L,N,Final
LRES000000699,LORD000000767,2026-01-19 04:15:42,31.484,ng/L,H,Final
LRES000000700,LORD000000770,2026-05-15 11:39:27,1.255,mg/dL,N,Final
LRES000000701,LORD000000771,2026-05-22 10:32:48,1.066,mg/dL,N,Preliminary
LRES000000702,LORD000000772,2026-01-30 08:16:23,80.685,mg/dL,N,Final
LRES000000703,LORD000000774,2026-03-14 10:49:58,3.89,mmol/L,N,Final
LRES000000704,LORD000000775,2026-02-07 03:23:22,92.498,mg/dL,N,Final
LRES000000705,LORD000000776,2026-02-06 08:23:22,4.546,mmol/L,N,Final
LRES000000706,LORD000000777,2026-05-21 10:26:22,152.658,mg/dL,H,Final
LRES000000707,LORD000000778,2026-04-20 19:24:38,15.88,g/dL,N,Preliminary
LRES000000708,LORD000000779,2026-02-18 13:34:49,135.366,mmol/L,N,Final
LRES000000709,LORD000000780,2026-05-27 08:29:05,21.663,ng/L,H,Preliminary
LRES000000710,LORD000000781,2026-05-27 16:29:05,3.487,10^9/L,L,Preliminary
LRES000000711,LORD000000782,2026-05-14 07:21:53,141.616,mmol/L,N,Final
LRES000000712,LORD000000783,2026-04-23 23:36:57,1.245,mg/dL,N,Final
LRES000000713,LORD000000784,2026-03-27 19:13:51,1.155,mg/dL,N,Final
LRES000000714,LORD000000785,2026-06-01 20:57:13,138.623,mmol/L,N,Final
LRES000000715,LORD000000786,2026-06-01 22:57:13,16.161,g/dL,N,Final
LRES000000716,LORD000000787,2026-05-21 23:14:08,4.194,mmol/L,N,Final
LRES000000717,LORD000000788,2026-01-07 02:39:01,422.607,10^9/L,N,Final
LRES000000718,LORD000000789,2026-05-25 18:01:25,124.878,mg/dL,N,Final
LRES000000719,LORD000000790,2026-05-25 22:01:25,4.475,mmol/L,N,Preliminary
LRES000000720,LORD000000791,2026-01-18 09:26:43,4.004,mmol/L,N,Preliminary
LRES000000721,LORD000000792,2026-04-12 03:20:32,3.098,ng/L,N,Preliminary
LRES000000722,LORD000000793,2026-04-11 21:20:32,9.045,10^9/L,N,Preliminary
LRES000000723,LORD000000794,2026-03-10 19:26:30,94.114,mg/dL,N,Preliminary
LRES000000724,LORD000000795,2026-03-10 16:26:30,4.376,mmol/L,N,Final
LRES000000725,LORD000000796,2026-02-17 08:29:35,127.285,mg/dL,N,Final
LRES000000726,LORD000000797,2026-02-17 10:29:35,10.321,10^9/L,N,Preliminary
LRES000000727,LORD000000798,2026-02-08 15:19:33,138.506,mg/dL,N,Final
LRES000000728,LORD000000799,2026-01-28 13:04:52,400.168,10^9/L,N,Final
LRES000000729,LORD000000800,2026-01-28 21:04:52,98.997,mg/dL,N,Final
LRES000000730,LORD000000801,2026-03-03 14:06:12,352.922,10^9/L,N,Final
LRES000000731,LORD000000802,2026-04-10 04:10:12,3.178,mmol/L,L,Final
LRES000000732,LORD000000803,2026-01-29 11:53:04,13.305,g/dL,N,Final
LRES000000733,LORD000000805,2026-05-03 01:42:37,102.039,mg/dL,N,Final
LRES000000734,LORD000000806,2026-05-02 09:42:37,4.915,10^9/L,N,Final
LRES000000735,LORD000000807,2026-03-25 09:07:11,14.532,g/dL,N,Preliminary
LRES000000736,LORD000000808,2026-04-07 04:15:53,16.331,g/dL,N,Final
LRES000000737,LORD000000809,2026-05-18 17:47:56,142.709,mmol/L,N,Final
LRES000000738,LORD000000810,2026-05-18 11:47:56,10.001,10^9/L,N,Preliminary
LRES000000739,LORD000000811,2026-04-08 23:05:40,132.387,mmol/L,L,Final
LRES000000740,LORD000000812,2026-03-02 00:13:36,5.401,10^9/L,N,Preliminary
LRES000000741,LORD000000813,2026-03-02 07:13:36,16.387,g/dL,N,Final
LRES000000742,LORD000000814,2026-04-22 03:53:32,14.925,g/dL,N,Preliminary
LRES000000743,LORD000000815,2026-03-28 18:42:40,138.345,mmol/L,N,Preliminary
LRES000000744,LORD000000816,2026-04-10 00:37:34,122.478,10^9/L,L,Preliminary
LRES000000745,LORD000000817,2026-04-11 04:37:34,3.625,ng/L,N,Final
LRES000000746,LORD000000818,2026-05-28 01:09:34,3.911,mmol/L,N,Final
LRES000000747,LORD000000819,2026-05-27 21:09:34,140.475,mg/dL,H,Preliminary
LRES000000748,LORD000000820,2026-03-06 05:41:24,7.766,10^9/L,N,Final
LRES000000749,LORD000000821,2026-03-06 09:41:24,18.059,g/dL,H,Final
LRES000000750,LORD000000822,2026-05-28 21:45:46,141.637,mmol/L,N,Final
LRES000000751,LORD000000824,2026-03-05 11:26:59,13.544,g/dL,N,Preliminary
LRES000000752,LORD000000825,2026-03-05 09:26:59,228.764,10^9/L,N,Final
LRES000000753,LORD000000827,2026-01-26 17:50:11,4.52,mmol/L,N,Final
LRES000000754,LORD000000828,2026-04-03 10:42:56,-1.77,ng/L,L,Final
LRES000000755,LORD000000829,2026-04-03 03:42:56,2.62,mmol/L,L,Preliminary
LRES000000756,LORD000000830,2026-05-23 19:53:44,11.339,ng/L,N,Final
LRES000000757,LORD000000832,2026-03-27 05:50:01,1.309,mg/dL,H,Final
LRES000000758,LORD000000833,2026-01-06 03:12:28,83.235,mg/dL,N,Final
LRES000000759,LORD000000834,2026-01-05 20:12:28,142.144,mmol/L,N,Final
LRES000000760,LORD000000835,2026-05-22 05:52:41,20.645,ng/L,H,Final
LRES000000761,LORD000000836,2026-05-24 10:28:40,5.116,mmol/L,N,Preliminary
LRES000000762,LORD000000837,2026-05-22 12:18:33,13.172,g/dL,N,Preliminary
LRES000000763,LORD000000838,2026-04-11 22:16:10,77.176,mg/dL,N,Final
LRES000000764,LORD000000840,2026-05-18 09:28:41,,mmol/L,N,Final
LRES000000765,LORD000000841,2026-03-13 16:07:12,141.449,mmol/L,N,Final
LRES000000766,LORD000000842,2026-02-03 17:47:19,0.922,mg/dL,N,Final
LRES000000767,LORD000000843,2026-02-04 11:47:19,12.197,ng/L,N,Final
LRES000000768,LORD000000844,2026-01-03 03:11:49,5.856,ng/L,N,Final
LRES000000769,LORD000000845,2026-01-22 17:24:36,363.799,10^9/L,N,Final
LRES000000770,LORD000000846,2026-03-01 08:09:04,5.896,ng/L,N,Final
LRES000000771,LORD000000847,2026-02-28 14:09:04,4.483,mmol/L,N,Final
LRES000000772,LORD000000848,2026-05-18 18:28:18,7.061,10^9/L,N,Final
LRES000000773,LORD000000849,2026-05-18 21:28:18,14.342,g/dL,N,Final
LRES000000774,LORD000000851,2026-04-14 18:14:02,15.248,g/dL,N,Final
LRES000000775,LORD000000852,2026-04-15 11:14:02,4.454,mmol/L,N,Final
LRES000000776,LORD000000853,2026-03-13 08:15:11,143.868,mmol/L,N,Final
LRES000000777,LORD000000854,2026-03-12 23:15:11,98.419,mg/dL,N,Final
LRES000000778,LORD000000855,2026-02-07 20:14:44,136.177,mg/dL,N,Final
LRES000000779,LORD000000856,2026-02-07 18:14:44,86.537,mg/dL,N,Final
LRES000000780,LORD000000857,2026-05-15 16:58:31,8.741,10^9/L,N,Final
LRES000000781,LORD000000858,2026-05-19 21:12:45,582.379,10^9/L,H,Preliminary
LRES000000782,LORD000000859,2026-01-16 11:29:47,5.562,mmol/L,H,Final
LRES000000783,LORD000000860,2026-04-20 04:57:54,1.1,mg/dL,N,Preliminary
LRES000000784,LORD000000861,2026-01-29 08:26:06,136.301,mmol/L,N,Preliminary
LRES000000785,LORD000000862,2026-04-15 17:30:29,10.524,ng/L,N,Preliminary
LRES000000786,LORD000000863,2026-04-16 13:30:29,8.338,ng/L,N,Final
LRES000000787,LORD000000864,2026-05-28 14:03:42,15.593,ng/L,N,Final
LRES000000788,LORD000000865,2026-01-13 10:49:07,140.075,mmol/L,N,Preliminary
LRES000000789,LORD000000867,2026-02-26 16:44:06,13.692,g/dL,N,Final
LRES000000790,LORD000000868,2026-04-24 20:35:42,0.637,mg/dL,N,Final
LRES000000791,LORD000000869,2026-04-24 19:35:42,6.055,ng/L,N,Preliminary
LRES000000792,LORD000000870,2026-05-30 13:01:03,9.367,10^9/L,N,Final
LRES000000793,LORD000000871,2026-05-30 13:01:03,-0.091,ng/L,L,Final
LRES000000794,LORD000000872,2026-04-07 04:08:53,140.502,mmol/L,N,Final
LRES000000795,LORD000000873,2026-04-07 06:08:53,5.543,10^9/L,N,Final
LRES000000796,LORD000000874,2026-01-08 17:45:22,1.548,mg/dL,H,Final
LRES000000797,LORD000000875,2026-05-04 00:26:28,1.563,mg/dL,H,Final
LRES000000798,LORD000000876,2026-05-09 04:41:13,316.685,10^9/L,N,Final
LRES000000799,LORD000000877,2026-05-15 14:23:59,14.056,g/dL,N,Preliminary
LRES000000800,LORD000000878,2026-05-15 18:23:59,4.029,mmol/L,N,Final
LRES000000801,LORD000000879,2026-03-24 03:20:51,108.49,mg/dL,N,Preliminary
LRES000000802,LORD000000880,2026-03-24 02:20:51,285.349,10^9/L,N,Preliminary
LRES000000803,LORD000000881,2026-05-07 00:18:57,0.702,mg/dL,N,Final
LRES000000804,LORD000000882,2026-03-11 04:09:31,8.407,10^9/L,N,Final
LRES000000805,LORD000000883,2026-03-10 12:09:31,6.492,10^9/L,N,Preliminary
LRES000000806,LORD000000884,2026-05-04 22:27:47,0.947,mg/dL,N,Final
LRES000000807,LORD000000885,2026-05-05 03:27:47,329.916,10^9/L,N,Final
LRES000000808,LORD000000886,2026-01-29 14:15:27,139.708,mmol/L,N,Final
LRES000000809,LORD000000887,2026-01-29 19:15:27,0.92,mg/dL,N,Preliminary
LRES000000810,LORD000000888,2026-05-28 02:16:52,144.228,mmol/L,N,Final
LRES000000811,LORD000000889,2026-02-23 05:45:19,1.301,ng/L,N,Final
LRES000000812,LORD000000890,2026-02-23 13:45:19,4.846,10^9/L,N,Final
LRES000000813,LORD000000891,2026-04-05 17:21:26,6.818,ng/L,N,Final
LRES000000814,LORD000000892,2026-04-05 14:21:26,0.667,mg/dL,N,Final
LRES000000815,LORD000000893,2026-05-05 08:24:07,140.527,mmol/L,N,Final
LRES000000816,LORD000000894,2026-05-04 23:24:07,387.142,10^9/L,N,Final
LRES000000817,LORD000000895,2026-05-07 15:54:59,6.778,10^9/L,N,Final
LRES000000818,LORD000000897,2026-05-13 01:34:45,312.831,10^9/L,N,Preliminary
LRES000000819,LORD000000898,2026-04-17 06:37:03,286.158,10^9/L,N,Final
LRES000000820,LORD000000899,2026-04-16 18:37:03,367.253,10^9/L,N,Preliminary
LRES000000821,LORD000000900,2026-02-06 01:20:51,14.79,g/dL,N,Final
LRES000000822,LORD000000901,2026-04-30 03:13:09,4.489,mmol/L,N,Final
LRES000000823,LORD000000902,2026-01-31 19:25:49,9.294,10^9/L,N,Preliminary
LRES000000824,LORD000000903,2026-02-01 08:51:52,11.846,g/dL,L,Preliminary
LRES000000825,LORD000000904,2026-02-28 15:20:26,3.683,ng/L,N,Preliminary
LRES000000826,LORD000000905,2026-02-15 20:54:16,9.458,10^9/L,N,Preliminary
LRES000000827,LORD000000906,2026-02-15 18:54:16,132.231,mg/dL,N,Final
LRES000000828,LORD000000907,2026-03-02 20:45:58,23.872,ng/L,H,Final
LRES000000829,LORD000000908,2026-02-12 14:16:49,12.28,g/dL,N,Preliminary
LRES000000830,LORD000000909,2026-02-02 18:03:20,4.714,mmol/L,N,Final
LRES000000831,LORD000000910,2026-02-02 16:03:20,15.054,g/dL,N,Final
LRES000000832,LORD000000911,2026-05-12 04:24:43,4.302,mmol/L,N,Final
LRES000000833,LORD000000912,2026-02-17 16:58:34,291.217,10^9/L,N,Final
LRES000000834,LORD000000913,2026-02-17 15:58:34,110.98,mg/dL,N,Final
LRES000000835,LORD000000914,2026-03-02 17:42:33,16.042,g/dL,N,Preliminary
LRES000000836,LORD000000915,2026-03-16 08:24:30,281.186,10^9/L,N,Final
LRES000000837,LORD000000916,2026-03-22 23:46:32,288.197,10^9/L,N,Final
LRES000000838,LORD000000917,2026-02-20 07:53:40,4.59,mmol/L,N,Final
LRES000000839,LORD000000918,2026-03-02 16:07:21,24.191,10^9/L,L,Final
LRES000000840,LORD000000919,2026-01-31 12:21:16,93.232,mg/dL,N,Final
LRES000000841,LORD000000921,2026-01-06 13:54:01,387.957,10^9/L,N,Preliminary
LRES000000842,LORD000000922,2026-01-05 21:54:01,139.781,mmol/L,N,Final
LRES000000843,LORD000000923,2026-03-09 00:02:02,12.235,g/dL,N,Preliminary
LRES000000844,LORD000000924,2026-03-03 12:48:07,7.944,10^9/L,N,Preliminary
LRES000000845,LORD000000925,2026-03-03 10:48:07,350.409,10^9/L,N,Preliminary
LRES000000846,LORD000000926,2026-04-16 13:33:13,10.989,ng/L,N,Final
LRES000000847,LORD000000927,2026-04-17 00:33:13,12.234,ng/L,N,Preliminary
LRES000000848,LORD000000928,2026-02-20 22:31:24,88.087,10^9/L,L,Preliminary
LRES000000849,LORD000000929,2026-01-21 22:04:34,101.847,mg/dL,N,Final
LRES000000850,LORD000000930,2026-02-01 02:12:13,136.127,mmol/L,N,Preliminary
LRES000000851,LORD000000931,2026-01-31 11:12:13,483.199,10^9/L,H,Preliminary
LRES000000852,LORD000000932,2026-01-27 05:17:42,15.743,g/dL,N,Final
LRES000000853,LORD000000933,2026-01-31 04:18:00,10.016,10^9/L,N,Preliminary
LRES000000854,LORD000000934,2026-01-30 21:18:00,14.691,g/dL,N,Final
LRES000000855,LORD000000935,2026-05-28 09:24:44,144.034,mmol/L,N,Final
LRES000000856,LORD000000936,2026-05-29 22:44:10,6.571,10^9/L,N,Final
LRES000000857,LORD000000937,2026-05-23 00:17:42,3.678,mmol/L,N,Preliminary
LRES000000858,LORD000000938,2026-05-22 17:17:42,14.173,g/dL,N,Preliminary
LRES000000859,LORD000000939,2026-03-23 05:51:56,11.259,10^9/L,H,Preliminary
LRES000000860,LORD000000941,2026-03-26 14:41:47,191.911,10^9/L,N,Preliminary
LRES000000861,LORD000000942,2026-03-26 12:41:47,5.023,10^9/L,N,Final
LRES000000862,LORD000000943,2026-01-08 07:59:38,0.959,mg/dL,N,Final
LRES000000863,LORD000000944,2026-01-08 09:59:38,2.712,ng/L,N,Preliminary
LRES000000864,LORD000000945,2026-05-06 01:08:19,455.025,10^9/L,H,Final
LRES000000865,LORD000000946,2026-05-05 12:08:19,23.499,ng/L,H,Final
LRES000000866,LORD000000947,2026-03-22 06:43:28,93.839,mg/dL,N,Preliminary
LRES000000867,LORD000000948,2026-03-21 15:43:28,136.872,mmol/L,N,Final
LRES000000868,LORD000000949,2026-04-04 23:22:28,12.45,g/dL,N,Final
LRES000000869,LORD000000950,2026-05-23 11:56:38,124.14,mg/dL,N,Preliminary
LRES000000870,LORD000000951,2026-01-31 05:25:52,0.855,mg/dL,N,Final
LRES000000871,LORD000000953,2026-04-03 21:39:45,7.117,10^9/L,N,Preliminary
LRES000000872,LORD000000954,2026-01-10 21:03:33,4.065,mmol/L,N,Final
LRES000000873,LORD000000955,2026-01-22 06:20:51,1.166,mg/dL,N,Preliminary
LRES000000874,LORD000000956,2026-03-26 03:09:01,0.808,mg/dL,N,Final
LRES000000875,LORD000000957,2026-05-28 13:45:51,85.191,mg/dL,N,Final
LRES000000876,LORD000000958,2026-05-28 00:45:51,113.408,mg/dL,N,Preliminary
LRES000000877,LORD000000959,2026-03-19 03:33:55,8.293,ng/L,N,Final
LRES000000878,LORD000000960,2026-03-18 12:33:55,3.865,mmol/L,N,Preliminary
LRES000000879,LORD000000961,2026-05-17 00:53:10,218.219,10^9/L,N,Preliminary
LRES000000880,LORD000000962,2026-05-17 01:53:10,141.174,mmol/L,N,Final
LRES000000881,LORD000000963,2026-03-27 10:57:28,4.015,mmol/L,N,Preliminary
LRES000000882,LORD000000964,2026-03-27 12:57:28,0.818,mg/dL,N,Final
LRES000000883,LORD000000965,2026-03-06 00:43:16,61.235,mg/dL,L,Preliminary
LRES000000884,LORD000000966,2026-05-31 08:15:14,140.963,mmol/L,N,Final
LRES000000885,LORD000000967,2026-05-30 21:15:14,118.142,mg/dL,N,Preliminary
LRES000000886,LORD000000968,2026-04-15 11:21:06,10.653,10^9/L,N,Preliminary
LRES000000887,LORD000000969,2026-05-15 23:41:25,118.837,mg/dL,N,Final
LRES000000888,LORD000000970,2026-05-16 16:41:25,15.181,g/dL,N,Final
LRES000000889,LORD000000971,2026-01-02 04:27:54,18.504,ng/L,N,Final
LRES000000890,LORD000000972,2026-01-02 00:27:54,111.305,mg/dL,N,Final
LRES000000891,LORD000000973,2026-02-12 20:49:44,15.62,g/dL,N,Final
LRES000000892,LORD000000974,2026-03-28 16:45:59,4.815,mmol/L,N,Preliminary
LRES000000893,LORD000000975,2026-02-04 16:19:12,7.951,ng/L,N,Preliminary
LRES000000894,LORD000000976,2026-02-09 09:33:44,4.976,mmol/L,N,Final
LRES000000895,LORD000000977,2026-02-10 01:33:44,4.323,mmol/L,N,Final
LRES000000896,LORD000000978,2026-01-05 01:45:34,137.827,mmol/L,N,Preliminary
LRES000000897,LORD000000979,2026-01-14 09:04:40,13.657,g/dL,N,Preliminary
LRES000000898,LORD000000980,2026-05-23 18:48:36,1.378,mg/dL,H,Final
LRES000000899,LORD000000981,2026-05-23 17:48:36,403.59,10^9/L,N,Final
LRES000000900,LORD000000982,2026-03-05 07:34:18,1.086,mg/dL,N,Preliminary
LRES000000901,LORD000000983,2026-04-12 19:47:27,1.162,mg/dL,N,Final
LRES000000902,LORD000000984,2026-04-12 18:47:27,11.899,ng/L,N,Preliminary
LRES000000903,LORD000000985,2026-05-03 06:35:57,84.258,mg/dL,N,Final
LRES000000904,LORD000000986,2026-05-02 16:35:57,0.827,mg/dL,N,Preliminary
LRES000000905,LORD000000988,2026-02-13 06:15:59,4.842,mmol/L,N,Final
LRES000000906,LORD000000989,2026-04-13 16:24:54,0.89,mg/dL,N,Final
LRES000000907,LORD000000991,2026-03-18 23:13:36,0.718,mg/dL,N,Final
LRES000000908,LORD000000992,2026-03-19 18:13:36,0.864,mg/dL,N,Final
LRES000000909,LORD000000993,2026-03-14 13:24:32,4.004,mmol/L,N,Final
LRES000000910,LORD000000994,2026-03-13 20:24:32,1.398,mg/dL,H,Final
LRES000000911,LORD000000995,2026-02-06 07:15:21,3.746,mmol/L,N,Preliminary
LRES000000912,LORD000000996,2026-02-05 13:15:21,4.882,ng/L,N,Preliminary
LRES000000913,LORD000000997,2026-05-26 13:53:40,261.705,10^9/L,N,Final
LRES000000914,LORD000000999,2026-05-01 14:03:22,16.049,g/dL,N,Final
LRES000000915,LORD000001000,2026-02-18 00:15:20,8.069,10^9/L,N,Preliminary
LRES000000916,LORD000001001,2026-02-18 01:15:20,18.987,g/dL,H,Preliminary
LRES000000917,LORD000001002,2026-04-21 10:59:21,5.153,mmol/L,N,Final
LRES000000918,LORD000001004,2026-04-22 12:26:47,278.069,10^9/L,N,Preliminary
LRES000000919,LORD000001005,2026-02-02 09:26:49,69.634,mg/dL,L,Preliminary
LRES000000920,LORD000001006,2026-03-21 05:31:05,12.76,g/dL,N,Final
LRES000000921,LORD000001008,2026-05-23 19:24:32,12.965,g/dL,N,Final
LRES000000922,LORD000001009,2026-05-28 04:37:47,13.155,g/dL,N,Final
LRES000000923,LORD000001010,2026-01-24 00:08:33,8.775,ng/L,N,Preliminary
LRES000000924,LORD000001011,2026-04-03 16:37:03,0.792,mg/dL,N,Final
LRES000000925,LORD000001012,2026-04-08 04:06:42,137.039,mmol/L,N,Final
LRES000000926,LORD000001014,2026-05-04 03:22:58,3.547,10^9/L,L,Final
LRES000000927,LORD000001015,2026-05-04 10:22:58,82.338,10^9/L,L,Preliminary
LRES000000928,LORD000001016,2026-04-20 06:38:45,1.128,mg/dL,N,Preliminary
LRES000000929,LORD000001017,2026-05-15 08:16:08,4.237,mmol/L,N,Preliminary
LRES000000930,LORD000001018,2026-05-15 21:16:08,139.533,mmol/L,N,Final
LRES000000931,LORD000001019,2026-05-26 21:46:21,1.009,mg/dL,N,Final
LRES000000932,LORD000001020,2026-05-26 15:46:21,224.993,10^9/L,N,Preliminary
LRES000000933,LORD000001021,2026-04-12 18:24:07,5.058,mmol/L,N,Preliminary
LRES000000934,LORD000001023,2026-01-16 20:44:19,5.502,ng/L,N,Final
LRES000000935,LORD000001024,2026-05-24 11:15:56,145.3,mmol/L,H,Final
LRES000000936,LORD000001025,2026-04-02 20:21:30,15.099,g/dL,N,Final
LRES000000937,LORD000001026,2026-05-10 23:46:41,7.882,10^9/L,N,Preliminary
LRES000000938,LORD000001027,2026-03-04 06:13:21,4.295,mmol/L,N,Final
LRES000000939,LORD000001028,2026-03-04 14:13:21,1.046,mg/dL,N,Final
LRES000000940,LORD000001029,2026-05-09 21:51:51,348.387,10^9/L,N,Final
LRES000000941,LORD000001030,2026-03-04 14:36:51,135.354,mmol/L,N,Preliminary
LRES000000942,LORD000001031,2026-04-17 23:58:15,444.165,10^9/L,N,Final
LRES000000943,LORD000001032,2026-04-18 05:58:15,0.7,mg/dL,N,Final
LRES000000944,LORD000001033,2026-04-11 02:35:02,15.216,ng/L,N,Final
LRES000000945,LORD000001034,2026-04-28 18:48:50,139.794,mmol/L,N,Preliminary
LRES000000946,LORD000001035,2026-04-05 20:16:16,370.151,10^9/L,N,Final
LRES000000947,LORD000001036,2026-01-02 09:35:49,10.834,10^9/L,N,Final
LRES000000948,LORD000001037,2026-01-02 00:35:49,138.759,mmol/L,N,Final
LRES000000949,LORD000001038,2026-05-10 08:27:17,269.67,10^9/L,N,Preliminary
LRES000000950,LORD000001039,2026-05-10 02:27:17,145.429,mmol/L,H,Final
LRES000000951,LORD000001040,2026-02-24 16:10:46,7.989,ng/L,N,Final
LRES000000952,LORD000001041,2026-05-13 21:50:23,3.944,mmol/L,N,Final
LRES000000953,LORD000001042,2026-05-14 05:50:23,8.812,ng/L,N,Final
LRES000000954,LORD000001043,2026-02-07 14:42:04,4.782,10^9/L,N,Final
LRES000000955,LORD000001045,2026-05-26 21:50:53,4.691,mmol/L,N,Final
LRES000000956,LORD000001046,2026-03-12 02:42:50,139.942,mg/dL,N,Final
LRES000000957,LORD000001047,2026-03-12 15:42:50,95.479,mg/dL,N,Final
LRES000000958,LORD000001048,2026-04-22 20:08:02,137.476,mmol/L,N,Final
LRES000000959,LORD000001049,2026-04-22 19:08:02,12.518,10^9/L,H,Preliminary
LRES000000960,LORD000001050,2026-05-22 18:14:06,8.288,10^9/L,N,Final
LRES000000961,LORD000001051,2026-02-16 21:29:31,218.025,10^9/L,N,Final
LRES000000962,LORD000001053,2026-01-04 16:53:15,173.275,10^9/L,N,Preliminary
LRES000000963,LORD000001054,2026-05-27 13:11:14,9.448,10^9/L,N,Final
LRES000000964,LORD000001055,2026-05-27 15:11:14,5.314,mmol/L,H,Final
LRES000000965,LORD000001056,2026-04-10 01:20:57,148.191,mmol/L,H,Final
LRES000000966,LORD000001057,2026-04-10 07:20:57,95.565,mg/dL,N,Final
LRES000000967,LORD000001058,2026-05-12 09:54:31,4.218,mmol/L,N,Final
LRES000000968,LORD000001059,2026-05-15 13:56:46,192.703,10^9/L,N,Final
LRES000000969,LORD000001060,2026-05-16 07:56:46,14.592,g/dL,N,Preliminary
LRES000000970,LORD000001061,2026-01-26 13:02:42,3.457,mmol/L,L,Final
LRES000000971,LORD000001062,2026-01-26 14:02:42,327.793,10^9/L,N,Final
LRES000000972,LORD000001063,2026-02-14 11:28:44,138.535,mmol/L,N,Preliminary
LRES000000973,LORD000001064,2026-02-15 04:28:44,178.498,10^9/L,N,Final
LRES000000974,LORD000001065,2026-04-05 12:00:30,96.743,10^9/L,L,Preliminary
LRES000000975,LORD000001066,2026-04-05 04:00:30,14.324,g/dL,N,Final
LRES000000976,LORD000001067,2026-03-22 14:12:48,92.236,10^9/L,L,Final
LRES000000977,LORD000001068,2026-03-22 03:12:48,15.244,g/dL,N,Final
LRES000000978,LORD000001069,2026-01-26 17:29:25,6.031,10^9/L,N,Final
LRES000000979,LORD000001070,2026-03-31 07:00:18,15.814,g/dL,N,Preliminary
LRES000000980,LORD000001071,2026-03-31 20:00:18,0.9,mg/dL,N,Preliminary
LRES000000981,LORD000001072,2026-06-01 08:06:23,12.858,g/dL,N,Final
LRES000000982,LORD000001073,2026-06-01 08:06:23,14.075,g/dL,N,Final
LRES000000983,LORD000001074,2026-01-30 02:35:53,13.016,g/dL,N,Final
LRES000000984,LORD000001075,2026-01-29 04:35:53,1.264,mg/dL,N,Final
LRES000000985,LORD000001076,2026-03-04 13:17:50,16.454,g/dL,N,Final
LRES000000986,LORD000001077,2026-03-04 22:17:50,3.565,mmol/L,N,Preliminary
LRES000000987,LORD000001078,2026-02-14 11:24:46,118.723,mg/dL,N,Final
LRES000000988,LORD000001079,2026-01-22 04:28:14,302.031,10^9/L,N,Preliminary
LRES000000989,LORD000001080,2026-01-23 00:28:14,147.415,mmol/L,H,Final
LRES000000990,LORD000001081,2026-02-26 00:21:25,12.546,g/dL,N,Preliminary
LRES000000991,LORD000001082,2026-02-16 22:54:54,112.79,10^9/L,L,Final
LRES000000992,LORD000001083,2026-05-04 14:13:16,129.144,mg/dL,N,Final
LRES000000993,LORD000001084,2026-04-01 15:27:38,353.836,10^9/L,N,Final
LRES000000994,LORD000001085,2026-04-02 01:27:38,144.219,mmol/L,N,Final
LRES000000995,LORD000001086,2026-01-15 12:45:18,145.517,mmol/L,H,Preliminary
LRES000000996,LORD000001087,2026-01-15 06:45:18,,g/dL,N,Final
LRES000000997,LORD000001088,2026-04-12 22:03:35,14.616,g/dL,N,Preliminary
LRES000000998,LORD000001089,2026-04-25 03:20:08,5.432,10^9/L,N,Final
LRES000000999,LORD000001090,2026-03-25 17:49:11,106.457,mg/dL,N,Final
LRES000001000,LORD000001092,2026-05-31 19:16:21,5.361,mmol/L,H,Preliminary
LRES000001001,LORD000001093,2026-05-01 03:11:33,5.16,mmol/L,N,Final
LRES000001002,LORD000001094,2026-03-03 05:09:11,0.91,mg/dL,N,Preliminary
LRES000001003,LORD000001095,2026-05-28 14:03:51,12.758,g/dL,N,Preliminary
LRES000001004,LORD000001096,2026-03-23 13:35:17,133.55,mmol/L,L,Final
LRES000001005,LORD000001097,2026-03-10 22:04:14,141.562,mmol/L,N,Final
LRES000001006,LORD000001098,2026-03-10 08:04:14,-0.943,ng/L,L,Preliminary
LRES000001007,LORD000001099,2026-03-01 13:14:04,140.355,mmol/L,N,Preliminary
LRES000001008,LORD000001100,2026-03-01 19:14:04,4.538,mmol/L,N,Preliminary
LRES000001009,LORD000001101,2026-04-18 11:21:52,6.22,10^9/L,N,Final
LRES000001010,LORD000001102,2026-04-19 02:21:52,218.3,10^9/L,N,Preliminary
LRES000001011,LORD000001103,2026-02-08 05:29:44,9.226,10^9/L,N,Final
LRES000001012,LORD000001105,2026-04-24 20:24:58,328.283,10^9/L,N,Preliminary
LRES000001013,LORD000001106,2026-04-24 21:24:58,8.359,10^9/L,N,Final
LRES000001014,LORD000001107,2026-02-10 03:32:13,138.878,mmol/L,N,Final
LRES000001015,LORD000001109,2026-05-21 15:32:21,0.557,mg/dL,L,Final
LRES000001016,LORD000001110,2026-03-12 14:56:33,6.452,10^9/L,N,Final
LRES000001017,LORD000001111,2026-03-09 01:33:30,8.206,10^9/L,N,Final
LRES000001018,LORD000001112,2026-03-09 09:33:30,4.243,mmol/L,N,Final
LRES000001019,LORD000001113,2026-03-01 01:24:27,14.277,g/dL,N,Preliminary
LRES000001020,LORD000001114,2026-02-28 22:24:27,6.793,ng/L,N,Final
LRES000001021,LORD000001116,2026-02-04 07:04:43,449.095,10^9/L,N,Final
LRES000001022,LORD000001117,2026-05-27 17:26:54,3.862,10^9/L,L,Final
LRES000001023,LORD000001118,2026-04-28 20:57:40,306.381,10^9/L,N,Preliminary
LRES000001024,LORD000001119,2026-04-29 10:57:40,1.196,mg/dL,N,Preliminary
LRES000001025,LORD000001121,2026-05-03 23:36:43,18.211,ng/L,N,Final
LRES000001026,LORD000001122,2026-05-31 00:03:32,15.027,g/dL,N,Preliminary
LRES000001027,LORD000001123,2026-03-10 09:07:37,3.479,ng/L,N,Final
LRES000001028,LORD000001124,2026-03-09 22:07:37,104.308,mg/dL,N,Final
LRES000001029,LORD000001125,2026-04-04 18:19:32,3.265,mmol/L,L,Final
LRES000001030,LORD000001126,2026-04-04 00:19:32,190.813,10^9/L,N,Preliminary
LRES000001031,LORD000001127,2026-02-13 01:51:23,1.279,mg/dL,N,Preliminary
LRES000001032,LORD000001128,2026-05-22 06:49:02,14.134,g/dL,N,Final
LRES000001033,LORD000001129,2026-05-22 07:49:02,1.111,mg/dL,N,Final
LRES000001034,LORD000001130,2026-04-12 14:45:21,113.541,mg/dL,N,Preliminary
LRES000001035,LORD000001131,2026-05-29 22:18:45,13.556,g/dL,N,Preliminary
LRES000001036,LORD000001133,2026-05-19 07:24:22,15.289,ng/L,N,Final
LRES000001037,LORD000001134,2026-04-03 15:40:05,142.432,mmol/L,N,Final
LRES000001038,LORD000001135,2026-03-17 19:21:11,1.303,mg/dL,H,Preliminary
LRES000001039,LORD000001136,2026-03-01 16:04:14,249.605,10^9/L,N,Preliminary
LRES000001040,LORD000001137,2026-02-04 23:42:46,332.57,10^9/L,N,Preliminary
LRES000001041,LORD000001138,2026-01-27 00:50:41,7.702,ng/L,N,Final
LRES000001042,LORD000001139,2026-04-08 10:25:22,15.965,g/dL,N,Final
LRES000001043,LORD000001140,2026-04-08 15:25:22,4.423,mmol/L,N,Final
LRES000001044,LORD000001142,2026-03-21 22:43:39,137.727,mmol/L,N,Preliminary
LRES000001045,LORD000001143,2026-03-13 04:02:13,14.92,ng/L,N,Final
LRES000001046,LORD000001144,2026-03-12 02:14:49,113.724,mg/dL,N,Final
LRES000001047,LORD000001145,2026-03-11 21:14:49,0.855,mg/dL,N,Final
LRES000001048,LORD000001146,2026-04-05 22:48:45,142.974,mmol/L,N,Final
LRES000001049,LORD000001147,2026-04-05 17:48:45,99.398,mg/dL,N,Preliminary
LRES000001050,LORD000001148,2026-04-21 03:40:07,16.89,g/dL,N,Final
LRES000001051,LORD000001149,2026-04-20 22:40:07,1.131,mg/dL,N,Final
LRES000001052,LORD000001150,2026-01-23 06:44:13,5.009,mmol/L,N,Final
LRES000001053,LORD000001151,2026-01-11 01:28:44,9.115,10^9/L,N,Final
LRES000001054,LORD000001152,2026-01-10 17:28:44,7.468,ng/L,N,Final
LRES000001055,LORD000001153,2026-01-29 17:07:12,3.408,mmol/L,L,Final
LRES000001056,LORD000001154,2026-01-30 00:07:12,12.671,g/dL,N,Final
LRES000001057,LORD000001156,2026-05-16 23:17:35,140.935,mmol/L,N,Preliminary
LRES000001058,LORD000001157,2026-05-17 02:17:35,4.624,mmol/L,N,Final
LRES000001059,LORD000001158,2026-02-22 00:01:01,6.762,10^9/L,N,Preliminary
LRES000001060,LORD000001159,2026-01-18 07:49:17,118.141,mg/dL,N,Final
LRES000001061,LORD000001160,2026-05-18 03:35:15,9.039,ng/L,N,Final
LRES000001062,LORD000001161,2026-02-12 04:29:14,4.26,mmol/L,N,Final
LRES000001063,LORD000001162,2026-02-12 13:29:14,14.419,ng/L,N,Final
LRES000001064,LORD000001163,2026-02-08 07:04:49,13.557,ng/L,N,Preliminary
LRES000001065,LORD000001164,2026-01-18 03:13:19,4.073,mmol/L,N,Final
LRES000001066,LORD000001165,2026-01-18 05:13:19,4.139,mmol/L,N,Final
LRES000001067,LORD000001166,2026-01-26 22:40:07,213.197,10^9/L,N,Final
LRES000001068,LORD000001167,2026-01-27 08:40:07,0.996,mg/dL,N,Preliminary
LRES000001069,LORD000001168,2026-05-08 19:24:21,1.299,mg/dL,N,Final
LRES000001070,LORD000001169,2026-04-01 05:24:43,353.818,10^9/L,N,Final
LRES000001071,LORD000001170,2026-03-31 23:24:43,4.761,10^9/L,N,Final
LRES000001072,LORD000001171,2026-04-20 16:42:53,1.301,mg/dL,H,Preliminary
LRES000001073,LORD000001172,2026-04-21 07:42:53,3.632,mmol/L,N,Final
LRES000001074,LORD000001173,2026-03-16 04:44:50,141.021,mmol/L,N,Final
LRES000001075,LORD000001174,2026-01-08 03:54:00,140.352,mmol/L,N,Preliminary
LRES000001076,LORD000001175,2026-01-07 21:54:00,91.768,mg/dL,N,Preliminary
LRES000001077,LORD000001176,2026-04-24 06:24:03,9.717,ng/L,N,Preliminary
LRES000001078,LORD000001177,2026-03-13 15:59:56,0.762,mg/dL,N,Preliminary
LRES000001079,LORD000001178,2026-02-06 01:52:18,140.822,mmol/L,N,Preliminary
LRES000001080,LORD000001179,2026-04-20 15:07:00,15.016,g/dL,N,Preliminary
LRES000001081,LORD000001180,2026-04-20 10:07:00,4.158,mmol/L,N,Final
LRES000001082,LORD000001181,2026-01-20 14:02:24,11.319,g/dL,L,Preliminary
LRES000001083,LORD000001182,2026-01-20 04:02:24,0.939,mg/dL,N,Final
LRES000001084,LORD000001183,2026-03-13 09:20:18,60.865,mg/dL,L,Final
LRES000001085,LORD000001184,2026-03-13 01:20:18,11.929,g/dL,L,Preliminary
LRES000001086,LORD000001185,2026-05-25 04:18:31,134.205,mmol/L,L,Final
LRES000001087,LORD000001186,2026-05-25 00:18:31,4.623,mmol/L,N,Final
LRES000001088,LORD000001187,2026-04-23 18:09:02,4.832,mmol/L,N,Final
LRES000001089,LORD000001188,2026-04-23 01:09:02,7.164,10^9/L,N,Final
LRES000001090,LORD000001190,2026-04-12 09:12:06,1.199,mg/dL,N,Final
LRES000001091,LORD000001191,2026-02-17 20:35:00,140.607,mmol/L,N,Final
LRES000001092,LORD000001192,2026-02-17 06:35:00,3.886,mmol/L,N,Preliminary
LRES000001093,LORD000001193,2026-03-22 18:43:43,4.094,mmol/L,N,Final
LRES000001094,LORD000001194,2026-01-11 06:10:04,7.864,10^9/L,N,Final
LRES000001095,LORD000001195,2026-01-11 08:10:04,139.809,mmol/L,N,Final
LRES000001096,LORD000001196,2026-04-22 12:12:35,106.616,mg/dL,N,Preliminary
LRES000001097,LORD000001197,2026-04-22 18:12:35,3.405,ng/L,N,Final
LRES000001098,LORD000001198,2026-03-20 20:18:15,0.89,mg/dL,N,Preliminary
LRES000001099,LORD000001199,2026-05-26 12:50:23,113.144,mg/dL,N,Final
LRES000001100,LORD000001200,2026-04-18 23:52:38,15.529,g/dL,N,Final
LRES000001101,LORD000001201,2026-02-15 16:56:19,240.272,10^9/L,N,Final
LRES000001102,LORD000001202,2026-02-23 09:31:15,430.068,10^9/L,N,Final
LRES000001103,LORD000001203,2026-04-19 11:16:15,413.8,10^9/L,N,Final
LRES000001104,LORD000001204,2026-04-19 21:16:15,1.138,mg/dL,N,Preliminary
LRES000001105,LORD000001205,2026-03-27 21:29:21,8.889,10^9/L,N,Preliminary
LRES000001106,LORD000001206,2026-03-25 02:39:35,95.255,10^9/L,L,Final
LRES000001107,LORD000001207,2026-03-24 13:39:35,1.069,mg/dL,N,Final
LRES000001108,LORD000001208,2026-01-24 16:53:58,77.073,mg/dL,N,Preliminary
LRES000001109,LORD000001209,2026-01-24 14:53:58,4.585,mmol/L,N,Preliminary
LRES000001110,LORD000001210,2026-02-07 18:09:05,5.694,10^9/L,N,Final
LRES000001111,LORD000001211,2026-03-13 09:54:18,0.838,mg/dL,N,Final
LRES000001112,LORD000001212,2026-05-21 19:12:18,15.633,g/dL,N,Final
LRES000001113,LORD000001213,2026-05-20 15:12:18,16.809,g/dL,N,Final
LRES000001114,LORD000001214,2026-04-09 09:39:10,4.876,10^9/L,N,Final
LRES000001115,LORD000001215,2026-05-05 13:05:55,177.68,mg/dL,H,Preliminary
LRES000001116,LORD000001218,2026-03-19 16:37:45,10.648,10^9/L,N,Final
LRES000001117,LORD000001219,2026-03-08 12:03:20,0.807,mg/dL,N,Final
LRES000001118,LORD000001220,2026-02-25 02:19:27,13.061,g/dL,N,Preliminary
LRES000001119,LORD000001221,2026-02-24 21:19:27,23.195,ng/L,H,Final
LRES000001120,LORD000001222,2026-05-27 17:56:37,130.96,mg/dL,N,Preliminary
LRES000001121,LORD000001223,2026-05-27 20:56:37,172.624,10^9/L,N,Preliminary
LRES000001122,LORD000001224,2026-04-27 09:42:41,13.437,g/dL,N,Preliminary
LRES000001123,LORD000001225,2026-04-28 04:42:41,319.611,10^9/L,N,Final
LRES000001124,LORD000001226,2026-05-31 23:59:52,160.659,mg/dL,H,Preliminary
LRES000001125,LORD000001228,2026-02-17 18:25:21,15.785,g/dL,N,Preliminary
LRES000001126,LORD000001229,2026-04-17 23:47:52,10.453,ng/L,N,Preliminary
LRES000001127,LORD000001230,2026-01-25 21:49:15,480.022,10^9/L,H,Final
LRES000001128,LORD000001231,2026-01-24 21:49:15,4.672,mmol/L,N,Final
LRES000001129,LORD000001232,2026-03-06 22:57:06,2.975,10^9/L,L,Preliminary
LRES000001130,LORD000001233,2026-03-16 17:16:08,143.018,mmol/L,N,Final
LRES000001131,LORD000001234,2026-04-28 22:21:33,141.186,mmol/L,N,Preliminary
LRES000001132,LORD000001235,2026-04-29 18:21:33,4.879,mmol/L,N,Final
LRES000001133,LORD000001236,2026-05-08 00:28:40,134.684,mg/dL,N,Final
LRES000001134,LORD000001237,2026-05-08 16:28:40,0.916,mg/dL,N,Final
LRES000001135,LORD000001238,2026-04-01 17:21:31,0.643,mg/dL,N,Final
LRES000001136,LORD000001239,2026-04-01 01:21:31,1.083,mg/dL,N,Preliminary
LRES000001137,LORD000001240,2026-04-29 13:25:09,134.232,mmol/L,L,Final
LRES000001138,LORD000001241,2026-05-18 15:24:35,13.66,g/dL,N,Final
LRES000001139,LORD000001242,2026-05-17 23:24:35,0.522,mg/dL,L,Preliminary
LRES000001140,LORD000001243,2026-02-02 07:49:55,4.93,10^9/L,N,Final
LRES000001141,LORD000001244,2026-04-06 23:43:26,0.946,mg/dL,N,Final
LRES000001142,LORD000001245,2026-04-26 04:15:40,313.596,10^9/L,N,Preliminary
LRES000001143,LORD000001246,2026-04-26 08:15:40,8.645,ng/L,N,Preliminary
LRES000001144,LORD000001247,2026-04-03 15:48:57,12.227,g/dL,N,Final
LRES000001145,LORD000001249,2026-05-23 23:43:39,8.437,10^9/L,N,Final
LRES000001146,LORD000001250,2026-05-21 10:19:01,8.305,10^9/L,N,Final
LRES000001147,LORD000001251,2026-04-26 03:31:28,137.478,mmol/L,N,Final
LRES000001148,LORD000001252,2026-01-28 15:52:35,12.374,g/dL,N,Final
LRES000001149,LORD000001253,2026-01-28 20:52:35,0.715,mg/dL,N,Final
LRES000001150,LORD000001254,2026-03-14 01:03:27,4.512,mmol/L,N,Final
LRES000001151,LORD000001255,2026-03-12 19:03:27,57.048,10^9/L,L,Final
LRES000001152,LORD000001256,2026-05-29 17:57:00,4.423,mmol/L,N,Final
LRES000001153,LORD000001257,2026-02-21 19:30:42,15.475,g/dL,N,Final
LRES000001154,LORD000001258,2026-02-22 09:30:42,0.924,mg/dL,N,Preliminary
LRES000001155,LORD000001259,2026-03-18 10:47:34,149.304,mmol/L,H,Final
LRES000001156,LORD000001260,2026-03-17 14:47:34,325.154,10^9/L,N,Preliminary
LRES000001157,LORD000001261,2026-05-25 08:16:36,9.87,ng/L,N,Preliminary
LRES000001158,LORD000001262,2026-02-23 05:50:46,459.446,10^9/L,H,Preliminary
LRES000001159,LORD000001263,2026-02-23 05:50:46,141.033,mmol/L,N,Final
LRES000001160,LORD000001264,2026-01-27 03:40:59,4.148,10^9/L,N,Final
LRES000001161,LORD000001265,2026-05-27 19:15:27,317.763,10^9/L,N,Final
LRES000001162,LORD000001266,2026-01-04 00:29:26,132.702,mmol/L,L,Final
LRES000001163,LORD000001267,2026-01-03 20:29:26,3.785,mmol/L,N,Final
LRES000001164,LORD000001268,2026-01-06 14:37:28,16.167,g/dL,N,Final
LRES000001165,LORD000001269,2026-04-06 03:17:34,-1.663,ng/L,L,Final
LRES000001166,LORD000001270,2026-04-06 05:17:34,540.871,10^9/L,H,Preliminary
LRES000001167,LORD000001271,2026-02-17 18:37:56,135.669,mmol/L,N,Final
LRES000001168,LORD000001272,2026-01-26 11:35:48,385.233,10^9/L,N,Final
LRES000001169,LORD000001275,2026-04-21 01:54:23,185.898,10^9/L,N,Preliminary
LRES000001170,LORD000001277,2026-03-10 05:02:27,17.299,g/dL,N,Final
LRES000001171,LORD000001278,2026-03-14 01:30:59,83.536,mg/dL,N,Final
LRES000001172,LORD000001279,2026-03-13 19:30:59,4.792,mmol/L,N,Final
LRES000001173,LORD000001280,2026-04-15 06:58:20,135.776,mmol/L,N,Preliminary
LRES000001174,LORD000001281,2026-03-15 03:41:32,1.2,mg/dL,N,Preliminary
LRES000001175,LORD000001282,2026-04-11 21:05:55,14.297,g/dL,N,Final
LRES000001176,LORD000001283,2026-04-11 18:05:55,14.527,g/dL,N,Final
LRES000001177,LORD000001284,2026-01-27 20:25:47,71.905,10^9/L,L,Preliminary
LRES000001178,LORD000001285,2026-01-28 12:25:47,3.788,mmol/L,N,Final
LRES000001179,LORD000001287,2026-03-19 07:05:10,257.791,10^9/L,N,Final
LRES000001180,LORD000001289,2026-03-27 12:52:15,6.734,ng/L,N,Final
LRES000001181,LORD000001290,2026-03-28 04:52:15,7.777,10^9/L,N,Final
LRES000001182,LORD000001291,2026-03-29 06:28:25,137.207,mmol/L,N,Final
LRES000001183,LORD000001292,2026-03-29 11:28:25,5.017,10^9/L,N,Final
LRES000001184,LORD000001293,2026-05-25 04:06:26,16.036,g/dL,N,Final
LRES000001185,LORD000001295,2026-01-26 22:44:44,7.779,ng/L,N,Final
LRES000001186,LORD000001296,2026-01-26 21:44:44,13.805,ng/L,N,Final
LRES000001187,LORD000001298,2026-03-09 05:47:41,0.823,mg/dL,N,Preliminary
LRES000001188,LORD000001299,2026-01-23 15:14:52,337.879,10^9/L,N,Preliminary
LRES000001189,LORD000001300,2026-01-23 04:14:52,14.968,g/dL,N,Preliminary
LRES000001190,LORD000001301,2026-01-27 10:23:11,265.077,10^9/L,N,Final
LRES000001191,LORD000001302,2026-01-28 02:23:11,11.05,g/dL,L,Final
LRES000001192,LORD000001303,2026-03-19 04:01:57,204.682,10^9/L,N,Final
LRES000001193,LORD000001304,2026-01-02 00:56:56,0.993,mg/dL,N,Final
LRES000001194,LORD000001305,2026-01-01 20:56:56,139.412,mmol/L,N,Preliminary
LRES000001195,LORD000001306,2026-01-18 06:39:43,0.628,mg/dL,N,Preliminary
LRES000001196,LORD000001307,2026-02-28 20:30:06,6.652,10^9/L,N,Final
LRES000001197,LORD000001308,2026-04-08 20:27:40,134.782,mg/dL,N,Final
LRES000001198,LORD000001309,2026-05-24 11:51:24,157.049,mg/dL,H,Preliminary
LRES000001199,LORD000001310,2026-02-26 20:43:24,14.558,g/dL,N,Preliminary
LRES000001200,LORD000001311,2026-02-23 16:27:02,19.524,ng/L,H,Final
LRES000001201,LORD000001312,2026-02-23 17:27:02,15.554,g/dL,N,Preliminary
LRES000001202,LORD000001313,2026-03-20 17:17:14,137.701,mg/dL,N,Final
LRES000001203,LORD000001314,2026-03-20 23:17:14,17.087,g/dL,N,Final
LRES000001204,LORD000001315,2026-02-07 01:56:24,12.507,g/dL,N,Final
LRES000001205,LORD000001316,2026-02-07 01:56:24,0.281,ng/L,N,Final
LRES000001206,LORD000001317,2026-01-28 04:10:55,0.419,mg/dL,L,Final
LRES000001207,LORD000001318,2026-01-27 18:10:55,14.529,g/dL,N,Preliminary
LRES000001208,LORD000001319,2026-01-25 10:11:15,4.432,mmol/L,N,Final
LRES000001209,LORD000001320,2026-02-16 03:37:31,365.998,10^9/L,N,Final
LRES000001210,LORD000001321,2026-02-15 17:37:31,302.324,10^9/L,N,Final
LRES000001211,LORD000001322,2026-05-01 00:58:41,4.516,mmol/L,N,Final
LRES000001212,LORD000001323,2026-05-20 16:27:57,1.194,ng/L,N,Final
LRES000001213,LORD000001324,2026-05-21 11:27:57,490.412,10^9/L,H,Final
LRES000001214,LORD000001325,2026-04-21 16:19:07,142.204,mmol/L,N,Preliminary
LRES000001215,LORD000001326,2026-04-20 19:19:07,350.294,10^9/L,N,Preliminary
LRES000001216,LORD000001327,2026-03-29 06:31:03,12.907,g/dL,N,Final
LRES000001217,LORD000001328,2026-03-13 18:13:44,140.196,mmol/L,N,Final
LRES000001218,LORD000001329,2026-03-14 10:13:44,11.829,10^9/L,H,Final
LRES000001219,LORD000001330,2026-04-30 03:45:12,141.109,mmol/L,N,Final
LRES000001220,LORD000001331,2026-04-30 09:45:12,4.248,mmol/L,N,Final
LRES000001221,LORD000001333,2026-03-01 21:39:48,135.451,mmol/L,N,Final
LRES000001222,LORD000001334,2026-03-22 04:52:51,14.213,g/dL,N,Final
LRES000001223,LORD000001335,2026-01-25 07:37:48,139.895,mmol/L,N,Final
LRES000001224,LORD000001336,2026-01-25 13:37:48,137.804,mmol/L,N,Preliminary
LRES000001225,LORD000001337,2026-03-29 07:22:14,257.661,10^9/L,N,Final
LRES000001226,LORD000001338,2026-05-16 14:18:16,0.536,mg/dL,L,Preliminary
LRES000001227,LORD000001339,2026-05-16 12:18:16,12.527,g/dL,N,Preliminary
LRES000001228,LORD000001340,2026-05-27 06:01:33,9.099,ng/L,N,Final
LRES000001229,LORD000001341,2026-03-03 22:38:51,8.875,10^9/L,N,Final
LRES000001230,LORD000001343,2026-02-27 21:27:48,-3.416,ng/L,L,Final
LRES000001231,LORD000001344,2026-02-27 08:27:48,17.159,g/dL,N,Final
LRES000001232,LORD000001345,2026-05-16 10:01:58,136.281,mmol/L,N,Preliminary
LRES000001233,LORD000001346,2026-05-16 22:01:58,3.97,mmol/L,N,Preliminary
LRES000001234,LORD000001347,2026-03-27 05:40:44,14.161,g/dL,N,Preliminary
LRES000001235,LORD000001348,2026-03-27 05:40:44,2.898,ng/L,N,Preliminary
LRES000001236,LORD000001350,2026-03-12 11:20:33,4.531,ng/L,N,Final
LRES000001237,LORD000001351,2026-01-11 18:35:29,17.346,g/dL,N,Final
LRES000001238,LORD000001352,2026-01-11 10:35:29,14.035,g/dL,N,Final
LRES000001239,LORD000001353,2026-03-29 14:16:08,96.589,mg/dL,N,Final
LRES000001240,LORD000001354,2026-03-28 18:16:08,7.938,10^9/L,N,Final
LRES000001241,LORD000001355,2026-01-12 15:32:52,4.797,10^9/L,N,Final
LRES000001242,LORD000001356,2026-01-12 10:32:52,0.962,mg/dL,N,Final
LRES000001243,LORD000001357,2026-03-01 13:16:29,4.016,mmol/L,N,Final
LRES000001244,LORD000001358,2026-01-28 10:44:18,12.591,g/dL,N,Final
LRES000001245,LORD000001359,2026-04-18 20:55:22,3.961,ng/L,N,Final
LRES000001246,LORD000001360,2026-04-19 16:55:22,15.44,g/dL,N,Final
LRES000001247,LORD000001361,2026-05-16 18:13:14,18.1,g/dL,H,Final
LRES000001248,LORD000001363,2026-04-03 21:08:13,143.716,mmol/L,N,Preliminary
LRES000001249,LORD000001365,2026-05-17 03:23:06,142.977,mmol/L,N,Preliminary
LRES000001250,LORD000001366,2026-04-21 06:37:11,6.742,10^9/L,N,Final
LRES000001251,LORD000001367,2026-02-07 09:01:56,6.841,10^9/L,N,Final
LRES000001252,LORD000001368,2026-03-07 21:42:37,3.015,10^9/L,L,Final
LRES000001253,LORD000001370,2026-05-15 03:52:22,0.817,mg/dL,N,Final
LRES000001254,LORD000001371,2026-01-15 07:47:05,4.125,mmol/L,N,Preliminary
LRES000001255,LORD000001372,2026-01-15 11:47:05,133.969,mmol/L,L,Preliminary
LRES000001256,LORD000001373,2026-03-01 23:50:30,358.029,10^9/L,N,Final
LRES000001257,LORD000001374,2026-06-01 06:05:00,143.096,mg/dL,H,Preliminary
LRES000001258,LORD000001375,2026-06-01 05:05:00,15.793,g/dL,N,Final
LRES000001259,LORD000001376,2026-03-25 03:05:33,11.878,ng/L,N,Preliminary
LRES000001260,LORD000001377,2026-03-24 07:05:33,410.967,10^9/L,N,Final
LRES000001261,LORD000001378,2026-04-02 22:17:15,95.181,mg/dL,N,Final
LRES000001262,LORD000001379,2026-04-03 11:17:15,4.348,mmol/L,N,Preliminary
LRES000001263,LORD000001380,2026-04-11 23:33:08,13.375,10^9/L,H,Final
LRES000001264,LORD000001381,2026-04-12 05:33:08,74.509,10^9/L,L,Preliminary
LRES000001265,LORD000001382,2026-03-22 07:47:16,15.857,g/dL,N,Preliminary
LRES000001266,LORD000001383,2026-03-22 14:47:16,0.158,ng/L,N,Final
LRES000001267,LORD000001384,2026-04-21 16:44:24,143.089,mmol/L,N,Final
LRES000001268,LORD000001385,2026-01-26 22:02:11,3.789,ng/L,N,Final
LRES000001269,LORD000001386,2026-02-03 22:13:39,139.569,mmol/L,N,Final
LRES000001270,LORD000001387,2026-02-04 07:13:39,16.771,ng/L,N,Final
LRES000001271,LORD000001388,2026-02-16 17:47:13,3.85,mmol/L,N,Final
LRES000001272,LORD000001390,2026-03-13 12:35:30,8.464,10^9/L,N,Final
LRES000001273,LORD000001391,2026-03-13 12:35:30,0.846,mg/dL,N,Final
LRES000001274,LORD000001393,2026-01-07 00:38:56,135.714,mmol/L,N,Preliminary
LRES000001275,LORD000001394,2026-01-07 09:38:56,7.04,10^9/L,N,Final
LRES000001276,LORD000001395,2026-04-27 13:06:23,307.383,10^9/L,N,Preliminary
LRES000001277,LORD000001396,2026-04-27 20:06:23,9.056,ng/L,N,Final
LRES000001278,LORD000001397,2026-01-19 08:52:51,141.798,mmol/L,N,Final
LRES000001279,LORD000001398,2026-01-18 22:52:51,4.107,10^9/L,N,Preliminary
LRES000001280,LORD000001399,2026-02-18 12:17:11,18.264,ng/L,N,Preliminary
LRES000001281,LORD000001401,2026-05-09 17:39:57,17.42,g/dL,N,Preliminary
LRES000001282,LORD000001402,2026-05-11 06:20:19,102.428,mg/dL,N,Preliminary
LRES000001283,LORD000001403,2026-04-17 21:14:21,5.138,mmol/L,N,Final
LRES000001284,LORD000001405,2026-04-12 12:52:44,139.544,mmol/L,N,Final
LRES000001285,LORD000001406,2026-05-10 11:19:23,278.849,10^9/L,N,Final
LRES000001286,LORD000001407,2026-05-10 05:19:23,261.423,10^9/L,N,Final
LRES000001287,LORD000001408,2026-03-06 10:29:10,10.737,10^9/L,N,Final
LRES000001288,LORD000001409,2026-01-09 20:10:02,363.719,10^9/L,N,Preliminary
LRES000001289,LORD000001411,2026-01-04 11:47:31,331.447,10^9/L,N,Preliminary
LRES000001290,LORD000001412,2026-05-02 21:15:42,1.667,ng/L,N,Final
LRES000001291,LORD000001413,2026-05-01 21:29:15,5.953,ng/L,N,Final
LRES000001292,LORD000001414,2026-05-02 10:29:15,290.289,10^9/L,N,Preliminary
LRES000001293,LORD000001415,2026-02-01 19:42:26,119.957,mg/dL,N,Final
LRES000001294,LORD000001416,2026-05-10 11:36:51,3.126,ng/L,N,Preliminary
LRES000001295,LORD000001418,2026-04-18 07:50:46,390.422,10^9/L,N,Final
LRES000001296,LORD000001419,2026-03-18 04:50:42,140.544,mmol/L,N,Preliminary
LRES000001297,LORD000001420,2026-03-17 19:50:42,4.287,mmol/L,N,Preliminary
LRES000001298,LORD000001421,2026-02-04 22:29:09,91.523,mg/dL,N,Preliminary
LRES000001299,LORD000001422,2026-04-08 18:53:16,15.067,g/dL,N,Preliminary
LRES000001300,LORD000001424,2026-03-22 16:15:27,4.391,mmol/L,N,Preliminary
LRES000001301,LORD000001425,2026-03-22 19:15:27,84.18,mg/dL,N,Preliminary
LRES000001302,LORD000001427,2026-05-31 21:20:28,295.27,10^9/L,N,Final
LRES000001303,LORD000001428,2026-06-01 10:20:28,10.029,ng/L,N,Final
LRES000001304,LORD000001429,2026-05-18 03:53:08,14.16,g/dL,N,Final
LRES000001305,LORD000001430,2026-01-04 17:13:57,4.715,mmol/L,N,Preliminary
LRES000001306,LORD000001431,2026-01-04 04:13:57,285.746,10^9/L,N,Final
LRES000001307,LORD000001432,2026-05-26 05:13:30,13.589,g/dL,N,Final
LRES000001308,LORD000001433,2026-05-26 23:13:30,3.617,mmol/L,N,Final
LRES000001309,LORD000001435,2026-03-07 22:36:52,7.717,10^9/L,N,Final
LRES000001310,LORD000001437,2026-01-08 06:52:52,139.224,mmol/L,N,Preliminary
LRES000001311,LORD000001438,2026-01-11 00:48:23,188.498,10^9/L,N,Final
LRES000001312,LORD000001439,2026-03-03 08:38:57,347.529,10^9/L,N,Final
LRES000001313,LORD000001440,2026-04-18 00:18:57,321.296,10^9/L,N,Preliminary
LRES000001314,LORD000001441,2026-04-12 22:40:12,143.573,mmol/L,N,Preliminary
LRES000001315,LORD000001442,2026-04-23 23:21:34,13.213,ng/L,N,Preliminary
LRES000001316,LORD000001443,2026-04-23 01:21:34,1.075,mg/dL,N,Final
LRES000001317,LORD000001444,2026-03-13 11:36:32,9.647,10^9/L,N,Preliminary
LRES000001318,LORD000001445,2026-03-13 13:36:32,5.684,10^9/L,N,Final
LRES000001319,LORD000001446,2026-05-07 03:36:12,3.873,mmol/L,N,Final
LRES000001320,LORD000001447,2026-05-07 04:36:12,0.737,mg/dL,N,Final
LRES000001321,LORD000001448,2026-03-29 13:26:04,138.693,mmol/L,N,Final
LRES000001322,LORD000001450,2026-05-20 02:38:08,135.811,mmol/L,N,Final
LRES000001323,LORD000001451,2026-05-20 23:38:08,4.549,mmol/L,N,Final
LRES000001324,LORD000001452,2026-05-02 12:39:28,7.297,ng/L,N,Preliminary
LRES000001325,LORD000001453,2026-05-02 03:39:28,415.133,10^9/L,N,Final
LRES000001326,LORD000001454,2026-05-19 03:11:56,6.348,ng/L,N,Preliminary
LRES000001327,LORD000001455,2026-05-19 20:11:56,143.676,mmol/L,N,Preliminary
LRES000001328,LORD000001456,2026-02-10 02:41:51,317.568,10^9/L,N,Preliminary
LRES000001329,LORD000001457,2026-03-02 12:12:26,7.658,10^9/L,N,Final
LRES000001330,LORD000001458,2026-05-04 02:02:38,0.495,mg/dL,L,Final
LRES000001331,LORD000001459,2026-05-02 18:00:34,224.715,10^9/L,N,Preliminary
LRES000001332,LORD000001460,2026-04-26 22:41:56,0.576,mg/dL,L,Final
LRES000001333,LORD000001461,2026-04-27 08:41:56,9.291,10^9/L,N,Final
LRES000001334,LORD000001462,2026-04-03 15:59:58,10.319,ng/L,N,Final
LRES000001335,LORD000001463,2026-04-03 09:59:58,6.796,ng/L,N,Final
LRES000001336,LORD000001464,2026-03-03 15:12:44,146.89,mmol/L,H,Preliminary
LRES000001337,LORD000001465,2026-05-23 20:22:28,139.75,mmol/L,N,Final
LRES000001338,LORD000001466,2026-03-24 23:51:28,7.595,10^9/L,N,Preliminary
LRES000001339,LORD000001467,2026-03-24 12:51:28,3.971,mmol/L,N,Preliminary
LRES000001340,LORD000001468,2026-05-28 14:09:11,13.311,ng/L,N,Final
LRES000001341,LORD000001469,2026-05-28 10:09:11,13.853,g/dL,N,Final
LRES000001342,LORD000001470,2026-03-01 08:36:17,137.605,mmol/L,N,Final
LRES000001343,LORD000001471,2026-02-13 07:50:41,141.076,mmol/L,N,Preliminary
LRES000001344,LORD000001472,2026-01-02 06:49:29,13.641,ng/L,N,Preliminary
LRES000001345,LORD000001473,2026-01-02 04:49:29,4.543,mmol/L,N,Preliminary
LRES000001346,LORD000001474,2026-05-15 01:47:41,19.12,g/dL,H,Preliminary
LRES000001347,LORD000001475,2026-05-15 04:47:41,7.429,10^9/L,N,Preliminary
LRES000001348,LORD000001476,2026-03-02 03:09:21,137.9,mmol/L,N,Final
LRES000001349,LORD000001477,2026-03-02 10:09:21,87.847,mg/dL,N,Preliminary
LRES000001350,LORD000001478,2026-04-26 17:53:04,134.215,mmol/L,L,Preliminary
LRES000001351,LORD000001479,2026-04-27 16:53:04,140.266,mmol/L,N,Final
LRES000001352,LORD000001480,2026-03-26 22:40:48,7.841,10^9/L,N,Final
LRES000001353,LORD000001481,2026-03-26 20:40:48,9.247,ng/L,N,Final
LRES000001354,LORD000001482,2026-01-02 15:46:51,4.627,mmol/L,N,Final
LRES000001355,LORD000001483,2026-01-26 09:54:43,1.152,mg/dL,N,Final
LRES000001356,LORD000001484,2026-01-26 07:54:43,6.584,10^9/L,N,Preliminary
LRES000001357,LORD000001485,2026-02-15 01:49:59,8.481,10^9/L,N,Preliminary
LRES000001358,LORD000001486,2026-02-15 03:49:59,5.607,10^9/L,N,Final
LRES000001359,LORD000001487,2026-01-02 05:23:04,14.071,g/dL,N,Final
LRES000001360,LORD000001488,2026-01-02 03:23:04,9.851,10^9/L,N,Final
LRES000001361,LORD000001489,2026-01-02 17:29:45,16.443,g/dL,N,Final
LRES000001362,LORD000001490,2026-04-24 20:04:49,378.456,10^9/L,N,Final
LRES000001363,LORD000001491,2026-04-25 05:04:49,3.079,mmol/L,L,Final
LRES000001364,LORD000001492,2026-05-15 12:45:06,0.864,mg/dL,N,Final
LRES000001365,LORD000001495,2026-03-18 17:55:26,4.293,mmol/L,N,Final
LRES000001366,LORD000001496,2026-03-18 13:55:26,10.048,10^9/L,N,Final
LRES000001367,LORD000001497,2026-05-01 03:09:37,-0.259,ng/L,L,Final
LRES000001368,LORD000001498,2026-05-01 11:09:37,139.679,mmol/L,N,Preliminary
LRES000001369,LORD000001499,2026-03-09 13:41:21,106.923,mg/dL,N,Final
LRES000001370,LORD000001500,2026-03-10 01:41:21,3.968,mmol/L,N,Preliminary
LRES000001371,LORD000001501,2026-05-21 13:07:31,4.189,mmol/L,N,Final
LRES000001372,LORD000001502,2026-01-30 11:48:58,91.25,10^9/L,L,Final
LRES000001373,LORD000001503,2026-03-01 07:39:12,17.352,g/dL,N,Final
LRES000001374,LORD000001504,2026-03-01 03:39:12,18.441,g/dL,H,Final
LRES000001375,LORD000001505,2026-05-07 10:16:55,1.369,mg/dL,H,Preliminary
LRES000001376,LORD000001506,2026-05-07 08:16:55,81.149,mg/dL,N,Preliminary
LRES000001377,LORD000001507,2026-04-15 02:48:42,1.374,ng/L,N,Final
LRES000001378,LORD000001509,2026-05-14 06:53:47,0.841,mg/dL,N,Final
LRES000001379,LORD000001510,2026-01-11 21:00:03,322.225,10^9/L,N,Final
LRES000001380,LORD000001511,2026-01-12 17:36:46,0.453,mg/dL,L,Preliminary
LRES000001381,LORD000001512,2026-03-13 23:54:32,5.231,mmol/L,H,Final
LRES000001382,LORD000001513,2026-03-15 01:54:32,0.639,mg/dL,N,Preliminary
LRES000001383,LORD000001514,2026-03-18 19:59:05,399.579,10^9/L,N,Final
LRES000001384,LORD000001515,2026-03-07 18:59:10,110.705,mg/dL,N,Final
LRES000001385,LORD000001516,2026-03-07 14:59:10,0.601,mg/dL,N,Final
LRES000001386,LORD000001517,2026-01-18 17:09:45,301.758,10^9/L,N,Final
LRES000001387,LORD000001518,2026-01-10 15:28:11,10.943,10^9/L,N,Preliminary
LRES000001388,LORD000001519,2026-04-01 00:01:52,4.173,ng/L,N,Final
LRES000001389,LORD000001520,2026-05-14 00:27:07,1.256,mg/dL,N,Final
LRES000001390,LORD000001521,2026-05-14 04:27:07,138.63,mmol/L,N,Preliminary
LRES000001391,LORD000001522,2026-03-15 01:41:47,3.86,mmol/L,N,Preliminary
LRES000001392,LORD000001523,2026-03-15 13:41:47,85.937,mg/dL,N,Final
LRES000001393,LORD000001524,2026-01-02 04:16:26,0.699,mg/dL,N,Preliminary
LRES000001394,LORD000001525,2026-01-02 08:16:26,202.607,10^9/L,N,Final
LRES000001395,LORD000001526,2026-03-28 12:15:10,15.457,g/dL,N,Preliminary
LRES000001396,LORD000001527,2026-03-29 10:15:10,3.821,mmol/L,N,Preliminary
LRES000001397,LORD000001528,2026-01-28 10:57:36,4.471,mmol/L,N,Final
LRES000001398,LORD000001529,2026-01-28 15:57:36,4.43,mmol/L,N,Preliminary
LRES000001399,LORD000001530,2026-02-20 10:40:13,133.741,10^9/L,L,Final
LRES000001400,LORD000001531,2026-03-29 13:13:16,17.596,g/dL,H,Final
LRES000001401,LORD000001532,2026-05-28 23:54:05,4.786,ng/L,N,Final
LRES000001402,LORD000001533,2026-05-29 00:54:05,128.062,10^9/L,L,Final
LRES000001403,LORD000001534,2026-04-02 02:05:38,15.734,ng/L,N,Final
LRES000001404,LORD_BAD,2026-04-01 18:05:38,4.814,mmol/L,N,Preliminary
LRES000001405,LORD000001536,2026-05-09 08:51:58,142.211,mmol/L,N,Final
LRES000001406,LORD000001537,2026-05-10 04:51:58,0.71,mg/dL,N,Final
LRES000001407,LORD000001538,2026-01-26 10:58:40,12.955,g/dL,N,Final
LRES000001408,LORD000001539,2026-01-27 02:58:40,1.152,mg/dL,N,Final
LRES000001409,LORD000001540,2026-01-09 01:55:44,7.33,10^9/L,N,Final
LRES000001410,LORD000001541,2026-03-15 11:13:32,38.212,mg/dL,L,Final
LRES000001411,LORD000001542,2026-03-15 13:13:32,268.176,10^9/L,N,Final
LRES000001412,LORD000001543,2026-02-28 00:54:13,4.467,mmol/L,N,Final
LRES000001413,LORD000001545,2026-05-06 16:03:05,6.754,ng/L,N,Preliminary
LRES000001414,LORD000001546,2026-01-29 16:44:25,138.151,mmol/L,N,Final
LRES000001415,LORD000001547,2026-03-31 06:33:53,100.855,mg/dL,N,Final
LRES000001416,LORD000001548,2026-03-30 14:33:53,-3.594,ng/L,L,Preliminary
LRES000001417,LORD000001549,2026-02-27 08:29:04,83.49,mg/dL,N,Final
LRES000001418,LORD000001550,2026-02-27 17:29:04,1.344,mg/dL,H,Preliminary
LRES000001419,LORD000001551,2026-01-08 11:20:43,10.087,10^9/L,N,Preliminary
LRES000001420,LORD000001552,2026-01-08 08:20:43,1.496,ng/L,N,Final
LRES000001421,LORD000001553,2026-01-08 17:08:55,4.029,mmol/L,N,Final
LRES000001422,LORD000001554,2026-01-08 09:08:55,9.525,10^9/L,N,Final
LRES000001423,LORD000001555,2026-01-21 01:13:12,15.514,g/dL,N,Preliminary
LRES000001424,LORD000001556,2026-01-21 16:13:12,2.479,ng/L,N,Final
LRES000001425,LORD000001557,2026-02-09 11:54:59,7.789,10^9/L,N,Preliminary
LRES000001426,LORD000001558,2026-02-09 10:54:59,3.938,mmol/L,N,Final
LRES000001427,LORD000001559,2026-03-25 18:24:00,281.758,10^9/L,N,Final
LRES000001428,LORD000001560,2026-03-24 21:24:00,13.201,ng/L,N,Final
LRES000001429,LORD000001562,2026-03-22 06:44:10,6.201,ng/L,N,Final
LRES000001430,LORD000001563,2026-03-22 02:44:10,144.742,mmol/L,N,Final
LRES000001431,LORD000001564,2026-05-06 00:50:21,8.433,10^9/L,N,Final
LRES000001432,LORD000001565,2026-04-18 18:49:11,342.289,10^9/L,N,Preliminary
LRES000001433,LORD000001566,2026-01-29 10:50:20,377.108,10^9/L,N,Final
LRES000001434,LORD000001567,2026-01-29 04:50:20,19.096,g/dL,H,Final
LRES000001435,LORD000001568,2026-03-10 18:23:39,133.957,mmol/L,L,Preliminary
LRES000001436,LORD000001569,2026-03-10 21:23:39,7.394,10^9/L,N,Preliminary
LRES000001437,LORD000001570,2026-01-25 13:10:29,4.718,mmol/L,N,Final
LRES000001438,LORD000001571,2026-01-26 06:10:29,1.055,mg/dL,N,Final
LRES000001439,LORD000001572,2026-03-20 17:48:29,15.621,g/dL,N,Final
LRES000001440,LORD000001573,2026-02-14 14:49:51,136.475,mmol/L,N,Final
LRES000001441,LORD000001574,2026-02-13 18:49:51,18.109,g/dL,H,Final
LRES000001442,LORD000001575,2026-03-05 07:17:03,20.904,ng/L,H,Preliminary
LRES000001443,LORD000001576,2026-02-01 22:43:10,0.811,mg/dL,N,Final
LRES000001444,LORD000001577,2026-02-01 20:43:10,1.284,mg/dL,N,Preliminary
LRES000001445,LORD000001578,2026-02-16 18:28:18,423.017,10^9/L,N,Final
LRES000001446,LORD000001579,2026-02-16 22:28:18,14.825,g/dL,N,Final
LRES000001447,LORD000001581,2026-04-13 09:35:59,1.063,mg/dL,N,Final
LRES000001448,LORD000001582,2026-01-30 09:38:00,0.933,mg/dL,N,Final
LRES000001449,LORD000001583,2026-01-30 08:38:00,270.46,10^9/L,N,Preliminary
LRES000001450,LORD000001584,2026-01-19 19:05:56,11.87,g/dL,L,Preliminary
LRES000001451,LORD000001586,2026-01-29 18:59:07,144.592,mmol/L,N,Final
LRES000001452,LORD000001587,2026-05-07 06:39:40,113.445,10^9/L,L,Final
LRES000001453,LORD000001588,2026-05-07 16:39:40,431.15,10^9/L,N,Final
LRES000001454,LORD000001589,2026-01-07 10:50:12,12.849,g/dL,N,Preliminary
LRES000001455,LORD000001591,2026-03-17 04:04:24,1.006,mg/dL,N,Final
LRES000001456,LORD000001592,2026-01-07 22:26:31,6.07,10^9/L,N,Final
LRES000001457,LORD000001593,2026-05-01 23:31:44,286.727,10^9/L,N,Final
LRES000001458,LORD000001594,2026-03-24 16:35:10,452.603,10^9/L,H,Final
LRES000001459,LORD000001595,2026-05-01 16:18:45,4.8,mmol/L,N,Final
LRES000001460,LORD000001597,2026-02-16 09:48:14,117.702,mg/dL,N,Final
LRES000001461,LORD000001598,2026-02-15 22:48:14,4.735,mmol/L,N,Final
LRES000001462,LORD000001599,2026-05-25 08:22:12,10.639,g/dL,L,Final
LRES000001463,LORD000001600,2026-05-25 06:22:12,344.093,10^9/L,N,Final
LRES000001464,LORD000001601,2026-05-24 00:15:55,0.751,mg/dL,N,Final
LRES000001465,LORD000001602,2026-05-23 20:15:55,139.596,mmol/L,N,Preliminary
LRES000001466,LORD000001603,2026-05-28 01:41:42,138.898,mmol/L,N,Final
LRES000001467,LORD000001604,2026-05-28 10:41:42,9.777,ng/L,N,Preliminary
LRES000001468,LORD000001606,2026-03-19 06:03:21,9.553,10^9/L,N,Final
LRES000001469,LORD000001607,2026-04-04 07:59:09,330.43,10^9/L,N,Preliminary
LRES000001470,LORD000001608,2026-04-03 17:59:09,15.815,ng/L,N,Final
LRES000001471,LORD000001609,2026-02-12 19:46:42,145.366,10^9/L,L,Final
LRES000001472,LORD000001610,2026-02-12 22:46:42,10.474,10^9/L,N,Final
LRES000001473,LORD000001611,2026-02-18 01:35:57,14.939,g/dL,N,Preliminary
LRES000001474,LORD000001612,2026-05-18 23:46:33,4.073,ng/L,N,Final
LRES000001475,LORD_BAD,2026-05-19 16:46:33,141.195,mmol/L,N,Final
LRES000001476,LORD000001614,2026-06-01 17:48:01,69.329,mg/dL,L,Final
LRES000001477,LORD000001615,2026-06-01 17:48:01,16.473,g/dL,N,Preliminary
LRES000001478,LORD000001616,2026-01-10 17:09:36,0.838,mg/dL,N,Preliminary
LRES000001479,LORD000001617,2026-04-17 15:46:34,10.517,10^9/L,N,Final
LRES000001480,LORD000001618,2026-04-18 04:46:34,195.441,10^9/L,N,Final
LRES000001481,LORD000001619,2026-05-28 17:53:49,4.466,mmol/L,N,Final
LRES000001482,LORD000001620,2026-05-28 02:05:26,357.517,10^9/L,N,Final
LRES000001483,LORD000001621,2026-01-23 17:43:34,9.009,ng/L,N,Preliminary
LRES000001484,LORD000001622,2026-01-23 21:43:34,3.518,ng/L,N,Final
LRES000001485,LORD000001623,2026-02-07 19:15:36,10.692,ng/L,N,Final
LRES000001486,LORD000001624,2026-02-07 12:15:36,12.82,g/dL,N,Final
LRES000001487,LORD000001625,2026-04-14 18:11:36,4.714,mmol/L,N,Preliminary
LRES000001488,LORD000001626,2026-05-19 14:05:25,7.791,10^9/L,N,Final
LRES000001489,LORD000001627,2026-05-19 05:05:25,293.117,10^9/L,N,Final
LRES000001490,LORD000001628,2026-02-04 14:41:58,14.454,g/dL,N,Final
LRES000001491,LORD000001629,2026-04-08 09:17:16,,mmol/L,N,Final
LRES000001492,LORD000001630,2026-04-08 06:17:16,19.0,ng/L,N,Preliminary
LRES000001493,LORD000001631,2026-03-03 18:22:13,99.623,mg/dL,N,Final
LRES000001494,LORD000001632,2026-03-03 13:22:13,0.639,mg/dL,N,Preliminary
LRES000001495,LORD000001634,2026-03-25 05:45:36,0.912,mg/dL,N,Final
LRES000001496,LORD000001635,2026-03-25 21:45:36,0.99,mg/dL,N,Final
LRES000001497,LORD000001636,2026-04-27 13:42:11,15.761,ng/L,N,Final
LRES000001498,LORD000001637,2026-03-02 06:58:44,75.065,mg/dL,N,Final
LRES000001499,LORD000001638,2026-02-20 03:08:58,7.686,10^9/L,N,Preliminary
LRES000001500,LORD000001639,2026-02-19 19:08:58,136.807,10^9/L,L,Final
LRES000001501,LORD000001640,2026-04-08 14:31:10,0.937,mg/dL,N,Final
LRES000001502,LORD000001641,2026-01-02 11:30:32,12.808,g/dL,N,Final
LRES000001503,LORD000001642,2026-01-02 19:30:32,0.807,mg/dL,N,Final
LRES000001504,LORD000001643,2026-03-10 20:23:46,9.436,ng/L,N,Final
LRES000001505,LORD000001644,2026-02-16 01:39:00,13.704,g/dL,N,Final
LRES000001506,LORD000001645,2026-04-15 10:24:40,3.85,mmol/L,N,Preliminary
LRES000001507,LORD000001646,2026-04-15 00:24:40,13.736,g/dL,N,Preliminary
LRES000001508,LORD000001647,2026-01-19 17:40:58,11.386,g/dL,L,Preliminary
LRES000001509,LORD000001648,2026-03-10 11:48:07,14.996,g/dL,N,Final
LRES000001510,LORD000001649,2026-01-16 08:29:49,4.66,mmol/L,N,Final
LRES000001511,LORD000001651,2026-02-25 19:26:15,128.512,mmol/L,L,Final
LRES000001512,LORD000001653,2026-01-18 11:19:13,92.005,mg/dL,N,Final
LRES000001513,LORD000001654,2026-01-18 06:19:13,1.355,mg/dL,H,Preliminary
LRES000001514,LORD000001655,2026-01-20 18:53:45,1.209,mg/dL,N,Final
LRES000001515,LORD000001656,2026-01-20 10:53:45,3.649,mmol/L,N,Preliminary
LRES000001516,LORD000001657,2026-04-20 22:10:45,10.958,10^9/L,N,Final
LRES000001517,LORD000001658,2026-04-20 21:10:45,14.61,ng/L,N,Final
LRES000001518,LORD000001659,2026-01-14 00:04:03,97.595,mg/dL,N,Preliminary
LRES000001519,LORD000001660,2026-02-19 11:16:15,144.763,mmol/L,N,Final
LRES000001520,LORD000001661,2026-02-19 00:16:15,7.95,ng/L,N,Final
LRES000001521,LORD000001662,2026-03-06 23:33:11,3.15,10^9/L,L,Final
LRES000001522,LORD000001663,2026-03-06 08:33:11,420.79,10^9/L,N,Preliminary
LRES000001523,LORD000001664,2026-02-26 15:01:07,5.03,mmol/L,N,Final
LRES000001524,LORD000001665,2026-02-26 10:01:07,94.288,mg/dL,N,Final
LRES000001525,LORD000001666,2026-03-29 02:45:50,3.947,mmol/L,N,Final
LRES000001526,LORD000001667,2026-04-10 15:33:17,16.626,ng/L,N,Final
LRES000001527,LORD000001668,2026-04-11 13:33:17,90.115,mg/dL,N,Preliminary
LRES000001528,LORD000001669,2026-02-01 05:17:59,0.949,mg/dL,N,Preliminary
LRES000001529,LORD000001670,2026-01-07 09:31:07,328.531,10^9/L,N,Final
LRES000001530,LORD000001671,2026-01-22 01:14:08,142.667,mmol/L,N,Final
LRES000001531,LORD000001673,2026-01-10 11:11:57,8.098,10^9/L,N,Preliminary
LRES000001532,LORD000001674,2026-02-01 14:43:25,126.789,mg/dL,N,Final
LRES000001533,LORD000001675,2026-02-09 11:33:21,155.702,10^9/L,N,Final
LRES000001534,LORD000001676,2026-02-10 10:33:21,-6.035,ng/L,L,Final
LRES000001535,LORD000001677,2026-01-06 07:23:22,14.941,g/dL,N,Final
LRES000001536,LORD000001678,2026-01-20 02:44:14,145.444,mmol/L,H,Preliminary
LRES000001537,LORD000001679,2026-02-27 05:42:28,5.573,ng/L,N,Preliminary
LRES000001538,LORD000001680,2026-02-27 06:42:28,22.629,ng/L,H,Final
LRES000001539,LORD000001681,2026-03-18 12:34:06,-4.025,ng/L,L,Preliminary
LRES000001540,LORD000001682,2026-03-18 12:34:06,132.09,mmol/L,L,Preliminary
LRES000001541,LORD000001684,2026-05-28 21:06:52,80.147,mg/dL,N,Final
LRES000001542,LORD000001685,2026-05-18 19:51:47,372.647,10^9/L,N,Final
LRES000001543,LORD000001686,2026-05-26 19:39:39,136.064,mmol/L,N,Preliminary
LRES000001544,LORD000001687,2026-05-27 02:39:39,7.028,10^9/L,N,Preliminary
LRES000001545,LORD000001688,2026-01-06 23:59:56,14.301,g/dL,N,Final
LRES000001546,LORD000001689,2026-01-05 22:59:56,135.623,mmol/L,N,Final
LRES000001547,LORD000001690,2026-05-30 21:53:16,302.647,10^9/L,N,Preliminary
LRES000001548,LORD000001691,2026-05-08 02:13:05,80.198,mg/dL,N,Final
LRES000001549,LORD000001692,2026-03-14 13:23:54,0.315,ng/L,N,Final
LRES000001550,LORD000001693,2026-03-14 21:23:54,7.541,10^9/L,N,Preliminary
LRES000001551,LORD000001694,2026-03-12 01:08:35,1.245,mg/dL,N,Final
LRES000001552,LORD000001695,2026-01-04 09:23:38,136.968,mg/dL,N,Final
LRES000001553,LORD000001696,2026-01-04 18:23:38,18.354,ng/L,N,Preliminary
LRES000001554,LORD000001697,2026-01-03 01:56:53,138.072,mmol/L,N,Final
LRES000001555,LORD000001698,2026-01-14 10:12:18,5.11,mmol/L,N,Final
LRES000001556,LORD000001700,2026-05-06 22:36:32,5.07,10^9/L,N,Final
LRES000001557,LORD000001701,2026-01-21 16:40:23,238.692,10^9/L,N,Final
LRES000001558,LORD000001702,2026-01-21 20:40:23,13.763,g/dL,N,Preliminary
LRES000001559,LORD000001704,2026-03-18 03:51:52,16.36,g/dL,N,Final
LRES000001560,LORD000001705,2026-03-18 03:51:52,4.344,mmol/L,N,Preliminary
LRES000001561,LORD000001706,2026-05-04 14:15:51,64.623,mg/dL,L,Final
LRES000001562,LORD000001707,2026-02-09 20:12:39,9.31,ng/L,N,Final
LRES000001563,LORD000001708,2026-05-23 00:41:53,76.86,mg/dL,N,Final
LRES000001564,LORD000001709,2026-05-22 08:41:53,138.423,mmol/L,N,Final
LRES000001565,LORD000001710,2026-03-27 02:29:49,1.293,mg/dL,N,Final
LRES000001566,LORD000001711,2026-03-26 19:54:17,1.203,mg/dL,N,Final
LRES000001567,LORD000001712,2026-03-26 16:54:17,496.037,10^9/L,H,Final
LRES000001568,LORD000001713,2026-03-20 12:55:17,11.681,ng/L,N,Final
LRES000001569,LORD000001714,2026-01-15 14:51:00,15.596,ng/L,N,Final
LRES000001570,LORD000001715,2026-02-06 01:05:39,4.675,mmol/L,N,Final
LRES000001571,LORD000001717,2026-01-23 01:00:16,96.367,mg/dL,N,Preliminary
LRES000001572,LORD000001718,2026-05-05 04:31:36,1.323,mg/dL,H,Preliminary
LRES000001573,LORD000001719,2026-05-04 13:31:36,9.798,ng/L,N,Preliminary
LRES000001574,LORD000001721,2026-03-26 11:24:55,4.66,mmol/L,N,Final
LRES000001575,LORD000001722,2026-03-25 15:24:55,93.616,mg/dL,N,Preliminary
LRES000001576,LORD000001723,2026-04-05 03:42:04,-7.369,ng/L,L,Preliminary
LRES000001577,LORD000001724,2026-04-05 21:42:04,83.685,mg/dL,N,Preliminary
LRES000001578,LORD000001725,2026-01-17 01:33:32,139.74,mmol/L,N,Final
LRES000001579,LORD000001726,2026-01-12 07:01:07,141.377,mmol/L,N,Final
LRES000001580,LORD000001727,2026-01-12 06:01:07,393.627,10^9/L,N,Final
LRES000001581,LORD000001728,2026-01-03 02:55:07,0.752,mg/dL,N,Final
LRES000001582,LORD000001729,2026-01-03 17:55:07,526.376,10^9/L,H,Final
LRES000001583,LORD000001730,2026-03-07 07:19:54,111.84,mg/dL,N,Preliminary
LRES000001584,LORD000001731,2026-03-06 20:19:54,115.416,mg/dL,N,Final
LRES000001585,LORD000001732,2026-03-27 14:48:41,13.781,g/dL,N,Final
LRES000001586,LORD000001734,2026-03-06 13:55:40,0.92,mg/dL,N,Final
LRES000001587,LORD000001735,2026-01-10 13:01:27,4.18,mmol/L,N,Final
LRES000001588,LORD000001736,2026-03-03 07:11:13,143.1,mmol/L,N,Final
LRES000001589,LORD000001737,2026-04-11 15:43:33,135.229,mg/dL,N,Preliminary
LRES000001590,LORD000001738,2026-01-10 04:33:59,447.7,10^9/L,N,Preliminary
LRES000001591,LORD000001739,2026-02-17 15:58:39,371.837,10^9/L,N,Final
LRES000001592,LORD000001740,2026-02-17 21:58:39,4.006,mmol/L,N,Final
LRES000001593,LORD000001741,2026-01-31 15:40:00,10.023,ng/L,N,Final
LRES000001594,LORD000001742,2026-02-11 18:08:47,231.081,10^9/L,N,Preliminary
LRES000001595,LORD000001743,2026-02-11 15:08:47,141.056,mmol/L,N,Preliminary
LRES000001596,LORD000001744,2026-05-31 11:50:38,365.121,10^9/L,N,Preliminary
LRES000001597,LORD000001745,2026-05-23 07:54:31,331.024,10^9/L,N,Preliminary
LRES000001598,LORD000001746,2026-05-22 23:54:31,14.119,g/dL,N,Final
LRES000001599,LORD000001747,2026-04-08 16:59:10,2.793,10^9/L,L,Preliminary
LRES000001600,LORD000001748,2026-04-07 12:59:10,13.469,g/dL,N,Final
LRES000001601,LORD000001749,2026-04-24 15:00:09,259.266,10^9/L,N,Final
LRES000001602,LORD000001750,2026-03-13 07:24:11,1.107,mg/dL,N,Final
LRES000001603,LORD000001751,2026-04-07 17:59:54,91.054,mg/dL,N,Final
LRES000001604,LORD000001752,2026-04-07 13:59:54,8.213,ng/L,N,Final
LRES000001605,LORD000001753,2026-02-26 07:19:16,137.716,mmol/L,N,Final
LRES000001606,LORD000001754,2026-02-26 06:19:16,142.552,mmol/L,N,Preliminary
LRES000001607,LORD000001755,2026-04-25 23:06:09,85.035,mg/dL,N,Preliminary
LRES000001608,LORD000001756,2026-04-26 07:06:09,35.422,mg/dL,L,Preliminary
LRES000001609,LORD000001757,2026-01-20 21:22:27,6.042,10^9/L,N,Final
LRES000001610,LORD000001758,2026-04-07 19:31:17,204.157,10^9/L,N,Preliminary
LRES000001611,LORD000001759,2026-04-07 23:31:17,4.469,mmol/L,N,Preliminary
LRES000001612,LORD000001760,2026-05-08 09:16:49,324.411,10^9/L,N,Preliminary
LRES000001613,LORD000001761,2026-05-08 08:16:49,126.685,mg/dL,N,Final
LRES000001614,LORD000001762,2026-04-12 22:56:45,4.052,ng/L,N,Preliminary
LRES000001615,LORD000001763,2026-04-12 21:56:45,17.137,g/dL,N,Final
LRES000001616,LORD000001764,2026-03-15 21:24:29,22.985,ng/L,H,Preliminary
LRES000001617,LORD000001765,2026-03-16 11:24:29,1.217,mg/dL,N,Final
LRES000001618,LORD000001766,2026-03-19 20:43:45,15.484,ng/L,N,Final
LRES000001619,LORD000001767,2026-05-27 12:09:27,506.796,10^9/L,H,Final
LRES000001620,LORD000001768,2026-03-26 12:50:25,6.381,10^9/L,N,Final
LRES000001621,LORD000001769,2026-03-27 04:50:25,140.753,mmol/L,N,Final
LRES000001622,LORD000001770,2026-05-20 10:49:14,73.63,mg/dL,N,Final
LRES000001623,LORD000001771,2026-02-08 02:05:56,4.298,mmol/L,N,Preliminary
LRES000001624,LORD000001772,2026-02-07 21:05:56,16.08,g/dL,N,Final
LRES000001625,LORD000001773,2026-01-30 03:48:55,3.276,mmol/L,L,Preliminary
LRES000001626,LORD000001774,2026-01-30 05:48:55,6.634,10^9/L,N,Preliminary
LRES000001627,LORD000001775,2026-04-22 17:19:30,13.488,g/dL,N,Final
LRES000001628,LORD000001776,2026-04-23 06:19:30,146.588,mmol/L,H,Final
LRES000001629,LORD000001779,2026-02-28 17:30:22,145.844,mmol/L,H,Preliminary
LRES000001630,LORD000001780,2026-05-02 08:29:54,4.854,mmol/L,N,Final
LRES000001631,LORD000001781,2026-05-01 13:29:54,4.029,10^9/L,N,Preliminary
LRES000001632,LORD000001782,2026-03-15 11:27:44,9.65,10^9/L,N,Preliminary
LRES000001633,LORD000001783,2026-04-17 04:37:25,110.474,mg/dL,N,Preliminary
LRES000001634,LORD000001784,2026-01-19 23:40:27,4.721,mmol/L,N,Final
LRES000001635,LORD000001786,2026-01-12 09:44:45,18.173,ng/L,N,Final
LRES000001636,LORD000001787,2026-01-11 22:44:45,285.15,10^9/L,N,Preliminary
LRES000001637,LORD000001788,2026-04-01 07:37:47,14.504,g/dL,N,Preliminary
LRES000001638,LORD000001789,2026-03-31 21:37:47,136.011,mg/dL,N,Final
LRES000001639,LORD000001790,2026-04-29 14:58:05,117.901,mg/dL,N,Preliminary
LRES000001640,LORD000001791,2026-04-04 20:48:22,6.124,10^9/L,N,Final
LRES000001641,LORD000001792,2026-03-05 13:20:20,1.199,mg/dL,N,Final
LRES000001642,LORD000001793,2026-03-05 11:20:20,142.753,mmol/L,N,Final
LRES000001643,LORD000001794,2026-03-25 12:29:29,4.305,10^9/L,N,Preliminary
LRES000001644,LORD000001795,2026-05-29 17:40:47,0.398,ng/L,N,Final
LRES000001645,LORD000001796,2026-01-27 21:06:05,19.754,g/dL,H,Final
LRES000001646,LORD000001797,2026-05-16 20:26:04,9.969,ng/L,N,Preliminary
LRES000001647,LORD000001798,2026-05-17 01:26:04,4.345,mmol/L,N,Final
LRES000001648,LORD000001799,2026-03-25 10:25:05,4.907,mmol/L,N,Preliminary
LRES000001649,LORD000001800,2026-01-24 12:32:15,1.02,mg/dL,N,Final
LRES000001650,LORD000001801,2026-01-24 13:32:15,3.432,mmol/L,L,Final
LRES000001651,LORD000001802,2026-02-17 18:45:49,7.819,10^9/L,N,Final
LRES000001652,LORD000001803,2026-02-17 05:45:49,61.675,mg/dL,L,Final
LRES000001653,LORD000001804,2026-05-25 04:12:44,5.224,mmol/L,H,Final
LRES000001654,LORD000001805,2026-05-25 09:12:44,1.63,ng/L,N,Final
LRES000001655,LORD000001806,2026-02-12 03:04:03,4.201,mmol/L,N,Final
LRES000001656,LORD000001807,2026-02-12 04:04:03,133.945,mmol/L,L,Preliminary
LRES000001657,LORD000001808,2026-01-01 23:27:52,133.309,mmol/L,L,Final
LRES000001658,LORD000001809,2026-01-01 16:27:52,5.173,ng/L,N,Preliminary
LRES000001659,LORD000001810,2026-04-24 14:23:50,1.176,mg/dL,N,Preliminary
LRES000001660,LORD000001811,2026-01-24 18:05:41,219.468,10^9/L,N,Final
LRES000001661,LORD000001812,2026-01-31 00:59:30,0.941,mg/dL,N,Final
LRES000001662,LORD000001813,2026-01-31 12:59:30,6.875,ng/L,N,Final
LRES000001663,LORD000001815,2026-02-10 07:06:53,138.3,mmol/L,N,Preliminary
LRES000001664,LORD000001816,2026-02-26 10:16:09,11.775,g/dL,L,Final
LRES000001665,LORD000001817,2026-02-26 13:16:09,15.473,g/dL,N,Final
LRES000001666,LORD000001818,2026-04-25 16:22:35,145.003,mmol/L,H,Preliminary
LRES000001667,LORD000001819,2026-02-23 07:30:23,132.915,mg/dL,N,Final
LRES000001668,LORD000001820,2026-04-08 20:04:51,3.774,mmol/L,N,Final
LRES000001669,LORD000001821,2026-04-08 20:04:51,13.588,g/dL,N,Preliminary
LRES000001670,LORD000001822,2026-04-15 19:02:44,15.417,g/dL,N,Final
LRES000001671,LORD000001823,2026-05-01 07:40:21,405.659,10^9/L,N,Preliminary
LRES000001672,LORD000001824,2026-04-22 03:02:01,16.514,g/dL,N,Preliminary
LRES000001673,LORD000001826,2026-01-17 15:16:34,0.689,mg/dL,N,Preliminary
LRES000001674,LORD000001827,2026-03-09 03:40:02,139.619,mmol/L,N,Final
LRES000001675,LORD000001829,2026-02-03 19:34:14,144.572,mmol/L,N,Final
LRES000001676,LORD000001830,2026-02-04 16:34:14,0.597,mg/dL,L,Final
LRES000001677,LORD000001831,2026-02-06 13:17:29,332.413,10^9/L,N,Final
LRES000001678,LORD000001832,2026-05-17 16:28:12,139.403,mmol/L,N,Final
LRES000001679,LORD000001833,2026-01-17 06:15:53,274.624,10^9/L,N,Final
LRES000001680,LORD000001834,2026-05-14 07:47:46,145.393,mmol/L,H,Final
LRES000001681,LORD000001835,2026-04-11 05:32:06,7.612,10^9/L,N,Final
LRES000001682,LORD000001836,2026-04-10 11:32:06,135.971,mmol/L,N,Preliminary
LRES000001683,LORD000001837,2026-04-21 01:24:39,0.792,mg/dL,N,Preliminary
LRES000001684,LORD000001838,2026-04-23 16:39:48,3.577,10^9/L,L,Final
LRES000001685,LORD000001839,2026-04-23 17:39:48,139.403,mmol/L,N,Final
LRES000001686,LORD000001840,2026-02-18 15:46:13,123.175,mg/dL,N,Final
LRES000001687,LORD000001841,2026-02-19 03:48:19,258.813,10^9/L,N,Final
LRES000001688,LORD000001842,2026-02-19 16:48:19,110.839,mg/dL,N,Preliminary
LRES000001689,LORD000001843,2026-01-29 22:31:29,3.878,mmol/L,N,Final
LRES000001690,LORD000001844,2026-04-21 19:57:12,138.07,mmol/L,N,Final
LRES000001691,LORD000001845,2026-04-21 15:57:12,371.807,10^9/L,N,Final
LRES000001692,LORD000001848,2026-01-14 00:08:37,140.291,mmol/L,N,Preliminary
LRES000001693,LORD000001849,2026-01-13 16:08:37,22.387,ng/L,H,Final
LRES000001694,LORD000001850,2026-02-03 02:26:24,106.243,mg/dL,N,Final
LRES000001695,LORD000001851,2026-03-08 19:01:08,313.573,10^9/L,N,Final
LRES000001696,LORD000001852,2026-02-11 01:57:38,8.873,10^9/L,N,Preliminary
LRES000001697,LORD000001853,2026-02-10 02:57:38,4.157,ng/L,N,Final
LRES000001698,LORD000001854,2026-01-30 19:53:41,0.95,mg/dL,N,Final
LRES000001699,LORD000001856,2026-01-23 01:11:52,141.736,mmol/L,N,Final
LRES000001700,LORD000001857,2026-01-23 10:11:52,9.512,10^9/L,N,Final
LRES000001701,LORD000001858,2026-05-16 05:44:14,8.484,10^9/L,N,Preliminary
LRES000001702,LORD000001859,2026-05-16 14:44:14,4.518,mmol/L,N,Final
LRES000001703,LORD000001861,2026-05-18 09:21:28,6.521,10^9/L,N,Final
LRES000001704,LORD000001862,2026-05-16 21:08:28,17.052,g/dL,N,Final
LRES000001705,LORD000001864,2026-03-10 13:55:13,78.432,mg/dL,N,Final
LRES000001706,LORD000001866,2026-01-29 12:16:56,100.921,mg/dL,N,Final
LRES000001707,LORD000001867,2026-01-16 12:55:46,12.548,10^9/L,H,Preliminary
LRES000001708,LORD000001868,2026-01-16 17:55:46,143.799,mmol/L,N,Final
LRES000001709,LORD000001869,2026-04-18 13:46:39,5.064,10^9/L,N,Final
LRES000001710,LORD000001870,2026-05-20 22:20:44,13.723,g/dL,N,Final
LRES000001711,LORD000001871,2026-01-30 19:01:58,91.222,mg/dL,N,Final
LRES000001712,LORD000001872,2026-02-04 14:08:03,143.981,mmol/L,N,Final
LRES000001713,LORD000001873,2026-03-07 15:15:29,2.996,ng/L,N,Final
LRES000001714,LORD000001874,2026-05-27 16:39:59,15.696,g/dL,N,Final
LRES000001715,LORD000001875,2026-05-27 14:39:59,116.086,mg/dL,N,Preliminary
LRES000001716,LORD000001876,2026-05-28 09:34:30,3.38,mmol/L,L,Final
LRES000001717,LORD000001878,2026-05-27 16:56:39,142.868,mmol/L,N,Preliminary
LRES000001718,LORD000001879,2026-05-27 17:56:39,13.437,g/dL,N,Final
LRES000001719,LORD000001880,2026-03-29 00:06:24,140.879,mmol/L,N,Final
LRES000001720,LORD000001882,2026-06-01 00:37:29,341.408,10^9/L,N,Final
LRES000001721,LORD000001883,2026-06-01 00:37:29,9.234,ng/L,N,Final
LRES000001722,LORD000001884,2026-05-29 06:20:10,5.451,ng/L,N,Preliminary
LRES000001723,LORD000001885,2026-05-29 04:20:10,283.261,10^9/L,N,Final
LRES000001724,LORD000001886,2026-03-30 06:48:46,16.736,ng/L,N,Final
LRES000001725,LORD000001887,2026-03-30 14:48:46,3.472,10^9/L,L,Final
LRES000001726,LORD000001890,2026-02-18 14:09:47,8.664,10^9/L,N,Final
LRES000001727,LORD000001891,2026-03-13 13:16:34,133.182,mmol/L,L,Final
LRES000001728,LORD000001892,2026-03-13 12:16:34,0.54,mg/dL,L,Preliminary
LRES000001729,LORD000001893,2026-03-21 14:27:18,13.594,g/dL,N,Final
LRES000001730,LORD000001894,2026-02-11 16:39:21,14.489,ng/L,N,Final
LRES000001731,LORD000001895,2026-02-11 21:39:21,325.162,10^9/L,N,Final
LRES000001732,LORD000001896,2026-04-16 16:57:28,84.284,mg/dL,N,Final
LRES000001733,LORD000001897,2026-05-31 12:08:58,134.523,mg/dL,N,Final
LRES000001734,LORD000001898,2026-05-30 14:08:58,1.024,mg/dL,N,Preliminary
LRES000001735,LORD000001899,2026-04-15 13:06:06,103.219,mg/dL,N,Final
LRES000001736,LORD000001900,2026-02-17 15:59:32,142.533,mmol/L,N,Preliminary
LRES000001737,LORD000001901,2026-03-03 09:29:40,3.16,ng/L,N,Final
LRES000001738,LORD000001902,2026-04-05 13:40:35,5.416,ng/L,N,Final
LRES000001739,LORD000001903,2026-05-13 08:35:36,2.64,ng/L,N,Final
LRES000001740,LORD000001904,2026-03-27 21:05:59,143.13,mmol/L,N,Preliminary
LRES000001741,LORD000001906,2026-05-13 14:16:15,0.65,mg/dL,N,Final
LRES000001742,LORD000001907,2026-02-09 16:23:39,17.057,g/dL,N,Final
LRES000001743,LORD000001909,2026-03-01 08:16:47,302.852,10^9/L,N,Final
LRES000001744,LORD000001911,2026-02-05 02:19:02,15.165,ng/L,N,Preliminary
LRES000001745,LORD000001912,2026-01-05 05:43:32,136.045,mmol/L,N,Final
LRES000001746,LORD000001913,2026-03-05 07:42:59,5.622,ng/L,N,Final
LRES000001747,LORD000001914,2026-03-05 13:42:59,95.509,mg/dL,N,Final
LRES000001748,LORD000001915,2026-02-24 07:18:00,255.859,10^9/L,N,Final
LRES000001749,LORD000001916,2026-02-24 13:18:00,1.016,mg/dL,N,Preliminary
LRES000001750,LORD000001917,2026-03-07 18:15:13,,ng/L,N,Preliminary
LRES000001751,LORD000001918,2026-03-07 12:15:13,5.194,mmol/L,N,Final
LRES000001752,LORD000001919,2026-03-03 14:28:30,112.604,mg/dL,N,Final
LRES000001753,LORD000001920,2026-03-03 09:28:30,230.169,10^9/L,N,Final
LRES000001754,LORD000001922,2026-05-29 15:19:43,19.443,ng/L,H,Final
LRES000001755,LORD000001923,2026-01-20 11:55:53,4.883,mmol/L,N,Preliminary
LRES000001756,LORD000001924,2026-05-19 21:55:46,4.466,mmol/L,N,Preliminary
LRES000001757,LORD000001925,2026-05-27 03:51:51,0.933,mg/dL,N,Final
LRES000001758,LORD000001926,2026-05-26 13:51:51,0.589,mg/dL,L,Final
LRES000001759,LORD000001927,2026-03-23 11:31:59,120.824,mg/dL,N,Final
LRES000001760,LORD000001928,2026-03-09 09:04:35,94.958,mg/dL,N,Final
LRES000001761,LORD000001929,2026-03-09 07:04:35,0.726,mg/dL,N,Preliminary
LRES000001762,LORD000001930,2026-02-02 04:36:04,104.995,mg/dL,N,Final
LRES000001763,LORD000001931,2026-03-20 15:16:09,0.793,mg/dL,N,Final
LRES000001764,LORD000001932,2026-05-24 08:46:26,4.879,ng/L,N,Preliminary
LRES000001765,LORD000001933,2026-02-01 10:00:33,5.953,ng/L,N,Final
LRES000001766,LORD000001934,2026-02-01 04:00:33,3.747,mmol/L,N,Final
LRES000001767,LORD000001936,2026-03-21 10:27:05,124.727,mg/dL,N,Final
LRES000001768,LORD000001937,2026-03-21 13:27:05,13.332,g/dL,N,Final
LRES000001769,LORD000001938,2026-02-14 15:54:48,1.123,mg/dL,N,Preliminary
LRES000001770,LORD000001939,2026-02-15 09:54:48,136.817,mmol/L,N,Final
LRES000001771,LORD000001940,2026-01-24 21:49:04,7.276,ng/L,N,Final
LRES000001772,LORD000001941,2026-01-25 13:49:04,135.548,mmol/L,N,Final
LRES000001773,LORD000001942,2026-04-09 21:44:05,4.406,mmol/L,N,Preliminary
LRES000001774,LORD000001943,2026-05-01 13:57:45,16.118,g/dL,N,Final
LRES000001775,LORD000001944,2026-04-10 21:46:52,12.242,10^9/L,H,Final
LRES000001776,LORD000001945,2026-04-11 02:46:52,15.464,ng/L,N,Preliminary
LRES000001777,LORD000001946,2026-04-30 17:47:24,17.341,g/dL,N,Final
LRES000001778,LORD000001947,2026-04-30 19:47:24,57.885,10^9/L,L,Final
LRES000001779,LORD000001948,2026-01-27 14:28:12,0.658,ng/L,N,Preliminary
LRES000001780,LORD000001949,2026-05-12 01:14:55,241.957,10^9/L,N,Final
LRES000001781,LORD000001950,2026-05-13 00:14:55,10.155,ng/L,N,Final
LRES000001782,LORD000001952,2026-04-10 17:15:41,7.441,10^9/L,N,Final
LRES000001783,LORD000001953,2026-01-13 22:48:30,4.221,mmol/L,N,Final
LRES000001784,LORD000001954,2026-01-13 15:48:30,1.695,ng/L,N,Final
LRES000001785,LORD000001955,2026-05-25 09:43:48,9.244,ng/L,N,Final
LRES000001786,LORD000001956,2026-05-21 01:49:52,4.729,mmol/L,N,Preliminary
LRES000001787,LORD000001957,2026-05-09 11:55:15,103.665,mg/dL,N,Final
LRES000001788,LORD000001958,2026-05-09 20:55:15,11.83,10^9/L,H,Preliminary
LRES000001789,LORD000001959,2026-04-15 13:49:29,7.77,10^9/L,N,Preliminary
LRES000001790,LORD000001960,2026-04-15 09:49:29,4.239,mmol/L,N,Final
LRES000001791,LORD000001961,2026-01-13 12:15:51,135.326,mmol/L,N,Final
LRES000001792,LORD000001962,2026-01-11 08:36:06,1.014,mg/dL,N,Final
LRES000001793,LORD000001963,2026-03-20 19:25:27,138.064,mmol/L,N,Preliminary
LRES000001794,LORD000001964,2026-03-20 21:25:27,0.518,mg/dL,L,Final
LRES000001795,LORD000001966,2026-01-23 00:37:33,1.167,mg/dL,N,Preliminary
LRES000001796,LORD000001967,2026-03-02 12:47:47,11.572,g/dL,L,Final
LRES000001797,LORD000001968,2026-03-02 08:47:47,3.95,mmol/L,N,Final
LRES000001798,LORD000001969,2026-01-04 21:28:49,142.776,mmol/L,N,Final
LRES000001799,LORD000001970,2026-01-19 11:04:00,138.313,mmol/L,N,Final
LRES000001800,LORD000001971,2026-01-19 08:04:00,3.963,mmol/L,N,Final
LRES000001801,LORD000001972,2026-05-27 20:24:55,12.315,ng/L,N,Final
LRES000001802,LORD000001973,2026-05-27 03:24:55,142.954,mmol/L,N,Preliminary
LRES000001803,LORD000001974,2026-04-02 23:56:21,1.198,mg/dL,N,Final
LRES000001804,LORD000001975,2026-04-02 08:56:21,187.522,10^9/L,N,Final
LRES000001805,LORD000001976,2026-02-01 03:14:58,10.291,10^9/L,N,Final
LRES000001806,LORD000001977,2026-02-08 21:00:28,5.0,mmol/L,N,Final
LRES000001807,LORD000001978,2026-02-08 20:00:28,0.737,mg/dL,N,Final
LRES000001808,LORD000001979,2026-04-01 23:48:19,7.621,10^9/L,N,Final
LRES000001809,LORD000001980,2026-02-28 04:58:54,5.822,10^9/L,N,Final
LRES000001810,LORD000001981,2026-01-11 06:21:01,6.505,10^9/L,N,Final
LRES000001811,LORD000001982,2026-01-10 22:21:01,11.78,ng/L,N,Final
LRES000001812,LORD000001983,2026-01-14 17:38:11,8.019,ng/L,N,Preliminary
LRES000001813,LORD000001984,2026-01-14 14:38:11,0.793,mg/dL,N,Preliminary
LRES000001814,LORD000001985,2026-03-10 20:08:35,88.286,mg/dL,N,Final
LRES000001815,LORD000001986,2026-03-10 18:08:35,135.873,mmol/L,N,Final
LRES000001816,LORD000001987,2026-05-30 20:35:38,6.917,ng/L,N,Final
LRES000001817,LORD000001988,2026-05-30 11:35:38,288.377,10^9/L,N,Final
LRES000001818,LORD000001989,2026-03-05 14:38:28,3.936,mmol/L,N,Preliminary
LRES000001819,LORD000001990,2026-03-06 08:38:28,0.712,mg/dL,N,Preliminary
LRES000001820,LORD000001991,2026-05-11 23:59:18,4.385,mmol/L,N,Final
LRES000001821,LORD000001992,2026-02-07 20:35:53,140.959,mmol/L,N,Preliminary
LRES000001822,LORD000001993,2026-02-07 19:35:53,15.695,g/dL,N,Preliminary
LRES000001823,LORD000001994,2026-02-28 11:27:46,0.561,mg/dL,L,Final
LRES000001824,LORD000001996,2026-01-21 20:19:52,137.915,mmol/L,N,Preliminary
LRES000001825,LORD000001997,2026-03-02 23:55:40,1.22,mg/dL,N,Final
LRES000001826,LORD000001998,2026-03-18 05:05:33,142.856,mmol/L,N,Final
LRES000001827,LORD000002000,2026-03-29 23:34:34,15.546,g/dL,N,Final
LRES000001828,LORD000002001,2026-02-10 12:05:24,7.925,10^9/L,N,Final
LRES000001829,LORD000002002,2026-02-09 23:05:24,-2.5,ng/L,L,Final
LRES000001830,LORD000002004,2026-03-07 03:27:15,9.558,10^9/L,N,Final
LRES000001831,LORD000002005,2026-05-30 01:33:01,4.847,ng/L,N,Final
LRES000001832,LORD000002006,2026-02-23 19:58:15,401.418,10^9/L,N,Final
LRES000001833,LORD000002007,2026-02-23 15:58:15,6.411,10^9/L,N,Final
LRES000001834,LORD000002008,2026-03-07 06:32:25,141.141,mmol/L,N,Final
LRES000001835,LORD000002009,2026-03-07 19:32:25,46.919,mg/dL,L,Final
LRES000001836,LORD000002010,2026-03-13 01:43:22,13.606,ng/L,N,Preliminary
LRES000001837,LORD000002011,2026-05-13 01:59:23,3.772,ng/L,N,Final
LRES000001838,LORD000002012,2026-02-18 16:12:16,68.492,mg/dL,L,Final
LRES000001839,LORD000002013,2026-02-18 09:12:16,0.896,mg/dL,N,Final
LRES000001840,LORD000002014,2026-02-23 20:32:48,14.433,ng/L,N,Final
LRES000001841,LORD000002015,2026-03-01 22:23:16,4.7,mmol/L,N,Preliminary
LRES000001842,LORD000002016,2026-03-02 16:23:16,7.202,10^9/L,N,Final
LRES000001843,LORD000002017,2026-04-05 08:29:44,379.01,10^9/L,N,Final
LRES000001844,LORD000002019,2026-04-12 14:03:19,0.808,mg/dL,N,Preliminary
LRES000001845,LORD000002020,2026-04-12 17:03:19,0.707,mg/dL,N,Final
LRES000001846,LORD000002021,2026-02-16 03:47:41,4.474,mmol/L,N,Final
LRES000001847,LORD000002023,2026-01-13 14:34:58,3.604,ng/L,N,Final
LRES000001848,LORD000002025,2026-03-05 08:38:17,14.737,g/dL,N,Final
LRES000001849,LORD000002026,2026-03-04 18:38:17,118.031,10^9/L,L,Preliminary
LRES000001850,LORD000002027,2026-04-25 12:16:58,3.835,mmol/L,N,Final
LRES000001851,LORD000002028,2026-04-25 17:16:58,139.196,mmol/L,N,Final
LRES000001852,LORD000002029,2026-04-17 16:06:02,135.022,mmol/L,N,Preliminary
LRES000001853,LORD000002030,2026-04-17 00:06:02,58.84,10^9/L,L,Final
LRES000001854,LORD000002031,2026-05-11 08:31:57,0.884,mg/dL,N,Final
LRES000001855,LORD000002032,2026-05-11 13:31:57,3.746,mmol/L,N,Preliminary
LRES000001856,LORD000002033,2026-02-18 16:36:58,4.744,mmol/L,N,Final
LRES000001857,LORD000002034,2026-02-18 08:36:58,16.449,g/dL,N,Final
LRES000001858,LORD000002035,2026-02-26 17:42:18,139.944,mmol/L,N,Preliminary
LRES000001859,LORD000002036,2026-03-21 05:12:57,4.388,mmol/L,N,Final
LRES000001860,LORD000002037,2026-03-21 08:12:57,3.601,mmol/L,N,Final
LRES000001861,LORD000002038,2026-01-22 22:24:25,4.915,10^9/L,N,Final
LRES000001862,LORD000002039,2026-01-22 07:24:25,142.843,mg/dL,H,Final
LRES000001863,LORD000002040,2026-04-30 04:38:40,180.273,10^9/L,N,Final
LRES000001864,LORD000002041,2026-05-14 05:08:01,6.088,10^9/L,N,Preliminary
LRES000001865,LORD000002042,2026-03-12 07:58:23,97.287,mg/dL,N,Final
LRES000001866,LORD000002043,2026-03-12 23:58:23,0.639,mg/dL,N,Preliminary
LRES000001867,LORD000002044,2026-03-12 16:00:37,12.516,g/dL,N,Final
LRES000001868,LORD000002045,2026-04-16 01:10:42,15.886,g/dL,N,Final
LRES000001869,LORD000002046,2026-03-02 14:41:15,1.647,ng/L,N,Final
LRES000001870,LORD000002047,2026-01-17 23:14:23,1.312,mg/dL,H,Final
LRES000001871,LORD000002048,2026-04-21 09:53:16,140.326,mmol/L,N,Preliminary
LRES000001872,LORD000002049,2026-04-20 17:53:16,101.114,mg/dL,N,Preliminary
LRES000001873,LORD000002050,2026-05-26 21:48:17,104.192,mg/dL,N,Preliminary
LRES000001874,LORD000002051,2026-05-26 11:48:17,16.098,g/dL,N,Preliminary
LRES000001875,LORD000002052,2026-03-29 19:04:32,8.596,10^9/L,N,Final
LRES000001876,LORD000002053,2026-05-20 05:38:18,3.199,mmol/L,L,Final
LRES000001877,LORD000002054,2026-03-19 09:12:16,4.562,mmol/L,N,Final
LRES000001878,LORD000002055,2026-04-17 00:21:17,136.589,mmol/L,N,Preliminary
LRES000001879,LORD000002056,2026-01-31 16:56:10,234.43,10^9/L,N,Final
LRES000001880,LORD000002057,2026-03-16 09:33:12,10.009,10^9/L,N,Preliminary
LRES000001881,LORD000002058,2026-01-27 16:56:09,3.983,mmol/L,N,Preliminary
LRES000001882,LORD000002059,2026-01-28 07:56:09,12.166,10^9/L,H,Final
LRES000001883,LORD000002061,2026-04-09 18:57:47,142.025,mmol/L,N,Final
LRES000001884,LORD000002062,2026-05-26 13:14:47,271.501,10^9/L,N,Preliminary
LRES000001885,LORD000002063,2026-05-14 01:30:34,4.789,mmol/L,N,Final
LRES000001886,LORD000002064,2026-05-14 17:30:34,7.001,ng/L,N,Final
LRES000001887,LORD000002065,2026-03-06 07:01:01,142.883,mmol/L,N,Preliminary
LRES000001888,LORD000002066,2026-03-06 02:01:01,3.854,mmol/L,N,Preliminary
LRES000001889,LORD000002067,2026-03-02 05:28:22,348.113,10^9/L,N,Preliminary
LRES000001890,LORD000002068,2026-03-02 22:28:22,3.539,mmol/L,N,Final
LRES000001891,LORD000002069,2026-02-13 22:33:18,3.727,mmol/L,N,Final
LRES000001892,LORD000002070,2026-02-13 20:33:18,6.677,ng/L,N,Final
LRES000001893,LORD000002071,2026-01-31 22:53:13,93.033,10^9/L,L,Final
LRES000001894,LORD000002072,2026-03-01 11:34:25,4.046,mmol/L,N,Preliminary
LRES000001895,LORD000002073,2026-03-01 16:34:25,1.182,mg/dL,N,Final
LRES000001896,LORD000002076,2026-05-05 03:45:12,0.904,mg/dL,N,Preliminary
LRES000001897,LORD000002077,2026-05-30 10:33:01,14.534,g/dL,N,Final
LRES000001898,LORD000002078,2026-05-06 10:29:05,22.299,ng/L,H,Final
LRES000001899,LORD000002080,2026-04-14 02:45:11,296.138,10^9/L,N,Final
LRES000001900,LORD000002082,2026-04-13 07:02:24,12.392,10^9/L,H,Final
LRES000001901,LORD000002083,2026-04-21 02:31:26,1.208,mg/dL,N,Final
LRES000001902,LORD000002084,2026-05-12 10:37:57,4.241,mmol/L,N,Preliminary
LRES000001903,LORD000002085,2026-05-11 23:37:57,142.054,mmol/L,N,Final
LRES000001904,LORD000002086,2026-04-28 05:39:28,12.411,10^9/L,H,Final
LRES000001905,LORD000002087,2026-03-01 16:03:55,181.164,10^9/L,N,Preliminary
LRES000001906,LORD000002088,2026-04-24 10:31:17,-3.128,ng/L,L,Final
LRES000001907,LORD000002090,2026-02-14 08:32:26,7.885,ng/L,N,Final
LRES000001908,LORD000002091,2026-02-13 21:32:26,8.965,ng/L,N,Preliminary
LRES000001909,LORD000002092,2026-04-11 17:07:06,4.001,mmol/L,N,Final
LRES000001910,LORD000002093,2026-04-07 02:32:01,137.284,mg/dL,N,Final
LRES000001911,LORD000002094,2026-06-01 03:15:27,103.702,10^9/L,L,Final
LRES000001912,LORD000002095,2026-06-02 00:15:27,323.176,10^9/L,N,Preliminary
LRES000001913,LORD000002096,2026-03-11 10:20:22,8.067,10^9/L,N,Final
LRES000001914,LORD000002097,2026-03-11 11:20:22,84.354,mg/dL,N,Final
LRES000001915,LORD000002098,2026-04-15 15:34:47,6.486,ng/L,N,Final
LRES000001916,LORD000002099,2026-02-20 19:23:45,1.127,mg/dL,N,Final
LRES000001917,LORD000002100,2026-02-20 21:23:45,4.314,mmol/L,N,Final
LRES000001918,LORD000002103,2026-01-19 06:16:22,0.861,mg/dL,N,Final
LRES000001919,LORD000002104,2026-01-18 03:16:22,143.05,mmol/L,N,Preliminary
LRES000001920,LORD000002105,2026-04-12 07:29:28,3.87,mmol/L,N,Final
LRES000001921,LORD000002106,2026-01-24 00:40:26,0.876,mg/dL,N,Final
LRES000001922,LORD000002107,2026-03-31 17:15:00,174.025,10^9/L,N,Preliminary
LRES000001923,LORD000002109,2026-03-12 10:13:31,80.795,mg/dL,N,Preliminary
LRES000001924,LORD000002110,2026-03-11 20:13:31,11.655,10^9/L,H,Preliminary
LRES000001925,LORD000002111,2026-01-13 15:59:54,4.087,mmol/L,N,Preliminary
LRES000001926,LORD000002112,2026-01-14 02:59:54,97.281,mg/dL,N,Final
LRES000001927,LORD000002113,2026-05-16 08:31:07,0.622,mg/dL,N,Final
LRES000001928,LORD000002114,2026-04-05 12:28:07,141.245,mmol/L,N,Preliminary
LRES000001929,LORD000002115,2026-03-27 23:19:41,16.071,g/dL,N,Final
LRES000001930,LORD000002116,2026-03-27 20:19:41,3.45,mmol/L,L,Final
LRES000001931,LORD000002117,2026-03-12 01:22:12,157.889,10^9/L,N,Final
LRES000001932,LORD000002118,2026-03-12 01:22:12,141.985,mmol/L,N,Final
LRES000001933,LORD000002119,2026-01-02 20:47:17,0.568,mg/dL,L,Preliminary
LRES000001934,LORD000002120,2026-01-02 04:47:17,141.372,mmol/L,N,Preliminary
LRES000001935,LORD000002121,2026-04-15 15:56:25,16.377,g/dL,N,Final
LRES000001936,LORD000002122,2026-03-04 16:45:39,6.447,10^9/L,N,Final
LRES000001937,LORD000002123,2026-03-05 03:45:39,4.263,mmol/L,N,Preliminary
LRES000001938,LORD000002124,2026-04-06 17:16:30,5.449,mmol/L,H,Preliminary
LRES000001939,LORD000002125,2026-04-07 10:16:30,4.861,mmol/L,N,Preliminary
LRES000001940,LORD000002126,2026-02-03 19:09:40,1.626,10^9/L,L,Final
LRES000001941,LORD000002127,2026-02-04 00:09:40,12.925,ng/L,N,Preliminary
LRES000001942,LORD000002128,2026-04-27 07:41:26,-6.001,ng/L,L,Final
LRES000001943,LORD000002129,2026-04-27 12:41:26,8.495,10^9/L,N,Preliminary
LRES000001944,LORD000002130,2026-01-09 16:55:52,3.915,mmol/L,N,Final
LRES000001945,LORD000002131,2026-03-10 02:56:42,0.443,mg/dL,L,Final
LRES000001946,LORD000002133,2026-03-18 09:27:52,142.874,mmol/L,N,Preliminary
LRES000001947,LORD000002134,2026-03-18 02:27:52,4.122,mmol/L,N,Preliminary
LRES000001948,LORD000002135,2026-04-11 01:59:10,7.292,ng/L,N,Final
LRES000001949,LORD000002137,2026-02-23 15:24:43,17.347,g/dL,N,Final
LRES000001950,LORD000002139,2026-01-31 18:18:27,7.584,10^9/L,N,Preliminary
LRES000001951,LORD000002140,2026-02-23 04:03:53,141.504,mmol/L,N,Preliminary
LRES000001952,LORD000002142,2026-04-08 12:55:46,0.338,mg/dL,L,Final
LRES000001953,LORD000002143,2026-03-24 09:55:13,8.685,10^9/L,N,Preliminary
LRES000001954,LORD000002144,2026-03-24 01:55:13,137.131,mmol/L,N,Final
LRES000001955,LORD000002145,2026-05-15 12:12:50,9.213,10^9/L,N,Final
LRES000001956,LORD000002146,2026-05-14 21:12:50,13.909,g/dL,N,Final
LRES000001957,LORD000002147,2026-01-17 19:02:30,104.351,mg/dL,N,Final
LRES000001958,LORD000002149,2026-04-22 00:12:45,14.715,g/dL,N,Final
LRES000001959,LORD000002150,2026-04-22 16:12:45,110.247,mg/dL,N,Final
LRES000001960,LORD000002151,2026-03-07 20:46:38,11.864,ng/L,N,Final
LRES000001961,LORD000002152,2026-05-19 11:35:44,138.708,mmol/L,N,Final
LRES000001962,LORD000002153,2026-05-18 23:35:44,4.663,10^9/L,N,Final
LRES000001963,LORD000002154,2026-01-17 03:49:58,106.738,mg/dL,N,Final
LRES000001964,LORD000002156,2026-03-29 05:08:18,2.986,ng/L,N,Final
LRES000001965,LORD000002157,2026-03-14 06:36:15,109.778,mg/dL,N,Final
LRES000001966,LORD000002158,2026-03-20 09:28:26,5.565,10^9/L,N,Final
LRES000001967,LORD000002159,2026-03-20 20:28:26,142.671,mmol/L,N,Preliminary
LRES000001968,LORD000002160,2026-03-06 12:58:12,123.33,mg/dL,N,Final
LRES000001969,LORD000002161,2026-03-05 22:58:12,15.08,g/dL,N,Final
LRES000001970,LORD000002162,2026-02-20 10:36:37,20.462,ng/L,H,Final
LRES000001971,LORD000002163,2026-02-03 07:56:00,6.008,ng/L,N,Final
LRES000001972,LORD000002164,2026-05-26 15:51:17,5.444,mmol/L,H,Final
LRES000001973,LORD000002165,2026-04-15 02:28:06,3.937,mmol/L,N,Preliminary
LRES000001974,LORD000002166,2026-04-15 05:28:06,-3.066,ng/L,L,Final
LRES000001975,LORD000002167,2026-01-12 09:07:38,136.967,mmol/L,N,Preliminary
LRES000001976,LORD000002169,2026-01-13 17:00:35,119.194,mg/dL,N,Preliminary
LRES000001977,LORD000002170,2026-01-14 09:00:35,4.466,mmol/L,N,Preliminary
LRES000001978,LORD000002171,2026-02-19 08:44:09,4.07,10^9/L,N,Final
LRES000001979,LORD000002172,2026-05-01 20:54:16,136.584,mmol/L,N,Final
LRES000001980,LORD000002173,2026-05-02 19:54:16,251.065,10^9/L,N,Final
LRES000001981,LORD000002174,2026-05-24 06:21:53,14.856,g/dL,N,Preliminary
LRES000001982,LORD000002175,2026-04-20 22:43:21,0.924,mg/dL,N,Final
LRES000001983,LORD000002176,2026-01-26 10:14:47,75.972,mg/dL,N,Preliminary
LRES000001984,LORD000002178,2026-05-26 10:25:40,6.335,10^9/L,N,Preliminary
LRES000001985,LORD000002179,2026-05-27 00:25:40,0.982,mg/dL,N,Final
LRES000001986,LORD000002180,2026-01-24 07:55:17,98.611,mg/dL,N,Final
LRES000001987,LORD000002182,2026-04-02 19:40:37,125.786,mg/dL,N,Preliminary
LRES000001988,LORD000002183,2026-03-27 14:51:24,89.206,mg/dL,N,Final
LRES000001989,LORD000002184,2026-05-10 07:53:40,6.184,10^9/L,N,Final
LRES000001990,LORD000002186,2026-03-03 22:35:15,0.608,mg/dL,N,Preliminary
LRES000001991,LORD000002187,2026-03-25 10:16:48,1.11,mg/dL,N,Preliminary
LRES000001992,LORD000002188,2026-02-21 03:00:45,142.733,mmol/L,N,Final
LRES000001993,LORD000002189,2026-02-20 21:00:45,0.916,mg/dL,N,Preliminary
LRES000001994,LORD000002190,2026-05-09 15:37:31,8.559,ng/L,N,Final
LRES000001995,LORD000002191,2026-05-23 02:26:06,110.88,mg/dL,N,Preliminary
LRES000001996,LORD000002192,2026-05-22 21:43:38,141.448,mmol/L,N,Final
LRES000001997,LORD000002193,2026-05-29 13:55:20,263.329,10^9/L,N,Final
LRES000001998,LORD000002194,2026-05-29 21:55:20,135.391,mmol/L,N,Final
LRES000001999,LORD000002195,2026-03-05 14:29:39,60.415,mg/dL,L,Preliminary
LRES000002000,LORD000002197,2026-03-17 23:57:25,22.931,ng/L,H,Final
LRES000002001,LORD000002198,2026-03-18 11:57:25,5.85,10^9/L,N,Final
LRES000002002,LORD000002199,2026-05-17 17:48:46,1.207,mg/dL,N,Preliminary
LRES000002003,LORD000002200,2026-02-19 05:13:17,0.633,mg/dL,N,Preliminary
LRES000002004,LORD000002201,2026-05-22 22:57:12,6.761,10^9/L,N,Preliminary
LRES000002005,LORD000002202,2026-05-23 11:57:12,313.191,10^9/L,N,Final
LRES000002006,LORD000002203,2026-05-07 14:21:47,3.63,mmol/L,N,Final
LRES000002007,LORD000002205,2026-02-23 17:06:45,6.904,10^9/L,N,Final
LRES000002008,LORD000002206,2026-01-17 07:33:13,4.516,mmol/L,N,Final
LRES000002009,LORD000002207,2026-02-27 09:36:32,0.814,mg/dL,N,Final
LRES000002010,LORD000002208,2026-01-31 20:45:36,5.354,10^9/L,N,Final
LRES000002011,LORD000002209,2026-02-01 09:45:36,174.481,10^9/L,N,Preliminary
LRES000002012,LORD000002210,2026-05-12 17:35:06,11.228,10^9/L,H,Final
LRES000002013,LORD000002211,2026-02-13 02:16:41,10.929,ng/L,N,Final
LRES000002014,LORD000002212,2026-02-13 12:16:41,13.12,g/dL,N,Preliminary
LRES000002015,LORD000002213,2026-03-10 13:32:14,5.291,mmol/L,H,Final
LRES000002016,LORD000002214,2026-03-10 15:32:14,147.508,mg/dL,H,Preliminary
LRES000002017,LORD000002215,2026-01-16 14:54:59,13.931,g/dL,N,Final
LRES000002018,LORD000002216,2026-05-14 09:59:22,145.072,mmol/L,H,Final
LRES000002019,LORD000002217,2026-05-15 10:59:22,16.677,ng/L,N,Final
LRES000002020,LORD000002218,2026-04-07 04:15:55,3.743,mmol/L,N,Final
LRES000002021,LORD000002219,2026-04-03 18:34:19,3.286,ng/L,N,Preliminary
LRES000002022,LORD000002220,2026-05-16 22:44:19,114.576,mg/dL,N,Final
LRES000002023,LORD000002221,2026-01-24 17:15:57,145.383,mg/dL,H,Final
LRES000002024,LORD000002223,2026-01-23 15:00:46,263.824,10^9/L,N,Preliminary
LRES000002025,LORD000002224,2026-04-09 07:25:26,137.374,mmol/L,N,Preliminary
LRES000002026,LORD000002225,2026-02-19 04:21:16,137.097,mmol/L,N,Final
LRES000002027,LORD000002226,2026-03-30 14:42:49,2.346,ng/L,N,Preliminary
LRES000002028,LORD000002227,2026-03-30 09:42:49,1.14,mg/dL,N,Final
LRES000002029,LORD000002228,2026-03-29 06:42:32,399.926,10^9/L,N,Preliminary
LRES000002030,LORD000002229,2026-04-12 12:03:48,6.547,10^9/L,N,Preliminary
LRES000002031,LORD000002230,2026-04-12 10:03:48,10.543,g/dL,L,Final
LRES000002032,LORD000002231,2026-02-24 09:05:28,11.649,10^9/L,H,Preliminary
LRES000002033,LORD000002233,2026-05-14 08:31:25,3.785,mmol/L,N,Preliminary
LRES000002034,LORD000002234,2026-05-14 17:31:25,13.213,g/dL,N,Preliminary
LRES000002035,LORD000002235,2026-01-28 22:26:02,143.029,mmol/L,N,Final
LRES000002036,LORD000002236,2026-01-28 11:26:02,0.63,mg/dL,N,Final
LRES000002037,LORD000002237,2026-05-14 02:15:06,104.891,mg/dL,N,Final
LRES000002038,LORD000002238,2026-01-05 08:40:09,268.01,10^9/L,N,Final
LRES000002039,LORD000002239,2026-01-11 14:18:15,399.924,10^9/L,N,Preliminary
LRES000002040,LORD000002240,2026-01-11 07:18:15,15.127,g/dL,N,Final
LRES000002041,LORD000002241,2026-04-30 12:22:36,6.089,10^9/L,N,Final
LRES000002042,LORD000002242,2026-04-09 06:30:01,66.525,mg/dL,L,Final
LRES000002043,LORD000002243,2026-04-08 14:30:01,4.413,mmol/L,N,Preliminary
LRES000002044,LORD000002244,2026-02-26 21:23:27,16.056,g/dL,N,Final
LRES000002045,LORD000002245,2026-02-27 22:23:27,9.914,10^9/L,N,Final
LRES000002046,LORD000002246,2026-01-30 08:37:44,11.877,ng/L,N,Final
LRES000002047,LORD000002247,2026-01-29 16:37:44,14.747,g/dL,N,Final
LRES000002048,LORD000002249,2026-02-25 23:41:27,0.672,mg/dL,N,Final
LRES000002049,LORD000002250,2026-02-26 08:41:27,193.368,10^9/L,N,Final
LRES000002050,LORD000002251,2026-03-26 18:49:04,0.96,mg/dL,N,Preliminary
LRES000002051,LORD000002252,2026-03-15 16:37:29,1.218,mg/dL,N,Preliminary
LRES000002052,LORD000002253,2026-04-18 21:32:28,471.143,10^9/L,H,Final
LRES000002053,LORD000002254,2026-03-17 03:13:24,21.814,ng/L,H,Final
LRES000002054,LORD000002255,2026-03-16 21:13:24,5.253,10^9/L,N,Preliminary
LRES000002055,LORD000002256,2026-05-31 02:54:23,4.469,mmol/L,N,Final
LRES000002056,LORD000002257,2026-02-24 07:37:16,22.025,ng/L,H,Final
LRES000002057,LORD000002258,2026-02-24 11:37:16,5.539,mmol/L,H,Preliminary
LRES000002058,LORD000002259,2026-03-16 09:33:35,3.325,ng/L,N,Final
LRES000002059,LORD000002260,2026-03-15 13:33:35,6.317,10^9/L,N,Final
LRES000002060,LORD000002261,2026-01-23 13:53:35,3.922,mmol/L,N,Final
LRES000002061,LORD000002262,2026-01-22 22:53:35,4.594,10^9/L,N,Preliminary
LRES000002062,LORD000002264,2026-04-27 00:29:00,-3.059,ng/L,L,Final
LRES000002063,LORD000002265,2026-04-26 11:29:00,16.013,g/dL,N,Preliminary
LRES000002064,LORD000002266,2026-05-28 18:46:39,,mmol/L,N,Final
LRES000002065,LORD000002267,2026-05-28 05:46:39,1.143,mg/dL,N,Final
LRES000002066,LORD000002268,2026-05-24 15:46:46,288.109,10^9/L,N,Preliminary
LRES000002067,LORD000002269,2026-05-24 07:46:46,7.013,10^9/L,N,Preliminary
LRES000002068,LORD000002270,2026-01-31 22:09:25,8.258,ng/L,N,Final
LRES000002069,LORD000002271,2026-04-22 23:02:43,19.937,ng/L,H,Final
LRES000002070,LORD000002272,2026-04-23 02:02:43,6.796,10^9/L,N,Final
LRES000002071,LORD000002273,2026-02-07 12:40:24,15.399,ng/L,N,Final
LRES000002072,LORD000002274,2026-05-11 14:51:04,1.236,mg/dL,N,Final
LRES000002073,LORD000002275,2026-05-11 10:51:04,14.52,g/dL,N,Preliminary
LRES000002074,LORD000002276,2026-02-09 01:11:41,145.102,mmol/L,H,Final
LRES000002075,LORD000002277,2026-02-09 04:11:41,1.076,mg/dL,N,Final
LRES000002076,LORD000002278,2026-04-14 21:32:23,97.149,mg/dL,N,Final
LRES000002077,LORD000002279,2026-04-15 06:32:23,16.401,g/dL,N,Final
LRES000002078,LORD000002280,2026-02-05 00:29:09,318.195,10^9/L,N,Final
LRES000002079,LORD000002281,2026-05-04 22:17:17,5.098,mmol/L,N,Final
LRES000002080,LORD000002282,2026-05-02 05:40:32,7.713,10^9/L,N,Preliminary
LRES000002081,LORD000002283,2026-04-15 13:51:36,3.734,ng/L,N,Final
LRES000002082,LORD000002284,2026-03-16 10:56:18,6.644,10^9/L,N,Final
LRES000002083,LORD000002285,2026-03-16 04:56:18,-0.827,ng/L,L,Final
LRES000002084,LORD000002286,2026-05-15 01:46:09,134.372,mmol/L,L,Preliminary
LRES000002085,LORD000002287,2026-05-15 05:46:09,220.428,10^9/L,N,Final
LRES000002086,LORD000002288,2026-05-26 19:57:59,4.484,10^9/L,N,Final
LRES000002087,LORD000002289,2026-05-26 14:57:59,0.629,ng/L,N,Final
LRES000002088,LORD000002290,2026-03-18 04:58:59,1.215,mg/dL,N,Final
LRES000002089,LORD000002292,2026-02-03 20:34:05,0.076,ng/L,N,Final
LRES000002090,LORD000002293,2026-03-10 03:38:09,11.162,10^9/L,H,Final
LRES000002091,LORD000002294,2026-03-10 04:38:09,12.389,ng/L,N,Final
LRES000002092,LORD000002295,2026-03-19 09:26:28,9.414,10^9/L,N,Final
LRES000002093,LORD000002296,2026-05-08 17:42:21,143.512,mmol/L,N,Final
LRES000002094,LORD000002297,2026-05-08 20:42:21,96.202,mg/dL,N,Final
LRES000002095,LORD000002298,2026-01-04 11:24:47,315.866,10^9/L,N,Final
LRES000002096,LORD000002299,2026-01-02 21:39:15,12.122,ng/L,N,Final
LRES000002097,LORD000002300,2026-03-05 06:49:18,254.474,10^9/L,N,Preliminary
LRES000002098,LORD000002301,2026-03-05 09:49:18,14.446,g/dL,N,Final
LRES000002099,LORD000002302,2026-02-19 17:21:49,5.849,10^9/L,N,Final
LRES000002100,LORD000002303,2026-02-19 03:21:49,93.173,mg/dL,N,Final
LRES000002101,LORD000002304,2026-02-11 17:17:19,139.487,mmol/L,N,Preliminary
LRES000002102,LORD000002305,2026-02-10 07:08:52,7.954,10^9/L,N,Preliminary
LRES000002103,LORD000002307,2026-02-18 02:24:54,143.927,mmol/L,N,Final
LRES000002104,LORD000002308,2026-02-18 12:24:54,121.236,mg/dL,N,Final
LRES000002105,LORD000002309,2026-04-27 16:49:23,0.857,mg/dL,N,Final
LRES000002106,LORD000002310,2026-02-24 22:28:07,5.161,mmol/L,N,Final
LRES000002107,LORD000002311,2026-02-24 19:28:07,0.36,mg/dL,L,Final
LRES000002108,LORD000002312,2026-05-28 12:29:54,11.732,g/dL,L,Final
LRES000002109,LORD000002313,2026-05-29 07:29:54,3.922,mmol/L,N,Final
LRES000002110,LORD000002314,2026-04-14 22:06:00,9.25,ng/L,N,Preliminary
LRES000002111,LORD000002315,2026-01-27 14:30:27,4.64,ng/L,N,Final
LRES000002112,LORD000002316,2026-01-14 07:54:00,14.896,g/dL,N,Final
LRES000002113,LORD000002317,2026-02-19 00:38:19,6.175,10^9/L,N,Final
LRES000002114,LORD000002318,2026-02-18 13:38:19,184.928,10^9/L,N,Final
LRES000002115,LORD000002319,2026-04-29 18:06:48,72.366,mg/dL,N,Final
LRES000002116,LORD000002320,2026-04-29 07:06:48,110.828,mg/dL,N,Final
LRES000002117,LORD000002321,2026-04-15 23:33:45,70.174,10^9/L,L,Final
LRES000002118,LORD000002322,2026-04-15 22:33:45,14.184,g/dL,N,Preliminary
LRES000002119,LORD000002323,2026-03-03 01:10:19,16.22,g/dL,N,Final
LRES000002120,LORD000002324,2026-05-09 08:37:55,414.574,10^9/L,N,Preliminary
LRES000002121,LORD000002326,2026-02-10 00:28:22,137.329,mmol/L,N,Final
LRES000002122,LORD000002327,2026-02-11 15:21:01,146.451,mmol/L,H,Final
LRES000002123,LORD000002328,2026-05-13 02:49:50,196.654,10^9/L,N,Preliminary
LRES000002124,LORD000002329,2026-05-12 12:49:50,5.433,10^9/L,N,Final
LRES000002125,LORD000002330,2026-05-31 03:24:44,150.418,mg/dL,H,Final
LRES000002126,LORD000002331,2026-03-20 19:17:08,145.015,mmol/L,H,Final
LRES000002127,LORD000002332,2026-03-20 00:17:08,14.884,g/dL,N,Final
LRES000002128,LORD000002334,2026-03-05 03:06:41,0.827,mg/dL,N,Final
LRES000002129,LORD000002335,2026-02-09 09:42:40,13.362,g/dL,N,Final
LRES000002130,LORD000002336,2026-02-08 16:42:40,1.189,mg/dL,N,Final
LRES000002131,LORD000002337,2026-02-15 21:38:11,3.446,mmol/L,L,Final
LRES000002132,LORD000002338,2026-04-10 08:06:51,10.418,ng/L,N,Final
LRES000002133,LORD000002339,2026-04-09 23:06:51,0.461,mg/dL,L,Preliminary
LRES000002134,LORD000002340,2026-02-18 00:06:21,14.194,g/dL,N,Final
LRES000002135,LORD000002341,2026-01-23 01:38:39,3.744,mmol/L,N,Final
LRES000002136,LORD000002342,2026-01-23 02:38:39,3.991,mmol/L,N,Preliminary
LRES000002137,LORD000002344,2026-04-01 10:31:34,1.089,mg/dL,N,Preliminary
LRES000002138,LORD000002345,2026-04-02 02:31:34,10.215,10^9/L,N,Preliminary
LRES000002139,LORD000002346,2026-03-08 21:26:30,0.552,mg/dL,L,Final
LRES000002140,LORD000002347,2026-02-08 07:33:31,7.306,ng/L,N,Preliminary
LRES000002141,LORD000002348,2026-02-08 05:33:31,128.258,mg/dL,N,Preliminary
LRES000002142,LORD000002349,2026-04-27 18:13:50,7.543,10^9/L,N,Final
LRES000002143,LORD000002350,2026-04-27 21:13:50,233.515,10^9/L,N,Preliminary
LRES000002144,LORD000002351,2026-02-08 15:58:42,71.903,mg/dL,N,Final
LRES000002145,LORD000002354,2026-03-02 03:30:37,143.636,mmol/L,N,Final
LRES000002146,LORD000002355,2026-04-02 18:01:43,139.345,mmol/L,N,Final
LRES000002147,LORD000002356,2026-04-02 14:01:43,328.526,10^9/L,N,Preliminary
LRES000002148,LORD000002357,2026-03-31 01:27:24,15.058,g/dL,N,Preliminary
LRES000002149,LORD000002358,2026-04-01 05:27:24,138.989,mmol/L,N,Preliminary
LRES000002150,LORD000002359,2026-03-19 02:21:29,19.777,ng/L,H,Final
LRES000002151,LORD000002360,2026-04-13 04:53:31,4.558,mmol/L,N,Preliminary
LRES000002152,LORD000002361,2026-04-13 12:53:31,105.83,mg/dL,N,Final
LRES000002153,LORD000002362,2026-05-01 22:20:11,1.093,mg/dL,N,Final
LRES000002154,LORD000002363,2026-04-19 20:53:25,137.415,mmol/L,N,Final
LRES000002155,LORD000002364,2026-04-19 20:53:25,15.892,g/dL,N,Final
LRES000002156,LORD000002365,2026-03-01 06:48:57,236.874,10^9/L,N,Final
LRES000002157,LORD000002366,2026-03-09 14:54:19,169.316,10^9/L,N,Preliminary
LRES000002158,LORD000002367,2026-03-10 06:54:19,136.929,mmol/L,N,Preliminary
LRES000002159,LORD000002368,2026-04-16 11:22:24,5.365,mmol/L,H,Final
LRES000002160,LORD000002369,2026-04-16 17:22:24,12.577,ng/L,N,Final
LRES000002161,LORD000002370,2026-04-09 02:25:22,14.459,g/dL,N,Preliminary
LRES000002162,LORD000002371,2026-02-19 07:56:24,4.265,mmol/L,N,Preliminary
LRES000002163,LORD000002373,2026-01-03 11:40:44,4.608,mmol/L,N,Preliminary
LRES000002164,LORD000002374,2026-02-14 11:50:48,140.652,mmol/L,N,Preliminary
LRES000002165,LORD000002375,2026-05-13 13:55:39,136.23,10^9/L,L,Final
LRES000002166,LORD000002376,2026-05-10 22:45:29,4.359,mmol/L,N,Final
LRES000002167,LORD000002377,2026-05-25 08:17:58,4.357,mmol/L,N,Preliminary
LRES000002168,LORD000002378,2026-05-25 20:17:58,3.459,mmol/L,L,Preliminary
LRES000002169,LORD000002379,2026-03-09 08:37:03,22.491,ng/L,H,Preliminary
LRES000002170,LORD000002380,2026-02-14 07:48:57,4.762,mmol/L,N,Final
LRES000002171,LORD000002381,2026-02-15 07:48:57,8.637,10^9/L,N,Final
LRES000002172,LORD000002382,2026-04-03 18:27:35,0.826,mg/dL,N,Preliminary
LRES000002173,LORD000002383,2026-05-19 17:04:22,139.085,mmol/L,N,Preliminary
LRES000002174,LORD000002384,2026-05-19 03:04:22,133.226,mg/dL,N,Final
LRES000002175,LORD000002385,2026-01-28 05:29:14,77.539,mg/dL,N,Preliminary
LRES000002176,LORD000002386,2026-03-14 07:38:57,4.382,mmol/L,N,Final
LRES000002177,LORD000002387,2026-03-14 00:38:57,6.593,ng/L,N,Preliminary
LRES000002178,LORD000002388,2026-03-19 23:37:21,287.073,10^9/L,N,Preliminary
LRES000002179,LORD000002389,2026-04-30 13:54:01,385.951,10^9/L,N,Final
LRES000002180,LORD000002390,2026-01-20 18:42:39,103.354,mg/dL,N,Preliminary
LRES000002181,LORD000002391,2026-01-21 07:42:39,4.558,mmol/L,N,Preliminary
LRES000002182,LORD000002392,2026-01-04 22:55:29,13.547,g/dL,N,Final
LRES000002183,LORD000002393,2026-01-04 16:55:29,0.825,mg/dL,N,Final
LRES000002184,LORD000002394,2026-01-08 04:16:28,239.994,10^9/L,N,Final
LRES000002185,LORD000002395,2026-01-08 15:16:28,0.796,mg/dL,N,Final
LRES000002186,LORD000002396,2026-01-27 22:23:42,245.065,10^9/L,N,Preliminary
LRES000002187,LORD000002397,2026-01-28 08:23:42,104.205,mg/dL,N,Preliminary
LRES000002188,LORD000002399,2026-02-01 08:50:28,307.123,10^9/L,N,Preliminary
LRES000002189,LORD000002400,2026-02-01 04:50:28,384.417,10^9/L,N,Final
LRES000002190,LORD000002401,2026-03-20 11:21:29,94.503,mg/dL,N,Preliminary
LRES000002191,LORD000002402,2026-03-04 11:33:05,15.197,g/dL,N,Preliminary
LRES000002192,LORD000002403,2026-03-05 07:33:05,391.189,10^9/L,N,Final
LRES000002193,LORD000002404,2026-03-02 08:23:22,17.008,ng/L,N,Final
LRES000002194,LORD000002405,2026-03-02 04:23:22,12.491,ng/L,N,Preliminary
LRES000002195,LORD000002406,2026-05-01 19:00:59,11.801,10^9/L,H,Final
LRES000002196,LORD000002407,2026-05-01 07:00:59,0.485,mg/dL,L,Final
LRES000002197,LORD000002408,2026-05-03 21:52:21,1.529,ng/L,N,Final
LRES000002198,LORD000002409,2026-05-04 11:52:21,15.433,g/dL,N,Final
LRES000002199,LORD000002411,2026-03-19 16:06:01,5.49,ng/L,N,Final
LRES000002200,LORD000002412,2026-02-17 09:40:15,6.74,10^9/L,N,Final
LRES000002201,LORD000002413,2026-02-17 09:40:15,3.552,mmol/L,N,Preliminary
LRES000002202,LORD000002414,2026-03-10 16:27:43,11.888,g/dL,L,Final
LRES000002203,LORD000002415,2026-03-05 06:29:15,4.885,mmol/L,N,Preliminary
LRES000002204,LORD000002416,2026-03-04 23:29:15,141.152,mmol/L,N,Final
LRES000002205,LORD000002417,2026-05-09 07:55:45,111.268,mg/dL,N,Preliminary
LRES000002206,LORD000002418,2026-04-09 12:43:23,103.401,mg/dL,N,Final
LRES000002207,LORD000002419,2026-03-20 16:58:30,15.152,g/dL,N,Preliminary
LRES000002208,LORD000002420,2026-03-21 01:58:30,7.189,ng/L,N,Final
LRES000002209,LORD000002421,2026-05-22 16:58:07,101.26,mg/dL,N,Final
LRES000002210,LORD000002422,2026-05-12 10:35:04,139.455,mg/dL,N,Final
LRES000002211,LORD000002423,2026-05-11 21:35:04,100.445,mg/dL,N,Final
LRES000002212,LORD000002424,2026-04-19 10:43:59,171.915,10^9/L,N,Final
LRES000002213,LORD000002425,2026-04-19 13:43:59,5.25,mmol/L,H,Preliminary
LRES000002214,LORD000002426,2026-02-15 13:09:51,492.004,10^9/L,H,Final
LRES000002215,LORD000002427,2026-01-08 03:26:38,21.33,ng/L,H,Final
LRES000002216,LORD000002428,2026-01-08 15:26:38,608.536,10^9/L,H,Final
LRES000002217,LORD000002429,2026-03-21 02:59:36,1.118,mg/dL,N,Final
LRES000002218,LORD000002430,2026-03-21 00:59:36,14.674,g/dL,N,Preliminary
LRES000002219,LORD000002432,2026-03-03 22:51:55,4.64,ng/L,N,Preliminary
LRES000002220,LORD000002433,2026-03-16 11:10:56,142.309,mmol/L,N,Final
LRES000002221,LORD000002435,2026-02-25 19:21:46,141.741,mmol/L,N,Preliminary
LRES000002222,LORD000002436,2026-03-07 13:11:28,13.938,g/dL,N,Final
LRES000002223,LORD000002437,2026-03-07 16:11:28,400.94,10^9/L,N,Final
LRES000002224,LORD000002438,2026-05-03 12:31:53,1.122,mg/dL,N,Preliminary
LRES000002225,LORD000002440,2026-04-09 17:59:41,13.593,g/dL,N,Preliminary
LRES000002226,LORD000002441,2026-05-30 23:30:52,12.407,g/dL,N,Final
LRES000002227,LORD000002442,2026-01-10 13:40:39,283.969,10^9/L,N,Final
LRES000002228,LORD000002443,2026-01-10 09:40:39,142.478,mmol/L,N,Final
LRES000002229,LORD000002444,2026-03-27 13:52:53,7.036,10^9/L,N,Final
LRES000002230,LORD000002445,2026-03-26 21:52:53,4.447,mmol/L,N,Final
LRES000002231,LORD000002446,2026-05-24 22:33:52,101.008,mg/dL,N,Final
LRES000002232,LORD000002447,2026-04-06 17:28:39,3.456,mmol/L,L,Final
LRES000002233,LORD000002448,2026-04-07 12:28:39,0.796,mg/dL,N,Final
LRES000002234,LORD000002449,2026-02-05 04:53:20,141.639,mmol/L,N,Final
LRES000002235,LORD000002450,2026-01-04 13:44:52,6.522,ng/L,N,Final
LRES000002236,LORD000002452,2026-03-25 09:27:33,1.037,mg/dL,N,Final
LRES000002237,LORD000002453,2026-03-24 23:27:33,4.448,mmol/L,N,Final
LRES000002238,LORD000002454,2026-02-23 15:40:40,4.741,mmol/L,N,Final
LRES000002239,LORD000002456,2026-04-01 11:42:03,11.536,g/dL,L,Final
LRES000002240,LORD000002457,2026-04-01 15:42:03,114.032,mg/dL,N,Final
LRES000002241,LORD000002459,2026-05-12 15:58:21,11.397,g/dL,L,Preliminary
LRES000002242,LORD000002460,2026-03-21 08:06:42,15.348,g/dL,N,Final
LRES000002243,LORD000002461,2026-02-07 20:06:28,107.618,mg/dL,N,Preliminary
LRES000002244,LORD000002462,2026-01-07 03:08:00,141.578,mmol/L,N,Final
LRES000002245,LORD000002463,2026-01-15 08:22:05,12.412,ng/L,N,Preliminary
LRES000002246,LORD000002464,2026-05-12 22:41:17,11.997,ng/L,N,Preliminary
LRES000002247,LORD000002465,2026-02-02 16:37:02,14.869,g/dL,N,Preliminary
LRES000002248,LORD000002466,2026-04-30 15:07:00,8.544,10^9/L,N,Preliminary
LRES000002249,LORD000002467,2026-04-30 09:07:00,172.265,10^9/L,N,Final
LRES000002250,LORD000002468,2026-05-04 04:18:57,6.219,10^9/L,N,Final
LRES000002251,LORD000002469,2026-01-31 14:59:31,6.052,10^9/L,N,Preliminary
LRES000002252,LORD000002470,2026-01-31 11:59:31,-4.773,ng/L,L,Final
LRES000002253,LORD000002471,2026-03-30 02:07:26,1.505,ng/L,N,Preliminary
LRES000002254,LORD000002472,2026-01-02 22:45:23,4.309,mmol/L,N,Final
LRES000002255,LORD000002473,2026-03-26 07:13:29,74.932,mg/dL,N,Final
LRES000002256,LORD000002474,2026-03-26 07:13:29,8.721,10^9/L,N,Final
LRES000002257,LORD000002475,2026-05-20 15:29:07,17.195,g/dL,N,Final
LRES000002258,LORD000002477,2026-04-13 14:01:53,85.177,mg/dL,N,Final
LRES000002259,LORD000002478,2026-05-15 02:45:12,137.345,mmol/L,N,Preliminary
LRES000002260,LORD000002479,2026-05-15 08:45:12,4.135,mmol/L,N,Final
LRES000002261,LORD000002480,2026-05-30 07:04:20,370.254,10^9/L,N,Preliminary
LRES000002262,LORD000002481,2026-05-29 12:04:20,123.336,mg/dL,N,Preliminary
LRES000002263,LORD000002483,2026-01-05 22:38:19,12.282,g/dL,N,Final
LRES000002264,LORD000002485,2026-04-21 22:24:57,13.348,g/dL,N,Preliminary
LRES000002265,LORD000002486,2026-04-21 12:24:57,18.192,g/dL,H,Final
LRES000002266,LORD000002487,2026-01-12 11:29:53,134.603,mmol/L,L,Final
LRES000002267,LORD000002488,2026-01-12 09:29:53,1.04,mg/dL,N,Preliminary
LRES000002268,LORD000002489,2026-04-11 19:36:48,333.123,10^9/L,N,Final
LRES000002269,LORD000002490,2026-04-11 23:36:48,389.538,10^9/L,N,Final
LRES000002270,LORD000002491,2026-05-31 03:26:28,141.135,mmol/L,N,Final
LRES000002271,LORD000002492,2026-03-03 20:08:25,8.76,10^9/L,N,Preliminary
LRES000002272,LORD000002493,2026-03-26 01:47:28,4.596,mmol/L,N,Final
LRES000002273,LORD000002494,2026-03-26 12:47:28,259.557,10^9/L,N,Preliminary
LRES000002274,LORD000002496,2026-05-27 23:37:58,5.184,mmol/L,N,Final
LRES000002275,LORD000002498,2026-05-28 23:13:15,15.746,g/dL,N,Preliminary
LRES000002276,LORD000002499,2026-04-12 18:53:38,335.611,10^9/L,N,Final
LRES000002277,LORD000002500,2026-04-13 22:37:08,14.458,g/dL,N,Final
LRES000002278,LORD000002501,2026-04-30 13:20:09,4.679,mmol/L,N,Final
LRES000002279,LORD000002503,2026-03-16 18:14:17,138.314,mmol/L,N,Final
LRES000002280,LORD000002504,2026-03-16 11:14:17,123.544,mg/dL,N,Final
LRES000002281,LORD000002505,2026-02-26 18:53:59,102.559,mg/dL,N,Final
LRES000002282,LORD000002506,2026-02-27 03:53:59,4.915,mmol/L,N,Final
LRES000002283,LORD000002507,2026-05-16 06:49:59,142.154,mmol/L,N,Final
LRES000002284,LORD000002508,2026-05-16 06:49:59,210.658,10^9/L,N,Preliminary
LRES000002285,LORD000002509,2026-02-28 16:02:29,115.844,mg/dL,N,Final
LRES000002286,LORD000002510,2026-02-14 02:00:17,8.943,10^9/L,N,Final
LRES000002287,LORD000002511,2026-02-14 02:00:17,8.346,10^9/L,N,Final
LRES000002288,LORD000002512,2026-04-06 12:52:02,13.271,g/dL,N,Final
LRES000002289,LORD000002513,2026-01-30 11:44:12,9.022,10^9/L,N,Final
LRES000002290,LORD000002514,2026-01-30 08:44:12,0.672,mg/dL,N,Final
LRES000002291,LORD000002515,2026-03-15 08:58:36,5.231,mmol/L,H,Preliminary
LRES000002292,LORD000002516,2026-03-15 05:58:36,1.085,mg/dL,N,Final
LRES000002293,LORD000002517,2026-04-10 01:34:27,141.851,mmol/L,N,Preliminary
LRES000002294,LORD000002518,2026-04-09 05:34:27,142.376,mmol/L,N,Final
LRES000002295,LORD000002519,2026-01-20 02:07:37,14.846,g/dL,N,Final
LRES000002296,LORD000002522,2026-04-10 10:10:08,8.244,10^9/L,N,Final
LRES000002297,LORD000002523,2026-02-19 07:23:00,6.649,ng/L,N,Preliminary
LRES000002298,LORD000002524,2026-02-18 17:23:00,16.84,g/dL,N,Final
LRES000002299,LORD000002525,2026-05-22 23:19:33,119.875,mg/dL,N,Preliminary
LRES000002300,LORD000002526,2026-01-17 00:22:52,395.912,10^9/L,N,Final
LRES000002301,LORD000002527,2026-01-17 01:22:52,136.926,mmol/L,N,Preliminary
LRES000002302,LORD000002528,2026-05-20 17:41:47,1.219,mg/dL,N,Final
LRES000002303,LORD000002529,2026-01-15 06:16:16,7.371,10^9/L,N,Final
LRES000002304,LORD000002530,2026-01-15 06:16:16,4.677,mmol/L,N,Final
LRES000002305,LORD000002531,2026-04-24 13:39:50,9.285,10^9/L,N,Final
LRES000002306,LORD000002532,2026-01-12 19:55:13,7.978,ng/L,N,Preliminary
LRES000002307,LORD000002533,2026-02-09 15:42:31,13.286,g/dL,N,Preliminary
LRES000002308,LORD000002534,2026-01-26 20:37:01,8.483,ng/L,N,Final
LRES000002309,LORD000002535,2026-04-16 12:29:03,4.25,mmol/L,N,Final
LRES000002310,LORD000002536,2026-04-16 21:29:03,0.775,mg/dL,N,Final
LRES000002311,LORD000002537,2026-04-29 19:40:09,12.033,g/dL,N,Final
LRES000002312,LORD000002538,2026-04-29 11:40:09,1.158,mg/dL,N,Preliminary
LRES000002313,LORD000002539,2026-01-25 18:13:04,3.251,ng/L,N,Preliminary
LRES000002314,LORD000002541,2026-02-22 11:30:40,141.258,mmol/L,N,Preliminary
LRES000002315,LORD000002542,2026-02-22 20:30:40,0.536,mg/dL,L,Final
LRES000002316,LORD000002543,2026-01-09 22:04:07,212.905,10^9/L,N,Final
LRES000002317,LORD000002544,2026-03-14 18:06:54,13.423,g/dL,N,Final
LRES000002318,LORD000002545,2026-03-14 19:06:54,426.803,10^9/L,N,Final
LRES000002319,LORD000002546,2026-04-25 17:39:49,0.814,mg/dL,N,Final
LRES000002320,LORD000002547,2026-04-25 02:39:49,388.237,10^9/L,N,Final
LRES000002321,LORD000002548,2026-05-16 07:14:49,49.513,mg/dL,L,Final
LRES000002322,LORD000002549,2026-05-16 16:14:49,16.463,ng/L,N,Preliminary
LRES000002323,LORD000002551,2026-02-10 08:49:46,15.965,g/dL,N,Final
LRES000002324,LORD000002552,2026-01-29 16:21:08,6.838,ng/L,N,Final
LRES000002325,LORD000002553,2026-01-29 20:21:08,4.164,mmol/L,N,Preliminary
LRES000002326,LORD_BAD,2026-05-05 16:27:52,6.849,10^9/L,N,Final
LRES000002327,LORD000002555,2026-04-09 16:04:21,3.985,10^9/L,L,Preliminary
LRES000002328,LORD000002556,2026-05-06 16:26:14,135.883,mmol/L,N,Final
LRES000002329,LORD000002557,2026-05-07 09:26:14,13.178,g/dL,N,Final
LRES000002330,LORD000002558,2026-01-24 07:44:26,4.14,mmol/L,N,Final
LRES000002331,LORD000002559,2026-01-13 01:52:46,15.545,ng/L,N,Final
LRES000002332,LORD000002560,2026-01-12 08:52:46,8.331,10^9/L,N,Preliminary
LRES000002333,LORD000002561,2026-03-19 05:16:21,139.654,mmol/L,N,Final
LRES000002334,LORD000002562,2026-03-19 21:16:21,426.823,10^9/L,N,Preliminary
LRES000002335,LORD000002564,2026-03-10 19:54:36,7.633,10^9/L,N,Final
LRES000002336,LORD000002565,2026-01-12 18:00:28,3.425,mmol/L,L,Final
LRES000002337,LORD000002566,2026-01-12 18:00:28,3.52,mmol/L,N,Preliminary
LRES000002338,LORD000002567,2026-05-09 05:31:57,17.938,g/dL,H,Final
LRES000002339,LORD000002568,2026-05-08 18:31:57,139.177,mmol/L,N,Final
LRES000002340,LORD000002569,2026-01-12 04:22:18,12.598,g/dL,N,Preliminary
LRES000002341,LORD000002570,2026-01-12 13:22:18,17.177,ng/L,N,Preliminary
LRES000002342,LORD000002571,2026-02-16 19:28:00,1.063,mg/dL,N,Preliminary
LRES000002343,LORD000002572,2026-01-27 18:48:45,15.921,g/dL,N,Final
LRES000002344,LORD000002573,2026-02-13 13:33:49,4.861,mmol/L,N,Final
LRES000002345,LORD000002574,2026-02-13 22:33:49,13.266,ng/L,N,Final
LRES000002346,LORD000002575,2026-04-18 05:27:02,304.084,10^9/L,N,Final
LRES000002347,LORD000002576,2026-04-18 07:27:02,5.14,mmol/L,N,Final
LRES000002348,LORD000002577,2026-02-17 20:23:05,121.606,mg/dL,N,Preliminary
LRES000002349,LORD000002578,2026-02-18 04:23:05,2.931,10^9/L,L,Final
LRES000002350,LORD000002579,2026-04-06 02:45:19,3.993,mmol/L,N,Final
LRES000002351,LORD000002580,2026-03-14 20:47:50,15.515,g/dL,N,Final
LRES000002352,LORD000002581,2026-03-19 23:37:46,138.974,mmol/L,N,Preliminary
LRES000002353,LORD000002582,2026-04-14 02:55:32,6.666,ng/L,N,Final
LRES000002354,LORD000002583,2026-04-13 09:55:32,86.925,10^9/L,L,Final
LRES000002355,LORD000002584,2026-03-27 01:03:14,15.995,g/dL,N,Final
LRES000002356,LORD000002585,2026-03-26 13:03:14,137.006,mmol/L,N,Final
LRES000002357,LORD000002586,2026-05-13 13:52:46,4.99,10^9/L,N,Final
LRES000002358,LORD000002587,2026-03-21 00:56:01,4.144,mmol/L,N,Preliminary
LRES000002359,LORD000002588,2026-04-04 18:15:18,359.356,10^9/L,N,Final
LRES000002360,LORD000002589,2026-02-16 12:25:46,6.62,10^9/L,N,Preliminary
LRES000002361,LORD000002590,2026-02-16 10:25:46,4.514,mmol/L,N,Final
LRES000002362,LORD000002591,2026-01-08 11:06:02,267.58,10^9/L,N,Final
LRES000002363,LORD000002593,2026-02-26 09:40:55,4.644,mmol/L,N,Final
LRES000002364,LORD000002594,2026-01-04 05:18:12,103.0,mg/dL,N,Final
LRES000002365,LORD000002595,2026-01-03 05:18:12,10.754,10^9/L,N,Final
LRES000002366,LORD000002596,2026-05-22 21:45:52,128.787,mg/dL,N,Final
LRES000002367,LORD000002597,2026-05-22 15:45:52,143.95,mmol/L,N,Final
LRES000002368,LORD000002598,2026-02-08 11:26:40,4.924,mmol/L,N,Final
LRES000002369,LORD000002600,2026-04-19 01:53:07,14.073,g/dL,N,Final
LRES000002370,LORD000002601,2026-02-11 09:54:50,7.178,ng/L,N,Final
LRES000002371,LORD000002602,2026-02-11 02:54:50,133.14,mg/dL,N,Preliminary
LRES000002372,LORD000002603,2026-01-29 21:38:23,10.467,g/dL,L,Final
LRES000002373,LORD000002604,2026-02-05 13:32:06,7.456,10^9/L,N,Final
LRES000002374,LORD000002605,2026-02-04 22:32:06,1.09,mg/dL,N,Final
LRES000002375,LORD_BAD,2026-03-01 13:02:38,107.717,mg/dL,N,Final
LRES000002376,LORD000002607,2026-03-02 05:02:38,144.59,mmol/L,N,Preliminary
LRES000002377,LORD000002608,2026-03-03 09:06:28,134.35,mmol/L,L,Preliminary
LRES000002378,LORD000002609,2026-05-23 10:23:59,12.957,ng/L,N,Final
LRES000002379,LORD000002610,2026-05-23 11:23:59,4.489,mmol/L,N,Final
LRES000002380,LORD000002611,2026-02-28 05:31:47,11.413,ng/L,N,Final
LRES000002381,LORD000002612,2026-01-27 13:49:59,75.317,mg/dL,N,Final
LRES000002382,LORD000002614,2026-05-24 02:23:33,4.446,mmol/L,N,Final
LRES000002383,LORD000002616,2026-02-09 07:56:58,118.851,mg/dL,N,Preliminary
LRES000002384,LORD000002617,2026-02-08 17:56:58,4.696,mmol/L,N,Final
LRES000002385,LORD000002618,2026-05-27 09:20:23,3.45,10^9/L,L,Preliminary
LRES000002386,LORD000002619,2026-05-27 03:20:23,0.735,mg/dL,N,Final
LRES000002387,LORD000002620,2026-03-14 10:20:36,4.054,mmol/L,N,Final
LRES000002388,LORD000002621,2026-05-11 04:21:41,0.821,mg/dL,N,Final
LRES000002389,LORD000002622,2026-03-15 01:26:28,21.769,ng/L,H,Final
LRES000002390,LORD000002623,2026-01-06 23:21:36,4.872,mmol/L,N,Final
LRES000002391,LORD000002624,2026-01-20 14:30:30,6.735,ng/L,N,Preliminary
LRES000002392,LORD000002625,2026-01-21 09:30:30,1.044,mg/dL,N,Final
LRES000002393,LORD000002626,2026-04-09 12:24:41,11.222,10^9/L,H,Preliminary
LRES000002394,LORD000002627,2026-04-08 23:24:41,3.567,10^9/L,L,Final
LRES000002395,LORD000002628,2026-01-28 18:45:24,0.946,mg/dL,N,Final
LRES000002396,LORD000002629,2026-01-28 21:45:24,100.084,mg/dL,N,Final
LRES000002397,LORD000002630,2026-01-30 06:30:25,123.594,mg/dL,N,Final
LRES000002398,LORD000002631,2026-02-10 03:19:41,4.485,mmol/L,N,Final
LRES000002399,LORD000002632,2026-02-09 21:19:41,0.875,mg/dL,N,Final
LRES000002400,LORD000002633,2026-01-04 05:15:55,229.608,10^9/L,N,Final
LRES000002401,LORD000002634,2026-01-03 20:15:55,75.682,mg/dL,N,Final
LRES000002402,LORD000002635,2026-04-29 13:01:51,147.209,mmol/L,H,Final
LRES000002403,LORD000002636,2026-04-30 04:01:51,10.494,10^9/L,N,Final
LRES000002404,LORD000002637,2026-01-19 17:31:41,14.831,g/dL,N,Preliminary
LRES000002405,LORD000002638,2026-01-19 10:31:41,-4.83,ng/L,L,Final
LRES000002406,LORD000002639,2026-03-02 02:16:43,139.527,mmol/L,N,Final
LRES000002407,LORD000002640,2026-03-01 19:16:43,138.603,mmol/L,N,Final
LRES000002408,LORD000002641,2026-04-24 18:40:07,1.188,mg/dL,N,Preliminary
LRES000002409,LORD000002642,2026-04-24 08:40:07,15.809,g/dL,N,Final
LRES000002410,LORD000002643,2026-03-15 08:29:22,4.03,mmol/L,N,Preliminary
LRES000002411,LORD000002644,2026-02-11 10:22:24,12.636,g/dL,N,Final
LRES000002412,LORD000002646,2026-05-12 03:35:11,8.601,ng/L,N,Preliminary
LRES000002413,LORD000002647,2026-02-01 04:00:39,2.02,ng/L,N,Final
LRES000002414,LORD000002648,2026-01-31 13:00:39,135.09,mmol/L,N,Preliminary
LRES000002415,LORD000002650,2026-01-25 23:10:31,274.986,10^9/L,N,Preliminary
LRES000002416,LORD000002651,2026-03-21 01:51:15,0.881,mg/dL,N,Final
LRES000002417,LORD000002652,2026-05-09 15:36:41,0.648,mg/dL,N,Preliminary
LRES000002418,LORD000002653,2026-01-15 21:52:46,0.819,mg/dL,N,Preliminary
LRES000002419,LORD000002655,2026-04-29 10:47:47,166.172,mg/dL,H,Final
LRES000002420,LORD000002656,2026-02-13 22:01:08,144.034,mmol/L,N,Final
LRES000002421,LORD000002657,2026-05-27 05:01:17,16.229,ng/L,N,Final
LRES000002422,LORD000002658,2026-05-06 08:28:37,18.7,g/dL,H,Final
LRES000002423,LORD000002659,2026-01-13 04:44:07,3.615,mmol/L,N,Final
LRES000002424,LORD000002660,2026-05-09 07:34:48,0.957,mg/dL,N,Final
LRES000002425,LORD000002661,2026-05-10 01:34:48,5.126,mmol/L,N,Final
LRES000002426,LORD000002662,2026-03-04 05:35:46,78.97,mg/dL,N,Preliminary
LRES000002427,LORD000002663,2026-04-07 22:57:41,141.443,mmol/L,N,Preliminary
LRES000002428,LORD000002664,2026-04-08 12:57:41,4.921,mmol/L,N,Final
LRES000002429,LORD000002666,2026-05-13 00:57:55,0.846,mg/dL,N,Final
LRES000002430,LORD000002667,2026-03-03 19:36:36,3.893,mmol/L,N,Final
LRES000002431,LORD000002669,2026-04-14 07:17:41,10.351,10^9/L,N,Final
LRES000002432,LORD000002670,2026-05-16 04:09:36,14.727,g/dL,N,Preliminary
LRES000002433,LORD000002671,2026-02-15 16:30:13,3.611,mmol/L,N,Final
LRES000002434,LORD000002672,2026-02-16 13:30:13,-5.566,ng/L,L,Final
LRES000002435,LORD000002673,2026-06-01 05:23:36,352.366,10^9/L,N,Final
LRES000002436,LORD000002674,2026-06-01 11:23:36,22.506,ng/L,H,Final
LRES000002437,LORD000002675,2026-02-10 01:48:36,15.601,g/dL,N,Final
LRES000002438,LORD000002676,2026-02-09 02:48:36,135.541,mmol/L,N,Final
LRES000002439,LORD000002677,2026-04-15 19:30:31,349.852,10^9/L,N,Final
LRES000002440,LORD000002678,2026-04-16 11:30:31,6.759,10^9/L,N,Final
LRES000002441,LORD000002680,2026-03-05 04:37:31,121.679,mg/dL,N,Final
LRES000002442,LORD000002681,2026-03-04 16:37:31,386.428,10^9/L,N,Final
LRES000002443,LORD000002682,2026-01-18 05:55:38,15.918,ng/L,N,Final
LRES000002444,LORD000002683,2026-01-17 11:55:38,142.057,mmol/L,N,Preliminary
LRES000002445,LORD000002684,2026-03-12 01:01:12,10.874,ng/L,N,Final
LRES000002446,LORD000002685,2026-03-12 00:01:12,1.031,mg/dL,N,Final
LRES000002447,LORD000002686,2026-04-25 09:35:08,138.581,mmol/L,N,Preliminary
LRES000002448,LORD000002687,2026-04-25 05:35:08,7.412,10^9/L,N,Final
LRES000002449,LORD000002688,2026-05-23 03:04:39,329.022,10^9/L,N,Preliminary
LRES000002450,LORD000002689,2026-04-23 07:04:35,22.427,ng/L,H,Preliminary
LRES000002451,LORD000002690,2026-04-23 13:04:35,15.196,g/dL,N,Final
LRES000002452,LORD000002691,2026-02-18 09:52:48,0.835,mg/dL,N,Preliminary
LRES000002453,LORD000002692,2026-05-12 12:10:46,13.716,g/dL,N,Final
LRES000002454,LORD000002693,2026-01-21 11:00:06,14.737,g/dL,N,Final
LRES000002455,LORD000002694,2026-01-21 14:00:06,1.265,mg/dL,N,Final
LRES000002456,LORD000002695,2026-03-10 09:08:27,12.359,ng/L,N,Final
LRES000002457,LORD000002696,2026-05-23 16:59:59,4.951,mmol/L,N,Preliminary
LRES000002458,LORD000002697,2026-05-23 10:59:59,4.164,mmol/L,N,Final
LRES000002459,LORD000002698,2026-04-10 07:10:21,198.108,10^9/L,N,Preliminary
LRES000002460,LORD000002699,2026-02-25 03:04:37,92.245,mg/dL,N,Preliminary
LRES000002461,LORD000002700,2026-03-12 09:53:57,86.528,mg/dL,N,Final
LRES000002462,LORD000002701,2026-03-12 11:53:57,12.224,ng/L,N,Final
LRES000002463,LORD000002702,2026-02-04 13:03:44,134.559,10^9/L,L,Final
LRES000002464,LORD000002703,2026-02-04 23:03:44,7.624,10^9/L,N,Final
LRES000002465,LORD000002704,2026-03-01 10:45:37,1.038,mg/dL,N,Final
LRES000002466,LORD000002705,2026-02-28 19:45:37,3.595,10^9/L,L,Final
LRES000002467,LORD000002706,2026-01-22 04:45:43,11.412,ng/L,N,Preliminary
LRES000002468,LORD000002707,2026-05-31 22:40:09,1.106,mg/dL,N,Preliminary
LRES000002469,LORD000002708,2026-01-07 02:38:40,110.971,mg/dL,N,Preliminary
LRES000002470,LORD000002709,2026-04-07 16:31:12,472.423,10^9/L,H,Final
LRES000002471,LORD000002710,2026-03-15 14:04:59,144.57,mmol/L,N,Preliminary
LRES000002472,LORD000002711,2026-03-15 11:04:59,140.279,mmol/L,N,Preliminary
LRES000002473,LORD000002712,2026-01-20 09:21:33,137.309,mmol/L,N,Final
LRES000002474,LORD000002713,2026-01-20 02:21:33,7.503,ng/L,N,Preliminary
LRES000002475,LORD000002715,2026-01-13 16:32:21,443.909,10^9/L,N,Final
LRES000002476,LORD000002716,2026-03-21 19:13:22,1.087,mg/dL,N,Final
LRES000002477,LORD000002717,2026-03-10 21:42:03,7.479,10^9/L,N,Final
LRES000002478,LORD000002718,2026-03-10 16:42:03,3.216,ng/L,N,Final
LRES000002479,LORD000002719,2026-03-27 22:09:05,323.578,10^9/L,N,Preliminary
LRES000002480,LORD000002720,2026-02-14 16:45:37,122.18,mg/dL,N,Final
LRES000002481,LORD000002721,2026-03-09 02:48:39,4.878,mmol/L,N,Preliminary
LRES000002482,LORD000002722,2026-02-11 18:53:11,16.546,g/dL,N,Final
LRES000002483,LORD000002723,2026-02-12 20:53:11,14.367,g/dL,N,Final
LRES000002484,LORD000002724,2026-01-13 15:15:44,141.239,mmol/L,N,Final
LRES000002485,LORD000002725,2026-04-07 16:33:47,69.797,mg/dL,L,Preliminary
LRES000002486,LORD000002726,2026-04-08 04:33:47,9.51,10^9/L,N,Final
LRES000002487,LORD000002727,2026-03-04 13:29:52,4.806,mmol/L,N,Final
LRES000002488,LORD000002728,2026-03-04 13:29:52,5.673,10^9/L,N,Final
LRES000002489,LORD000002729,2026-05-07 23:07:51,3.714,mmol/L,N,Preliminary
LRES000002490,LORD000002731,2026-01-15 06:25:40,7.939,ng/L,N,Preliminary
LRES000002491,LORD000002732,2026-01-15 02:25:40,4.38,10^9/L,N,Final
LRES000002492,LORD000002733,2026-04-08 14:26:57,120.583,mg/dL,N,Final
LRES000002493,LORD000002734,2026-04-08 00:26:57,139.658,mmol/L,N,Preliminary
LRES000002494,LORD000002735,2026-03-04 05:43:23,142.201,mmol/L,N,Final
LRES000002495,LORD000002736,2026-03-04 02:43:23,17.448,ng/L,N,Preliminary
LRES000002496,LORD000002737,2026-05-05 13:10:29,8.03,10^9/L,N,Preliminary
LRES000002497,LORD000002738,2026-05-05 01:10:29,7.65,10^9/L,N,Preliminary
LRES000002498,LORD000002739,2026-02-05 13:58:19,138.467,mg/dL,N,Preliminary
LRES000002499,LORD000002740,2026-04-27 05:13:41,8.418,10^9/L,N,Final
LRES000002500,LORD000002741,2026-04-27 09:13:41,137.212,mmol/L,N,Final
LRES000002501,LORD000002742,2026-01-09 14:48:05,139.46,mmol/L,N,Final
LRES000002502,LORD000002743,2026-02-13 12:49:58,230.531,10^9/L,N,Final
LRES000002503,LORD000002744,2026-02-14 03:49:58,17.711,ng/L,N,Final
LRES000002504,LORD000002745,2026-05-24 06:24:50,0.776,mg/dL,N,Final
LRES000002505,LORD000002746,2026-04-04 01:47:42,129.34,mg/dL,N,Final
LRES000002506,LORD000002747,2026-05-12 04:42:57,4.527,mmol/L,N,Preliminary
LRES000002507,LORD000002748,2026-05-11 19:42:57,4.666,mmol/L,N,Preliminary
LRES000002508,LORD000002749,2026-04-14 01:29:47,3.98,10^9/L,L,Final
LRES000002509,LORD000002750,2026-04-13 19:29:47,7.38,ng/L,N,Final
LRES000002510,LORD000002751,2026-02-26 15:06:21,12.115,g/dL,N,Preliminary
LRES000002511,LORD000002752,2026-01-04 03:07:41,0.772,mg/dL,N,Final
LRES000002512,LORD000002754,2026-02-22 01:47:58,4.263,mmol/L,N,Final
LRES000002513,LORD000002755,2026-01-02 01:26:21,10.238,10^9/L,N,Final
LRES000002514,LORD000002756,2026-01-01 22:26:21,13.722,g/dL,N,Preliminary
LRES000002515,LORD000002757,2026-05-16 08:52:29,93.977,mg/dL,N,Preliminary
LRES000002516,LORD000002758,2026-05-16 14:52:29,7.678,10^9/L,N,Final
LRES000002517,LORD000002759,2026-01-05 17:21:07,0.884,mg/dL,N,Final
LRES000002518,LORD000002760,2026-03-26 14:55:51,366.713,10^9/L,N,Preliminary
LRES000002519,LORD000002761,2026-05-13 22:09:52,16.921,ng/L,N,Final
LRES000002520,LORD000002763,2026-03-31 08:50:36,15.727,g/dL,N,Final
LRES000002521,LORD000002764,2026-03-10 00:30:33,137.512,mmol/L,N,Preliminary
LRES000002522,LORD000002765,2026-01-15 14:17:04,139.526,mmol/L,N,Preliminary
LRES000002523,LORD000002766,2026-03-04 04:07:36,144.358,mmol/L,N,Final
LRES000002524,LORD000002767,2026-01-27 15:44:41,437.453,10^9/L,N,Final
LRES000002525,LORD000002768,2026-01-19 14:15:20,140.24,mmol/L,N,Preliminary
LRES000002526,LORD000002769,2026-01-13 14:03:22,6.551,10^9/L,N,Final
LRES000002527,LORD000002770,2026-02-05 02:22:39,71.135,mg/dL,N,Final
LRES000002528,LORD000002771,2026-02-05 08:22:39,0.753,mg/dL,N,Final
LRES000002529,LORD000002772,2026-04-22 06:16:08,10.915,10^9/L,N,Preliminary
LRES000002530,LORD000002773,2026-04-21 21:16:08,9.604,10^9/L,N,Final
LRES000002531,LORD000002775,2026-04-20 10:51:39,9.889,ng/L,N,Preliminary
LRES000002532,LORD000002776,2026-02-14 00:43:33,6.978,ng/L,N,Final
LRES000002533,LORD000002777,2026-02-13 22:43:33,1.054,mg/dL,N,Preliminary
LRES000002534,LORD000002778,2026-03-20 22:47:07,143.606,mmol/L,N,Preliminary
LRES000002535,LORD000002779,2026-03-27 20:03:21,326.946,10^9/L,N,Final
LRES000002536,LORD000002780,2026-04-19 22:14:07,8.807,ng/L,N,Final
LRES000002537,LORD000002781,2026-04-24 14:36:34,10.205,ng/L,N,Final
LRES000002538,LORD000002782,2026-04-24 19:36:34,3.127,10^9/L,L,Final
LRES000002539,LORD000002783,2026-01-09 03:54:11,16.781,g/dL,N,Final
LRES000002540,LORD000002784,2026-01-09 05:54:11,98.449,mg/dL,N,Final
LRES000002541,LORD_BAD,2026-04-27 03:27:13,270.865,10^9/L,N,Final
LRES000002542,LORD000002786,2026-04-27 01:27:13,14.094,g/dL,N,Preliminary
LRES000002543,LORD000002787,2026-04-15 07:28:10,0.745,mg/dL,N,Final
LRES000002544,LORD000002788,2026-03-13 18:36:53,14.937,g/dL,N,Final
LRES000002545,LORD000002789,2026-01-19 15:46:27,16.284,g/dL,N,Preliminary
LRES000002546,LORD000002790,2026-04-09 04:26:50,11.119,10^9/L,H,Final
LRES000002547,LORD000002791,2026-04-09 15:26:50,8.876,ng/L,N,Final
LRES000002548,LORD000002792,2026-04-30 15:59:31,140.792,mmol/L,N,Final
LRES000002549,LORD000002793,2026-03-03 11:57:19,361.55,10^9/L,N,Final
LRES000002550,LORD000002794,2026-03-03 04:57:19,12.877,g/dL,N,Preliminary
LRES000002551,LORD000002795,2026-01-23 08:21:58,8.96,ng/L,N,Final
LRES000002552,LORD000002797,2026-03-20 15:24:25,141.021,mmol/L,N,Final
LRES000002553,LORD000002798,2026-02-06 02:18:11,1.173,mg/dL,N,Final
LRES000002554,LORD000002799,2026-03-08 05:24:56,,mg/dL,N,Final
LRES000002555,LORD000002800,2026-03-08 10:24:56,322.536,10^9/L,N,Final
LRES000002556,LORD000002801,2026-04-12 12:20:20,16.642,g/dL,N,Final
LRES000002557,LORD000002802,2026-04-11 22:20:20,89.762,mg/dL,N,Final
LRES000002558,LORD000002803,2026-05-15 18:27:52,5.131,10^9/L,N,Preliminary
LRES000002559,LORD000002804,2026-02-21 12:35:43,11.532,ng/L,N,Final
LRES000002560,LORD000002805,2026-02-21 20:35:43,136.176,mmol/L,N,Final
LRES000002561,LORD000002806,2026-02-25 11:52:43,9.13,ng/L,N,Final
LRES000002562,LORD000002807,2026-02-25 06:52:43,212.476,10^9/L,N,Final
LRES000002563,LORD000002808,2026-05-08 18:36:31,111.194,mg/dL,N,Final
LRES000002564,LORD000002809,2026-03-18 04:09:19,0.554,mg/dL,L,Final
LRES000002565,LORD000002810,2026-02-17 21:51:15,5.723,10^9/L,N,Final
LRES000002566,LORD000002811,2026-02-17 21:51:15,,mmol/L,N,Preliminary
LRES000002567,LORD000002812,2026-03-09 06:39:34,3.386,mmol/L,L,Final
LRES000002568,LORD000002813,2026-03-09 13:39:34,143.6,mg/dL,H,Final
LRES000002569,LORD000002814,2026-03-21 06:08:59,4.86,10^9/L,N,Final
LRES000002570,LORD000002816,2026-02-05 10:01:14,262.588,10^9/L,N,Final
LRES000002571,LORD000002817,2026-02-05 19:01:14,17.298,g/dL,N,Final
LRES000002572,LORD000002818,2026-02-24 13:50:29,425.541,10^9/L,N,Final
LRES000002573,LORD000002819,2026-02-20 08:51:38,13.148,g/dL,N,Final
LRES000002574,LORD000002821,2026-02-08 03:36:56,18.167,g/dL,H,Final
LRES000002575,LORD000002822,2026-03-29 07:17:17,13.872,ng/L,N,Final
LRES000002576,LORD000002823,2026-03-28 22:17:17,0.796,mg/dL,N,Preliminary
LRES000002577,LORD000002824,2026-01-08 14:28:56,4.747,mmol/L,N,Final
LRES000002578,LORD000002825,2026-05-30 22:50:44,133.439,mmol/L,L,Final
LRES000002579,LORD000002826,2026-05-31 14:50:44,137.731,mmol/L,N,Final
LRES000002580,LORD000002827,2026-02-21 05:27:13,21.046,ng/L,H,Preliminary
LRES000002581,LORD000002828,2026-02-21 11:27:13,4.732,mmol/L,N,Preliminary
LRES000002582,LORD000002829,2026-04-15 19:09:21,0.938,mg/dL,N,Final
LRES000002583,LORD000002830,2026-05-05 18:22:43,15.312,g/dL,N,Final
LRES000002584,LORD000002832,2026-05-12 09:11:50,8.669,10^9/L,N,Final
LRES000002585,LORD000002833,2026-05-12 05:11:50,-2.664,ng/L,L,Final
LRES000002586,LORD000002836,2026-04-26 12:47:00,73.343,mg/dL,N,Final
LRES000002587,LORD000002837,2026-04-06 12:51:56,4.007,ng/L,N,Final
LRES000002588,LORD000002838,2026-05-10 03:48:02,4.696,mmol/L,N,Preliminary
LRES000002589,LORD000002839,2026-05-10 17:48:02,142.07,mmol/L,N,Preliminary
LRES000002590,LORD000002840,2026-05-13 23:13:52,3.716,mmol/L,N,Final
LRES000002591,LORD000002841,2026-05-14 11:13:52,1.042,mg/dL,N,Preliminary
LRES000002592,LORD000002842,2026-02-28 08:19:47,16.233,g/dL,N,Final
LRES000002593,LORD000002843,2026-05-19 03:59:46,99.749,mg/dL,N,Preliminary
LRES000002594,LORD000002844,2026-01-19 14:44:38,5.369,10^9/L,N,Preliminary
LRES000002595,LORD000002845,2026-02-10 13:54:21,139.889,mmol/L,N,Preliminary
LRES000002596,LORD000002846,2026-02-11 08:54:21,16.781,g/dL,N,Final
LRES000002597,LORD000002847,2026-03-18 11:03:54,1.114,mg/dL,N,Preliminary
LRES000002598,LORD000002848,2026-03-17 16:03:54,4.589,mmol/L,N,Preliminary
LRES000002599,LORD000002849,2026-05-04 17:09:23,109.338,mg/dL,N,Final
LRES000002600,LORD000002850,2026-05-04 17:09:23,5.111,mmol/L,N,Final
LRES000002601,LORD000002852,2026-02-21 16:07:08,139.175,mmol/L,N,Final
LRES000002602,LORD000002853,2026-03-25 17:01:50,237.608,10^9/L,N,Preliminary
LRES000002603,LORD000002854,2026-02-19 07:18:56,10.814,ng/L,N,Final
LRES000002604,LORD000002855,2026-02-19 11:18:56,3.925,mmol/L,N,Final
LRES000002605,LORD000002856,2026-03-01 17:47:55,5.316,10^9/L,N,Final
LRES000002606,LORD000002857,2026-02-12 19:15:09,136.394,mmol/L,N,Preliminary
LRES000002607,LORD000002858,2026-04-03 14:03:50,427.282,10^9/L,N,Final
LRES000002608,LORD000002859,2026-01-14 08:36:24,0.934,mg/dL,N,Final
LRES000002609,LORD000002860,2026-01-14 21:36:24,0.658,mg/dL,N,Final
LRES000002610,LORD000002861,2026-03-11 10:10:39,0.888,mg/dL,N,Preliminary
LRES000002611,LORD000002862,2026-05-04 15:47:36,5.373,10^9/L,N,Final
LRES000002612,LORD000002863,2026-05-05 07:47:36,295.976,10^9/L,N,Final
LRES000002613,LORD000002864,2026-03-21 05:06:24,3.935,mmol/L,N,Preliminary
LRES000002614,LORD000002865,2026-03-12 19:17:23,4.875,mmol/L,N,Final
LRES000002615,LORD000002866,2026-01-27 21:29:41,0.948,mg/dL,N,Preliminary
LRES000002616,LORD000002867,2026-03-28 15:28:31,137.947,mmol/L,N,Final
LRES000002617,LORD000002868,2026-03-08 02:58:17,4.321,10^9/L,N,Final
LRES000002618,LORD000002869,2026-02-17 16:01:14,0.812,mg/dL,N,Final
LRES000002619,LORD000002870,2026-03-24 14:18:00,310.52,10^9/L,N,Final
LRES000002620,LORD000002871,2026-03-24 14:18:00,16.515,g/dL,N,Final
LRES000002621,LORD000002872,2026-01-24 12:58:26,132.94,mmol/L,L,Final
LRES000002622,LORD000002874,2026-03-06 04:39:53,16.713,g/dL,N,Final
LRES000002623,LORD000002875,2026-02-05 13:50:27,10.48,10^9/L,N,Final
LRES000002624,LORD000002876,2026-02-05 18:50:27,260.509,10^9/L,N,Final
LRES000002625,LORD000002877,2026-03-11 17:36:25,139.848,mmol/L,N,Preliminary
LRES000002626,LORD000002878,2026-05-16 16:29:52,5.3,mmol/L,H,Preliminary
LRES000002627,LORD000002879,2026-03-14 20:59:43,0.893,mg/dL,N,Final
LRES000002628,LORD000002880,2026-03-14 13:59:43,134.26,mmol/L,L,Final
LRES000002629,LORD000002881,2026-05-14 03:49:51,107.081,mg/dL,N,Final
LRES000002630,LORD000002882,2026-05-14 00:49:51,0.843,mg/dL,N,Preliminary
LRES000002631,LORD000002883,2026-01-07 18:44:29,0.777,mg/dL,N,Preliminary
LRES000002632,LORD000002885,2026-04-18 23:51:13,1.09,mg/dL,N,Final
LRES000002633,LORD000002886,2026-03-02 08:37:11,286.55,10^9/L,N,Final
LRES000002634,LORD000002887,2026-03-13 01:45:51,104.92,mg/dL,N,Preliminary
LRES000002635,LORD000002888,2026-03-13 02:45:51,65.795,mg/dL,L,Preliminary
LRES000002636,LORD000002890,2026-01-02 00:00:58,120.97,mg/dL,N,Final
LRES000002637,LORD000002891,2026-01-02 07:00:58,5.776,ng/L,N,Preliminary
LRES000002638,LORD000002892,2026-05-18 19:17:39,0.726,mg/dL,N,Final
LRES000002639,LORD000002893,2026-05-18 22:17:39,5.185,mmol/L,N,Final
LRES000002640,LORD000002894,2026-05-21 12:59:43,3.453,ng/L,N,Final
LRES000002641,LORD000002895,2026-05-21 09:59:43,106.343,mg/dL,N,Final
LRES000002642,LORD000002897,2026-01-18 09:27:43,136.962,mmol/L,N,Final
LRES000002643,LORD000002898,2026-02-27 09:54:36,13.82,g/dL,N,Final
LRES000002644,LORD000002899,2026-01-11 22:12:34,3.744,mmol/L,N,Preliminary
LRES000002645,LORD000002900,2026-01-12 01:12:34,79.452,mg/dL,N,Preliminary
LRES000002646,LORD000002902,2026-05-29 06:45:27,4.771,mmol/L,N,Final
LRES000002647,LORD000002903,2026-05-30 06:45:27,0.772,mg/dL,N,Final
LRES000002648,LORD000002905,2026-01-07 06:58:53,113.894,mg/dL,N,Final
LRES000002649,LORD000002906,2026-01-06 21:58:53,3.668,mmol/L,N,Final
LRES000002650,LORD000002907,2026-02-18 15:27:23,15.192,g/dL,N,Final
LRES000002651,LORD000002908,2026-05-06 10:33:51,134.577,mmol/L,L,Final
LRES000002652,LORD000002910,2026-02-06 02:30:55,11.435,ng/L,N,Preliminary
LRES000002653,LORD000002911,2026-02-05 13:30:55,4.48,mmol/L,N,Preliminary
LRES000002654,LORD000002912,2026-03-22 03:03:32,77.29,mg/dL,N,Final
LRES000002655,LORD000002913,2026-02-01 20:48:39,0.735,mg/dL,N,Final
LRES000002656,LORD000002914,2026-02-02 04:48:39,4.277,mmol/L,N,Final
LRES000002657,LORD000002915,2026-05-21 23:30:42,76.094,mg/dL,N,Final
LRES000002658,LORD000002916,2026-05-21 11:30:42,16.983,g/dL,N,Final
LRES000002659,LORD000002917,2026-04-14 11:33:42,3.315,ng/L,N,Preliminary
LRES000002660,LORD000002918,2026-04-14 19:33:42,141.885,mmol/L,N,Final
LRES000002661,LORD000002919,2026-03-12 12:09:31,12.776,ng/L,N,Preliminary
LRES000002662,LORD000002920,2026-03-12 00:09:31,17.772,g/dL,H,Final
LRES000002663,LORD000002921,2026-04-14 15:15:46,140.203,mmol/L,N,Preliminary
LRES000002664,LORD000002923,2026-04-16 19:33:55,13.242,g/dL,N,Final
LRES000002665,LORD000002924,2026-04-17 07:33:55,81.823,mg/dL,N,Final
LRES000002666,LORD000002926,2026-03-10 17:30:09,17.877,g/dL,H,Final
LRES000002667,LORD000002927,2026-05-04 13:15:53,5.275,ng/L,N,Final
LRES000002668,LORD000002928,2026-05-04 13:15:53,9.964,10^9/L,N,Final
LRES000002669,LORD000002929,2026-01-20 10:21:20,108.054,mg/dL,N,Final
LRES000002670,LORD000002930,2026-01-20 00:21:20,5.328,10^9/L,N,Final
LRES000002671,LORD000002931,2026-01-19 20:50:21,139.573,mmol/L,N,Preliminary
LRES000002672,LORD000002932,2026-02-20 05:11:27,5.8,10^9/L,N,Preliminary
LRES000002673,LORD000002933,2026-02-19 11:11:27,5.927,ng/L,N,Preliminary
LRES000002674,LORD000002934,2026-03-24 22:32:40,139.9,mmol/L,N,Preliminary
LRES000002675,LORD000002935,2026-03-24 09:32:40,443.292,10^9/L,N,Final
LRES000002676,LORD000002936,2026-05-10 07:56:06,0.501,mg/dL,L,Preliminary
LRES000002677,LORD000002937,2026-05-10 14:56:06,74.137,mg/dL,N,Final
LRES000002678,LORD000002938,2026-03-20 23:40:07,135.305,mg/dL,N,Final
LRES000002679,LORD000002939,2026-03-16 10:04:08,279.905,10^9/L,N,Preliminary
LRES000002680,LORD000002940,2026-04-27 01:57:00,9.375,10^9/L,N,Final
LRES000002681,LORD000002941,2026-03-02 06:31:05,24.145,ng/L,H,Preliminary
LRES000002682,LORD000002943,2026-02-13 18:15:58,4.418,mmol/L,N,Final
LRES000002683,LORD000002945,2026-02-04 01:08:52,0.923,mg/dL,N,Final
LRES000002684,LORD000002946,2026-02-23 03:43:20,507.799,10^9/L,H,Preliminary
LRES000002685,LORD000002947,2026-02-23 03:43:20,138.005,10^9/L,L,Final
LRES000002686,LORD000002948,2026-05-15 13:08:13,12.247,g/dL,N,Final
LRES000002687,LORD000002949,2026-05-02 19:32:16,11.519,ng/L,N,Final
LRES000002688,LORD000002950,2026-05-03 12:32:16,0.7,mg/dL,N,Final
LRES000002689,LORD000002951,2026-04-06 16:05:39,4.488,mmol/L,N,Final
LRES000002690,LORD000002952,2026-04-06 21:05:39,388.87,10^9/L,N,Preliminary
LRES000002691,LORD000002953,2026-03-30 14:08:42,10.384,g/dL,L,Final
LRES000002692,LORD000002954,2026-03-30 17:08:42,12.349,g/dL,N,Preliminary
LRES000002693,LORD000002955,2026-04-14 20:37:34,97.813,mg/dL,N,Preliminary
LRES000002694,LORD000002956,2026-04-23 06:24:26,14.877,g/dL,N,Preliminary
LRES000002695,LORD000002957,2026-04-23 06:24:26,19.131,ng/L,H,Final
LRES000002696,LORD000002958,2026-02-02 06:54:42,17.169,ng/L,N,Preliminary
LRES000002697,LORD000002959,2026-05-15 08:56:18,-0.839,ng/L,L,Final
LRES000002698,LORD000002960,2026-05-15 20:56:18,15.768,g/dL,N,Final
LRES000002699,LORD000002961,2026-04-11 02:10:55,127.235,mg/dL,N,Final
LRES000002700,LORD000002962,2026-04-10 04:10:55,4.9,ng/L,N,Final
LRES000002701,LORD000002963,2026-02-23 07:10:31,15.326,ng/L,N,Preliminary
LRES000002702,LORD000002964,2026-04-28 19:20:17,0.871,mg/dL,N,Final
LRES000002703,LORD000002965,2026-04-27 23:20:17,4.196,mmol/L,N,Final
LRES000002704,LORD000002966,2026-01-14 09:12:49,10.545,ng/L,N,Final
LRES000002705,LORD000002967,2026-01-23 09:36:55,0.962,mg/dL,N,Final
LRES000002706,LORD000002968,2026-01-23 15:36:55,107.718,mg/dL,N,Final
LRES000002707,LORD000002969,2026-04-29 01:08:08,14.586,g/dL,N,Preliminary
LRES000002708,LORD000002971,2026-03-01 08:17:25,655.319,10^9/L,H,Final
LRES000002709,LORD000002972,2026-04-13 02:05:10,1.169,mg/dL,N,Preliminary
LRES000002710,LORD000002973,2026-04-13 09:05:10,0.672,mg/dL,N,Final
LRES000002711,LORD000002974,2026-05-25 08:48:03,14.908,g/dL,N,Preliminary
LRES000002712,LORD000002976,2026-03-30 08:18:12,15.039,g/dL,N,Preliminary
LRES000002713,LORD000002977,2026-03-30 13:18:12,1.271,mg/dL,N,Final
LRES000002714,LORD000002978,2026-05-06 15:59:29,243.004,10^9/L,N,Final
LRES000002715,LORD000002979,2026-05-05 21:59:29,7.282,10^9/L,N,Final
LRES000002716,LORD000002980,2026-04-09 18:29:12,0.933,mg/dL,N,Final
LRES000002717,LORD000002981,2026-02-21 07:48:10,4.508,mmol/L,N,Preliminary
LRES000002718,LORD000002983,2026-01-12 15:51:21,98.285,mg/dL,N,Final
LRES000002719,LORD000002984,2026-01-12 15:51:21,65.741,mg/dL,L,Final
LRES000002720,LORD000002985,2026-03-06 00:13:55,4.509,10^9/L,N,Final
LRES000002721,LORD000002986,2026-02-05 12:35:59,141.942,mmol/L,N,Preliminary
LRES000002722,LORD000002987,2026-03-09 01:56:38,0.674,mg/dL,N,Final
LRES000002723,LORD000002988,2026-03-08 23:56:38,18.489,ng/L,N,Final
LRES000002724,LORD000002989,2026-02-22 07:26:38,89.182,mg/dL,N,Final
LRES000002725,LORD000002990,2026-02-16 02:44:06,126.777,mg/dL,N,Final
LRES000002726,LORD000002991,2026-02-16 10:44:06,1.04,mg/dL,N,Final
LRES000002727,LORD000002992,2026-01-20 05:18:31,10.004,10^9/L,N,Final
LRES000002728,LORD000002994,2026-03-26 14:24:12,1.19,mg/dL,N,Final
LRES000002729,LORD000002995,2026-02-11 02:45:41,145.524,mmol/L,H,Final
LRES000002730,LORD000002996,2026-05-23 19:03:25,365.25,10^9/L,N,Final
LRES000002731,LORD000002997,2026-02-19 14:26:18,10.054,10^9/L,N,Preliminary
LRES000002732,LORD000002998,2026-02-10 16:55:10,15.961,ng/L,N,Final
LRES000002733,LORD000003000,2026-01-11 02:20:09,104.165,mg/dL,N,Preliminary
LRES000002734,LORD000003001,2026-01-10 18:20:09,241.453,10^9/L,N,Final
LRES000002735,LORD000003002,2026-02-16 04:09:49,0.782,mg/dL,N,Final
LRES000002736,LORD000003003,2026-02-16 01:09:49,287.755,10^9/L,N,Final
LRES000002737,LORD000003004,2026-06-01 18:17:57,204.703,10^9/L,N,Preliminary
LRES000002738,LORD000003005,2026-04-02 11:12:53,12.088,10^9/L,H,Final
LRES000002739,LORD000003006,2026-04-23 15:07:17,11.161,ng/L,N,Final
LRES000002740,LORD000003009,2026-05-22 20:20:19,137.669,mmol/L,N,Final
LRES000002741,LORD000003010,2026-05-23 18:18:05,91.06,mg/dL,N,Final
LRES000002742,LORD000003011,2026-04-30 18:21:59,371.671,10^9/L,N,Preliminary
LRES000002743,LORD000003012,2026-04-24 05:34:08,0.818,mg/dL,N,Preliminary
LRES000002744,LORD000003013,2026-04-24 03:34:08,8.749,ng/L,N,Final
LRES000002745,LORD000003014,2026-01-19 22:20:33,8.395,10^9/L,N,Final
LRES000002746,LORD000003016,2026-03-24 19:33:29,432.687,10^9/L,N,Final
LRES000002747,LORD000003018,2026-05-03 15:49:02,4.333,10^9/L,N,Final
LRES000002748,LORD000003019,2026-03-11 19:14:00,141.688,mmol/L,N,Preliminary
LRES000002749,LORD000003020,2026-03-12 17:14:00,4.405,mmol/L,N,Final
LRES000002750,LORD000003021,2026-03-29 10:49:56,142.983,mmol/L,N,Final
LRES000002751,LORD000003022,2026-02-16 10:56:00,12.659,g/dL,N,Final
LRES000002752,LORD000003023,2026-02-22 05:42:46,5.546,10^9/L,N,Final
LRES000002753,LORD000003024,2026-05-08 15:57:47,137.278,mmol/L,N,Final
LRES000002754,LORD000003026,2026-02-09 16:39:44,53.331,mg/dL,L,Final
LRES000002755,LORD000003027,2026-03-13 12:03:14,4.108,mmol/L,N,Preliminary
LRES000002756,LORD000003028,2026-02-04 07:28:20,-0.091,ng/L,L,Final
LRES000002757,LORD000003029,2026-02-03 19:28:20,4.179,mmol/L,N,Preliminary
LRES000002758,LORD000003030,2026-02-27 16:00:38,8.594,10^9/L,N,Preliminary
LRES000002759,LORD000003031,2026-02-27 11:00:38,4.925,ng/L,N,Final
LRES000002760,LORD000003032,2026-05-06 14:08:50,82.223,mg/dL,N,Final
LRES000002761,LORD000003033,2026-01-05 02:49:16,0.817,mg/dL,N,Preliminary
LRES000002762,LORD000003034,2026-05-15 16:52:03,0.823,mg/dL,N,Preliminary
LRES000002763,LORD000003035,2026-05-15 15:52:03,137.935,mmol/L,N,Final
LRES000002764,LORD000003036,2026-02-27 07:29:50,139.082,mmol/L,N,Final
LRES000002765,LORD000003037,2026-05-18 19:30:07,359.859,10^9/L,N,Final
LRES000002766,LORD000003038,2026-05-18 08:30:07,21.311,ng/L,H,Preliminary
LRES000002767,LORD000003039,2026-04-21 19:34:54,142.16,mmol/L,N,Final
LRES000002768,LORD000003040,2026-04-20 16:34:54,19.842,ng/L,H,Preliminary
LRES000002769,LORD000003041,2026-01-09 20:13:07,1.21,mg/dL,N,Final
LRES000002770,LORD000003042,2026-01-09 14:13:07,7.156,10^9/L,N,Final
LRES000002771,LORD000003043,2026-04-22 19:46:41,348.21,10^9/L,N,Final
LRES000002772,LORD000003044,2026-02-07 06:28:35,140.136,mmol/L,N,Preliminary
LRES000002773,LORD000003045,2026-02-20 21:44:55,0.842,mg/dL,N,Final
LRES000002774,LORD000003046,2026-05-20 09:16:12,374.929,10^9/L,N,Final
LRES000002775,LORD000003047,2026-03-30 20:31:08,140.781,mmol/L,N,Preliminary
LRES000002776,LORD000003048,2026-05-02 06:30:35,112.513,mg/dL,N,Final
LRES000002777,LORD000003049,2026-05-02 07:30:35,13.987,g/dL,N,Final
LRES000002778,LORD000003051,2026-04-05 17:12:41,5.442,mmol/L,H,Final
LRES000002779,LORD000003052,2026-02-19 15:57:52,142.337,mmol/L,N,Final
LRES000002780,LORD000003053,2026-03-05 00:25:06,1.035,mg/dL,N,Final
LRES000002781,LORD000003054,2026-05-31 08:55:58,6.734,10^9/L,N,Preliminary
LRES000002782,LORD000003055,2026-05-31 05:55:58,1.3,mg/dL,N,Preliminary
LRES000002783,LORD000003056,2026-05-09 19:25:26,312.346,10^9/L,N,Preliminary
LRES000002784,LORD000003057,2026-05-19 00:32:13,6.329,10^9/L,N,Final
LRES000002785,LORD000003058,2026-05-18 15:32:13,0.788,mg/dL,N,Final
LRES000002786,LORD000003059,2026-03-05 00:14:54,302.509,10^9/L,N,Final
LRES000002787,LORD000003060,2026-03-05 09:14:54,4.566,mmol/L,N,Preliminary
LRES000002788,LORD000003061,2026-02-21 19:30:40,10.283,ng/L,N,Final
LRES000002789,LORD000003062,2026-02-17 17:14:26,15.267,g/dL,N,Final
LRES000002790,LORD000003063,2026-04-23 16:50:10,551.108,10^9/L,H,Final
LRES000002791,LORD000003064,2026-01-15 14:29:18,1.036,mg/dL,N,Final
LRES000002792,LORD000003065,2026-04-16 02:11:02,347.36,10^9/L,N,Final
LRES000002793,LORD000003066,2026-04-23 10:45:16,78.17,mg/dL,N,Preliminary
LRES000002794,LORD000003067,2026-03-25 05:58:58,306.82,10^9/L,N,Preliminary
LRES000002795,LORD000003068,2026-01-09 12:11:16,145.524,mmol/L,H,Final
LRES000002796,LORD000003069,2026-01-08 17:11:16,15.041,g/dL,N,Final
LRES000002797,LORD000003070,2026-02-14 00:57:08,4.599,10^9/L,N,Preliminary
LRES000002798,LORD000003071,2026-02-13 23:57:08,0.885,mg/dL,N,Final
LRES000002799,LORD000003072,2026-05-25 06:16:11,4.361,ng/L,N,Final
LRES000002800,LORD000003073,2026-06-01 11:05:42,3.833,mmol/L,N,Final
LRES000002801,LORD000003074,2026-06-01 08:05:42,3.731,mmol/L,N,Preliminary
LRES000002802,LORD000003075,2026-03-09 12:13:50,234.334,10^9/L,N,Preliminary
LRES000002803,LORD000003076,2026-03-09 17:13:50,14.334,g/dL,N,Preliminary
LRES000002804,LORD000003077,2026-01-06 05:44:32,13.747,g/dL,N,Final
LRES000002805,LORD000003078,2026-01-06 07:44:32,316.256,10^9/L,N,Final
LRES000002806,LORD000003079,2026-03-14 18:46:01,3.765,10^9/L,L,Final
LRES000002807,LORD000003080,2026-03-15 04:46:01,4.261,mmol/L,N,Final
LRES000002808,LORD000003081,2026-01-29 18:13:42,138.241,mmol/L,N,Final
LRES000002809,LORD000003082,2026-02-09 03:10:33,261.195,10^9/L,N,Preliminary
LRES000002810,LORD000003083,2026-03-14 06:34:02,4.9,mmol/L,N,Final
LRES000002811,LORD000003084,2026-03-14 08:34:02,439.804,10^9/L,N,Final
LRES000002812,LORD000003085,2026-03-09 21:08:02,142.957,mmol/L,N,Final
LRES000002813,LORD000003086,2026-03-10 16:08:02,145.143,mmol/L,H,Final
LRES000002814,LORD000003087,2026-04-19 16:35:56,15.435,g/dL,N,Final
LRES000002815,LORD000003088,2026-02-02 03:06:49,5.066,mmol/L,N,Final
LRES000002816,LORD000003089,2026-03-12 01:14:20,143.737,mmol/L,N,Final
LRES000002817,LORD000003090,2026-03-12 21:14:58,10.825,ng/L,N,Preliminary
LRES000002818,LORD000003091,2026-04-20 11:55:38,141.548,mmol/L,N,Final
LRES000002819,LORD000003092,2026-03-28 10:04:57,4.355,ng/L,N,Preliminary
LRES000002820,LORD000003094,2026-05-26 06:00:53,4.327,mmol/L,N,Final
LRES000002821,LORD000003095,2026-05-26 08:00:53,128.021,mg/dL,N,Final
LRES000002822,LORD000003096,2026-01-18 17:02:01,9.875,10^9/L,N,Preliminary
LRES000002823,LORD000003097,2026-01-17 12:33:13,79.008,mg/dL,N,Preliminary
LRES000002824,LORD000003098,2026-01-17 12:33:13,91.847,mg/dL,N,Final
LRES000002825,LORD000003099,2026-03-29 18:47:20,444.558,10^9/L,N,Final
LRES000002826,LORD000003100,2026-03-30 14:47:20,6.326,10^9/L,N,Final
LRES000002827,LORD000003101,2026-05-20 22:09:21,1.092,mg/dL,N,Preliminary
LRES000002828,LORD000003102,2026-01-21 09:50:26,3.988,mmol/L,N,Preliminary
LRES000002829,LORD000003103,2026-04-01 21:24:24,142.295,mmol/L,N,Preliminary
LRES000002830,LORD000003104,2026-04-01 06:24:24,285.817,10^9/L,N,Final
LRES000002831,LORD000003105,2026-05-01 04:50:32,275.41,10^9/L,N,Final
LRES000002832,LORD000003106,2026-05-01 15:50:32,4.058,mmol/L,N,Preliminary
LRES000002833,LORD000003107,2026-02-21 19:53:24,0.957,mg/dL,N,Preliminary
LRES000002834,LORD000003108,2026-02-21 12:53:24,136.503,mmol/L,N,Final
LRES000002835,LORD000003109,2026-03-15 05:30:15,222.539,10^9/L,N,Final
LRES000002836,LORD000003111,2026-02-18 18:56:38,123.708,mg/dL,N,Final
LRES000002837,LORD000003113,2026-04-04 10:04:47,142.276,mmol/L,N,Final
LRES000002838,LORD000003114,2026-05-19 06:35:20,4.426,mmol/L,N,Final
LRES000002839,LORD000003115,2026-01-11 07:29:11,14.3,g/dL,N,Preliminary
LRES000002840,LORD000003116,2026-01-11 17:29:11,292.587,10^9/L,N,Final
LRES000002841,LORD000003117,2026-04-08 05:49:49,4.409,mmol/L,N,Final
LRES000002842,LORD000003118,2026-05-17 16:33:32,124.463,mg/dL,N,Final
LRES000002843,LORD000003119,2026-05-18 00:33:32,3.944,mmol/L,N,Preliminary
LRES000002844,LORD000003120,2026-05-26 02:30:32,11.964,ng/L,N,Final
LRES000002845,LORD000003121,2026-05-26 08:30:32,14.376,ng/L,N,Preliminary
LRES000002846,LORD000003122,2026-04-25 06:19:35,9.185,ng/L,N,Final
LRES000002847,LORD000003123,2026-04-11 08:19:32,56.033,mg/dL,L,Preliminary
LRES000002848,LORD000003124,2026-03-29 07:28:35,119.535,mg/dL,N,Final
LRES000002849,LORD000003125,2026-03-28 22:28:35,136.2,mmol/L,N,Final
LRES000002850,LORD000003127,2026-05-15 16:56:45,4.356,mmol/L,N,Final
LRES000002851,LORD000003128,2026-03-31 11:46:02,142.232,mmol/L,N,Final
LRES000002852,LORD000003129,2026-03-31 23:46:02,1.313,ng/L,N,Final
LRES000002853,LORD000003130,2026-01-06 07:26:04,7.495,ng/L,N,Preliminary
LRES000002854,LORD000003131,2026-02-09 20:47:57,18.563,ng/L,N,Preliminary
LRES000002855,LORD000003132,2026-05-29 17:07:34,4.373,mmol/L,N,Final
LRES000002856,LORD000003133,2026-03-12 16:02:26,82.357,mg/dL,N,Final
LRES000002857,LORD000003134,2026-04-06 13:26:55,95.943,mg/dL,N,Final
LRES000002858,LORD000003135,2026-05-25 05:43:25,1.176,mg/dL,N,Final
LRES000002859,LORD000003136,2026-05-24 08:43:25,4.799,mmol/L,N,Final
LRES000002860,LORD000003137,2026-01-25 11:22:27,306.437,10^9/L,N,Final
LRES000002861,LORD000003138,2026-01-03 02:30:12,8.961,10^9/L,N,Preliminary
LRES000002862,LORD000003139,2026-01-03 20:30:12,6.191,ng/L,N,Final
LRES000002863,LORD000003140,2026-04-10 10:39:55,139.134,mmol/L,N,Final
LRES000002864,LORD000003141,2026-02-08 09:17:47,13.76,g/dL,N,Preliminary
LRES000002865,LORD000003143,2026-04-29 02:11:10,3.582,10^9/L,L,Final
LRES000002866,LORD000003144,2026-01-09 03:35:20,0.54,mg/dL,L,Final
LRES000002867,LORD000003145,2026-05-13 19:39:55,337.261,10^9/L,N,Final
LRES000002868,LORD000003146,2026-05-14 03:39:55,9.339,10^9/L,N,Preliminary
LRES000002869,LORD000003147,2026-04-21 10:42:30,5.002,mmol/L,N,Final
LRES000002870,LORD000003149,2026-03-06 20:25:01,140.95,mmol/L,N,Final
LRES000002871,LORD000003150,2026-01-31 11:44:40,118.044,mg/dL,N,Preliminary
LRES000002872,LORD000003151,2026-01-31 08:44:40,9.111,ng/L,N,Final
LRES000002873,LORD000003152,2026-05-03 07:34:49,365.913,10^9/L,N,Final
LRES000002874,LORD000003153,2026-05-03 16:34:49,14.802,ng/L,N,Final
LRES000002875,LORD000003154,2026-02-08 15:41:24,1.056,mg/dL,N,Preliminary
LRES000002876,LORD000003155,2026-03-16 05:41:21,255.608,10^9/L,N,Final
LRES000002877,LORD000003156,2026-03-17 04:41:21,1.143,mg/dL,N,Final
LRES000002878,LORD000003157,2026-05-16 06:47:36,97.105,mg/dL,N,Final
LRES000002879,LORD000003158,2026-05-16 22:47:36,93.299,mg/dL,N,Final
LRES000002880,LORD000003159,2026-04-12 17:24:11,11.068,10^9/L,H,Preliminary
LRES000002881,LORD000003160,2026-02-27 08:56:04,16.721,g/dL,N,Final
LRES000002882,LORD000003161,2026-02-27 20:56:04,109.079,mg/dL,N,Preliminary
LRES000002883,LORD000003162,2026-05-29 15:51:56,16.661,ng/L,N,Final
LRES000002884,LORD000003163,2026-05-29 16:51:56,7.807,10^9/L,N,Final
LRES000002885,LORD000003164,2026-01-31 08:59:18,12.807,g/dL,N,Preliminary
LRES000002886,LORD000003165,2026-05-26 02:04:08,5.29,mmol/L,H,Final
LRES000002887,LORD000003167,2026-03-22 17:37:10,4.846,mmol/L,N,Final
LRES000002888,LORD000003168,2026-03-22 07:37:10,0.957,mg/dL,N,Final
LRES000002889,LORD000003169,2026-01-03 04:02:00,4.311,mmol/L,N,Preliminary
LRES000002890,LORD000003170,2026-05-17 18:53:53,6.854,10^9/L,N,Final
LRES000002891,LORD000003171,2026-02-06 04:49:04,132.267,mmol/L,L,Preliminary
LRES000002892,LORD000003172,2026-02-05 22:49:04,141.211,mmol/L,N,Final
LRES000002893,LORD000003173,2026-01-31 20:14:13,7.118,10^9/L,N,Preliminary
LRES000002894,LORD000003174,2026-01-31 10:14:13,144.568,mmol/L,N,Final
LRES000002895,LORD000003175,2026-04-09 11:13:15,143.383,mmol/L,N,Preliminary
LRES000002896,LORD000003176,2026-04-09 13:13:15,2.728,ng/L,N,Preliminary
LRES000002897,LORD000003177,2026-03-03 13:00:08,0.699,mg/dL,N,Final
LRES000002898,LORD000003178,2026-03-03 01:00:08,145.755,mg/dL,H,Final
LRES000002899,LORD000003179,2026-01-09 03:54:08,1.191,mg/dL,N,Final
LRES000002900,LORD000003180,2026-01-09 20:54:08,0.894,mg/dL,N,Final
LRES000002901,LORD000003181,2026-03-16 06:35:14,139.326,mmol/L,N,Preliminary
LRES000002902,LORD000003182,2026-03-15 19:27:52,381.24,10^9/L,N,Preliminary
LRES000002903,LORD000003183,2026-03-16 04:27:52,11.724,g/dL,L,Final
LRES000002904,LORD000003184,2026-05-25 00:16:25,14.55,ng/L,N,Preliminary
LRES000002905,LORD000003185,2026-05-25 19:16:25,7.522,10^9/L,N,Final
LRES000002906,LORD000003187,2026-05-30 17:30:06,97.21,mg/dL,N,Preliminary
LRES000002907,LORD000003188,2026-03-18 22:02:24,0.813,mg/dL,N,Preliminary
LRES000002908,LORD000003189,2026-01-10 16:53:17,15.012,ng/L,N,Final
LRES000002909,LORD000003190,2026-01-10 21:53:17,11.349,g/dL,L,Final
LRES000002910,LORD000003191,2026-03-30 22:29:36,2.339,10^9/L,L,Final
LRES000002911,LORD000003194,2026-05-15 03:56:02,9.829,ng/L,N,Preliminary
LRES000002912,LORD000003195,2026-03-26 14:31:36,101.027,mg/dL,N,Final
LRES000002913,LORD000003197,2026-04-01 17:49:39,0.862,mg/dL,N,Preliminary
LRES000002914,LORD000003200,2026-02-04 10:32:10,145.58,mmol/L,H,Final
LRES000002915,LORD000003201,2026-02-04 03:32:10,4.347,mmol/L,N,Final
LRES000002916,LORD000003202,2026-01-30 23:20:59,5.196,mmol/L,N,Final
LRES000002917,LORD000003203,2026-01-31 18:20:59,9.898,10^9/L,N,Preliminary
LRES000002918,LORD000003204,2026-03-21 12:30:01,4.637,mmol/L,N,Final
LRES000002919,LORD000003205,2026-01-10 05:58:24,4.076,mmol/L,N,Final
LRES000002920,LORD000003206,2026-03-19 13:26:00,13.466,g/dL,N,Preliminary
LRES000002921,LORD000003207,2026-04-29 03:16:47,290.252,10^9/L,N,Final
LRES000002922,LORD000003208,2026-03-24 21:01:53,1.307,mg/dL,H,Preliminary
LRES000002923,LORD000003209,2026-02-11 15:20:25,324.204,10^9/L,N,Final
LRES000002924,LORD000003210,2026-04-28 07:38:10,138.852,mmol/L,N,Preliminary
LRES000002925,LORD000003211,2026-02-12 21:18:33,17.623,g/dL,H,Final
LRES000002926,LORD000003212,2026-02-13 00:18:33,0.107,ng/L,N,Preliminary
LRES000002927,LORD000003213,2026-04-24 15:20:48,142.176,mmol/L,N,Final
LRES000002928,LORD000003214,2026-02-21 08:30:56,1.103,mg/dL,N,Preliminary
LRES000002929,LORD000003218,2026-03-05 05:35:35,414.68,10^9/L,N,Final
LRES000002930,LORD000003219,2026-03-04 03:35:35,6.125,ng/L,N,Preliminary
LRES000002931,LORD000003220,2026-02-26 21:18:46,171.651,10^9/L,N,Final
LRES000002932,LORD000003221,2026-02-26 21:18:46,8.113,10^9/L,N,Final
LRES000002933,LORD000003222,2026-02-03 13:50:44,8.906,10^9/L,N,Final
LRES000002934,LORD000003223,2026-05-20 16:36:33,333.666,10^9/L,N,Preliminary
LRES000002935,LORD000003224,2026-04-13 05:25:45,4.796,mmol/L,N,Preliminary
LRES000002936,LORD000003225,2026-04-13 05:25:45,0.877,mg/dL,N,Preliminary
LRES000002937,LORD000003226,2026-04-26 19:54:12,328.731,10^9/L,N,Final
LRES000002938,LORD000003227,2026-04-26 11:54:12,5.821,10^9/L,N,Preliminary
LRES000002939,LORD000003228,2026-02-20 22:55:02,245.909,10^9/L,N,Final
LRES000002940,LORD000003229,2026-02-20 12:55:02,14.717,g/dL,N,Preliminary
LRES000002941,LORD000003230,2026-01-10 09:20:37,280.895,10^9/L,N,Preliminary
LRES000002942,LORD000003231,2026-01-06 22:20:54,308.632,10^9/L,N,Preliminary
LRES000002943,LORD000003232,2026-03-01 18:42:09,0.864,mg/dL,N,Final
LRES000002944,LORD000003233,2026-03-01 08:42:09,125.2,mg/dL,N,Preliminary
LRES000002945,LORD000003234,2026-01-12 12:18:33,1.354,mg/dL,H,Preliminary
LRES000002946,LORD000003235,2026-05-17 07:18:22,78.05,mg/dL,N,Final
LRES000002947,LORD000003236,2026-05-17 05:18:22,1.461,mg/dL,H,Final
LRES000002948,LORD000003237,2026-02-05 21:15:35,244.003,10^9/L,N,Final
LRES000002949,LORD000003238,2026-04-29 20:21:55,86.739,mg/dL,N,Final
LRES000002950,LORD000003239,2026-04-30 00:21:55,7.146,10^9/L,N,Preliminary
LRES000002951,LORD000003240,2026-05-11 15:17:16,8.763,ng/L,N,Final
LRES000002952,LORD000003241,2026-05-11 17:17:16,15.3,g/dL,N,Preliminary
LRES000002953,LORD000003242,2026-02-18 16:32:09,0.882,mg/dL,N,Final
LRES000002954,LORD000003243,2026-04-15 07:32:33,11.815,g/dL,L,Preliminary
LRES000002955,LORD000003244,2026-01-28 02:01:13,56.01,mg/dL,L,Final
LRES000002956,LORD000003245,2026-04-03 21:19:47,17.824,g/dL,H,Final
LRES000002957,LORD000003246,2026-04-04 12:19:47,139.892,mmol/L,N,Preliminary
LRES000002958,LORD000003247,2026-03-14 06:52:28,9.618,10^9/L,N,Final
LRES000002959,LORD000003249,2026-03-11 05:22:21,90.906,mg/dL,N,Final
LRES000002960,LORD000003250,2026-05-06 17:11:21,365.352,10^9/L,N,Final
LRES000002961,LORD000003251,2026-05-06 22:11:21,6.054,ng/L,N,Final
LRES000002962,LORD000003252,2026-03-03 21:19:02,378.12,10^9/L,N,Final
LRES000002963,LORD000003253,2026-02-12 09:13:44,4.337,mmol/L,N,Preliminary
LRES000002964,LORD000003254,2026-02-12 19:13:44,0.927,mg/dL,N,Preliminary
LRES000002965,LORD000003255,2026-01-08 04:18:07,16.143,ng/L,N,Final
LRES000002966,LORD000003256,2026-04-24 12:14:03,85.047,mg/dL,N,Final
LRES000002967,LORD000003257,2026-04-23 19:14:03,5.054,mmol/L,N,Preliminary
LRES000002968,LORD000003258,2026-01-11 09:50:48,137.68,mmol/L,N,Final
LRES000002969,LORD000003260,2026-01-10 12:47:38,138.47,mmol/L,N,Preliminary
LRES000002970,LORD000003261,2026-03-12 20:10:38,11.61,ng/L,N,Preliminary
LRES000002971,LORD000003262,2026-01-19 07:49:01,8.988,ng/L,N,Final
LRES000002972,LORD000003263,2026-01-19 07:49:01,140.323,mmol/L,N,Final
LRES000002973,LORD000003264,2026-04-12 04:24:23,164.111,10^9/L,N,Final
LRES000002974,LORD000003265,2026-05-21 12:30:36,150.489,10^9/L,N,Final
LRES000002975,LORD000003267,2026-05-06 03:03:28,9.083,10^9/L,N,Final
LRES000002976,LORD000003268,2026-05-06 15:03:28,1.224,mg/dL,N,Preliminary
LRES000002977,LORD000003269,2026-01-03 20:48:59,0.946,mg/dL,N,Final
LRES000002978,LORD000003271,2026-04-12 01:17:05,11.68,ng/L,N,Final
LRES000002979,LORD000003272,2026-04-11 11:17:05,6.665,10^9/L,N,Final
LRES000002980,LORD000003273,2026-06-01 09:14:24,17.61,ng/L,N,Final
LRES000002981,LORD000003274,2026-06-01 18:14:24,6.565,ng/L,N,Preliminary
LRES000002982,LORD000003275,2026-04-25 07:13:55,270.18,10^9/L,N,Final
LRES000002983,LORD000003276,2026-01-31 03:43:46,137.589,mmol/L,N,Preliminary
LRES000002984,LORD000003277,2026-05-30 15:35:42,0.577,mg/dL,L,Final
LRES000002985,LORD000003278,2026-05-30 19:35:42,17.744,g/dL,H,Final
LRES000002986,LORD000003279,2026-05-11 23:08:57,14.451,g/dL,N,Final
LRES000002987,LORD000003280,2026-03-14 20:03:18,4.716,mmol/L,N,Final
LRES000002988,LORD000003281,2026-03-15 22:03:18,133.761,mmol/L,L,Final
LRES000002989,LORD000003282,2026-03-05 13:29:10,3.514,mmol/L,N,Final
LRES000002990,LORD000003283,2026-04-18 19:26:46,135.179,mmol/L,N,Final
LRES000002991,LORD000003284,2026-02-09 00:03:05,0.781,mg/dL,N,Preliminary
LRES000002992,LORD000003285,2026-02-08 22:03:05,4.689,mmol/L,N,Final
LRES000002993,LORD000003287,2026-05-29 18:35:31,389.894,10^9/L,N,Final
LRES000002994,LORD000003288,2026-01-12 08:10:50,0.892,mg/dL,N,Final
LRES000002995,LORD000003289,2026-01-02 06:04:26,216.239,10^9/L,N,Final
LRES000002996,LORD000003290,2026-02-12 07:05:40,335.636,10^9/L,N,Preliminary
LRES000002997,LORD000003291,2026-02-12 14:05:40,5.087,mmol/L,N,Final
LRES000002998,LORD000003293,2026-04-04 15:01:04,105.508,mg/dL,N,Preliminary
LRES000002999,LORD000003294,2026-05-16 03:41:05,397.155,10^9/L,N,Final
LRES000003000,LORD000003295,2026-01-07 22:19:35,315.643,10^9/L,N,Final
LRES000003001,LORD000003296,2026-01-07 15:19:35,0.672,mg/dL,N,Final
LRES000003002,LORD000003297,2026-05-18 11:27:14,138.882,mmol/L,N,Preliminary
LRES000003003,LORD000003298,2026-05-18 13:27:14,159.491,mg/dL,H,Final
LRES000003004,LORD000003299,2026-02-23 11:42:25,116.674,mg/dL,N,Final
LRES000003005,LORD000003300,2026-02-23 05:42:25,299.429,10^9/L,N,Final
LRES000003006,LORD000003301,2026-01-04 13:30:25,6.568,10^9/L,N,Final
LRES000003007,LORD000003303,2026-06-01 06:47:40,204.636,10^9/L,N,Final
LRES000003008,LORD000003304,2026-05-21 15:56:16,9.322,10^9/L,N,Preliminary
LRES000003009,LORD000003305,2026-05-21 04:56:16,5.806,10^9/L,N,Final
LRES000003010,LORD000003306,2026-01-08 23:07:41,3.677,mmol/L,N,Preliminary
LRES000003011,LORD000003307,2026-05-31 11:18:45,142.256,mmol/L,N,Preliminary
LRES000003012,LORD000003308,2026-05-31 19:18:45,13.66,g/dL,N,Final
LRES000003013,LORD000003309,2026-03-29 10:04:09,1.192,ng/L,N,Preliminary
LRES000003014,LORD000003310,2026-01-21 04:17:36,65.748,mg/dL,L,Preliminary
LRES000003015,LORD000003311,2026-03-28 09:56:11,4.987,mmol/L,N,Preliminary
LRES000003016,LORD000003312,2026-04-19 12:06:29,77.57,mg/dL,N,Preliminary
LRES000003017,LORD000003313,2026-03-13 05:50:53,139.507,mmol/L,N,Preliminary
LRES000003018,LORD000003314,2026-03-13 08:50:53,14.679,g/dL,N,Final
LRES000003019,LORD000003315,2026-04-30 21:35:56,4.966,mmol/L,N,Final
LRES000003020,LORD000003316,2026-03-19 14:01:38,142.512,mmol/L,N,Final
LRES000003021,LORD000003317,2026-03-19 07:01:38,490.02,10^9/L,H,Final
LRES000003022,LORD000003318,2026-05-04 02:43:00,12.632,g/dL,N,Preliminary
LRES000003023,LORD000003319,2026-05-04 21:43:00,4.075,mmol/L,N,Final
LRES000003024,LORD000003320,2026-04-03 17:47:54,141.221,mmol/L,N,Preliminary
LRES000003025,LORD000003321,2026-02-06 07:58:00,12.422,10^9/L,H,Final
LRES000003026,LORD000003322,2026-01-09 08:21:01,5.604,ng/L,N,Final
LRES000003027,LORD000003323,2026-02-23 15:28:22,294.064,10^9/L,N,Final
LRES000003028,LORD000003324,2026-03-26 03:38:57,370.349,10^9/L,N,Preliminary
LRES000003029,LORD000003325,2026-03-25 17:38:57,9.501,ng/L,N,Preliminary
LRES000003030,LORD000003326,2026-04-24 08:44:32,3.944,mmol/L,N,Final
LRES000003031,LORD000003327,2026-03-26 11:34:38,179.836,10^9/L,N,Final
LRES000003032,LORD000003328,2026-03-06 09:19:48,6.484,10^9/L,N,Final
LRES000003033,LORD000003329,2026-04-12 04:57:45,143.045,mmol/L,N,Final
LRES000003034,LORD000003330,2026-02-02 12:35:06,137.091,mmol/L,N,Final
LRES000003035,LORD000003331,2026-02-02 21:35:06,3.275,mmol/L,L,Final
LRES000003036,LORD000003332,2026-05-13 10:13:33,14.467,ng/L,N,Preliminary
LRES000003037,LORD000003333,2026-02-22 16:47:03,4.512,mmol/L,N,Final
LRES000003038,LORD000003334,2026-02-17 13:56:54,4.8,mmol/L,N,Final
LRES000003039,LORD000003335,2026-04-15 06:17:17,135.488,mmol/L,N,Preliminary
LRES000003040,LORD000003336,2026-02-22 08:39:42,4.35,mmol/L,N,Final
LRES000003041,LORD000003337,2026-03-14 19:56:43,10.971,10^9/L,N,Final
LRES000003042,LORD000003338,2026-03-14 02:56:43,101.29,mg/dL,N,Final
LRES000003043,LORD000003339,2026-04-06 07:51:30,18.488,ng/L,N,Final
LRES000003044,LORD000003340,2026-04-06 12:51:30,3.271,ng/L,N,Preliminary
LRES000003045,LORD000003341,2026-04-22 09:56:27,13.509,g/dL,N,Preliminary
LRES000003046,LORD000003342,2026-04-14 15:34:25,16.095,ng/L,N,Final
LRES000003047,LORD000003345,2026-02-06 16:50:10,142.963,mmol/L,N,Final
LRES000003048,LORD000003346,2026-03-11 00:47:19,7.344,10^9/L,N,Final
LRES000003049,LORD000003347,2026-03-11 09:47:19,3.561,mmol/L,N,Final
LRES000003050,LORD000003348,2026-04-13 08:22:22,5.157,mmol/L,N,Final
LRES000003051,LORD000003349,2026-01-18 01:24:12,2.715,10^9/L,L,Final
LRES000003052,LORD000003350,2026-05-23 21:26:25,108.988,mg/dL,N,Final
LRES000003053,LORD000003352,2026-03-25 14:24:44,16.424,g/dL,N,Final
LRES000003054,LORD000003353,2026-03-25 12:24:44,14.353,g/dL,N,Final
LRES000003055,LORD000003355,2026-01-04 03:51:05,321.957,10^9/L,N,Final
LRES000003056,LORD000003356,2026-05-25 17:18:11,144.604,mmol/L,N,Final
LRES000003057,LORD000003357,2026-03-01 02:04:56,142.705,mmol/L,N,Preliminary
LRES000003058,LORD000003359,2026-05-26 18:34:05,0.781,mg/dL,N,Final
LRES000003059,LORD000003360,2026-02-03 10:19:52,134.691,mmol/L,L,Preliminary
LRES000003060,LORD000003361,2026-02-03 04:19:52,142.585,mmol/L,N,Final
LRES000003061,LORD000003362,2026-05-20 16:30:09,4.781,mmol/L,N,Preliminary
LRES000003062,LORD000003363,2026-05-12 01:00:28,8.175,10^9/L,N,Final
LRES000003063,LORD000003364,2026-04-20 09:47:35,101.652,mg/dL,N,Final
LRES000003064,LORD000003365,2026-01-11 10:53:26,0.675,mg/dL,N,Preliminary
LRES000003065,LORD000003366,2026-05-22 21:39:54,1.409,mg/dL,H,Preliminary
LRES000003066,LORD000003367,2026-02-26 15:47:55,71.413,mg/dL,N,Final
LRES000003067,LORD000003368,2026-02-26 16:47:55,97.464,mg/dL,N,Final
LRES000003068,LORD000003369,2026-01-27 08:52:24,0.785,mg/dL,N,Final
LRES000003069,LORD000003371,2026-04-21 05:15:29,144.401,mmol/L,N,Preliminary
LRES000003070,LORD000003372,2026-04-21 08:15:29,4.882,mmol/L,N,Final
LRES000003071,LORD000003373,2026-01-31 14:25:46,0.592,mg/dL,L,Preliminary
LRES000003072,LORD000003375,2026-03-19 17:47:13,8.347,10^9/L,N,Final
LRES000003073,LORD000003376,2026-03-20 03:47:13,141.427,mmol/L,N,Final
LRES000003074,LORD000003377,2026-02-12 17:16:41,10.809,10^9/L,N,Final
LRES000003075,LORD000003378,2026-04-22 09:59:36,8.218,10^9/L,N,Preliminary
LRES000003076,LORD000003379,2026-04-22 17:59:36,7.111,10^9/L,N,Preliminary
LRES000003077,LORD000003380,2026-01-29 04:33:22,1.623,ng/L,N,Final
LRES000003078,LORD000003381,2026-01-30 05:33:22,381.177,10^9/L,N,Final
LRES000003079,LORD000003382,2026-04-21 03:30:36,132.535,mmol/L,L,Preliminary
LRES000003080,LORD000003383,2026-04-21 05:30:36,137.355,mmol/L,N,Preliminary
LRES000003081,LORD000003384,2026-03-22 00:01:29,140.06,mmol/L,N,Final
LRES000003082,LORD000003385,2026-03-21 07:01:29,66.354,mg/dL,L,Final
LRES000003083,LORD000003386,2026-04-06 01:52:57,9.456,ng/L,N,Final
LRES000003084,LORD000003387,2026-04-06 06:52:57,1.278,mg/dL,N,Final
LRES000003085,LORD000003388,2026-05-07 18:59:47,143.774,mmol/L,N,Preliminary
LRES000003086,LORD000003389,2026-05-07 12:59:47,15.307,g/dL,N,Final
LRES000003087,LORD000003390,2026-02-28 15:05:40,1.35,mg/dL,H,Preliminary
LRES000003088,LORD000003391,2026-04-16 04:04:08,1.218,mg/dL,N,Final
LRES000003089,LORD000003392,2026-04-27 18:15:03,0.898,mg/dL,N,Final
LRES000003090,LORD000003393,2026-04-27 14:15:03,114.933,mg/dL,N,Final
LRES000003091,LORD000003394,2026-03-13 16:29:31,88.781,mg/dL,N,Final
LRES000003092,LORD000003395,2026-01-10 12:11:58,13.385,ng/L,N,Final
LRES000003093,LORD000003396,2026-01-11 03:11:58,169.186,10^9/L,N,Final
LRES000003094,LORD000003397,2026-05-22 20:45:47,17.368,g/dL,N,Preliminary
LRES000003095,LORD000003398,2026-05-22 20:45:47,133.486,mg/dL,N,Final
LRES000003096,LORD000003399,2026-03-16 20:30:13,3.96,ng/L,N,Final
LRES000003097,LORD000003400,2026-01-11 00:30:36,7.757,ng/L,N,Final
LRES000003098,LORD000003401,2026-02-25 04:12:15,5.019,mmol/L,N,Final
LRES000003099,LORD000003402,2026-02-02 01:43:07,110.286,mg/dL,N,Final
LRES000003100,LORD000003403,2026-02-02 01:43:07,0.978,mg/dL,N,Final
LRES000003101,LORD000003404,2026-02-12 14:03:27,11.467,g/dL,L,Preliminary
LRES000003102,LORD000003405,2026-02-13 13:04:09,7.406,10^9/L,N,Final
LRES000003103,LORD000003406,2026-02-12 20:04:09,382.885,10^9/L,N,Final
LRES000003104,LORD000003407,2026-02-02 09:20:40,1.092,mg/dL,N,Preliminary
LRES000003105,LORD000003409,2026-03-17 23:17:42,145.97,mmol/L,H,Final
LRES000003106,LORD000003410,2026-03-17 22:17:42,0.628,mg/dL,N,Final
LRES000003107,LORD000003411,2026-05-22 12:06:36,23.306,ng/L,H,Final
LRES000003108,LORD000003412,2026-05-21 21:06:36,169.689,10^9/L,N,Final
LRES000003109,LORD000003413,2026-04-15 12:48:37,357.951,10^9/L,N,Final
LRES000003110,LORD000003414,2026-04-15 01:48:37,80.316,mg/dL,N,Final
LRES000003111,LORD000003415,2026-02-25 22:13:17,134.043,mmol/L,L,Final
LRES000003112,LORD000003416,2026-02-26 01:13:17,0.377,mg/dL,L,Final
LRES000003113,LORD000003417,2026-05-07 16:47:02,14.853,g/dL,N,Final
LRES000003114,LORD000003418,2026-05-06 20:47:02,141.332,mmol/L,N,Final
LRES000003115,LORD000003419,2026-04-07 09:00:26,139.143,mmol/L,N,Preliminary
LRES000003116,LORD000003420,2026-04-07 15:00:26,91.023,mg/dL,N,Preliminary
LRES000003117,LORD000003421,2026-05-08 03:37:54,4.046,mmol/L,N,Preliminary
LRES000003118,LORD000003422,2026-03-04 23:29:55,6.64,10^9/L,N,Preliminary
LRES000003119,LORD000003424,2026-01-25 23:03:35,15.908,g/dL,N,Preliminary
LRES000003120,LORD000003425,2026-03-21 06:17:29,14.212,g/dL,N,Final
LRES000003121,LORD000003426,2026-03-21 02:17:29,18.456,10^9/L,L,Final
LRES000003122,LORD000003427,2026-03-11 23:34:34,15.184,g/dL,N,Final
LRES000003123,LORD000003428,2026-03-11 00:34:34,0.851,mg/dL,N,Final
LRES000003124,LORD000003429,2026-01-29 08:58:23,0.756,mg/dL,N,Preliminary
LRES000003125,LORD000003430,2026-01-29 06:58:23,343.749,10^9/L,N,Final
LRES000003126,LORD000003431,2026-03-31 14:46:59,137.047,mmol/L,N,Preliminary
LRES000003127,LORD000003432,2026-01-24 22:35:47,4.005,ng/L,N,Final
LRES000003128,LORD000003433,2026-01-11 00:19:51,79.031,mg/dL,N,Final
LRES000003129,LORD000003434,2026-04-17 21:18:03,7.071,ng/L,N,Preliminary
LRES000003130,LORD000003435,2026-04-18 05:18:03,151.177,10^9/L,N,Preliminary
LRES000003131,LORD000003436,2026-01-16 20:45:17,0.284,ng/L,N,Preliminary
LRES000003132,LORD000003437,2026-02-01 05:56:55,11.653,g/dL,L,Preliminary
LRES000003133,LORD000003438,2026-02-01 04:56:55,1.386,mg/dL,H,Preliminary
LRES000003134,LORD000003439,2026-01-27 10:01:29,261.642,10^9/L,N,Final
LRES000003135,LORD000003440,2026-01-23 06:36:05,12.696,g/dL,N,Final
LRES000003136,LORD000003441,2026-02-11 10:17:43,130.09,mg/dL,N,Final
LRES000003137,LORD000003442,2026-02-10 21:17:43,15.293,g/dL,N,Final
LRES000003138,LORD000003444,2026-05-16 09:10:04,18.72,g/dL,H,Final
LRES000003139,LORD000003445,2026-05-16 08:10:04,4.394,10^9/L,N,Preliminary
LRES000003140,LORD000003446,2026-02-16 17:07:13,115.068,mg/dL,N,Final
LRES000003141,LORD000003447,2026-05-02 13:23:12,12.907,g/dL,N,Preliminary
LRES000003142,LORD000003448,2026-05-01 19:23:12,1.226,mg/dL,N,Final
LRES000003143,LORD000003449,2026-04-25 18:15:11,4.154,mmol/L,N,Final
LRES000003144,LORD000003450,2026-04-26 04:15:11,17.51,g/dL,H,Final
LRES000003145,LORD000003452,2026-04-09 16:46:28,7.485,10^9/L,N,Preliminary
LRES000003146,LORD000003453,2026-04-28 02:35:22,139.801,mmol/L,N,Preliminary
LRES000003147,LORD000003454,2026-04-28 05:35:22,3.752,mmol/L,N,Final
LRES000003148,LORD000003455,2026-02-16 00:34:16,0.919,mg/dL,N,Preliminary
LRES000003149,LORD000003456,2026-05-30 20:46:22,23.904,ng/L,H,Preliminary
LRES000003150,LORD000003457,2026-01-16 16:08:48,16.883,g/dL,N,Final
LRES000003151,LORD000003459,2026-03-24 04:47:51,13.865,ng/L,N,Final
LRES000003152,LORD000003460,2026-03-03 11:09:36,15.881,g/dL,N,Preliminary
LRES000003153,LORD000003462,2026-04-30 22:00:31,11.292,ng/L,N,Final
LRES000003154,LORD000003463,2026-03-12 06:53:13,15.312,ng/L,N,Final
LRES000003155,LORD000003464,2026-03-12 02:53:13,15.816,g/dL,N,Final
LRES000003156,LORD000003465,2026-03-16 00:11:50,1.184,mg/dL,N,Final
LRES000003157,LORD000003466,2026-03-02 02:23:55,0.42,mg/dL,L,Final
LRES000003158,LORD000003467,2026-02-08 04:50:08,13.85,g/dL,N,Preliminary
LRES000003159,LORD000003468,2026-02-08 21:50:08,18.647,ng/L,N,Preliminary
LRES000003160,LORD000003469,2026-03-04 21:41:44,3.335,mmol/L,L,Final
LRES000003161,LORD000003470,2026-03-04 22:41:44,4.094,mmol/L,N,Final
LRES000003162,LORD000003471,2026-04-18 16:09:02,1.317,mg/dL,H,Final
LRES000003163,LORD000003472,2026-04-18 17:09:02,-6.655,ng/L,L,Final
LRES000003164,LORD000003473,2026-05-27 18:41:17,142.443,mmol/L,N,Preliminary
LRES000003165,LORD000003474,2026-02-24 21:13:03,1.271,mg/dL,N,Final
LRES000003166,LORD000003475,2026-02-24 19:13:03,4.204,mmol/L,N,Preliminary
LRES000003167,LORD000003476,2026-02-11 23:46:17,4.75,mmol/L,N,Preliminary
LRES000003168,LORD000003477,2026-04-28 16:47:41,8.345,ng/L,N,Preliminary
LRES000003169,LORD000003478,2026-04-29 03:47:41,16.695,g/dL,N,Preliminary
LRES000003170,LORD000003479,2026-05-21 03:20:27,1.1,mg/dL,N,Final
LRES000003171,LORD000003481,2026-05-23 05:31:10,3.459,mmol/L,L,Final
LRES000003172,LORD000003483,2026-04-28 12:43:13,196.576,10^9/L,N,Preliminary
LRES000003173,LORD000003484,2026-04-05 19:25:03,1.35,mg/dL,H,Preliminary
LRES000003174,LORD000003485,2026-04-06 12:25:03,13.775,g/dL,N,Preliminary
LRES000003175,LORD000003486,2026-03-27 08:21:50,17.703,ng/L,N,Final
LRES000003176,LORD000003487,2026-02-13 00:45:06,107.147,mg/dL,N,Final
LRES000003177,LORD000003488,2026-02-12 19:45:06,275.79,10^9/L,N,Final
LRES000003178,LORD000003489,2026-04-19 02:30:55,99.86,mg/dL,N,Preliminary
LRES000003179,LORD000003490,2026-04-19 10:30:55,4.046,mmol/L,N,Preliminary
LRES000003180,LORD000003491,2026-05-31 05:09:11,7.181,10^9/L,N,Preliminary
LRES000003181,LORD000003492,2026-02-10 21:13:02,0.906,mg/dL,N,Preliminary
LRES000003182,LORD000003494,2026-03-04 02:43:14,15.975,g/dL,N,Final
LRES000003183,LORD000003495,2026-01-01 14:02:22,9.586,10^9/L,N,Preliminary
LRES000003184,LORD000003496,2026-02-27 22:33:36,136.633,mmol/L,N,Final
LRES000003185,LORD000003497,2026-02-27 14:33:36,7.419,10^9/L,N,Preliminary
LRES000003186,LORD000003498,2026-05-08 03:09:56,89.904,mg/dL,N,Final
LRES000003187,LORD000003499,2026-05-08 07:09:56,1.189,mg/dL,N,Preliminary
LRES000003188,LORD000003500,2026-02-03 06:58:35,13.476,g/dL,N,Final
LRES000003189,LORD000003501,2026-02-03 05:58:35,8.988,ng/L,N,Final
LRES000003190,LORD000003503,2026-04-30 10:34:21,125.903,mg/dL,N,Preliminary
LRES000003191,LORD000003504,2026-02-14 09:12:22,241.262,10^9/L,N,Preliminary
LRES000003192,LORD000003505,2026-02-21 13:29:24,303.085,10^9/L,N,Final
LRES000003193,LORD000003506,2026-02-21 08:29:24,554.701,10^9/L,H,Final
LRES000003194,LORD000003507,2026-02-06 15:20:13,398.078,10^9/L,N,Final
LRES000003195,LORD000003508,2026-02-07 01:20:13,,g/dL,N,Final
LRES000003196,LORD000003509,2026-04-07 05:06:45,14.979,g/dL,N,Preliminary
LRES000003197,LORD000003510,2026-01-04 14:46:45,1.107,mg/dL,N,Final
LRES000003198,LORD000003511,2026-03-15 03:51:08,120.792,mg/dL,N,Final
LRES000003199,LORD000003512,2026-03-15 07:51:08,0.903,mg/dL,N,Preliminary
LRES000003200,LORD000003513,2026-04-19 21:16:39,14.339,g/dL,N,Preliminary
LRES000003201,LORD000003514,2026-04-19 20:16:39,9.078,10^9/L,N,Preliminary
LRES000003202,LORD000003515,2026-04-15 18:13:40,127.177,mg/dL,N,Final
LRES000003203,LORD000003516,2026-04-16 04:13:40,373.492,10^9/L,N,Final
LRES000003204,LORD000003517,2026-02-01 18:23:05,1.046,mg/dL,N,Preliminary
LRES000003205,LORD000003518,2026-01-02 10:57:01,7.532,10^9/L,N,Final
LRES000003206,LORD000003519,2026-01-02 09:57:01,75.565,mg/dL,N,Preliminary
LRES000003207,LORD000003520,2026-05-26 13:29:50,140.017,mmol/L,N,Final
LRES000003208,LORD000003521,2026-01-22 17:57:35,15.254,ng/L,N,Final
LRES000003209,LORD000003522,2026-01-23 01:57:35,15.52,g/dL,N,Final
LRES000003210,LORD000003523,2026-02-21 14:19:27,0.628,mg/dL,N,Final
LRES000003211,LORD000003524,2026-02-20 18:19:27,145.325,mmol/L,H,Preliminary
LRES000003212,LORD000003525,2026-01-20 22:43:10,389.599,10^9/L,N,Final
LRES000003213,LORD000003526,2026-01-21 00:43:10,102.867,mg/dL,N,Preliminary
LRES000003214,LORD000003527,2026-01-03 01:40:29,1.012,mg/dL,N,Final
LRES000003215,LORD000003528,2026-01-03 12:40:29,8.409,10^9/L,N,Preliminary
LRES000003216,LORD000003529,2026-05-24 21:47:02,6.984,10^9/L,N,Final
LRES000003217,LORD000003530,2026-05-25 11:47:02,88.931,mg/dL,N,Preliminary
LRES000003218,LORD000003531,2026-02-19 23:53:11,1.334,mg/dL,H,Final
LRES000003219,LORD000003532,2026-02-20 14:53:11,359.454,10^9/L,N,Final
LRES000003220,LORD000003533,2026-03-25 03:11:28,0.603,mg/dL,N,Final
LRES000003221,LORD000003534,2026-03-25 04:11:28,90.979,mg/dL,N,Final
LRES000003222,LORD000003535,2026-05-07 15:06:20,111.019,mg/dL,N,Final
LRES000003223,LORD000003536,2026-02-18 18:54:42,7.666,10^9/L,N,Final
LRES000003224,LORD000003537,2026-05-28 05:31:06,103.421,mg/dL,N,Preliminary
LRES000003225,LORD000003538,2026-05-27 13:31:06,1.187,mg/dL,N,Final
LRES000003226,LORD000003539,2026-02-12 14:22:42,455.312,10^9/L,H,Final
LRES000003227,LORD000003541,2026-05-08 04:01:24,141.393,mmol/L,N,Final
LRES000003228,LORD000003542,2026-02-28 08:52:53,1.075,mg/dL,N,Preliminary
LRES000003229,LORD000003543,2026-02-28 02:52:53,9.583,10^9/L,N,Preliminary
LRES000003230,LORD000003544,2026-01-27 04:23:10,143.46,mmol/L,N,Final
LRES000003231,LORD000003545,2026-01-02 09:44:42,348.29,10^9/L,N,Final
LRES000003232,LORD000003546,2026-05-20 06:27:19,140.36,mmol/L,N,Final
LRES000003233,LORD000003547,2026-01-11 20:48:58,142.572,mmol/L,N,Final
LRES000003234,LORD000003548,2026-01-11 23:48:58,16.957,g/dL,N,Final
LRES000003235,LORD000003550,2026-02-28 13:53:53,139.578,mmol/L,N,Final
LRES000003236,LORD000003551,2026-05-24 15:49:16,1.062,mg/dL,N,Preliminary
LRES000003237,LORD000003552,2026-05-21 03:23:12,7.979,10^9/L,N,Final
LRES000003238,LORD000003553,2026-03-12 13:09:23,4.669,mmol/L,N,Final
LRES000003239,LORD000003554,2026-03-12 10:09:23,8.22,10^9/L,N,Preliminary
LRES000003240,LORD000003555,2026-04-21 06:01:00,0.31,10^9/L,L,Preliminary
LRES000003241,LORD000003556,2026-01-27 18:35:41,13.676,g/dL,N,Final
LRES000003242,LORD000003557,2026-01-16 09:12:14,17.639,ng/L,N,Preliminary
LRES000003243,LORD000003558,2026-05-13 00:48:35,1.004,mg/dL,N,Final
LRES000003244,LORD000003559,2026-05-12 11:48:35,0.923,mg/dL,N,Final
LRES000003245,LORD000003560,2026-03-21 04:30:24,4.724,mmol/L,N,Preliminary
LRES000003246,LORD000003561,2026-01-29 16:25:30,17.172,ng/L,N,Final
LRES000003247,LORD000003562,2026-01-29 13:25:30,0.903,mg/dL,N,Final
LRES000003248,LORD000003563,2026-04-23 23:21:28,8.613,10^9/L,N,Preliminary
LRES000003249,LORD000003564,2026-04-24 11:21:28,485.996,10^9/L,H,Final
LRES000003250,LORD000003565,2026-03-16 14:24:47,1.023,mg/dL,N,Final
LRES000003251,LORD000003566,2026-03-16 00:24:47,4.33,mmol/L,N,Final
LRES000003252,LORD000003567,2026-05-09 01:33:59,10.462,g/dL,L,Final
LRES000003253,LORD000003568,2026-02-13 09:41:56,0.981,mg/dL,N,Final
LRES000003254,LORD000003569,2026-02-13 23:41:56,142.263,mmol/L,N,Preliminary
LRES000003255,LORD000003570,2026-02-04 05:37:55,18.033,g/dL,H,Final
LRES000003256,LORD000003571,2026-02-01 11:46:00,134.766,mmol/L,L,Preliminary
LRES000003257,LORD000003572,2026-02-09 10:00:29,121.159,mg/dL,N,Final
LRES000003258,LORD000003573,2026-02-08 20:00:29,8.975,10^9/L,N,Final
LRES000003259,LORD000003574,2026-01-30 02:23:16,400.111,10^9/L,N,Final
LRES000003260,LORD000003575,2026-01-16 01:43:04,140.421,mmol/L,N,Final
LRES000003261,LORD000003576,2026-01-16 07:43:04,13.444,g/dL,N,Final
LRES000003262,LORD000003578,2026-04-16 16:48:24,5.19,mmol/L,N,Final
LRES000003263,LORD000003579,2026-01-18 02:03:03,229.556,10^9/L,N,Final
LRES000003264,LORD000003581,2026-05-28 08:49:54,1.038,mg/dL,N,Final
LRES000003265,LORD000003582,2026-05-28 08:49:54,0.795,mg/dL,N,Final
LRES000003266,LORD000003583,2026-05-18 22:59:10,389.209,10^9/L,N,Final
LRES000003267,LORD000003584,2026-05-19 02:59:10,6.934,10^9/L,N,Final
LRES000003268,LORD000003585,2026-03-01 20:51:53,0.919,mg/dL,N,Final
LRES000003269,LORD000003586,2026-01-24 22:01:01,16.332,g/dL,N,Final
LRES000003270,LORD000003587,2026-02-21 08:15:05,8.715,10^9/L,N,Final
LRES000003271,LORD000003588,2026-01-09 23:17:00,249.862,10^9/L,N,Final
LRES000003272,LORD000003591,2026-04-13 19:43:43,142.1,mmol/L,N,Preliminary
LRES000003273,LORD000003592,2026-04-24 16:53:31,389.794,10^9/L,N,Final
LRES000003274,LORD000003593,2026-04-21 10:44:50,19.161,ng/L,H,Final
LRES000003275,LORD000003594,2026-04-20 20:44:50,328.748,10^9/L,N,Final
LRES000003276,LORD000003595,2026-02-11 05:34:20,8.228,10^9/L,N,Final
LRES000003277,LORD000003596,2026-05-28 18:22:06,143.81,mmol/L,N,Final
LRES000003278,LORD000003597,2026-05-28 19:22:06,143.337,mmol/L,N,Preliminary
LRES000003279,LORD000003598,2026-04-21 06:23:48,139.992,mmol/L,N,Preliminary
LRES000003280,LORD000003599,2026-04-21 16:23:48,144.139,mmol/L,N,Preliminary
LRES000003281,LORD000003600,2026-05-29 18:41:40,106.978,mg/dL,N,Preliminary
LRES000003282,LORD000003601,2026-04-29 03:56:02,116.928,mg/dL,N,Final
LRES000003283,LORD000003602,2026-05-18 11:53:22,1.278,mg/dL,N,Preliminary
LRES000003284,LORD000003603,2026-05-20 06:18:46,4.777,mmol/L,N,Final
LRES000003285,LORD000003604,2026-05-24 09:34:33,2.332,ng/L,N,Final
LRES000003286,LORD000003605,2026-05-24 10:34:33,3.761,mmol/L,N,Final
LRES000003287,LORD000003606,2026-02-18 00:41:57,0.637,mg/dL,N,Preliminary
LRES000003288,LORD000003607,2026-02-18 00:41:57,106.194,mg/dL,N,Final
LRES000003289,LORD000003608,2026-04-25 15:21:23,166.77,10^9/L,N,Final
LRES000003290,LORD000003609,2026-04-26 01:21:23,275.293,10^9/L,N,Preliminary
LRES000003291,LORD000003610,2026-01-04 21:39:28,145.457,mmol/L,H,Final
LRES000003292,LORD000003611,2026-05-12 11:31:37,11.042,g/dL,L,Final
LRES000003293,LORD000003612,2026-03-19 10:35:18,17.61,g/dL,H,Final
LRES000003294,LORD000003613,2026-05-15 03:59:41,141.647,mmol/L,N,Final
LRES000003295,LORD000003615,2026-02-22 11:04:40,361.195,10^9/L,N,Final
LRES000003296,LORD000003616,2026-02-23 17:04:40,162.082,10^9/L,N,Preliminary
LRES000003297,LORD000003617,2026-05-06 12:53:08,143.524,mmol/L,N,Final
LRES000003298,LORD000003619,2026-05-03 11:54:14,320.056,10^9/L,N,Preliminary
LRES000003299,LORD000003620,2026-05-06 18:39:28,71.724,mg/dL,N,Final
LRES000003300,LORD000003621,2026-05-07 04:39:28,1.22,mg/dL,N,Final
LRES000003301,LORD000003622,2026-02-21 05:10:42,12.872,g/dL,N,Final
LRES000003302,LORD000003623,2026-02-21 21:10:42,418.065,10^9/L,N,Preliminary
LRES000003303,LORD000003624,2026-01-14 00:40:40,385.226,10^9/L,N,Final
LRES000003304,LORD000003625,2026-01-13 23:40:40,224.079,10^9/L,N,Final
LRES000003305,LORD000003626,2026-02-21 09:30:31,135.414,mmol/L,N,Final
LRES000003306,LORD000003627,2026-02-21 12:30:31,291.008,10^9/L,N,Final
LRES000003307,LORD000003628,2026-01-08 00:50:01,15.671,ng/L,N,Final
LRES000003308,LORD000003629,2026-04-05 07:18:10,0.701,mg/dL,N,Final
LRES000003309,LORD000003630,2026-03-03 22:53:27,8.945,ng/L,N,Final
LRES000003310,LORD000003631,2026-03-03 20:53:27,14.834,g/dL,N,Preliminary
LRES000003311,LORD000003632,2026-05-10 16:15:14,13.892,g/dL,N,Final
LRES000003312,LORD000003633,2026-04-22 16:33:44,17.156,g/dL,N,Preliminary
LRES000003313,LORD000003634,2026-05-24 07:56:41,114.899,10^9/L,L,Preliminary
LRES000003314,LORD000003635,2026-02-24 22:42:29,76.912,mg/dL,N,Final
LRES000003315,LORD000003636,2026-02-25 02:42:29,142.674,mmol/L,N,Final
LRES000003316,LORD000003637,2026-01-20 23:25:35,99.978,mg/dL,N,Final
LRES000003317,LORD000003638,2026-03-06 23:06:27,5.717,ng/L,N,Preliminary
LRES000003318,LORD000003639,2026-03-06 17:06:27,140.02,mmol/L,N,Final
LRES000003319,LORD000003640,2026-01-05 01:43:35,11.796,g/dL,L,Preliminary
LRES000003320,LORD000003642,2026-01-10 23:07:09,118.092,mg/dL,N,Final
LRES000003321,LORD000003643,2026-04-19 11:13:22,4.798,mmol/L,N,Preliminary
LRES000003322,LORD000003644,2026-04-19 17:13:22,4.012,ng/L,N,Final
LRES000003323,LORD000003645,2026-05-13 22:19:45,129.053,mg/dL,N,Final
LRES000003324,LORD000003646,2026-05-13 07:19:45,144.778,mmol/L,N,Preliminary
LRES000003325,LORD000003647,2026-04-12 22:57:34,1.157,mg/dL,N,Final
LRES000003326,LORD000003648,2026-04-03 13:27:54,222.175,10^9/L,N,Final
LRES000003327,LORD000003649,2026-05-09 09:23:55,3.588,mmol/L,N,Final
LRES000003328,LORD000003650,2026-03-31 06:43:51,11.58,ng/L,N,Preliminary
LRES000003329,LORD000003651,2026-03-31 06:43:51,16.038,g/dL,N,Preliminary
LRES000003330,LORD000003652,2026-02-07 01:05:24,11.801,ng/L,N,Preliminary
LRES000003331,LORD000003653,2026-04-03 02:20:28,138.625,mmol/L,N,Final
LRES000003332,LORD000003654,2026-04-05 13:48:46,16.072,g/dL,N,Final
LRES000003333,LORD000003655,2026-04-05 03:48:46,394.745,10^9/L,N,Preliminary
LRES000003334,LORD000003656,2026-01-31 22:38:15,4.393,mmol/L,N,Final
LRES000003335,LORD000003657,2026-01-26 04:45:01,109.753,mg/dL,N,Preliminary
LRES000003336,LORD000003658,2026-05-11 16:05:37,5.037,ng/L,N,Final
LRES000003337,LORD000003659,2026-05-12 11:05:37,17.441,ng/L,N,Final
LRES000003338,LORD000003660,2026-05-24 09:00:47,11.868,g/dL,L,Final
LRES000003339,LORD000003661,2026-02-21 10:07:02,1.124,mg/dL,N,Final
LRES000003340,LORD000003662,2026-02-21 10:07:02,132.307,mg/dL,N,Final
LRES000003341,LORD000003663,2026-02-11 17:57:38,352.81,10^9/L,N,Final
LRES000003342,LORD000003664,2026-02-11 10:57:38,7.525,ng/L,N,Preliminary
LRES000003343,LORD000003665,2026-04-14 13:35:51,289.887,10^9/L,N,Final
LRES000003344,LORD000003666,2026-03-24 08:09:38,138.222,mmol/L,N,Final
LRES000003345,LORD000003667,2026-03-24 01:09:38,3.756,mmol/L,N,Final
LRES000003346,LORD000003668,2026-05-16 19:33:13,63.071,mg/dL,L,Preliminary
LRES000003347,LORD000003669,2026-05-07 22:06:18,0.894,mg/dL,N,Preliminary
LRES000003348,LORD000003670,2026-05-07 20:06:18,64.677,mg/dL,L,Final
LRES000003349,LORD000003671,2026-02-18 23:33:08,138.545,mmol/L,N,Final
LRES000003350,LORD000003672,2026-04-24 03:12:50,60.865,10^9/L,L,Final
LRES000003351,LORD000003673,2026-04-24 13:12:50,392.714,10^9/L,N,Final
LRES000003352,LORD000003674,2026-02-20 20:45:03,0.967,mg/dL,N,Preliminary
LRES000003353,LORD000003676,2026-01-27 04:54:10,135.071,mg/dL,N,Final
LRES000003354,LORD000003677,2026-01-05 06:41:17,4.185,mmol/L,N,Preliminary
LRES000003355,LORD000003678,2026-01-31 06:58:02,4.68,mmol/L,N,Preliminary
LRES000003356,LORD000003679,2026-02-26 02:05:53,106.531,mg/dL,N,Final
LRES000003357,LORD000003680,2026-04-24 02:50:57,265.921,10^9/L,N,Preliminary
LRES000003358,LORD000003681,2026-02-23 03:15:30,139.968,mmol/L,N,Preliminary
LRES000003359,LORD000003682,2026-02-01 18:57:12,8.411,10^9/L,N,Final
LRES000003360,LORD000003683,2026-02-01 16:57:12,0.701,mg/dL,N,Preliminary
LRES000003361,LORD000003684,2026-05-07 10:44:50,142.474,mmol/L,N,Final
LRES000003362,LORD000003685,2026-03-23 17:56:38,188.02,10^9/L,N,Preliminary
LRES000003363,LORD000003686,2026-03-23 19:56:38,0.906,mg/dL,N,Preliminary
LRES000003364,LORD000003687,2026-03-29 22:06:59,101.223,mg/dL,N,Preliminary
LRES000003365,LORD000003688,2026-03-30 03:06:59,511.788,10^9/L,H,Final
LRES000003366,LORD000003689,2026-02-23 18:03:12,16.218,g/dL,N,Final
LRES000003367,LORD000003690,2026-02-23 19:03:12,102.092,mg/dL,N,Final
LRES000003368,LORD000003691,2026-03-24 08:52:51,1.048,mg/dL,N,Preliminary
LRES000003369,LORD000003692,2026-03-24 09:52:51,0.848,mg/dL,N,Preliminary
LRES000003370,LORD000003693,2026-01-31 19:03:45,14.108,g/dL,N,Final
LRES000003371,LORD000003694,2026-02-01 01:03:45,247.886,10^9/L,N,Final
LRES000003372,LORD000003695,2026-02-19 02:31:05,14.033,g/dL,N,Final
LRES000003373,LORD000003696,2026-02-18 23:31:05,5.389,ng/L,N,Final
LRES000003374,LORD000003697,2026-03-23 16:36:11,331.855,10^9/L,N,Final
LRES000003375,LORD000003698,2026-04-30 10:14:46,4.229,mmol/L,N,Preliminary
LRES000003376,LORD000003699,2026-04-30 19:14:46,17.544,g/dL,H,Preliminary
LRES000003377,LORD000003700,2026-03-20 18:18:35,1.187,mg/dL,N,Final
LRES000003378,LORD000003701,2026-03-20 22:18:35,4.606,ng/L,N,Preliminary
LRES000003379,LORD000003702,2026-04-30 16:15:51,199.205,10^9/L,N,Preliminary
LRES000003380,LORD000003703,2026-02-19 14:49:53,141.756,mmol/L,N,Final
LRES000003381,LORD000003704,2026-02-19 13:49:53,17.008,ng/L,N,Final
LRES000003382,LORD000003705,2026-04-12 03:07:06,8.437,10^9/L,N,Preliminary
LRES000003383,LORD000003706,2026-04-12 13:07:06,4.987,mmol/L,N,Final
LRES000003384,LORD000003707,2026-04-22 04:42:09,4.822,mmol/L,N,Final
LRES000003385,LORD000003708,2026-01-26 12:38:46,4.12,10^9/L,N,Preliminary
LRES000003386,LORD000003709,2026-02-13 20:24:13,303.035,10^9/L,N,Final
LRES000003387,LORD000003710,2026-02-06 16:24:46,15.42,g/dL,N,Final
LRES000003388,LORD000003711,2026-01-04 04:02:52,336.686,10^9/L,N,Final
LRES000003389,LORD000003712,2026-01-30 09:44:57,137.645,mmol/L,N,Final
LRES000003390,LORD000003713,2026-01-30 04:44:57,12.473,ng/L,N,Final
LRES000003391,LORD000003714,2026-02-02 18:54:00,49.921,mg/dL,L,Final
LRES000003392,LORD000003715,2026-05-30 23:30:05,123.569,mg/dL,N,Final
LRES000003393,LORD000003716,2026-05-31 00:30:05,136.787,mmol/L,N,Preliminary
LRES000003394,LORD000003717,2026-03-11 22:12:14,135.763,mmol/L,N,Preliminary
LRES000003395,LORD000003718,2026-02-23 12:39:33,139.838,mmol/L,N,Final
LRES000003396,LORD000003719,2026-02-24 12:39:33,12.749,ng/L,N,Preliminary
LRES000003397,LORD000003720,2026-01-22 04:09:33,137.739,mmol/L,N,Final
LRES000003398,LORD000003722,2026-01-26 01:33:33,24.839,ng/L,H,Final
LRES000003399,LORD000003723,2026-02-18 15:31:11,115.281,mg/dL,N,Final
LRES000003400,LORD000003724,2026-02-18 05:31:11,17.355,g/dL,N,Final
LRES000003401,LORD000003725,2026-02-16 08:16:44,104.564,mg/dL,N,Final
LRES000003402,LORD000003726,2026-02-16 07:16:44,223.614,10^9/L,N,Final
LRES000003403,LORD000003728,2026-02-15 19:34:48,140.005,mmol/L,N,Final
LRES000003404,LORD000003729,2026-02-15 09:34:48,10.022,ng/L,N,Final
LRES000003405,LORD000003730,2026-05-09 23:56:02,141.07,mmol/L,N,Preliminary
LRES000003406,LORD000003731,2026-05-09 23:56:02,1.077,mg/dL,N,Preliminary
LRES000003407,LORD000003732,2026-03-15 12:06:13,0.692,mg/dL,N,Preliminary
LRES000003408,LORD000003733,2026-03-21 09:47:37,142.064,mmol/L,N,Final
LRES000003409,LORD000003734,2026-03-21 08:47:37,2.494,ng/L,N,Preliminary
LRES000003410,LORD000003735,2026-01-20 14:47:14,5.574,10^9/L,N,Final
LRES000003411,LORD000003736,2026-01-20 19:47:14,0.523,mg/dL,L,Final
LRES000003412,LORD000003737,2026-03-09 20:52:59,135.815,mmol/L,N,Preliminary
LRES000003413,LORD000003738,2026-04-02 03:29:14,135.455,mmol/L,N,Final
LRES000003414,LORD000003739,2026-04-01 04:29:14,12.203,10^9/L,H,Final
LRES000003415,LORD000003740,2026-05-02 21:27:58,107.599,mg/dL,N,Final
LRES000003416,LORD000003742,2026-05-14 00:39:33,138.72,mmol/L,N,Preliminary
LRES000003417,LORD000003743,2026-01-20 00:55:40,82.169,mg/dL,N,Preliminary
LRES000003418,LORD000003744,2026-01-19 10:55:40,402.172,10^9/L,N,Final
LRES000003419,LORD000003745,2026-03-29 18:05:38,9.817,10^9/L,N,Final
LRES000003420,LORD000003746,2026-01-09 05:39:52,0.637,mg/dL,N,Preliminary
LRES000003421,LORD000003747,2026-01-16 11:51:11,138.529,mg/dL,N,Preliminary
LRES000003422,LORD000003748,2026-01-16 20:51:11,135.542,mmol/L,N,Preliminary
LRES000003423,LORD000003749,2026-05-01 09:48:55,362.759,10^9/L,N,Preliminary
LRES000003424,LORD000003750,2026-01-11 15:13:51,99.428,mg/dL,N,Final
LRES000003425,LORD000003751,2026-05-29 13:54:08,1.009,mg/dL,N,Preliminary
LRES000003426,LORD000003752,2026-01-07 20:56:52,17.968,ng/L,N,Preliminary
LRES000003427,LORD000003753,2026-05-17 07:00:00,1.147,mg/dL,N,Preliminary
LRES000003428,LORD000003754,2026-05-18 05:00:00,492.314,10^9/L,H,Final
LRES000003429,LORD000003755,2026-04-24 08:44:10,212.561,10^9/L,N,Preliminary
LRES000003430,LORD000003756,2026-04-24 12:44:10,3.466,mmol/L,L,Final
LRES000003431,LORD000003757,2026-02-18 08:34:17,15.154,ng/L,N,Final
LRES000003432,LORD000003758,2026-02-18 16:34:17,137.496,mmol/L,N,Final
LRES000003433,LORD000003759,2026-03-24 15:19:38,8.391,10^9/L,N,Preliminary
LRES000003434,LORD000003760,2026-03-24 11:19:38,283.641,10^9/L,N,Final
LRES000003435,LORD000003761,2026-02-06 03:40:17,5.14,mmol/L,N,Final
LRES000003436,LORD000003764,2026-03-27 03:59:33,425.595,10^9/L,N,Final
LRES000003437,LORD000003765,2026-01-12 02:56:50,9.341,10^9/L,N,Final
LRES000003438,LORD000003766,2026-01-12 15:56:50,3.538,mmol/L,N,Final
LRES000003439,LORD000003767,2026-02-21 22:53:57,-2.062,ng/L,L,Final
LRES000003440,LORD000003768,2026-05-16 02:11:54,144.219,mmol/L,N,Preliminary
LRES000003441,LORD000003769,2026-01-01 19:57:23,0.938,mg/dL,N,Final
LRES000003442,LORD000003770,2026-01-01 12:57:23,5.479,ng/L,N,Final
LRES000003443,LORD000003771,2026-05-02 20:18:59,206.992,10^9/L,N,Final
LRES000003444,LORD000003772,2026-05-02 01:18:59,338.931,10^9/L,N,Preliminary
LRES000003445,LORD000003773,2026-02-22 18:49:43,9.248,ng/L,N,Final
LRES000003446,LORD000003774,2026-05-15 23:16:20,14.879,g/dL,N,Final
LRES000003447,LORD000003775,2026-03-22 19:33:43,0.698,mg/dL,N,Preliminary
LRES000003448,LORD000003776,2026-03-22 22:33:43,3.143,10^9/L,L,Preliminary
LRES000003449,LORD000003777,2026-04-15 05:45:50,125.206,mg/dL,N,Final
LRES000003450,LORD000003778,2026-04-15 04:45:50,0.759,mg/dL,N,Final
LRES000003451,LORD000003779,2026-03-18 16:45:04,4.741,mmol/L,N,Final
LRES000003452,LORD000003780,2026-04-08 12:19:01,1.166,mg/dL,N,Final
LRES000003453,LORD000003781,2026-04-08 18:19:01,144.445,mmol/L,N,Preliminary
LRES000003454,LORD000003782,2026-03-18 18:27:41,158.067,mg/dL,H,Preliminary
LRES000003455,LORD000003784,2026-02-12 08:43:28,4.207,mmol/L,N,Final
LRES000003456,LORD000003785,2026-02-11 19:43:28,6.715,10^9/L,N,Preliminary
LRES000003457,LORD000003786,2026-01-31 09:16:44,14.078,ng/L,N,Preliminary
LRES000003458,LORD000003787,2026-01-13 05:52:30,109.464,mg/dL,N,Preliminary
LRES000003459,LORD000003788,2026-02-08 08:39:21,4.104,mmol/L,N,Preliminary
LRES000003460,LORD000003789,2026-05-13 23:59:27,116.957,mg/dL,N,Final
LRES000003461,LORD000003790,2026-05-14 20:59:27,1.166,mg/dL,N,Preliminary
LRES000003462,LORD000003792,2026-03-09 18:59:34,161.932,10^9/L,N,Final
LRES000003463,LORD000003794,2026-03-12 00:13:46,95.959,mg/dL,N,Preliminary
LRES000003464,LORD000003795,2026-03-12 06:13:46,7.096,10^9/L,N,Final
LRES000003465,LORD000003798,2026-03-10 07:03:47,6.674,ng/L,N,Preliminary
LRES000003466,LORD000003799,2026-03-08 23:55:15,141.884,mg/dL,H,Final
LRES000003467,LORD000003800,2026-03-09 07:55:15,141.203,mmol/L,N,Final
LRES000003468,LORD000003801,2026-04-27 03:00:57,73.403,mg/dL,N,Final
LRES000003469,LORD000003802,2026-02-12 00:27:36,7.175,10^9/L,N,Final
LRES000003470,LORD000003803,2026-04-25 23:54:43,140.342,mmol/L,N,Final
LRES000003471,LORD000003804,2026-01-17 20:22:28,441.303,10^9/L,N,Final
LRES000003472,LORD000003805,2026-02-01 09:16:42,141.739,mmol/L,N,Final
LRES000003473,LORD000003807,2026-03-03 11:45:35,8.638,ng/L,N,Preliminary
LRES000003474,LORD000003808,2026-03-03 19:45:35,9.419,10^9/L,N,Final
LRES000003475,LORD000003809,2026-05-12 05:12:46,476.799,10^9/L,H,Final
LRES000003476,LORD000003810,2026-05-12 04:12:46,16.287,g/dL,N,Final
LRES000003477,LORD000003811,2026-03-17 10:02:04,316.27,10^9/L,N,Final
LRES000003478,LORD000003812,2026-03-18 01:02:04,135.108,mmol/L,N,Preliminary
LRES000003479,LORD000003813,2026-02-12 11:43:30,16.608,g/dL,N,Preliminary
LRES000003480,LORD000003814,2026-02-12 05:43:30,3.082,10^9/L,L,Preliminary
LRES000003481,LORD000003815,2026-04-07 17:50:59,0.729,mg/dL,N,Final
LRES000003482,LORD000003816,2026-02-16 02:54:18,228.349,10^9/L,N,Final
LRES000003483,LORD000003817,2026-02-16 01:54:18,5.17,10^9/L,N,Preliminary
LRES000003484,LORD000003818,2026-02-15 22:13:44,10.777,ng/L,N,Final
LRES000003485,LORD000003819,2026-02-16 00:13:44,9.964,10^9/L,N,Final
LRES000003486,LORD000003821,2026-04-09 04:55:25,8.044,10^9/L,N,Final
LRES000003487,LORD000003822,2026-01-04 11:26:50,155.757,mg/dL,H,Final
LRES000003488,LORD000003823,2026-01-04 23:26:50,18.845,g/dL,H,Final
LRES000003489,LORD000003824,2026-03-10 22:41:00,138.178,mmol/L,N,Final
LRES000003490,LORD000003825,2026-03-11 12:41:00,8.05,ng/L,N,Final
LRES000003491,LORD000003827,2026-02-11 14:51:37,0.967,mg/dL,N,Final
LRES000003492,LORD000003828,2026-05-01 14:43:50,3.833,mmol/L,N,Preliminary
LRES000003493,LORD000003829,2026-05-01 09:43:50,12.25,ng/L,N,Preliminary
LRES000003494,LORD000003830,2026-04-02 00:48:42,3.551,10^9/L,L,Preliminary
LRES000003495,LORD000003832,2026-03-27 03:13:53,1.194,mg/dL,N,Preliminary
LRES000003496,LORD000003833,2026-05-22 18:19:57,4.409,mmol/L,N,Final
LRES000003497,LORD000003834,2026-04-13 17:50:24,13.849,ng/L,N,Final
LRES000003498,LORD000003835,2026-04-13 11:50:24,7.511,10^9/L,N,Final
LRES000003499,LORD000003836,2026-03-15 18:22:15,134.923,mmol/L,L,Final
LRES000003500,LORD000003837,2026-04-30 16:23:50,15.678,g/dL,N,Final
LRES000003501,LORD000003838,2026-03-21 14:35:59,404.927,10^9/L,N,Final
LRES000003502,LORD000003839,2026-03-22 00:35:59,6.929,10^9/L,N,Final
LRES000003503,LORD000003840,2026-05-16 19:21:08,16.103,g/dL,N,Final
LRES000003504,LORD_BAD,2026-01-28 06:27:41,100.595,mg/dL,N,Final
LRES000003505,LORD000003842,2026-01-27 23:27:41,11.131,g/dL,L,Final
LRES000003506,LORD000003843,2026-06-01 12:35:05,4.726,ng/L,N,Final
LRES000003507,LORD000003844,2026-06-01 09:35:05,360.612,10^9/L,N,Final
LRES000003508,LORD000003845,2026-03-03 03:36:06,144.668,mmol/L,N,Final
LRES000003509,LORD000003846,2026-03-03 07:36:06,14.297,ng/L,N,Final
LRES000003510,LORD000003847,2026-04-21 03:46:45,0.752,mg/dL,N,Final
LRES000003511,LORD000003848,2026-04-21 14:46:45,415.431,10^9/L,N,Final
LRES000003512,LORD000003850,2026-04-04 19:06:40,134.375,mmol/L,L,Final
LRES000003513,LORD000003851,2026-04-18 06:12:09,8.148,10^9/L,N,Final
LRES000003514,LORD000003852,2026-04-26 08:38:29,12.666,g/dL,N,Preliminary
LRES000003515,LORD000003853,2026-04-26 12:38:29,128.604,mg/dL,N,Preliminary
LRES000003516,LORD000003854,2026-04-17 16:51:38,142.262,mmol/L,N,Final
LRES000003517,LORD000003855,2026-03-20 20:28:08,12.71,g/dL,N,Preliminary
LRES000003518,LORD000003856,2026-03-21 07:28:08,116.655,mg/dL,N,Final
LRES000003519,LORD000003857,2026-03-03 15:12:21,1.025,mg/dL,N,Preliminary
LRES000003520,LORD000003858,2026-03-03 19:12:21,103.088,mg/dL,N,Final
LRES000003521,LORD000003860,2026-03-02 15:59:09,135.405,mmol/L,N,Final
LRES000003522,LORD000003861,2026-02-17 06:10:47,16.753,g/dL,N,Final
LRES000003523,LORD000003862,2026-02-17 01:10:47,68.463,mg/dL,L,Final
LRES000003524,LORD000003863,2026-01-09 03:44:36,10.927,g/dL,L,Preliminary
LRES000003525,LORD000003864,2026-01-23 13:03:42,4.968,10^9/L,N,Final
LRES000003526,LORD000003865,2026-01-23 21:03:42,6.515,ng/L,N,Final
LRES000003527,LORD000003866,2026-04-13 21:43:28,0.88,mg/dL,N,Final
LRES000003528,LORD000003868,2026-05-11 02:07:58,4.427,mmol/L,N,Final
LRES000003529,LORD000003869,2026-01-28 20:37:43,17.237,g/dL,N,Preliminary
LRES000003530,LORD000003870,2026-01-29 02:37:43,336.932,10^9/L,N,Final
LRES000003531,LORD000003871,2026-03-30 03:47:21,236.697,10^9/L,N,Preliminary
LRES000003532,LORD000003872,2026-03-15 04:43:25,5.087,mmol/L,N,Preliminary
LRES000003533,LORD000003873,2026-04-25 12:13:22,15.187,g/dL,N,Final
LRES000003534,LORD000003874,2026-03-30 09:57:35,9.375,ng/L,N,Final
LRES000003535,LORD000003875,2026-03-30 10:57:35,7.711,10^9/L,N,Final
LRES000003536,LORD000003877,2026-04-15 01:35:54,12.175,g/dL,N,Preliminary
LRES000003537,LORD000003878,2026-04-01 18:18:36,4.46,mmol/L,N,Final
LRES000003538,LORD000003879,2026-03-02 12:58:05,1.799,ng/L,N,Preliminary
LRES000003539,LORD000003881,2026-05-10 16:59:45,8.222,ng/L,N,Final
LRES000003540,LORD000003882,2026-05-11 07:59:45,9.71,ng/L,N,Preliminary
LRES000003541,LORD000003883,2026-05-22 13:33:11,99.592,mg/dL,N,Final
LRES000003542,LORD000003884,2026-03-12 22:07:55,13.275,g/dL,N,Final
LRES000003543,LORD000003885,2026-03-26 18:58:31,4.339,mmol/L,N,Final
LRES000003544,LORD000003886,2026-05-12 22:58:57,74.678,mg/dL,N,Final
LRES000003545,LORD000003887,2026-05-12 15:58:57,94.24,mg/dL,N,Final
LRES000003546,LORD000003888,2026-02-26 20:15:43,11.302,ng/L,N,Final
LRES000003547,LORD000003889,2026-04-19 00:42:55,13.96,g/dL,N,Final
LRES000003548,LORD000003890,2026-04-19 04:42:55,260.746,10^9/L,N,Preliminary
LRES000003549,LORD000003891,2026-04-08 17:36:48,5.459,10^9/L,N,Final
LRES000003550,LORD000003892,2026-04-08 10:36:48,11.474,10^9/L,H,Final
LRES000003551,LORD000003894,2026-03-26 16:47:20,21.908,ng/L,H,Preliminary
LRES000003552,LORD000003895,2026-02-03 15:17:41,9.014,10^9/L,N,Preliminary
LRES000003553,LORD000003896,2026-02-09 06:05:59,5.111,mmol/L,N,Preliminary
LRES000003554,LORD000003897,2026-02-09 16:05:59,104.063,mg/dL,N,Preliminary
LRES000003555,LORD000003898,2026-02-07 08:53:26,14.017,g/dL,N,Final
LRES000003556,LORD000003899,2026-02-07 17:53:26,9.864,10^9/L,N,Preliminary
LRES000003557,LORD000003900,2026-01-14 02:10:26,9.878,ng/L,N,Final
LRES000003558,LORD000003901,2026-01-14 01:10:26,135.988,mmol/L,N,Final
LRES000003559,LORD000003902,2026-05-08 06:00:50,139.294,mmol/L,N,Preliminary
LRES000003560,LORD000003904,2026-05-29 06:40:49,406.725,10^9/L,N,Preliminary
LRES000003561,LORD000003905,2026-04-24 10:00:40,98.418,mg/dL,N,Preliminary
LRES000003562,LORD000003906,2026-04-24 17:00:40,115.81,mg/dL,N,Final
LRES000003563,LORD000003907,2026-05-12 18:09:01,15.583,g/dL,N,Preliminary
LRES000003564,LORD000003908,2026-05-12 23:09:01,142.581,mmol/L,N,Final
LRES000003565,LORD000003910,2026-04-17 06:52:58,4.725,mmol/L,N,Final
LRES000003566,LORD000003911,2026-04-17 15:52:58,142.699,mg/dL,H,Final
LRES000003567,LORD000003912,2026-04-24 22:40:53,5.077,10^9/L,N,Final
LRES000003568,LORD000003913,2026-05-23 04:50:12,139.365,mmol/L,N,Final
LRES000003569,LORD000003915,2026-04-02 23:09:01,4.609,ng/L,N,Preliminary
LRES000003570,LORD000003916,2026-04-21 02:55:54,10.912,ng/L,N,Final
LRES000003571,LORD000003917,2026-05-15 00:25:36,4.241,mmol/L,N,Final
LRES000003572,LORD000003918,2026-05-14 17:25:36,104.258,mg/dL,N,Final
LRES000003573,LORD000003919,2026-05-14 22:26:56,4.534,mmol/L,N,Final
LRES000003574,LORD000003920,2026-02-16 19:26:07,76.625,mg/dL,N,Final
LRES000003575,LORD000003921,2026-02-15 10:00:47,283.851,10^9/L,N,Final
LRES000003576,LORD000003922,2026-02-14 10:00:47,400.176,10^9/L,N,Preliminary
LRES000003577,LORD000003923,2026-04-25 23:02:28,10.728,10^9/L,N,Preliminary
LRES000003578,LORD000003924,2026-04-26 05:02:28,18.678,ng/L,N,Preliminary
LRES000003579,LORD000003925,2026-05-16 15:49:49,15.696,g/dL,N,Final
LRES000003580,LORD000003926,2026-05-21 05:10:22,11.797,g/dL,L,Final
LRES000003581,LORD000003927,2026-05-21 04:10:22,0.905,mg/dL,N,Preliminary
LRES000003582,LORD000003928,2026-04-03 04:02:41,1.129,mg/dL,N,Final
LRES000003583,LORD000003929,2026-01-11 23:54:49,0.991,mg/dL,N,Final
LRES000003584,LORD000003930,2026-01-11 13:54:49,11.899,10^9/L,H,Preliminary
LRES000003585,LORD000003931,2026-04-06 02:09:50,13.058,ng/L,N,Final
LRES000003586,LORD000003933,2026-04-01 10:52:12,10.309,10^9/L,N,Preliminary
LRES000003587,LORD000003934,2026-04-01 16:52:12,341.095,10^9/L,N,Final
LRES000003588,LORD000003935,2026-01-05 14:52:46,9.16,10^9/L,N,Final
LRES000003589,LORD000003936,2026-01-05 13:52:46,126.5,mg/dL,N,Final
LRES000003590,LORD000003937,2026-03-02 19:31:30,0.699,mg/dL,N,Preliminary
LRES000003591,LORD000003938,2026-02-20 16:54:28,0.544,mg/dL,L,Final
LRES000003592,LORD000003939,2026-02-20 07:54:28,3.969,mmol/L,N,Final
LRES000003593,LORD000003940,2026-04-29 14:38:01,11.642,g/dL,L,Preliminary
LRES000003594,LORD000003941,2026-02-11 07:59:57,7.319,10^9/L,N,Preliminary
LRES000003595,LORD000003942,2026-02-11 07:59:57,11.297,g/dL,L,Final
LRES000003596,LORD000003943,2026-03-24 12:38:09,235.625,10^9/L,N,Preliminary
LRES000003597,LORD000003944,2026-02-23 18:56:44,132.453,mg/dL,N,Final
LRES000003598,LORD000003945,2026-02-24 03:56:44,13.326,ng/L,N,Final
LRES000003599,LORD000003946,2026-03-18 07:10:20,209.244,10^9/L,N,Final
LRES000003600,LORD_BAD,2026-03-18 08:10:20,5.008,mmol/L,N,Final
LRES000003601,LORD000003948,2026-05-05 00:26:11,140.324,mmol/L,N,Preliminary
LRES000003602,LORD000003949,2026-05-05 13:26:11,4.807,10^9/L,N,Preliminary
LRES000003603,LORD000003950,2026-03-17 13:55:14,3.918,10^9/L,L,Preliminary
LRES000003604,LORD000003951,2026-03-17 09:55:14,1.073,mg/dL,N,Preliminary
LRES000003605,LORD000003952,2026-04-02 04:08:47,413.876,10^9/L,N,Final
LRES000003606,LORD000003953,2026-04-02 00:08:47,144.637,mmol/L,N,Final
LRES000003607,LORD000003954,2026-02-08 21:18:47,13.41,g/dL,N,Final
LRES000003608,LORD000003955,2026-05-13 20:36:45,127.624,10^9/L,L,Final
LRES000003609,LORD000003956,2026-05-14 11:36:45,4.121,mmol/L,N,Final
LRES000003610,LORD000003958,2026-04-06 12:11:58,1.015,mg/dL,N,Final
LRES000003611,LORD000003959,2026-05-21 23:06:43,13.94,g/dL,N,Final
LRES000003612,LORD000003960,2026-02-28 04:31:41,316.075,10^9/L,N,Preliminary
LRES000003613,LORD000003961,2026-05-02 18:19:49,15.818,g/dL,N,Final
LRES000003614,LORD000003962,2026-05-02 16:19:49,0.7,mg/dL,N,Final
LRES000003615,LORD000003963,2026-03-18 13:28:25,1.23,mg/dL,N,Final
LRES000003616,LORD000003964,2026-03-18 12:28:25,138.921,mmol/L,N,Final
LRES000003617,LORD000003965,2026-04-20 06:32:00,0.525,mg/dL,L,Final
LRES000003618,LORD000003966,2026-04-21 00:32:00,4.241,mmol/L,N,Preliminary
LRES000003619,LORD000003967,2026-04-04 05:50:29,98.842,mg/dL,N,Preliminary
LRES000003620,LORD000003968,2026-04-03 16:50:29,0.712,mg/dL,N,Preliminary
LRES000003621,LORD000003969,2026-03-31 02:18:32,145.149,mmol/L,H,Preliminary
LRES000003622,LORD000003970,2026-02-28 12:38:35,100.108,mg/dL,N,Preliminary
LRES000003623,LORD000003971,2026-03-15 03:19:37,3.269,mmol/L,L,Preliminary
LRES000003624,LORD000003972,2026-03-15 04:19:37,5.938,mmol/L,H,Final
LRES000003625,LORD000003973,2026-01-22 02:03:06,222.505,10^9/L,N,Final
LRES000003626,LORD000003974,2026-01-21 20:03:06,141.799,mmol/L,N,Final
LRES000003627,LORD000003975,2026-03-09 06:30:03,11.756,g/dL,L,Preliminary
LRES000003628,LORD000003976,2026-05-29 07:04:04,15.817,g/dL,N,Final
LRES000003629,LORD000003977,2026-02-24 10:33:01,-1.143,ng/L,L,Final
LRES000003630,LORD000003978,2026-02-24 18:33:01,7.033,ng/L,N,Preliminary
LRES000003631,LORD000003979,2026-01-19 06:29:01,102.195,mg/dL,N,Final
LRES000003632,LORD000003980,2026-01-19 06:29:01,15.049,g/dL,N,Preliminary
LRES000003633,LORD000003981,2026-03-04 19:46:32,4.387,mmol/L,N,Preliminary
LRES000003634,LORD000003982,2026-03-05 06:46:32,8.564,10^9/L,N,Preliminary
LRES000003635,LORD000003983,2026-05-04 16:59:56,4.935,mmol/L,N,Preliminary
LRES000003636,LORD000003985,2026-03-26 07:12:00,135.029,10^9/L,L,Final
LRES000003637,LORD000003986,2026-02-17 15:16:21,4.391,mmol/L,N,Preliminary
LRES000003638,LORD000003987,2026-02-17 00:16:21,142.437,mmol/L,N,Final
LRES000003639,LORD000003988,2026-05-13 12:36:29,250.541,10^9/L,N,Preliminary
LRES000003640,LORD000003989,2026-01-10 02:43:02,0.697,mg/dL,N,Final
LRES000003641,LORD000003990,2026-01-10 03:43:02,164.747,10^9/L,N,Final
LRES000003642,LORD000003991,2026-01-23 07:16:05,8.631,ng/L,N,Preliminary
LRES000003643,LORD000003992,2026-05-13 13:38:23,0.878,mg/dL,N,Preliminary
LRES000003644,LORD000003994,2026-01-11 03:23:25,3.369,mmol/L,L,Final
LRES000003645,LORD000003995,2026-01-11 08:23:25,61.852,mg/dL,L,Final
LRES000003646,LORD000003996,2026-03-30 23:59:43,136.496,mmol/L,N,Preliminary
LRES000003647,LORD000003997,2026-03-31 04:59:43,1.039,mg/dL,N,Final
LRES000003648,LORD000003998,2026-05-07 09:27:13,102.351,mg/dL,N,Final
LRES000003649,LORD000003999,2026-05-07 23:27:13,13.525,ng/L,N,Preliminary
LRES000003650,LORD000004000,2026-05-13 08:25:32,3.737,mmol/L,N,Final
LRES000003651,LORD000004001,2026-03-13 07:30:08,5.49,mmol/L,H,Final
LRES000003652,LORD000004002,2026-03-12 22:30:08,82.4,mg/dL,N,Preliminary
LRES000003653,LORD000004003,2026-04-15 23:50:36,5.134,mmol/L,N,Preliminary
LRES000003654,LORD000004004,2026-04-05 15:54:04,14.199,g/dL,N,Preliminary
LRES000003655,LORD000004005,2026-02-11 08:43:48,11.513,10^9/L,H,Preliminary
LRES000003656,LORD000004006,2026-01-04 19:14:02,136.289,mmol/L,N,Preliminary
LRES000003657,LORD000004007,2026-05-06 10:31:46,4.634,ng/L,N,Final
LRES000003658,LORD000004008,2026-05-06 17:31:46,298.589,10^9/L,N,Final
LRES000003659,LORD000004009,2026-04-17 19:20:17,0.813,mg/dL,N,Final
LRES000003660,LORD000004010,2026-04-18 17:20:17,134.906,mmol/L,L,Final
LRES000003661,LORD000004011,2026-04-25 17:30:49,0.786,mg/dL,N,Final
LRES000003662,LORD000004012,2026-04-25 17:30:49,13.238,g/dL,N,Final
LRES000003663,LORD000004013,2026-05-10 02:35:38,0.972,mg/dL,N,Final
LRES000003664,LORD000004014,2026-04-24 20:40:23,147.381,mmol/L,H,Preliminary
LRES000003665,LORD000004015,2026-05-05 02:16:59,97.136,mg/dL,N,Final
LRES000003666,LORD000004016,2026-05-14 17:37:00,15.987,ng/L,N,Preliminary
LRES000003667,LORD000004018,2026-01-04 20:33:38,16.893,g/dL,N,Final
LRES000003668,LORD000004019,2026-02-08 09:41:54,71.057,mg/dL,N,Final
LRES000003669,LORD000004020,2026-02-08 05:41:54,7.423,10^9/L,N,Preliminary
LRES000003670,LORD000004021,2026-05-24 13:25:08,4.147,mmol/L,N,Preliminary
LRES000003671,LORD000004022,2026-01-14 19:17:28,1.051,mg/dL,N,Final
LRES000003672,LORD000004023,2026-01-13 23:17:28,7.666,10^9/L,N,Preliminary
LRES000003673,LORD000004024,2026-02-22 02:32:26,7.487,ng/L,N,Final
LRES000003674,LORD000004025,2026-02-21 16:32:26,314.408,10^9/L,N,Final
LRES000003675,LORD000004026,2026-03-26 15:53:22,320.105,10^9/L,N,Final
LRES000003676,LORD000004027,2026-04-21 20:55:01,145.413,mmol/L,H,Preliminary
LRES000003677,LORD000004028,2026-04-22 01:55:01,389.673,10^9/L,N,Preliminary
LRES000003678,LORD000004030,2026-05-15 10:38:33,3.928,mmol/L,N,Final
LRES000003679,LORD000004031,2026-04-10 22:42:29,5.839,ng/L,N,Final
LRES000003680,LORD000004032,2026-04-10 23:42:29,159.953,mg/dL,H,Final
LRES000003681,LORD000004033,2026-01-16 13:03:20,16.253,ng/L,N,Final
LRES000003682,LORD000004034,2026-02-28 03:25:22,14.298,ng/L,N,Final
LRES000003683,LORD000004035,2026-01-03 05:15:50,3.934,mmol/L,N,Preliminary
LRES000003684,LORD000004036,2026-01-03 08:15:50,11.294,ng/L,N,Final
LRES000003685,LORD000004037,2026-04-23 17:33:02,,g/dL,N,Final
LRES000003686,LORD000004038,2026-04-23 19:33:02,137.185,mmol/L,N,Preliminary
LRES000003687,LORD000004039,2026-04-29 07:16:28,5.414,10^9/L,N,Preliminary
LRES000003688,LORD000004041,2026-02-11 07:32:25,3.999,mmol/L,N,Final
LRES000003689,LORD000004042,2026-03-11 20:35:45,3.891,mmol/L,N,Final
LRES000003690,LORD000004043,2026-03-12 09:35:45,8.181,10^9/L,N,Final
LRES000003691,LORD000004046,2026-05-18 03:26:05,461.348,10^9/L,H,Final
LRES000003692,LORD000004047,2026-05-18 08:26:05,17.143,ng/L,N,Final
LRES000003693,LORD000004048,2026-01-20 06:10:59,136.58,mmol/L,N,Final
LRES000003694,LORD000004049,2026-04-07 07:20:37,103.168,mg/dL,N,Final
LRES000003695,LORD000004050,2026-04-07 16:20:37,0.779,mg/dL,N,Final
LRES000003696,LORD000004051,2026-05-15 23:37:47,15.726,ng/L,N,Final
LRES000003697,LORD000004052,2026-05-15 13:37:47,5.313,10^9/L,N,Final
LRES000003698,LORD000004053,2026-03-04 21:06:20,0.859,mg/dL,N,Preliminary
LRES000003699,LORD000004054,2026-03-23 22:43:49,3.425,mmol/L,L,Final
LRES000003700,LORD000004055,2026-03-08 09:45:10,9.669,ng/L,N,Preliminary
LRES000003701,LORD000004056,2026-03-08 02:45:10,7.571,10^9/L,N,Preliminary
LRES000003702,LORD000004057,2026-05-13 16:24:12,141.358,mmol/L,N,Preliminary
LRES000003703,LORD000004058,2026-01-29 11:01:04,9.152,ng/L,N,Final
LRES000003704,LORD000004059,2026-01-13 17:03:21,265.286,10^9/L,N,Final
LRES000003705,LORD000004060,2026-01-14 05:03:21,4.543,mmol/L,N,Final
LRES000003706,LORD000004061,2026-04-02 12:49:10,132.561,mmol/L,L,Final
LRES000003707,LORD000004062,2026-04-28 12:02:22,14.185,g/dL,N,Final
LRES000003708,LORD000004063,2026-05-26 14:27:12,4.315,ng/L,N,Preliminary
LRES000003709,LORD000004064,2026-05-26 05:37:31,372.519,10^9/L,N,Preliminary
LRES000003710,LORD000004065,2026-05-26 00:37:31,0.882,mg/dL,N,Final
LRES000003711,LORD000004066,2026-01-08 13:57:27,136.397,mmol/L,N,Final
LRES000003712,LORD000004067,2026-01-08 21:57:27,0.611,mg/dL,N,Final
LRES000003713,LORD000004068,2026-01-31 01:31:44,138.264,mmol/L,N,Preliminary
LRES000003714,LORD000004069,2026-05-20 18:10:32,5.029,mmol/L,N,Preliminary
LRES000003715,LORD000004070,2026-05-03 14:33:45,108.583,mg/dL,N,Final
LRES000003716,LORD000004071,2026-01-23 08:23:01,13.134,ng/L,N,Final
LRES000003717,LORD000004072,2026-04-25 18:43:14,1.103,mg/dL,N,Final
LRES000003718,LORD000004073,2026-04-05 14:57:26,140.204,mmol/L,N,Preliminary
LRES000003719,LORD000004074,2026-04-05 06:57:26,122.857,mg/dL,N,Final
LRES000003720,LORD000004076,2026-02-17 23:25:02,159.799,mg/dL,H,Preliminary
LRES000003721,LORD000004077,2026-01-21 02:13:18,264.116,10^9/L,N,Final
LRES000003722,LORD000004078,2026-03-29 08:09:28,0.8,mg/dL,N,Final
LRES000003723,LORD000004079,2026-03-29 01:09:28,110.106,mg/dL,N,Final
LRES000003724,LORD000004080,2026-01-03 07:14:22,101.71,mg/dL,N,Final
LRES000003725,LORD000004081,2026-01-03 16:14:22,7.935,10^9/L,N,Final
LRES000003726,LORD000004082,2026-01-09 08:30:39,0.969,mg/dL,N,Preliminary
LRES000003727,LORD000004083,2026-01-03 13:38:39,4.14,mmol/L,N,Final
LRES000003728,LORD000004084,2026-02-25 10:24:18,0.972,mg/dL,N,Final
LRES000003729,LORD000004085,2026-02-25 07:24:18,16.334,ng/L,N,Preliminary
LRES000003730,LORD000004086,2026-05-13 00:01:43,1.219,mg/dL,N,Final
LRES000003731,LORD000004087,2026-05-12 08:01:43,98.745,mg/dL,N,Final
LRES000003732,LORD000004088,2026-04-22 08:27:23,1.117,mg/dL,N,Final
LRES000003733,LORD000004089,2026-01-15 10:13:37,424.728,10^9/L,N,Final
LRES000003734,LORD000004090,2026-01-15 07:13:37,5.429,ng/L,N,Final
LRES000003735,LORD000004091,2026-02-21 01:04:40,0.92,mg/dL,N,Final
LRES000003736,LORD000004092,2026-05-30 23:36:20,7.378,ng/L,N,Preliminary
LRES000003737,LORD000004093,2026-05-30 12:36:20,3.962,mmol/L,N,Final
LRES000003738,LORD000004094,2026-01-29 06:09:31,141.808,mmol/L,N,Final
LRES000003739,LORD000004095,2026-04-01 06:07:17,142.295,mmol/L,N,Final
LRES000003740,LORD000004096,2026-04-01 07:07:17,0.754,mg/dL,N,Preliminary
LRES000003741,LORD000004098,2026-04-13 11:45:59,128.836,mmol/L,L,Final
LRES000003742,LORD000004099,2026-04-13 08:45:59,5.656,10^9/L,N,Final
LRES000003743,LORD000004101,2026-04-16 07:09:55,4.716,mmol/L,N,Final
LRES000003744,LORD000004102,2026-04-08 06:51:01,134.817,mmol/L,L,Preliminary
LRES000003745,LORD000004103,2026-04-11 15:18:35,141.08,mmol/L,N,Final
LRES000003746,LORD000004104,2026-04-12 06:18:35,15.113,g/dL,N,Final
LRES000003747,LORD000004106,2026-01-07 07:53:48,139.72,mmol/L,N,Final
LRES000003748,LORD000004107,2026-03-24 19:41:02,434.28,10^9/L,N,Preliminary
LRES000003749,LORD000004108,2026-03-19 23:38:11,190.319,10^9/L,N,Final
LRES000003750,LORD000004109,2026-05-25 11:32:43,0.711,mg/dL,N,Final
LRES000003751,LORD000004110,2026-05-25 03:32:43,0.643,mg/dL,N,Final
LRES000003752,LORD000004111,2026-04-02 21:58:31,137.87,mmol/L,N,Final
LRES000003753,LORD000004112,2026-04-03 12:58:31,305.001,10^9/L,N,Preliminary
LRES000003754,LORD000004113,2026-02-17 12:56:51,142.685,mmol/L,N,Final
LRES000003755,LORD000004115,2026-05-07 09:27:24,97.873,mg/dL,N,Final
LRES000003756,LORD000004116,2026-02-03 19:54:25,79.557,mg/dL,N,Preliminary
LRES000003757,LORD000004117,2026-02-02 22:03:24,78.424,mg/dL,N,Final
LRES000003758,LORD000004118,2026-02-02 07:03:24,104.201,mg/dL,N,Final
LRES000003759,LORD000004119,2026-03-14 22:00:44,15.523,g/dL,N,Final
LRES000003760,LORD000004120,2026-03-16 07:38:15,125.941,mg/dL,N,Preliminary
LRES000003761,LORD000004121,2026-03-16 23:38:15,0.918,mg/dL,N,Final
LRES000003762,LORD000004122,2026-03-18 00:21:02,265.01,10^9/L,N,Final
LRES000003763,LORD000004123,2026-02-04 16:51:57,4.63,mmol/L,N,Preliminary
LRES000003764,LORD000004124,2026-02-04 15:51:57,3.762,mmol/L,N,Preliminary
LRES000003765,LORD000004126,2026-01-29 20:47:23,10.753,ng/L,N,Final
LRES000003766,LORD000004127,2026-01-29 16:47:23,146.332,mmol/L,H,Final
LRES000003767,LORD000004128,2026-03-11 14:08:42,5.406,10^9/L,N,Final
LRES000003768,LORD000004129,2026-05-29 13:15:29,14.326,g/dL,N,Final
LRES000003769,LORD000004130,2026-04-24 14:01:07,6.959,10^9/L,N,Preliminary
LRES000003770,LORD000004131,2026-04-24 12:01:07,284.97,10^9/L,N,Final
LRES000003771,LORD000004132,2026-05-24 04:07:20,8.182,ng/L,N,Final
LRES000003772,LORD000004133,2026-05-24 11:07:20,4.604,mmol/L,N,Final
LRES000003773,LORD000004134,2026-04-05 14:16:30,6.785,10^9/L,N,Preliminary
LRES000003774,LORD000004135,2026-04-06 08:16:30,372.853,10^9/L,N,Final
LRES000003775,LORD000004136,2026-04-19 14:37:32,1.308,mg/dL,H,Final
LRES000003776,LORD000004137,2026-02-12 21:30:33,155.012,10^9/L,N,Preliminary
LRES000003777,LORD000004139,2026-05-23 09:52:46,295.568,10^9/L,N,Final
LRES000003778,LORD000004140,2026-03-18 06:11:40,116.9,mg/dL,N,Final
LRES000003779,LORD000004141,2026-01-22 00:56:15,3.953,mmol/L,N,Final
LRES000003780,LORD000004142,2026-01-21 11:56:15,11.78,g/dL,L,Final
LRES000003781,LORD000004143,2026-04-29 12:06:45,15.459,g/dL,N,Final
LRES000003782,LORD000004144,2026-04-29 17:06:45,83.179,mg/dL,N,Final
LRES000003783,LORD000004145,2026-03-13 03:19:15,20.117,ng/L,H,Preliminary
LRES000003784,LORD000004146,2026-04-15 21:10:22,0.966,mg/dL,N,Final
LRES000003785,LORD000004147,2026-04-15 08:10:22,139.876,mmol/L,N,Final
LRES000003786,LORD000004148,2026-01-30 18:04:10,4.063,mmol/L,N,Final
LRES000003787,LORD000004149,2026-04-02 11:43:45,135.711,mmol/L,N,Preliminary
LRES000003788,LORD000004150,2026-04-03 06:43:45,74.605,mg/dL,N,Final
LRES000003789,LORD000004151,2026-05-18 06:41:01,4.092,mmol/L,N,Preliminary
LRES000003790,LORD000004152,2026-02-20 03:36:25,1.043,mg/dL,N,Preliminary
LRES000003791,LORD000004153,2026-02-20 11:36:25,8.588,ng/L,N,Final
LRES000003792,LORD000004154,2026-05-10 03:04:10,73.359,mg/dL,N,Preliminary
LRES000003793,LORD000004155,2026-05-10 23:04:10,3.324,mmol/L,L,Final
LRES000003794,LORD000004156,2026-05-15 06:19:09,99.765,mg/dL,N,Final
LRES000003795,LORD000004157,2026-05-15 05:19:09,136.141,mmol/L,N,Final
LRES000003796,LORD000004158,2026-06-01 20:19:06,10.764,ng/L,N,Preliminary
LRES000003797,LORD000004159,2026-06-01 15:19:06,3.926,mmol/L,N,Final
LRES000003798,LORD000004160,2026-03-07 20:27:07,5.568,mmol/L,H,Preliminary
LRES000003799,LORD000004162,2026-04-16 12:17:14,5.677,10^9/L,N,Final
LRES000003800,LORD000004164,2026-05-20 04:43:09,0.778,mg/dL,N,Final
LRES000003801,LORD000004165,2026-02-26 17:13:06,105.49,mg/dL,N,Final
LRES000003802,LORD000004166,2026-02-11 19:34:23,120.992,mg/dL,N,Preliminary
LRES000003803,LORD000004167,2026-02-08 08:54:41,84.185,mg/dL,N,Preliminary
LRES000003804,LORD000004168,2026-01-16 23:05:04,15.737,ng/L,N,Final
LRES000003805,LORD000004169,2026-01-16 16:05:04,103.913,mg/dL,N,Final
LRES000003806,LORD000004170,2026-02-08 14:02:55,366.066,10^9/L,N,Final
LRES000003807,LORD000004171,2026-03-04 02:37:28,140.568,mmol/L,N,Preliminary
LRES000003808,LORD000004172,2026-03-04 09:37:28,142.282,mmol/L,N,Preliminary
LRES000003809,LORD000004174,2026-05-22 14:09:15,161.164,mg/dL,H,Final
LRES000003810,LORD000004175,2026-04-17 10:41:09,1.181,mg/dL,N,Final
LRES000003811,LORD000004176,2026-01-27 04:26:26,1.384,mg/dL,H,Preliminary
LRES000003812,LORD000004177,2026-03-06 18:59:31,66.742,mg/dL,L,Final
LRES000003813,LORD000004178,2026-02-26 17:47:02,0.814,mg/dL,N,Preliminary
LRES000003814,LORD000004179,2026-02-27 00:47:02,6.87,ng/L,N,Preliminary
LRES000003815,LORD000004180,2026-03-08 02:15:07,218.902,10^9/L,N,Final
LRES000003816,LORD000004181,2026-05-20 18:59:52,5.987,ng/L,N,Preliminary
LRES000003817,LORD000004182,2026-05-21 04:59:52,136.377,mmol/L,N,Final
LRES000003818,LORD000004184,2026-02-26 23:18:04,144.212,mmol/L,N,Preliminary
LRES000003819,LORD000004185,2026-02-26 10:18:04,8.651,ng/L,N,Final
LRES000003820,LORD000004186,2026-04-24 09:36:01,10.606,g/dL,L,Final
LRES000003821,LORD000004187,2026-04-24 21:43:41,4.49,ng/L,N,Final
LRES000003822,LORD000004188,2026-01-19 14:00:15,4.719,mmol/L,N,Final
LRES000003823,LORD000004189,2026-01-10 05:34:37,3.752,mmol/L,N,Final
LRES000003824,LORD000004190,2026-02-08 13:04:34,135.786,mmol/L,N,Final
LRES000003825,LORD000004191,2026-02-06 06:38:41,138.87,mmol/L,N,Final
LRES000003826,LORD000004192,2026-02-06 19:38:41,1.091,ng/L,N,Final
LRES000003827,LORD000004193,2026-03-17 01:13:41,289.245,10^9/L,N,Final
LRES000003828,LORD000004194,2026-03-16 01:13:41,3.589,mmol/L,N,Preliminary
LRES000003829,LORD000004195,2026-01-03 11:45:31,15.05,g/dL,N,Preliminary
LRES000003830,LORD000004196,2026-02-09 03:10:01,139.848,mmol/L,N,Final
LRES000003831,LORD000004197,2026-05-23 09:07:53,118.531,mg/dL,N,Final
LRES000003832,LORD000004199,2026-05-01 18:08:32,9.769,g/dL,L,Preliminary
LRES000003833,LORD000004200,2026-04-13 10:53:30,1.106,mg/dL,N,Final
LRES000003834,LORD000004201,2026-03-11 01:58:34,5.77,10^9/L,N,Preliminary
LRES000003835,LORD000004202,2026-05-18 02:57:35,16.073,g/dL,N,Final
LRES000003836,LORD000004203,2026-05-17 00:57:35,18.238,g/dL,H,Final
LRES000003837,LORD000004204,2026-03-14 06:35:16,3.674,mmol/L,N,Final
LRES000003838,LORD000004205,2026-06-01 01:45:11,2.917,mmol/L,L,Preliminary
LRES000003839,LORD000004206,2026-05-31 23:45:11,5.627,10^9/L,N,Final
LRES000003840,LORD000004207,2026-02-24 00:29:04,0.823,mg/dL,N,Final
LRES000003841,LORD000004208,2026-01-07 02:16:10,138.717,mmol/L,N,Final
LRES000003842,LORD000004209,2026-04-20 06:39:55,8.774,10^9/L,N,Preliminary
LRES000003843,LORD000004210,2026-02-09 10:26:45,147.3,mmol/L,H,Preliminary
LRES000003844,LORD000004211,2026-02-09 13:26:45,7.165,10^9/L,N,Preliminary
LRES000003845,LORD000004212,2026-02-23 11:46:33,6.373,ng/L,N,Preliminary
LRES000003846,LORD000004214,2026-05-02 13:48:15,10.516,ng/L,N,Final
LRES000003847,LORD000004215,2026-02-11 05:30:34,109.222,mg/dL,N,Final
LRES000003848,LORD000004217,2026-01-06 16:05:38,6.114,10^9/L,N,Preliminary
LRES000003849,LORD000004218,2026-01-01 10:17:48,4.319,mmol/L,N,Preliminary
LRES000003850,LORD000004219,2026-01-01 22:17:48,4.438,mmol/L,N,Final
LRES000003851,LORD000004221,2026-03-04 10:52:57,4.693,mmol/L,N,Final
LRES000003852,LORD000004222,2026-03-04 20:52:57,516.841,10^9/L,H,Final
LRES000003853,LORD000004223,2026-06-01 01:53:55,0.955,mg/dL,N,Final
LRES000003854,LORD000004224,2026-05-29 04:44:26,205.609,10^9/L,N,Preliminary
LRES000003855,LORD000004225,2026-02-05 13:46:34,5.859,mmol/L,H,Preliminary
LRES000003856,LORD000004226,2026-03-27 15:14:13,14.521,g/dL,N,Preliminary
LRES000003857,LORD000004228,2026-03-09 03:51:06,138.124,mmol/L,N,Final
LRES000003858,LORD000004229,2026-03-08 16:51:06,2.443,10^9/L,L,Final
LRES000003859,LORD000004230,2026-05-21 00:26:06,8.298,10^9/L,N,Final
LRES000003860,LORD000004231,2026-05-21 04:26:06,0.756,mg/dL,N,Final
LRES000003861,LORD000004232,2026-01-24 11:12:46,5.359,10^9/L,N,Preliminary
LRES000003862,LORD000004233,2026-01-24 03:12:46,7.49,10^9/L,N,Final
LRES000003863,LORD000004234,2026-02-09 00:33:08,13.983,g/dL,N,Final
LRES000003864,LORD000004235,2026-02-08 06:33:08,92.911,mg/dL,N,Preliminary
LRES000003865,LORD000004236,2026-04-11 21:23:38,4.071,mmol/L,N,Final
LRES000003866,LORD000004237,2026-04-12 15:23:38,13.828,g/dL,N,Preliminary
LRES000003867,LORD000004239,2026-04-07 01:31:19,291.83,10^9/L,N,Preliminary
LRES000003868,LORD000004240,2026-02-25 17:15:24,8.618,ng/L,N,Final
LRES000003869,LORD000004241,2026-02-25 21:15:24,12.693,g/dL,N,Final
LRES000003870,LORD000004242,2026-04-15 17:11:13,4.309,mmol/L,N,Preliminary
LRES000003871,LORD000004243,2026-05-24 13:37:40,1.23,mg/dL,N,Final
LRES000003872,LORD000004244,2026-05-24 11:37:40,231.884,10^9/L,N,Final
LRES000003873,LORD000004245,2026-02-28 00:28:30,4.371,mmol/L,N,Final
LRES000003874,LORD000004246,2026-03-11 19:03:24,14.844,g/dL,N,Final
LRES000003875,LORD000004248,2026-05-16 00:31:51,102.489,mg/dL,N,Preliminary
LRES000003876,LORD000004250,2026-03-13 00:45:26,16.049,g/dL,N,Final
LRES000003877,LORD000004251,2026-02-04 00:27:56,318.839,10^9/L,N,Final
LRES000003878,LORD000004252,2026-02-03 21:27:56,24.559,ng/L,H,Preliminary
LRES000003879,LORD000004253,2026-04-28 06:21:33,16.704,g/dL,N,Final
LRES000003880,LORD000004254,2026-01-24 13:48:00,290.106,10^9/L,N,Preliminary
LRES000003881,LORD000004255,2026-01-23 19:48:00,72.615,mg/dL,N,Final
LRES000003882,LORD000004256,2026-01-13 06:49:46,3.599,10^9/L,L,Final
LRES000003883,LORD000004257,2026-01-13 04:49:46,7.423,10^9/L,N,Preliminary
LRES000003884,LORD000004258,2026-04-19 00:05:46,134.652,mmol/L,L,Final
LRES000003885,LORD000004259,2026-04-18 23:05:46,6.638,10^9/L,N,Final
LRES000003886,LORD000004260,2026-03-01 00:18:41,1.061,mg/dL,N,Final
LRES000003887,LORD000004261,2026-02-26 18:18:09,4.844,mmol/L,N,Final
LRES000003888,LORD000004262,2026-02-27 01:18:09,1.011,ng/L,N,Final
LRES000003889,LORD000004263,2026-03-21 07:40:46,136.459,mmol/L,N,Final
LRES000003890,LORD000004264,2026-01-03 14:29:36,1.012,ng/L,N,Final
LRES000003891,LORD000004265,2026-01-04 10:29:36,148.704,mmol/L,H,Preliminary
LRES000003892,LORD000004266,2026-03-13 03:00:13,17.42,ng/L,N,Final
LRES000003893,LORD000004267,2026-03-13 06:00:13,77.264,mg/dL,N,Final
LRES000003894,LORD000004268,2026-02-02 14:37:12,5.384,ng/L,N,Preliminary
LRES000003895,LORD000004269,2026-02-02 12:37:12,108.792,mg/dL,N,Final
LRES000003896,LORD000004270,2026-01-05 10:45:11,9.014,ng/L,N,Preliminary
LRES000003897,LORD000004271,2026-01-05 16:45:11,0.838,mg/dL,N,Preliminary
LRES000003898,LORD000004272,2026-03-25 03:09:35,19.825,g/dL,H,Final
LRES000003899,LORD000004273,2026-03-25 06:09:35,143.841,mmol/L,N,Final
LRES000003900,LORD000004274,2026-02-20 22:40:00,10.061,10^9/L,N,Final
LRES000003901,LORD000004275,2026-02-04 10:20:21,11.876,10^9/L,H,Preliminary
LRES000003902,LORD000004276,2026-03-07 17:01:33,393.957,10^9/L,N,Preliminary
LRES000003903,LORD000004277,2026-03-07 08:01:33,14.778,g/dL,N,Preliminary
LRES000003904,LORD000004278,2026-05-04 19:50:56,8.582,10^9/L,N,Final
LRES000003905,LORD000004279,2026-05-05 17:50:56,1.322,mg/dL,H,Preliminary
LRES000003906,LORD000004280,2026-05-25 21:00:45,17.73,ng/L,N,Preliminary
LRES000003907,LORD000004281,2026-04-21 19:55:21,526.563,10^9/L,H,Preliminary
LRES000003908,LORD000004284,2026-04-29 01:08:44,4.42,mmol/L,N,Final
LRES000003909,LORD000004286,2026-04-16 00:36:33,181.789,10^9/L,N,Preliminary
LRES000003910,LORD000004287,2026-05-13 09:41:37,7.694,10^9/L,N,Final
LRES000003911,LORD000004288,2026-05-13 14:41:37,12.145,10^9/L,H,Preliminary
LRES000003912,LORD000004289,2026-04-25 14:20:40,260.189,10^9/L,N,Final
LRES000003913,LORD000004290,2026-03-24 17:22:29,163.083,10^9/L,N,Final
LRES000003914,LORD000004292,2026-03-15 19:26:17,13.746,g/dL,N,Final
LRES000003915,LORD000004293,2026-05-17 02:16:21,141.757,mmol/L,N,Final
LRES000003916,LORD000004294,2026-03-09 01:49:24,12.537,g/dL,N,Final
LRES000003917,LORD000004296,2026-06-01 18:36:41,8.046,10^9/L,N,Final
LRES000003918,LORD000004297,2026-04-12 18:06:23,109.851,mg/dL,N,Preliminary
LRES000003919,LORD000004298,2026-04-13 02:06:23,144.372,mmol/L,N,Final
LRES000003920,LORD000004299,2026-04-23 18:42:37,0.892,mg/dL,N,Preliminary
LRES000003921,LORD000004300,2026-04-23 08:42:37,131.97,mmol/L,L,Final
LRES000003922,LORD000004302,2026-03-26 13:42:58,140.157,mmol/L,N,Final
LRES000003923,LORD000004303,2026-05-21 07:39:43,14.866,g/dL,N,Final
LRES000003924,LORD000004304,2026-02-14 18:01:38,88.343,mg/dL,N,Final
LRES000003925,LORD000004305,2026-01-28 11:14:12,3.386,10^9/L,L,Final
LRES000003926,LORD000004306,2026-01-28 08:14:12,113.123,mg/dL,N,Preliminary
LRES000003927,LORD000004307,2026-05-04 18:19:21,21.896,ng/L,H,Preliminary
LRES000003928,LORD000004308,2026-03-11 14:35:27,133.581,mmol/L,L,Preliminary
LRES000003929,LORD000004309,2026-03-12 05:35:27,,mmol/L,N,Final
LRES000003930,LORD000004310,2026-04-29 02:44:04,66.509,mg/dL,L,Preliminary
LRES000003931,LORD000004311,2026-04-29 09:44:04,3.152,mmol/L,L,Final
LRES000003932,LORD000004312,2026-01-27 18:43:14,7.253,10^9/L,N,Final
LRES000003933,LORD000004313,2026-01-26 19:43:14,93.066,mg/dL,N,Final
LRES000003934,LORD000004314,2026-01-28 19:43:23,8.111,ng/L,N,Final
LRES000003935,LORD000004315,2026-01-28 19:43:23,7.069,10^9/L,N,Preliminary
LRES000003936,LORD000004316,2026-01-04 21:59:26,142.645,mmol/L,N,Final
LRES000003937,LORD000004317,2026-03-04 15:50:06,580.228,10^9/L,H,Final
LRES000003938,LORD000004318,2026-05-10 18:38:02,6.456,ng/L,N,Final
LRES000003939,LORD000004320,2026-03-28 18:53:58,355.034,10^9/L,N,Final
LRES000003940,LORD000004321,2026-04-07 03:00:30,1.193,mg/dL,N,Final
LRES000003941,LORD000004323,2026-02-06 12:08:35,4.217,mmol/L,N,Final
LRES000003942,LORD000004324,2026-02-06 17:08:35,0.647,mg/dL,N,Preliminary
LRES000003943,LORD000004325,2026-01-03 06:27:00,4.528,mmol/L,N,Final
LRES000003944,LORD000004327,2026-01-12 05:33:56,8.616,10^9/L,N,Preliminary
LRES000003945,LORD000004328,2026-05-09 11:19:14,256.399,10^9/L,N,Preliminary
LRES000003946,LORD000004329,2026-04-23 00:37:06,16.573,g/dL,N,Final
LRES000003947,LORD000004330,2026-02-16 01:57:08,5.255,mmol/L,H,Final
LRES000003948,LORD000004331,2026-02-21 19:18:06,0.855,mg/dL,N,Preliminary
LRES000003949,LORD000004332,2026-05-04 20:39:41,4.002,mmol/L,N,Final
LRES000003950,LORD000004333,2026-03-06 05:49:41,287.882,10^9/L,N,Final
LRES000003951,LORD000004334,2026-04-27 05:12:20,0.642,mg/dL,N,Preliminary
LRES000003952,LORD000004335,2026-01-23 00:40:45,12.002,g/dL,N,Final
LRES000003953,LORD000004336,2026-01-22 11:40:45,1.074,mg/dL,N,Preliminary
LRES000003954,LORD000004337,2026-03-20 13:47:15,4.505,mmol/L,N,Final
LRES000003955,LORD000004338,2026-02-03 10:13:07,1.083,mg/dL,N,Final
LRES000003956,LORD000004339,2026-02-04 02:13:07,1.042,mg/dL,N,Final
LRES000003957,LORD000004340,2026-03-16 02:31:17,1.155,mg/dL,N,Preliminary
LRES000003958,LORD000004341,2026-03-16 07:31:17,8.249,10^9/L,N,Preliminary
LRES000003959,LORD000004342,2026-04-07 07:52:48,142.301,mmol/L,N,Final
LRES000003960,LORD000004343,2026-04-08 00:52:48,362.21,10^9/L,N,Final
LRES000003961,LORD000004344,2026-02-10 16:53:50,139.56,mmol/L,N,Preliminary
LRES000003962,LORD000004345,2026-05-13 18:57:33,109.416,mg/dL,N,Preliminary
LRES000003963,LORD000004346,2026-01-24 15:25:00,13.102,g/dL,N,Preliminary
LRES000003964,LORD000004347,2026-02-07 03:55:21,102.102,mg/dL,N,Preliminary
LRES000003965,LORD000004348,2026-03-02 09:03:38,6.141,10^9/L,N,Preliminary
LRES000003966,LORD000004349,2026-02-24 21:05:36,120.568,10^9/L,L,Final
LRES000003967,LORD000004351,2026-05-30 22:13:11,17.605,ng/L,N,Final
LRES000003968,LORD000004352,2026-01-10 08:42:02,4.85,10^9/L,N,Final
LRES000003969,LORD000004353,2026-05-01 21:32:16,416.789,10^9/L,N,Preliminary
LRES000003970,LORD000004354,2026-05-07 21:23:38,9.525,10^9/L,N,Final
LRES000003971,LORD000004355,2026-05-07 01:23:38,13.358,g/dL,N,Final
LRES000003972,LORD000004356,2026-05-07 15:44:44,0.818,mg/dL,N,Final
LRES000003973,LORD000004357,2026-05-08 04:44:44,66.304,mg/dL,L,Final
LRES000003974,LORD000004358,2026-01-04 16:54:55,14.556,g/dL,N,Preliminary
LRES000003975,LORD000004359,2026-01-05 03:54:55,16.542,g/dL,N,Preliminary
LRES000003976,LORD000004360,2026-01-26 14:32:37,,10^9/L,N,Final
LRES000003977,LORD000004361,2026-04-13 10:22:21,5.418,mmol/L,H,Preliminary
LRES000003978,LORD000004362,2026-04-13 23:22:21,226.026,10^9/L,N,Preliminary
LRES000003979,LORD000004363,2026-01-31 21:21:41,66.279,mg/dL,L,Final
LRES000003980,LORD000004364,2026-02-09 10:27:08,1.031,mg/dL,N,Final
LRES000003981,LORD000004365,2026-01-19 17:19:30,211.473,10^9/L,N,Final
LRES000003982,LORD000004366,2026-01-27 14:01:12,139.072,mmol/L,N,Final
LRES000003983,LORD000004367,2026-02-21 20:33:39,7.976,ng/L,N,Final
LRES000003984,LORD000004368,2026-02-22 15:33:39,123.582,mg/dL,N,Final
LRES000003985,LORD000004369,2026-03-04 22:48:36,8.582,10^9/L,N,Final
LRES000003986,LORD000004370,2026-03-04 11:48:36,8.728,10^9/L,N,Final
LRES000003987,LORD000004371,2026-02-15 07:52:29,4.76,mmol/L,N,Final
LRES000003988,LORD000004372,2026-02-15 11:52:29,350.158,10^9/L,N,Preliminary
LRES000003989,LORD000004373,2026-04-28 13:51:06,1.021,mg/dL,N,Final
LRES000003990,LORD000004374,2026-04-28 11:51:06,104.905,mg/dL,N,Final
LRES000003991,LORD000004375,2026-01-25 19:31:31,144.414,mmol/L,N,Final
LRES000003992,LORD000004376,2026-01-25 21:31:31,135.153,mmol/L,N,Final
LRES000003993,LORD000004377,2026-02-14 05:41:32,142.128,mg/dL,H,Final
LRES000003994,LORD000004378,2026-02-13 15:41:32,9.273,ng/L,N,Preliminary
LRES000003995,LORD000004379,2026-03-13 18:16:35,121.689,mg/dL,N,Final
LRES000003996,LORD000004380,2026-03-13 00:16:35,141.607,mmol/L,N,Final
LRES000003997,LORD000004381,2026-02-03 14:48:05,12.456,g/dL,N,Final
LRES000003998,LORD000004382,2026-02-25 09:13:28,15.686,ng/L,N,Preliminary
LRES000003999,LORD000004384,2026-03-25 17:47:38,4.158,mmol/L,N,Final
LRES000004000,LORD000004386,2026-01-17 08:22:14,13.528,ng/L,N,Final
LRES000004001,LORD000004387,2026-01-17 07:22:14,75.925,mg/dL,N,Preliminary
LRES000004002,LORD000004388,2026-04-11 02:14:46,15.161,ng/L,N,Final
LRES000004003,LORD000004389,2026-04-11 06:14:46,13.157,g/dL,N,Preliminary
LRES000004004,LORD000004390,2026-03-22 11:53:17,142.677,mmol/L,N,Final
LRES000004005,LORD000004391,2026-01-19 23:41:45,140.169,mmol/L,N,Final
LRES000004006,LORD000004392,2026-01-20 03:08:34,4.556,mmol/L,N,Final
LRES000004007,LORD000004393,2026-01-20 03:08:34,10.266,ng/L,N,Preliminary
LRES000004008,LORD000004394,2026-03-18 04:07:06,0.952,mg/dL,N,Final
LRES000004009,LORD000004395,2026-03-18 10:07:06,13.372,g/dL,N,Final
LRES000004010,LORD000004396,2026-03-27 04:20:01,326.645,10^9/L,N,Final
LRES000004011,LORD000004399,2026-03-25 18:35:19,3.951,mmol/L,N,Final
LRES000004012,LORD000004400,2026-01-03 17:46:14,0.956,mg/dL,N,Final
LRES000004013,LORD000004401,2026-01-04 11:46:14,14.469,g/dL,N,Preliminary
LRES000004014,LORD000004402,2026-04-08 13:58:49,143.279,mmol/L,N,Final
LRES000004015,LORD000004403,2026-02-28 08:50:23,112.346,mg/dL,N,Preliminary
LRES000004016,LORD000004404,2026-02-28 09:50:23,-0.108,ng/L,L,Preliminary
LRES000004017,LORD000004405,2026-04-25 08:40:21,158.006,mg/dL,H,Preliminary
LRES000004018,LORD000004407,2026-04-04 02:04:28,110.423,mg/dL,N,Preliminary
LRES000004019,LORD000004408,2026-03-11 18:12:18,0.382,mg/dL,L,Final
LRES000004020,LORD000004409,2026-01-13 22:17:38,141.272,mmol/L,N,Final
LRES000004021,LORD000004410,2026-03-02 05:46:26,4.015,mmol/L,N,Preliminary
LRES000004022,LORD000004411,2026-03-25 11:44:00,143.871,mmol/L,N,Final
LRES000004023,LORD000004412,2026-03-25 17:44:00,1.281,mg/dL,N,Preliminary
LRES000004024,LORD000004413,2026-01-30 20:35:07,16.712,g/dL,N,Preliminary
LRES000004025,LORD000004414,2026-01-30 16:35:07,134.57,mmol/L,L,Final
LRES000004026,LORD000004415,2026-05-09 16:57:51,245.435,10^9/L,N,Preliminary
LRES000004027,LORD000004416,2026-04-28 18:15:29,221.422,10^9/L,N,Final
LRES000004028,LORD000004417,2026-04-28 17:15:29,177.969,10^9/L,N,Preliminary
LRES000004029,LORD000004418,2026-01-31 15:53:38,4.641,10^9/L,N,Preliminary
LRES000004030,LORD000004419,2026-05-03 21:42:16,0.498,mg/dL,L,Final
LRES000004031,LORD000004420,2026-05-03 07:42:16,470.881,10^9/L,H,Preliminary
LRES000004032,LORD000004421,2026-04-18 23:11:48,144.367,mmol/L,N,Preliminary
LRES000004033,LORD000004422,2026-05-26 00:33:09,244.179,10^9/L,N,Preliminary
LRES000004034,LORD000004423,2026-05-26 06:33:09,251.084,10^9/L,N,Final
LRES000004035,LORD000004425,2026-01-03 00:39:20,365.229,10^9/L,N,Preliminary
LRES000004036,LORD000004426,2026-04-12 00:20:34,138.36,mmol/L,N,Preliminary
LRES000004037,LORD000004427,2026-04-11 09:20:34,0.958,ng/L,N,Preliminary
LRES000004038,LORD000004428,2026-02-17 04:17:05,160.222,10^9/L,N,Final
LRES000004039,LORD000004429,2026-02-18 04:17:05,14.532,ng/L,N,Final
LRES000004040,LORD000004430,2026-01-11 03:24:51,122.722,mg/dL,N,Preliminary
LRES000004041,LORD000004431,2026-01-11 09:24:51,5.973,ng/L,N,Preliminary
LRES000004042,LORD000004432,2026-04-20 00:41:11,140.042,mmol/L,N,Final
LRES000004043,LORD000004433,2026-04-20 05:41:11,125.385,mg/dL,N,Final
LRES000004044,LORD000004434,2026-02-16 03:20:20,8.004,10^9/L,N,Final
LRES000004045,LORD000004435,2026-05-15 13:12:32,138.5,mmol/L,N,Preliminary
LRES000004046,LORD000004436,2026-05-15 08:12:32,190.539,10^9/L,N,Final
LRES000004047,LORD000004437,2026-03-03 13:46:04,14.477,g/dL,N,Final
LRES000004048,LORD000004439,2026-01-18 12:31:21,329.047,10^9/L,N,Final
LRES000004049,LORD000004440,2026-05-20 20:20:32,3.521,mmol/L,N,Preliminary
LRES000004050,LORD000004441,2026-05-15 05:51:40,4.547,mmol/L,N,Final
LRES000004051,LORD000004442,2026-05-14 13:51:40,14.145,ng/L,N,Preliminary
LRES000004052,LORD000004443,2026-04-19 21:59:08,431.119,10^9/L,N,Final
LRES000004053,LORD000004444,2026-04-19 22:59:08,116.269,mg/dL,N,Final
LRES000004054,LORD000004445,2026-03-17 03:26:26,5.189,mmol/L,N,Final
LRES000004055,LORD000004446,2026-03-10 05:20:18,6.606,10^9/L,N,Final
LRES000004056,LORD000004447,2026-03-10 16:20:18,141.21,mmol/L,N,Final
LRES000004057,LORD000004448,2026-04-29 21:38:47,301.003,10^9/L,N,Final
LRES000004058,LORD000004449,2026-04-29 20:38:47,7.202,10^9/L,N,Final
LRES000004059,LORD000004450,2026-02-20 14:56:38,363.161,10^9/L,N,Final
LRES000004060,LORD000004452,2026-04-09 02:11:15,16.281,ng/L,N,Preliminary
LRES000004061,LORD000004453,2026-04-08 17:11:15,3.142,10^9/L,L,Preliminary
LRES000004062,LORD000004454,2026-04-25 14:59:55,1.333,mg/dL,H,Final
LRES000004063,LORD000004455,2026-04-30 22:28:05,140.925,mmol/L,N,Final
LRES000004064,LORD000004456,2026-04-30 19:28:05,-6.051,ng/L,L,Final
LRES000004065,LORD000004457,2026-03-15 23:27:29,11.91,10^9/L,H,Preliminary
LRES000004066,LORD000004458,2026-03-15 13:27:29,10.698,10^9/L,N,Preliminary
LRES000004067,LORD000004459,2026-05-17 01:14:09,0.726,mg/dL,N,Preliminary
LRES000004068,LORD000004460,2026-02-26 11:41:23,1.398,mg/dL,H,Preliminary
LRES000004069,LORD000004461,2026-03-03 04:49:57,5.292,10^9/L,N,Final
LRES000004070,LORD000004462,2026-03-03 00:49:57,4.446,mmol/L,N,Final
LRES000004071,LORD000004463,2026-04-08 17:13:40,0.869,mg/dL,N,Preliminary
LRES000004072,LORD000004464,2026-04-09 06:13:40,138.78,mmol/L,N,Final
LRES000004073,LORD000004465,2026-01-11 00:00:03,87.312,mg/dL,N,Final
LRES000004074,LORD000004466,2026-01-11 03:00:03,0.929,mg/dL,N,Final
LRES000004075,LORD000004467,2026-02-21 14:38:44,1.199,mg/dL,N,Final
LRES000004076,LORD000004468,2026-01-23 12:07:55,136.369,mmol/L,N,Preliminary
LRES000004077,LORD000004470,2026-05-05 21:17:18,80.362,mg/dL,N,Final
LRES000004078,LORD000004471,2026-02-03 15:09:41,115.089,mg/dL,N,Final
LRES000004079,LORD000004472,2026-01-20 01:26:30,1.099,mg/dL,N,Final
LRES000004080,LORD000004473,2026-04-12 23:43:45,141.112,mmol/L,N,Final
LRES000004081,LORD000004474,2026-02-16 04:48:24,14.848,g/dL,N,Preliminary
LRES000004082,LORD000004475,2026-02-15 12:48:24,4.448,mmol/L,N,Final
LRES000004083,LORD000004476,2026-03-25 22:46:49,15.814,g/dL,N,Preliminary
LRES000004084,LORD000004477,2026-03-26 02:46:49,16.076,g/dL,N,Preliminary
LRES000004085,LORD000004478,2026-02-18 16:46:05,146.206,mmol/L,H,Final
LRES000004086,LORD000004479,2026-04-21 03:30:37,269.159,10^9/L,N,Preliminary
LRES000004087,LORD000004480,2026-04-21 00:30:37,136.68,mmol/L,N,Final
LRES000004088,LORD000004481,2026-02-25 20:14:04,-3.307,ng/L,L,Final
LRES000004089,LORD000004482,2026-02-25 21:14:04,15.871,g/dL,N,Final
LRES000004090,LORD000004483,2026-03-07 15:05:23,139.125,mg/dL,N,Preliminary
LRES000004091,LORD000004484,2026-03-07 00:05:23,0.388,mg/dL,L,Final
LRES000004092,LORD000004485,2026-02-27 07:13:54,7.446,10^9/L,N,Final
LRES000004093,LORD000004486,2026-01-04 11:08:02,141.706,mmol/L,N,Final
LRES000004094,LORD000004487,2026-05-04 00:55:42,4.6,mmol/L,N,Final
LRES000004095,LORD000004489,2026-03-02 15:35:53,373.548,10^9/L,N,Final
LRES000004096,LORD000004490,2026-01-08 21:14:41,0.883,mg/dL,N,Final
LRES000004097,LORD000004491,2026-01-16 15:17:10,13.595,g/dL,N,Preliminary
LRES000004098,LORD000004492,2026-05-16 00:32:56,1.877,10^9/L,L,Final
LRES000004099,LORD000004494,2026-03-17 00:13:54,1.197,mg/dL,N,Final
LRES000004100,LORD000004495,2026-03-17 23:13:54,6.921,ng/L,N,Preliminary
LRES000004101,LORD000004497,2026-02-19 13:14:46,7.899,ng/L,N,Final
LRES000004102,LORD000004498,2026-02-19 23:14:46,1.218,mg/dL,N,Final
LRES000004103,LORD000004499,2026-01-09 09:37:16,4.577,ng/L,N,Final
LRES000004104,LORD000004500,2026-04-20 03:14:43,1.198,mg/dL,N,Final
LRES000004105,LORD000004501,2026-04-19 17:14:43,4.765,10^9/L,N,Preliminary
LRES000004106,LORD000004503,2026-02-25 03:12:34,142.348,mmol/L,N,Final
LRES000004107,LORD000004504,2026-05-18 00:13:10,5.409,ng/L,N,Preliminary
LRES000004108,LORD000004505,2026-05-12 02:25:12,4.302,mmol/L,N,Final
LRES000004109,LORD000004506,2026-05-12 18:25:12,4.575,mmol/L,N,Preliminary
LRES000004110,LORD000004507,2026-05-12 13:13:44,141.034,mmol/L,N,Final
LRES000004111,LORD000004508,2026-05-13 03:13:44,446.101,10^9/L,N,Final
LRES000004112,LORD000004509,2026-02-07 15:43:49,14.433,ng/L,N,Final
LRES000004113,LORD000004510,2026-02-06 22:43:49,1.14,mg/dL,N,Preliminary
LRES000004114,LORD000004511,2026-01-08 06:52:15,1.033,mg/dL,N,Preliminary
LRES000004115,LORD000004513,2026-01-02 13:41:03,6.561,10^9/L,N,Preliminary
LRES000004116,LORD000004514,2026-01-02 09:41:03,2.922,mmol/L,L,Final
LRES000004117,LORD000004515,2026-03-14 02:55:55,475.361,10^9/L,H,Preliminary
LRES000004118,LORD000004516,2026-01-06 22:30:02,13.981,g/dL,N,Final
LRES000004119,LORD000004517,2026-02-06 05:23:09,118.974,mg/dL,N,Final
LRES000004120,LORD000004518,2026-04-01 15:16:14,9.853,10^9/L,N,Preliminary
LRES000004121,LORD000004519,2026-04-01 22:16:14,278.447,10^9/L,N,Final
LRES000004122,LORD000004520,2026-04-05 04:26:26,94.049,mg/dL,N,Final
LRES000004123,LORD000004521,2026-05-08 17:20:57,138.496,mmol/L,N,Final
LRES000004124,LORD000004522,2026-05-08 07:06:53,371.775,10^9/L,N,Preliminary
LRES000004125,LORD000004523,2026-05-08 14:06:53,17.986,g/dL,H,Preliminary
LRES000004126,LORD000004524,2026-01-18 21:57:21,5.45,mmol/L,H,Final
LRES000004127,LORD000004525,2026-04-04 04:49:55,108.969,mg/dL,N,Final
LRES000004128,LORD000004527,2026-03-28 17:45:25,144.544,mmol/L,N,Final
LRES000004129,LORD000004528,2026-03-28 15:45:25,12.253,ng/L,N,Final
LRES000004130,LORD000004529,2026-01-14 06:15:49,88.242,mg/dL,N,Final
LRES000004131,LORD000004530,2026-05-28 23:03:34,11.137,g/dL,L,Preliminary
LRES000004132,LORD000004531,2026-02-12 07:38:22,515.8,10^9/L,H,Final
LRES000004133,LORD000004532,2026-02-17 05:10:55,11.532,ng/L,N,Final
LRES000004134,LORD000004533,2026-04-18 04:22:42,1.152,mg/dL,N,Preliminary
LRES000004135,LORD000004534,2026-04-17 23:22:42,3.87,mmol/L,N,Final
LRES000004136,LORD000004535,2026-03-03 16:08:59,508.94,10^9/L,H,Final
LRES000004137,LORD000004536,2026-03-03 14:08:59,14.052,ng/L,N,Final
LRES000004138,LORD000004537,2026-01-10 07:20:55,222.219,10^9/L,N,Final
LRES000004139,LORD000004538,2026-01-10 12:20:55,11.987,g/dL,L,Preliminary
LRES000004140,LORD000004539,2026-03-08 20:53:29,81.39,mg/dL,N,Preliminary
LRES000004141,LORD000004540,2026-03-02 02:32:38,0.77,mg/dL,N,Final
LRES000004142,LORD000004541,2026-03-07 16:09:17,357.785,10^9/L,N,Final
LRES000004143,LORD_BAD,2026-03-07 01:09:17,5.127,mmol/L,N,Preliminary
LRES000004144,LORD000004543,2026-03-31 05:39:41,0.973,mg/dL,N,Final
LRES000004145,LORD000004544,2026-03-30 12:39:41,13.927,ng/L,N,Final
LRES000004146,LORD000004545,2026-05-14 11:56:33,8.474,10^9/L,N,Preliminary
LRES000004147,LORD000004546,2026-05-13 20:56:33,6.949,10^9/L,N,Preliminary
LRES000004148,LORD000004547,2026-05-31 21:00:26,139.104,mg/dL,N,Final
LRES000004149,LORD000004548,2026-05-31 15:00:26,17.603,g/dL,H,Preliminary
LRES000004150,LORD000004550,2026-01-28 12:27:06,140.793,mmol/L,N,Preliminary
LRES000004151,LORD000004551,2026-05-08 00:37:15,180.554,10^9/L,N,Preliminary
LRES000004152,LORD000004552,2026-05-08 16:37:15,4.082,mmol/L,N,Preliminary
LRES000004153,LORD000004553,2026-05-20 17:16:01,8.037,ng/L,N,Final
LRES000004154,LORD000004554,2026-05-31 18:41:23,12.445,ng/L,N,Final
LRES000004155,LORD000004555,2026-05-31 21:41:23,14.35,ng/L,N,Final
LRES000004156,LORD000004556,2026-03-04 14:49:10,0.736,mg/dL,N,Final
LRES000004157,LORD000004557,2026-05-05 07:59:49,142.187,mmol/L,N,Final
LRES000004158,LORD000004558,2026-05-05 12:59:49,19.505,g/dL,H,Final
LRES000004159,LORD000004559,2026-01-19 13:59:58,2.63,mmol/L,L,Preliminary
LRES000004160,LORD000004560,2026-01-19 07:59:58,8.205,10^9/L,N,Final
LRES000004161,LORD000004561,2026-03-05 10:40:40,3.187,mmol/L,L,Final
LRES000004162,LORD000004562,2026-03-04 17:40:40,118.327,mg/dL,N,Final
LRES000004163,LORD000004563,2026-03-29 05:31:47,15.325,g/dL,N,Preliminary
LRES000004164,LORD000004564,2026-05-19 03:37:44,10.634,10^9/L,N,Preliminary
LRES000004165,LORD000004565,2026-05-19 08:37:44,4.359,10^9/L,N,Preliminary
LRES000004166,LORD000004566,2026-04-11 13:44:55,1.317,mg/dL,H,Final
LRES000004167,LORD000004567,2026-04-12 13:44:55,108.212,mg/dL,N,Final
LRES000004168,LORD000004568,2026-03-31 10:08:31,9.866,ng/L,N,Final
LRES000004169,LORD000004570,2026-05-13 07:08:33,67.366,mg/dL,L,Preliminary
LRES000004170,LORD000004571,2026-02-03 01:05:11,4.263,ng/L,N,Preliminary
LRES000004171,LORD000004573,2026-03-24 03:22:26,135.474,mmol/L,N,Preliminary
LRES000004172,LORD000004574,2026-03-24 02:22:26,136.064,mmol/L,N,Final
LRES000004173,LORD000004575,2026-03-16 10:11:13,135.912,mmol/L,N,Final
LRES000004174,LORD000004576,2026-03-16 10:11:13,4.01,mmol/L,N,Final
LRES000004175,LORD000004577,2026-01-14 15:06:33,0.62,mg/dL,N,Preliminary
LRES000004176,LORD000004578,2026-01-14 13:06:33,15.796,g/dL,N,Preliminary
LRES000004177,LORD000004579,2026-03-08 04:15:56,7.635,10^9/L,N,Final
LRES000004178,LORD000004580,2026-05-13 20:46:52,4.135,ng/L,N,Final
LRES000004179,LORD000004582,2026-05-31 18:45:50,1.045,mg/dL,N,Preliminary
LRES000004180,LORD000004583,2026-03-21 15:38:29,142.029,mmol/L,N,Final
LRES000004181,LORD000004584,2026-01-07 04:25:44,7.857,10^9/L,N,Final
LRES000004182,LORD000004585,2026-03-30 11:32:21,221.291,10^9/L,N,Preliminary
LRES000004183,LORD000004587,2026-05-18 13:24:09,14.504,ng/L,N,Preliminary
LRES000004184,LORD000004588,2026-01-20 05:41:38,15.325,ng/L,N,Final
LRES000004185,LORD000004589,2026-04-04 06:08:11,4.697,mmol/L,N,Preliminary
LRES000004186,LORD000004590,2026-01-05 02:44:54,17.274,g/dL,N,Final
LRES000004187,LORD000004591,2026-01-04 14:44:54,286.032,10^9/L,N,Final
LRES000004188,LORD000004592,2026-04-28 14:49:19,1.031,mg/dL,N,Final
LRES000004189,LORD000004593,2026-02-09 13:25:17,142.827,mmol/L,N,Final
LRES000004190,LORD000004594,2026-01-16 02:46:29,1.351,ng/L,N,Final
LRES000004191,LORD000004595,2026-03-15 22:41:20,267.693,10^9/L,N,Final
LRES000004192,LORD000004596,2026-03-16 13:41:20,10.039,10^9/L,N,Final
LRES000004193,LORD000004597,2026-01-19 03:07:19,139.417,mmol/L,N,Final
LRES000004194,LORD000004598,2026-05-15 10:08:48,7.675,10^9/L,N,Preliminary
LRES000004195,LORD000004599,2026-04-01 21:47:04,0.651,mg/dL,N,Preliminary
LRES000004196,LORD000004600,2026-04-02 03:47:04,3.822,mmol/L,N,Final
LRES000004197,LORD000004601,2026-02-19 05:53:14,1.217,mg/dL,N,Preliminary
LRES000004198,LORD000004602,2026-02-19 13:53:14,4.453,ng/L,N,Preliminary
LRES000004199,LORD000004603,2026-02-25 13:49:34,122.053,mg/dL,N,Final
LRES000004200,LORD000004604,2026-05-16 17:07:02,0.871,mg/dL,N,Preliminary
LRES000004201,LORD000004605,2026-05-16 18:07:02,12.144,g/dL,N,Preliminary
LRES000004202,LORD000004606,2026-04-09 20:53:43,0.285,ng/L,N,Preliminary
LRES000004203,LORD000004607,2026-04-09 19:53:43,14.541,g/dL,N,Preliminary
LRES000004204,LORD000004608,2026-05-31 20:54:05,90.949,mg/dL,N,Preliminary
LRES000004205,LORD000004609,2026-05-31 00:54:05,138.695,mmol/L,N,Final
LRES000004206,LORD000004610,2026-03-15 00:41:16,1.13,mg/dL,N,Final
LRES000004207,LORD000004611,2026-01-27 17:07:15,4.836,mmol/L,N,Final
LRES000004208,LORD000004613,2026-03-15 17:16:13,3.975,mmol/L,N,Final
LRES000004209,LORD000004614,2026-03-15 05:16:13,524.405,10^9/L,H,Final
LRES000004210,LORD000004615,2026-05-17 16:26:02,13.845,ng/L,N,Final
LRES000004211,LORD000004616,2026-05-17 07:26:02,6.261,10^9/L,N,Preliminary
LRES000004212,LORD000004617,2026-02-20 05:33:16,0.743,mg/dL,N,Final
LRES000004213,LORD000004618,2026-02-13 00:13:19,0.868,ng/L,N,Preliminary
LRES000004214,LORD000004619,2026-01-01 18:36:06,4.314,mmol/L,N,Final
LRES000004215,LORD000004620,2026-01-01 21:36:06,0.731,mg/dL,N,Final
LRES000004216,LORD000004621,2026-05-22 01:35:56,0.97,mg/dL,N,Preliminary
LRES000004217,LORD000004622,2026-05-21 18:35:56,8.026,10^9/L,N,Preliminary
LRES000004218,LORD000004623,2026-02-02 11:06:05,6.25,10^9/L,N,Final
LRES000004219,LORD000004624,2026-02-03 06:06:05,4.867,mmol/L,N,Preliminary
LRES000004220,LORD000004625,2026-02-25 16:37:23,3.793,10^9/L,L,Preliminary
LRES000004221,LORD000004626,2026-02-25 20:37:23,4.373,mmol/L,N,Final
LRES000004222,LORD000004627,2026-04-29 22:13:53,9.866,ng/L,N,Preliminary
LRES000004223,LORD000004629,2026-03-24 18:42:15,143.218,mmol/L,N,Preliminary
LRES000004224,LORD000004631,2026-01-03 02:49:07,0.758,mg/dL,N,Final
LRES000004225,LORD000004632,2026-04-30 08:58:22,103.741,mg/dL,N,Final
LRES000004226,LORD000004633,2026-04-29 21:58:22,3.003,ng/L,N,Final
LRES000004227,LORD000004634,2026-05-05 07:27:18,258.019,10^9/L,N,Final
LRES000004228,LORD000004635,2026-05-04 16:27:18,3.804,mmol/L,N,Final
LRES000004229,LORD000004636,2026-04-18 20:54:15,0.681,mg/dL,N,Preliminary
LRES000004230,LORD000004637,2026-04-18 09:54:15,72.092,mg/dL,N,Preliminary
LRES000004231,LORD000004638,2026-05-05 04:27:34,15.118,g/dL,N,Final
LRES000004232,LORD000004639,2026-05-05 18:27:34,0.816,mg/dL,N,Preliminary
LRES000004233,LORD000004640,2026-01-05 12:51:32,4.66,mmol/L,N,Final
LRES000004234,LORD000004641,2026-01-26 09:10:36,369.461,10^9/L,N,Preliminary
LRES000004235,LORD000004642,2026-05-09 07:54:03,15.449,g/dL,N,Final
LRES000004236,LORD000004643,2026-05-09 08:54:03,6.506,10^9/L,N,Final
LRES000004237,LORD000004644,2026-05-22 15:31:07,4.197,mmol/L,N,Final
LRES000004238,LORD000004645,2026-05-23 01:31:07,19.407,ng/L,H,Final
LRES000004239,LORD000004646,2026-04-30 11:22:45,352.16,10^9/L,N,Final
LRES000004240,LORD000004647,2026-04-10 02:43:24,7.874,ng/L,N,Preliminary
LRES000004241,LORD000004648,2026-03-16 20:11:42,90.104,mg/dL,N,Final
LRES000004242,LORD000004649,2026-03-17 05:11:42,110.264,mg/dL,N,Final
LRES000004243,LORD000004650,2026-02-12 23:55:49,217.097,10^9/L,N,Final
LRES000004244,LORD000004651,2026-02-12 00:55:49,4.513,mmol/L,N,Preliminary
LRES000004245,LORD000004652,2026-04-19 14:47:37,0.809,mg/dL,N,Preliminary
LRES000004246,LORD000004653,2026-01-27 10:21:08,0.873,mg/dL,N,Final
LRES000004247,LORD000004654,2026-04-20 12:14:15,10.246,ng/L,N,Final
LRES000004248,LORD000004655,2026-02-21 06:35:28,169.301,10^9/L,N,Preliminary
LRES000004249,LORD000004656,2026-01-16 12:49:53,0.886,mg/dL,N,Final
LRES000004250,LORD000004657,2026-03-21 15:46:38,13.321,g/dL,N,Final
LRES000004251,LORD000004659,2026-05-11 06:24:33,5.709,10^9/L,N,Final
LRES000004252,LORD000004660,2026-01-04 15:53:42,119.098,mg/dL,N,Preliminary
LRES000004253,LORD000004661,2026-03-24 05:00:23,6.018,ng/L,N,Final
LRES000004254,LORD000004662,2026-03-20 07:44:03,5.453,ng/L,N,Final
LRES000004255,LORD000004663,2026-02-10 05:29:50,340.277,10^9/L,N,Preliminary
LRES000004256,LORD000004664,2026-02-10 04:29:50,103.934,mg/dL,N,Final
LRES000004257,LORD000004665,2026-01-25 20:51:56,5.462,mmol/L,H,Preliminary
LRES000004258,LORD000004666,2026-01-26 08:51:56,1.008,mg/dL,N,Preliminary
LRES000004259,LORD000004667,2026-05-05 21:00:45,13.032,g/dL,N,Final
LRES000004260,LORD000004668,2026-02-12 22:27:27,76.777,mg/dL,N,Final
LRES000004261,LORD000004669,2026-02-13 15:27:27,12.169,g/dL,N,Final
LRES000004262,LORD000004670,2026-04-30 10:25:16,1.113,mg/dL,N,Final
LRES000004263,LORD000004671,2026-02-10 21:29:13,6.043,10^9/L,N,Final
LRES000004264,LORD000004672,2026-05-24 16:39:58,206.083,10^9/L,N,Final
LRES000004265,LORD000004674,2026-04-13 05:05:26,17.36,ng/L,N,Final
LRES000004266,LORD000004675,2026-04-12 02:35:42,308.268,10^9/L,N,Final
LRES000004267,LORD000004676,2026-04-11 11:35:42,93.89,10^9/L,L,Final
LRES000004268,LORD000004677,2026-05-06 00:21:44,414.902,10^9/L,N,Final
LRES000004269,LORD000004678,2026-05-05 16:21:44,3.334,10^9/L,L,Final
LRES000004270,LORD000004679,2026-05-13 05:28:00,3.543,mmol/L,N,Final
LRES000004271,LORD000004680,2026-04-01 09:53:43,14.102,g/dL,N,Final
LRES000004272,LORD000004681,2026-01-04 21:07:03,0.91,mg/dL,N,Final
LRES000004273,LORD000004682,2026-01-05 07:07:03,4.677,mmol/L,N,Preliminary
LRES000004274,LORD000004683,2026-03-07 16:18:42,0.923,mg/dL,N,Final
LRES000004275,LORD000004684,2026-03-07 13:18:42,144.78,mg/dL,H,Preliminary
LRES000004276,LORD000004685,2026-02-03 05:15:39,1.043,mg/dL,N,Final
LRES000004277,LORD000004686,2026-02-03 21:15:39,15.241,g/dL,N,Final
LRES000004278,LORD000004687,2026-02-05 11:11:08,176.749,10^9/L,N,Final
LRES000004279,LORD000004688,2026-02-05 12:11:08,7.09,10^9/L,N,Preliminary
LRES000004280,LORD000004689,2026-05-05 04:18:29,118.411,mg/dL,N,Final
LRES000004281,LORD000004690,2026-01-27 14:45:44,14.052,g/dL,N,Final
LRES000004282,LORD000004691,2026-01-27 11:45:44,133.157,mg/dL,N,Final
LRES000004283,LORD000004692,2026-03-13 01:06:19,-10.893,ng/L,L,Final
LRES000004284,LORD000004693,2026-03-28 08:56:20,3.081,10^9/L,L,Final
LRES000004285,LORD000004694,2026-03-28 03:56:20,233.51,10^9/L,N,Final
LRES000004286,LORD000004695,2026-02-14 00:28:37,4.373,ng/L,N,Preliminary
LRES000004287,LORD000004696,2026-02-13 17:28:37,10.579,ng/L,N,Final
LRES000004288,LORD000004697,2026-03-01 04:53:08,410.13,10^9/L,N,Final
LRES000004289,LORD000004698,2026-02-19 15:33:04,0.66,mg/dL,N,Final
LRES000004290,LORD000004699,2026-02-25 18:10:03,13.907,ng/L,N,Final
LRES000004291,LORD000004700,2026-02-25 16:10:03,4.601,mmol/L,N,Final
LRES000004292,LORD000004701,2026-01-30 14:47:58,4.403,mmol/L,N,Final
LRES000004293,LORD000004702,2026-01-30 01:47:58,132.319,mg/dL,N,Preliminary
LRES000004294,LORD000004703,2026-04-30 18:53:47,142.889,mmol/L,N,Final
LRES000004295,LORD000004704,2026-01-19 11:01:52,4.412,mmol/L,N,Final
LRES000004296,LORD000004705,2026-03-13 03:23:56,6.206,10^9/L,N,Final
LRES000004297,LORD000004706,2026-02-21 01:37:17,454.66,10^9/L,H,Final
LRES000004298,LORD000004707,2026-02-21 08:37:17,0.824,mg/dL,N,Preliminary
LRES000004299,LORD000004708,2026-02-13 12:34:17,15.311,g/dL,N,Final
LRES000004300,LORD000004709,2026-02-27 10:02:20,6.654,ng/L,N,Final
LRES000004301,LORD000004710,2026-02-02 23:20:55,144.463,mmol/L,N,Final
LRES000004302,LORD000004711,2026-03-21 18:54:40,-3.478,ng/L,L,Final
LRES000004303,LORD000004712,2026-03-21 17:54:40,7.481,10^9/L,N,Final
LRES000004304,LORD000004713,2026-01-11 06:36:59,4.108,mmol/L,N,Preliminary
LRES000004305,LORD000004714,2026-04-04 03:03:18,141.753,mmol/L,N,Final
LRES000004306,LORD000004715,2026-03-24 06:23:51,274.571,10^9/L,N,Final
LRES000004307,LORD000004716,2026-03-24 07:23:51,0.702,mg/dL,N,Final
LRES000004308,LORD000004717,2026-05-30 15:14:52,0.864,mg/dL,N,Final
LRES000004309,LORD000004718,2026-02-16 21:53:03,147.039,mmol/L,H,Final
LRES000004310,LORD000004719,2026-02-16 17:53:03,115.976,mg/dL,N,Final
LRES000004311,LORD000004720,2026-04-21 14:02:06,94.298,mg/dL,N,Final
LRES000004312,LORD000004721,2026-04-22 04:02:06,147.176,mmol/L,H,Final
LRES000004313,LORD000004724,2026-04-03 13:44:53,0.721,mg/dL,N,Final
LRES000004314,LORD000004725,2026-01-19 07:07:23,355.868,10^9/L,N,Final
LRES000004315,LORD000004726,2026-01-19 00:07:23,12.069,g/dL,N,Final
LRES000004316,LORD000004727,2026-03-30 00:18:28,379.676,10^9/L,N,Final
LRES000004317,LORD000004729,2026-02-11 18:41:35,14.696,g/dL,N,Final
LRES000004318,LORD000004730,2026-02-11 04:41:35,8.024,10^9/L,N,Preliminary
LRES000004319,LORD000004731,2026-04-30 05:47:19,256.676,10^9/L,N,Final
LRES000004320,LORD000004732,2026-04-30 07:47:19,143.066,mmol/L,N,Final
LRES000004321,LORD000004733,2026-04-27 07:52:52,3.283,10^9/L,L,Preliminary
LRES000004322,LORD000004734,2026-05-28 07:26:00,10.872,g/dL,L,Preliminary
LRES000004323,LORD000004735,2026-01-14 08:59:39,119.782,mg/dL,N,Preliminary
LRES000004324,LORD000004736,2026-01-14 00:59:39,441.523,10^9/L,N,Final
LRES000004325,LORD000004737,2026-03-23 07:44:16,139.068,mmol/L,N,Final
LRES000004326,LORD000004738,2026-01-05 17:59:14,14.52,ng/L,N,Final
LRES000004327,LORD000004739,2026-01-06 07:59:14,14.637,g/dL,N,Preliminary
LRES000004328,LORD000004740,2026-02-04 00:39:56,9.386,10^9/L,N,Final
LRES000004329,LORD000004741,2026-03-31 01:11:50,14.834,ng/L,N,Final
LRES000004330,LORD000004742,2026-03-30 12:11:50,13.119,g/dL,N,Final
LRES000004331,LORD000004743,2026-01-09 04:25:24,14.957,g/dL,N,Final
LRES000004332,LORD000004744,2026-01-31 19:16:53,6.747,10^9/L,N,Preliminary
LRES000004333,LORD000004745,2026-05-22 17:17:27,135.636,mg/dL,N,Final
LRES000004334,LORD000004746,2026-01-29 15:55:58,259.932,10^9/L,N,Final
LRES000004335,LORD000004747,2026-01-30 13:50:11,136.255,mmol/L,N,Final
LRES000004336,LORD000004748,2026-01-31 01:50:11,0.913,mg/dL,N,Preliminary
LRES000004337,LORD000004749,2026-05-24 10:47:56,365.275,10^9/L,N,Preliminary
LRES000004338,LORD000004750,2026-05-25 01:47:56,233.533,10^9/L,N,Final
LRES000004339,LORD000004751,2026-04-06 23:46:41,391.922,10^9/L,N,Preliminary
LRES000004340,LORD000004752,2026-04-01 15:20:44,420.01,10^9/L,N,Final
LRES000004341,LORD000004753,2026-04-02 05:20:44,91.308,mg/dL,N,Preliminary
LRES000004342,LORD000004754,2026-03-19 15:45:09,16.0,g/dL,N,Final
LRES000004343,LORD000004756,2026-04-13 04:48:21,237.688,10^9/L,N,Final
LRES000004344,LORD000004757,2026-04-13 12:48:21,8.508,10^9/L,N,Preliminary
LRES000004345,LORD000004758,2026-03-05 23:40:43,21.169,ng/L,H,Final
LRES000004346,LORD000004759,2026-04-23 17:12:53,6.182,10^9/L,N,Final
LRES000004347,LORD000004760,2026-04-22 23:12:53,182.737,10^9/L,N,Final
LRES000004348,LORD000004761,2026-02-02 17:38:08,315.91,10^9/L,N,Preliminary
LRES000004349,LORD000004763,2026-03-06 23:33:54,3.863,mmol/L,N,Final
LRES000004350,LORD000004764,2026-03-06 22:33:54,4.498,mmol/L,N,Preliminary
LRES000004351,LORD000004765,2026-04-05 17:18:21,0.78,mg/dL,N,Final
LRES000004352,LORD000004766,2026-02-27 18:14:09,320.611,10^9/L,N,Preliminary
LRES000004353,LORD000004767,2026-02-27 19:14:09,401.056,10^9/L,N,Preliminary
LRES000004354,LORD000004768,2026-04-20 20:14:01,7.641,10^9/L,N,Final
LRES000004355,LORD000004769,2026-04-21 16:14:01,23.835,ng/L,H,Final
LRES000004356,LORD000004770,2026-05-22 21:24:40,0.844,mg/dL,N,Preliminary
LRES000004357,LORD000004771,2026-05-19 00:39:13,17.851,g/dL,H,Preliminary
LRES000004358,LORD000004772,2026-05-19 13:39:13,-2.975,ng/L,L,Preliminary
LRES000004359,LORD000004773,2026-03-18 15:09:20,348.918,10^9/L,N,Final
LRES000004360,LORD000004774,2026-04-25 03:56:09,9.72,10^9/L,N,Final
LRES000004361,LORD000004775,2026-04-25 14:56:09,13.553,g/dL,N,Preliminary
LRES000004362,LORD000004776,2026-05-16 21:13:08,4.041,mmol/L,N,Preliminary
LRES000004363,LORD000004777,2026-03-27 01:10:34,0.822,mg/dL,N,Preliminary
LRES000004364,LORD000004778,2026-01-22 00:40:45,16.577,ng/L,N,Final
LRES000004365,LORD000004779,2026-01-13 11:21:22,130.7,mg/dL,N,Final
LRES000004366,LORD000004781,2026-03-27 13:59:29,7.436,ng/L,N,Preliminary
LRES000004367,LORD000004782,2026-03-15 02:18:22,142.712,mmol/L,N,Final
LRES000004368,LORD000004783,2026-02-23 09:23:16,14.241,ng/L,N,Preliminary
LRES000004369,LORD000004784,2026-02-23 07:23:16,105.872,mg/dL,N,Final
LRES000004370,LORD000004785,2026-03-21 08:51:01,1.239,mg/dL,N,Final
LRES000004371,LORD000004786,2026-03-21 08:51:01,380.454,10^9/L,N,Final
LRES000004372,LORD000004787,2026-02-11 02:28:28,15.255,ng/L,N,Preliminary
LRES000004373,LORD000004788,2026-02-12 13:27:29,4.219,mmol/L,N,Preliminary
LRES000004374,LORD000004789,2026-03-28 05:21:53,17.992,g/dL,H,Final
LRES000004375,LORD000004790,2026-03-27 19:21:53,3.369,ng/L,N,Preliminary
LRES000004376,LORD000004791,2026-03-17 10:51:43,18.243,g/dL,H,Final
LRES000004377,LORD000004792,2026-03-17 11:51:43,1.012,mg/dL,N,Final
LRES000004378,LORD000004793,2026-01-14 17:14:44,1.299,mg/dL,N,Final
LRES000004379,LORD000004794,2026-01-15 10:14:44,91.546,mg/dL,N,Final
LRES000004380,LORD000004795,2026-05-19 01:52:39,8.084,10^9/L,N,Final
LRES000004381,LORD000004796,2026-02-21 07:18:16,3.892,mmol/L,N,Final
LRES000004382,LORD000004797,2026-04-25 09:49:12,137.44,mmol/L,N,Final
LRES000004383,LORD000004798,2026-02-05 09:24:23,251.88,10^9/L,N,Final
LRES000004384,LORD000004799,2026-02-05 17:24:23,3.943,ng/L,N,Final
LRES000004385,LORD000004800,2026-03-28 14:31:30,7.142,ng/L,N,Preliminary
LRES000004386,LORD000004801,2026-02-12 05:19:52,12.879,g/dL,N,Preliminary
LRES000004387,LORD000004802,2026-02-11 11:19:52,5.454,ng/L,N,Final
LRES000004388,LORD000004803,2026-02-26 16:14:05,7.117,ng/L,N,Final
LRES000004389,LORD000004804,2026-02-26 08:14:05,6.643,ng/L,N,Final
LRES000004390,LORD000004805,2026-04-14 03:56:30,11.96,g/dL,L,Final
LRES000004391,LORD000004806,2026-04-14 18:56:30,4.145,mmol/L,N,Preliminary
LRES000004392,LORD000004807,2026-02-15 14:57:03,116.107,mg/dL,N,Final
LRES000004393,LORD000004808,2026-02-10 19:32:37,0.913,mg/dL,N,Final
LRES000004394,LORD000004809,2026-02-10 04:32:37,14.557,g/dL,N,Final
LRES000004395,LORD000004810,2026-01-30 10:14:56,4.127,mmol/L,N,Preliminary
LRES000004396,LORD000004811,2026-01-10 04:08:45,3.747,ng/L,N,Final
LRES000004397,LORD000004812,2026-01-10 04:08:45,0.921,mg/dL,N,Preliminary
LRES000004398,LORD000004813,2026-05-16 12:10:41,144.702,mmol/L,N,Final
LRES000004399,LORD000004814,2026-02-19 02:48:24,134.051,mmol/L,L,Preliminary
LRES000004400,LORD000004815,2026-02-27 21:51:21,3.813,10^9/L,L,Final
LRES000004401,LORD000004816,2026-02-28 13:51:21,4.907,mmol/L,N,Final
LRES000004402,LORD000004817,2026-05-22 16:44:59,0.782,mg/dL,N,Preliminary
LRES000004403,LORD000004818,2026-05-23 16:44:59,9.245,10^9/L,N,Final
LRES000004404,LORD000004819,2026-05-21 12:15:05,0.712,mg/dL,N,Preliminary
LRES000004405,LORD000004820,2026-05-21 12:15:05,4.893,mmol/L,N,Final
LRES000004406,LORD000004821,2026-03-30 16:27:17,22.275,ng/L,H,Final
LRES000004407,LORD000004822,2026-05-20 17:42:13,64.709,mg/dL,L,Final
LRES000004408,LORD000004823,2026-02-01 20:37:32,181.132,10^9/L,N,Final
LRES000004409,LORD000004824,2026-03-05 17:15:02,14.347,g/dL,N,Final
LRES000004410,LORD000004825,2026-03-29 07:39:00,6.902,10^9/L,N,Preliminary
LRES000004411,LORD000004826,2026-04-30 19:48:51,0.811,mg/dL,N,Preliminary
LRES000004412,LORD000004827,2026-05-01 03:48:51,1.011,mg/dL,N,Preliminary
LRES000004413,LORD000004828,2026-02-18 22:57:04,107.747,mg/dL,N,Final
LRES000004414,LORD000004829,2026-01-16 13:50:58,0.504,ng/L,N,Preliminary
LRES000004415,LORD000004830,2026-01-16 04:50:58,9.809,ng/L,N,Final
LRES000004416,LORD000004831,2026-02-14 14:18:23,5.894,10^9/L,N,Preliminary
LRES000004417,LORD000004832,2026-02-14 20:18:23,-3.175,ng/L,L,Preliminary
LRES000004418,LORD000004834,2026-01-19 05:31:21,9.607,10^9/L,N,Final
LRES000004419,LORD000004835,2026-03-02 17:31:16,1.942,ng/L,N,Preliminary
LRES000004420,LORD000004836,2026-03-02 21:31:16,140.525,mmol/L,N,Preliminary
LRES000004421,LORD000004838,2026-05-10 06:43:48,222.062,10^9/L,N,Final
LRES000004422,LORD000004839,2026-05-10 03:43:48,12.964,ng/L,N,Preliminary
LRES000004423,LORD000004840,2026-04-22 04:47:46,10.559,g/dL,L,Final
LRES000004424,LORD000004841,2026-05-04 10:50:49,12.521,10^9/L,H,Preliminary
LRES000004425,LORD000004842,2026-03-08 07:53:24,13.657,g/dL,N,Final
LRES000004426,LORD000004843,2026-03-08 08:53:24,5.241,mmol/L,H,Final
LRES000004427,LORD000004844,2026-05-13 15:45:47,99.522,mg/dL,N,Final
LRES000004428,LORD000004845,2026-05-14 07:45:47,312.635,10^9/L,N,Final
LRES000004429,LORD000004846,2026-03-11 21:40:30,430.721,10^9/L,N,Final
LRES000004430,LORD000004848,2026-05-13 03:20:17,26.891,ng/L,H,Final
LRES000004431,LORD000004850,2026-03-24 02:14:49,111.466,mg/dL,N,Preliminary
LRES000004432,LORD000004851,2026-05-19 02:23:51,15.748,g/dL,N,Final
LRES000004433,LORD000004852,2026-05-18 14:23:51,142.497,mmol/L,N,Final
LRES000004434,LORD000004853,2026-02-28 23:32:29,14.365,g/dL,N,Final
LRES000004435,LORD000004854,2026-03-01 02:32:29,68.589,mg/dL,L,Final
LRES000004436,LORD000004855,2026-05-14 21:01:10,17.373,10^9/L,H,Preliminary
LRES000004437,LORD000004856,2026-03-16 06:49:34,13.937,ng/L,N,Final
LRES000004438,LORD000004857,2026-04-07 15:07:34,4.583,10^9/L,N,Final
LRES000004439,LORD000004858,2026-04-08 01:07:34,15.407,g/dL,N,Final
LRES000004440,LORD000004859,2026-05-25 19:04:03,0.884,mg/dL,N,Final
LRES000004441,LORD000004860,2026-05-15 03:07:08,4.384,mmol/L,N,Final
LRES000004442,LORD000004861,2026-04-27 00:12:15,4.165,mmol/L,N,Final
LRES000004443,LORD000004862,2026-05-02 09:56:26,208.675,10^9/L,N,Final
LRES000004444,LORD000004863,2026-05-02 13:56:26,8.092,ng/L,N,Preliminary
LRES000004445,LORD000004864,2026-01-05 02:25:32,6.637,10^9/L,N,Final
LRES000004446,LORD000004865,2026-01-06 10:21:17,14.821,g/dL,N,Preliminary
LRES000004447,LORD000004866,2026-01-06 04:21:17,17.171,ng/L,N,Preliminary
LRES000004448,LORD000004867,2026-01-10 06:21:33,9.394,10^9/L,N,Preliminary
LRES000004449,LORD000004868,2026-04-05 14:06:59,-1.627,ng/L,L,Final
LRES000004450,LORD000004869,2026-04-06 00:06:59,121.609,mg/dL,N,Preliminary
LRES000004451,LORD000004870,2026-01-16 21:23:56,13.532,ng/L,N,Preliminary
LRES000004452,LORD000004872,2026-05-11 13:15:13,3.691,mmol/L,N,Final
LRES000004453,LORD000004873,2026-03-16 12:54:55,15.194,ng/L,N,Final
LRES000004454,LORD000004875,2026-05-30 08:38:47,4.516,mmol/L,N,Preliminary
LRES000004455,LORD000004876,2026-02-08 05:04:19,5.484,ng/L,N,Final
LRES000004456,LORD000004877,2026-03-09 03:29:07,10.962,g/dL,L,Final
LRES000004457,LORD000004878,2026-03-08 23:29:07,115.087,mg/dL,N,Final
LRES000004458,LORD000004879,2026-05-25 02:38:02,15.819,g/dL,N,Final
LRES000004459,LORD000004880,2026-02-10 07:11:32,137.476,mg/dL,N,Final
LRES000004460,LORD000004882,2026-04-05 22:11:28,5.956,10^9/L,N,Final
LRES000004461,LORD000004883,2026-04-06 09:11:28,16.021,g/dL,N,Preliminary
LRES000004462,LORD000004884,2026-02-07 12:33:54,286.968,10^9/L,N,Final
LRES000004463,LORD000004885,2026-02-07 07:33:54,5.24,10^9/L,N,Final
LRES000004464,LORD000004886,2026-01-18 14:27:45,13.707,ng/L,N,Final
LRES000004465,LORD000004887,2026-03-30 13:55:53,405.115,10^9/L,N,Final
LRES000004466,LORD000004888,2026-03-30 07:55:53,196.523,10^9/L,N,Preliminary
LRES000004467,LORD000004889,2026-06-01 08:14:11,5.344,mmol/L,H,Preliminary
LRES000004468,LORD000004890,2026-05-20 02:06:31,171.469,10^9/L,N,Preliminary
LRES000004469,LORD000004891,2026-05-20 03:06:31,141.828,mmol/L,N,Final
LRES000004470,LORD000004892,2026-04-02 04:21:46,19.137,ng/L,H,Final
LRES000004471,LORD000004893,2026-04-02 05:21:46,20.378,g/dL,H,Final
LRES000004472,LORD000004894,2026-05-21 01:32:28,90.386,mg/dL,N,Final
LRES000004473,LORD000004896,2026-04-12 08:32:09,110.442,mg/dL,N,Final
LRES000004474,LORD000004897,2026-04-11 17:32:09,13.031,ng/L,N,Preliminary
LRES000004475,LORD000004899,2026-02-13 16:42:07,141.4,mg/dL,H,Final
LRES000004476,LORD000004900,2026-04-19 20:13:16,17.369,g/dL,N,Final
LRES000004477,LORD000004901,2026-04-19 16:12:29,5.267,mmol/L,H,Final
LRES000004478,LORD000004902,2026-01-17 08:44:57,0.578,mg/dL,L,Preliminary
LRES000004479,LORD000004903,2026-05-20 03:50:26,14.512,g/dL,N,Final
LRES000004480,LORD000004904,2026-05-19 19:50:26,6.322,ng/L,N,Final
LRES000004481,LORD000004905,2026-02-27 12:29:02,12.116,g/dL,N,Final
LRES000004482,LORD000004906,2026-02-27 10:29:02,111.522,mg/dL,N,Preliminary
LRES000004483,LORD000004907,2026-03-14 07:03:39,12.422,g/dL,N,Final
LRES000004484,LORD000004908,2026-04-15 06:14:44,110.802,mg/dL,N,Preliminary
LRES000004485,LORD000004909,2026-04-15 21:14:44,140.703,mmol/L,N,Final
LRES000004486,LORD000004910,2026-03-26 13:04:14,0.708,mg/dL,N,Final
LRES000004487,LORD000004911,2026-03-25 21:04:14,104.541,mg/dL,N,Final
LRES000004488,LORD000004913,2026-03-25 05:55:59,235.22,10^9/L,N,Final
LRES000004489,LORD000004914,2026-05-18 08:44:55,14.313,g/dL,N,Final
LRES000004490,LORD000004915,2026-04-18 14:15:26,279.669,10^9/L,N,Final
LRES000004491,LORD000004916,2026-02-03 21:05:05,138.028,mmol/L,N,Final
LRES000004492,LORD000004917,2026-05-23 23:52:01,3.546,mmol/L,N,Final
LRES000004493,LORD000004918,2026-03-25 01:49:14,6.506,10^9/L,N,Preliminary
LRES000004494,LORD000004919,2026-03-24 09:49:14,222.576,10^9/L,N,Final
LRES000004495,LORD000004920,2026-04-07 17:14:38,316.968,10^9/L,N,Final
LRES000004496,LORD000004921,2026-04-22 18:29:58,145.688,mmol/L,H,Final
LRES000004497,LORD000004922,2026-04-23 07:29:58,70.213,mg/dL,N,Final
LRES000004498,LORD000004923,2026-01-23 23:36:17,-3.579,ng/L,L,Final
LRES000004499,LORD000004924,2026-03-12 07:18:51,141.463,mmol/L,N,Preliminary
LRES000004500,LORD000004925,2026-04-05 10:37:29,113.065,mg/dL,N,Final
LRES000004501,LORD000004926,2026-03-20 16:12:44,1.182,mg/dL,N,Final
LRES000004502,LORD000004927,2026-05-05 22:40:21,,mg/dL,N,Preliminary
LRES000004503,LORD000004928,2026-05-06 18:40:21,130.508,mg/dL,N,Final
LRES000004504,LORD000004929,2026-05-28 05:14:30,0.88,mg/dL,N,Final
LRES000004505,LORD000004930,2026-05-27 17:14:30,4.462,mmol/L,N,Preliminary
LRES000004506,LORD000004931,2026-04-27 22:54:32,2.108,ng/L,N,Final
LRES000004507,LORD000004932,2026-04-27 17:54:32,11.088,g/dL,L,Preliminary
LRES000004508,LORD000004933,2026-01-24 16:36:12,5.072,10^9/L,N,Final
LRES000004509,LORD000004934,2026-01-25 00:36:12,172.719,10^9/L,N,Preliminary
LRES000004510,LORD000004935,2026-04-28 15:00:10,140.663,mmol/L,N,Preliminary
LRES000004511,LORD000004936,2026-03-18 07:10:46,140.371,mmol/L,N,Preliminary
LRES000004512,LORD000004937,2026-03-19 05:10:46,0.978,mg/dL,N,Preliminary
LRES000004513,LORD000004938,2026-01-26 12:46:54,139.165,mmol/L,N,Final
LRES000004514,LORD000004939,2026-01-26 01:46:54,137.268,mmol/L,N,Preliminary
LRES000004515,LORD000004940,2026-01-06 16:35:25,255.265,10^9/L,N,Final
LRES000004516,LORD000004941,2026-01-06 12:35:25,1.102,mg/dL,N,Final
LRES000004517,LORD000004942,2026-01-21 21:54:01,15.145,g/dL,N,Final
LRES000004518,LORD000004943,2026-01-21 05:54:01,4.44,mmol/L,N,Preliminary
LRES000004519,LORD000004944,2026-03-25 07:02:07,8.813,ng/L,N,Final
LRES000004520,LORD000004945,2026-03-25 17:02:07,9.002,ng/L,N,Preliminary
LRES000004521,LORD000004946,2026-03-07 13:13:35,144.908,mg/dL,H,Final
LRES000004522,LORD000004947,2026-03-07 03:13:35,7.453,10^9/L,N,Final
LRES000004523,LORD000004948,2026-02-10 18:12:11,0.743,mg/dL,N,Preliminary
LRES000004524,LORD000004949,2026-05-14 21:59:42,283.166,10^9/L,N,Final
LRES000004525,LORD000004950,2026-02-06 16:03:09,0.914,mg/dL,N,Final
LRES000004526,LORD000004951,2026-05-23 21:38:40,158.568,10^9/L,N,Preliminary
LRES000004527,LORD000004952,2026-01-24 13:40:57,141.668,mmol/L,N,Preliminary
LRES000004528,LORD000004953,2026-01-24 03:40:57,90.839,mg/dL,N,Preliminary
LRES000004529,LORD000004954,2026-03-05 21:21:58,96.095,10^9/L,L,Preliminary
LRES000004530,LORD000004955,2026-01-17 20:55:46,15.309,g/dL,N,Final
LRES000004531,LORD000004956,2026-03-07 12:22:53,335.004,10^9/L,N,Preliminary
LRES000004532,LORD000004957,2026-03-07 04:22:53,102.928,mg/dL,N,Final
LRES000004533,LORD000004958,2026-02-05 21:39:51,4.455,mmol/L,N,Final
LRES000004534,LORD000004959,2026-02-06 12:39:51,4.988,mmol/L,N,Final
LRES000004535,LORD000004960,2026-05-12 12:27:24,124.308,mg/dL,N,Final
LRES000004536,LORD000004961,2026-02-16 14:04:21,188.925,10^9/L,N,Final
LRES000004537,LORD000004962,2026-02-22 02:01:11,7.77,10^9/L,N,Preliminary
LRES000004538,LORD000004964,2026-03-12 05:58:22,10.216,ng/L,N,Preliminary
LRES000004539,LORD000004965,2026-03-12 12:58:22,0.951,mg/dL,N,Final
LRES000004540,LORD000004966,2026-05-29 16:29:29,3.96,mmol/L,N,Final
LRES000004541,LORD000004967,2026-02-09 02:46:51,358.965,10^9/L,N,Preliminary
LRES000004542,LORD000004968,2026-05-29 13:46:17,15.417,g/dL,N,Final
LRES000004543,LORD000004969,2026-05-28 14:46:17,7.877,10^9/L,N,Final
LRES000004544,LORD000004970,2026-05-13 12:48:10,514.001,10^9/L,H,Final
LRES000004545,LORD000004971,2026-04-21 18:33:40,123.418,mg/dL,N,Preliminary
LRES000004546,LORD000004972,2026-05-05 06:47:51,3.96,mmol/L,N,Final
LRES000004547,LORD000004973,2026-05-05 19:47:51,140.07,mmol/L,N,Final
LRES000004548,LORD000004974,2026-04-12 12:40:36,139.301,mmol/L,N,Final
LRES000004549,LORD000004975,2026-04-11 23:40:36,17.091,g/dL,N,Final
LRES000004550,LORD000004976,2026-01-17 04:56:59,141.647,10^9/L,L,Preliminary
LRES000004551,LORD000004977,2026-05-24 06:08:51,132.639,mg/dL,N,Preliminary
LRES000004552,LORD000004978,2026-05-01 16:06:55,395.423,10^9/L,N,Final
LRES000004553,LORD000004979,2026-05-08 11:53:54,0.689,mg/dL,N,Preliminary
LRES000004554,LORD000004980,2026-05-07 17:53:54,135.085,mmol/L,N,Preliminary
LRES000004555,LORD000004981,2026-03-26 09:44:27,4.266,mmol/L,N,Final
LRES000004556,LORD000004982,2026-03-26 06:44:27,9.144,ng/L,N,Final
LRES000004557,LORD000004983,2026-03-01 03:24:40,16.582,g/dL,N,Final
LRES000004558,LORD000004984,2026-03-01 12:24:40,86.522,mg/dL,N,Preliminary
LRES000004559,LORD000004985,2026-05-18 13:14:58,6.365,10^9/L,N,Final
LRES000004560,LORD000004986,2026-05-18 19:14:58,269.63,10^9/L,N,Final
LRES000004561,LORD000004987,2026-01-18 23:07:26,1.447,mg/dL,H,Final
LRES000004562,LORD000004988,2026-01-19 04:07:26,12.71,g/dL,N,Preliminary
LRES000004563,LORD000004989,2026-05-02 08:54:38,0.53,mg/dL,L,Final
LRES000004564,LORD000004990,2026-05-02 15:54:38,363.321,10^9/L,N,Preliminary
LRES000004565,LORD000004991,2026-01-29 07:38:56,0.777,mg/dL,N,Final
LRES000004566,LORD000004992,2026-01-29 15:38:56,0.929,mg/dL,N,Final
LRES000004567,LORD000004995,2026-04-11 01:10:29,4.139,ng/L,N,Final
LRES000004568,LORD000004996,2026-04-10 23:10:29,9.823,ng/L,N,Final
LRES000004569,LORD000004997,2026-01-09 10:36:05,342.373,10^9/L,N,Final
LRES000004570,LORD000004998,2026-01-04 11:08:10,276.965,10^9/L,N,Final
LRES000004571,LORD000004999,2026-04-13 00:23:03,3.883,10^9/L,L,Final
LRES000004572,LORD000005000,2026-05-21 05:48:57,493.34,10^9/L,H,Final
LRES000004573,LORD000005001,2026-05-21 10:48:57,14.19,g/dL,N,Final
LRES000004574,LORD000005002,2026-01-11 14:34:39,350.155,10^9/L,N,Final
LRES000004575,LORD000005003,2026-01-12 03:34:39,140.727,mmol/L,N,Final
LRES000004576,LORD000005004,2026-04-06 02:27:06,10.088,ng/L,N,Final
LRES000004577,LORD000005005,2026-04-23 10:23:38,4.043,mmol/L,N,Final
LRES000004578,LORD000005006,2026-01-28 12:41:31,0.919,mg/dL,N,Final
LRES000004579,LORD000005007,2026-01-28 10:41:31,5.67,ng/L,N,Preliminary
LRES000004580,LORD000005008,2026-04-30 05:41:31,143.66,mmol/L,N,Preliminary
LRES000004581,LORD000005009,2026-02-27 14:06:01,1.065,mg/dL,N,Final
LRES000004582,LORD000005010,2026-02-27 16:06:01,4.733,mmol/L,N,Final
LRES000004583,LORD000005011,2026-03-07 16:19:34,363.927,10^9/L,N,Final
LRES000004584,LORD000005013,2026-05-18 17:10:01,1.038,mg/dL,N,Final
LRES000004585,LORD000005014,2026-03-03 09:42:23,13.934,g/dL,N,Final
LRES000004586,LORD000005015,2026-01-11 10:48:42,10.594,g/dL,L,Final
LRES000004587,LORD000005016,2026-01-11 16:48:42,,g/dL,N,Preliminary
LRES000004588,LORD000005017,2026-02-19 23:19:34,4.54,mmol/L,N,Final
LRES000004589,LORD000005018,2026-03-21 05:58:26,143.773,mmol/L,N,Preliminary
LRES000004590,LORD000005019,2026-03-21 22:58:26,4.485,mmol/L,N,Final
LRES000004591,LORD000005020,2026-01-29 08:56:26,172.469,10^9/L,N,Preliminary
LRES000004592,LORD000005021,2026-02-14 09:51:50,205.291,10^9/L,N,Final
LRES000004593,LORD000005022,2026-01-03 09:32:42,79.441,mg/dL,N,Final
LRES000004594,LORD000005023,2026-01-16 05:34:01,267.099,10^9/L,N,Preliminary
LRES000004595,LORD000005024,2026-01-16 01:34:01,10.649,ng/L,N,Preliminary
LRES000004596,LORD000005025,2026-05-14 12:49:12,371.495,10^9/L,N,Final
LRES000004597,LORD000005026,2026-04-28 17:44:37,101.944,mg/dL,N,Preliminary
LRES000004598,LORD000005027,2026-01-14 05:20:01,0.655,mg/dL,N,Final
LRES000004599,LORD000005029,2026-03-26 06:42:57,5.369,ng/L,N,Preliminary
LRES000004600,LORD000005030,2026-03-26 00:42:57,3.488,10^9/L,L,Final
LRES000004601,LORD000005031,2026-03-24 21:49:53,101.482,mg/dL,N,Final
LRES000004602,LORD000005032,2026-03-25 03:49:53,0.692,mg/dL,N,Final
LRES000004603,LORD000005033,2026-03-04 09:32:47,3.906,mmol/L,N,Final
LRES000004604,LORD000005034,2026-03-03 23:19:38,88.597,mg/dL,N,Final
LRES000004605,LORD000005035,2026-03-05 19:56:36,7.095,10^9/L,N,Final
LRES000004606,LORD000005036,2026-03-06 16:56:36,140.713,mmol/L,N,Final
LRES000004607,LORD000005037,2026-05-13 00:28:32,140.868,mmol/L,N,Final
LRES000004608,LORD000005038,2026-05-12 16:28:32,5.372,mmol/L,H,Final
LRES000004609,LORD000005039,2026-04-27 18:24:34,13.207,g/dL,N,Final
LRES000004610,LORD000005040,2026-02-14 07:43:29,141.235,mmol/L,N,Final
LRES000004611,LORD000005042,2026-01-28 00:12:47,140.819,mmol/L,N,Preliminary
LRES000004612,LORD000005043,2026-02-25 08:38:04,19.627,ng/L,H,Preliminary
LRES000004613,LORD000005044,2026-04-09 03:16:37,0.808,mg/dL,N,Final
LRES000004614,LORD000005045,2026-04-09 17:16:37,107.948,mg/dL,N,Final
LRES000004615,LORD000005046,2026-04-07 19:08:09,4.246,ng/L,N,Preliminary
LRES000004616,LORD000005047,2026-04-07 19:08:09,141.771,mmol/L,N,Final
LRES000004617,LORD000005049,2026-01-26 21:11:07,5.014,10^9/L,N,Final
LRES000004618,LORD000005050,2026-01-26 05:11:07,8.75,10^9/L,N,Final
LRES000004619,LORD000005051,2026-02-13 23:49:42,7.131,10^9/L,N,Final
LRES000004620,LORD000005052,2026-05-09 03:53:30,4.063,mmol/L,N,Preliminary
LRES000004621,LORD000005053,2026-02-11 01:26:53,16.275,g/dL,N,Final
LRES000004622,LORD000005054,2026-01-13 10:34:46,237.147,10^9/L,N,Final
LRES000004623,LORD000005055,2026-05-05 01:54:29,108.741,mg/dL,N,Preliminary
LRES000004624,LORD000005056,2026-05-06 18:37:54,247.037,10^9/L,N,Final
LRES000004625,LORD000005057,2026-05-06 19:37:54,7.514,10^9/L,N,Final
LRES000004626,LORD000005058,2026-01-05 08:22:53,11.379,10^9/L,H,Final
LRES000004627,LORD000005059,2026-03-05 00:02:58,14.883,g/dL,N,Final
LRES000004628,LORD000005060,2026-03-05 05:02:58,0.6,mg/dL,L,Final
LRES000004629,LORD000005061,2026-05-10 20:08:31,7.513,ng/L,N,Final
LRES000004630,LORD000005062,2026-05-10 15:08:31,53.243,mg/dL,L,Final
LRES000004631,LORD000005063,2026-04-13 22:45:55,141.428,mmol/L,N,Preliminary
LRES000004632,LORD000005064,2026-05-12 03:51:28,5.84,ng/L,N,Final
LRES000004633,LORD000005065,2026-05-12 00:51:28,9.242,10^9/L,N,Preliminary
LRES000004634,LORD000005066,2026-05-02 06:32:54,2.024,10^9/L,L,Final
LRES000004635,LORD000005067,2026-05-01 12:32:54,306.549,10^9/L,N,Preliminary
LRES000004636,LORD000005068,2026-04-12 04:41:04,139.611,mmol/L,N,Final
LRES000004637,LORD000005069,2026-04-12 07:41:04,0.794,mg/dL,N,Final
LRES000004638,LORD000005070,2026-05-23 00:16:06,165.119,mg/dL,H,Final
LRES000004639,LORD000005071,2026-04-10 06:45:41,1.113,mg/dL,N,Final
LRES000004640,LORD000005072,2026-03-22 08:55:45,4.482,mmol/L,N,Final
LRES000004641,LORD000005073,2026-03-22 12:55:45,143.439,mmol/L,N,Preliminary
LRES000004642,LORD000005075,2026-05-20 12:27:53,9.688,10^9/L,N,Preliminary
LRES000004643,LORD000005076,2026-04-11 20:06:01,6.508,10^9/L,N,Preliminary
LRES000004644,LORD000005077,2026-04-12 05:06:01,0.864,mg/dL,N,Final
LRES000004645,LORD000005078,2026-05-20 02:35:45,6.238,ng/L,N,Preliminary
LRES000004646,LORD000005079,2026-05-19 07:35:45,0.795,mg/dL,N,Final
LRES000004647,LORD000005080,2026-05-05 07:23:50,4.498,10^9/L,N,Preliminary
LRES000004648,LORD000005082,2026-01-26 06:11:04,145.066,mmol/L,H,Final
LRES000004649,LORD000005083,2026-05-30 03:41:07,1.086,mg/dL,N,Preliminary
LRES000004650,LORD000005084,2026-02-22 11:16:44,136.48,mmol/L,N,Final
LRES000004651,LORD000005085,2026-02-22 10:16:44,8.776,g/dL,L,Final
LRES000004652,LORD000005086,2026-04-07 10:10:49,89.361,mg/dL,N,Final
LRES000004653,LORD000005088,2026-03-25 06:09:12,15.424,ng/L,N,Final
LRES000004654,LORD000005089,2026-03-25 05:09:12,4.571,mmol/L,N,Final
LRES000004655,LORD000005090,2026-05-13 02:28:00,14.915,g/dL,N,Final
LRES000004656,LORD000005091,2026-05-13 11:28:00,14.064,g/dL,N,Final
LRES000004657,LORD000005092,2026-01-04 22:53:20,12.425,ng/L,N,Final
LRES000004658,LORD000005093,2026-02-09 11:45:09,103.456,mg/dL,N,Final
LRES000004659,LORD000005095,2026-02-10 11:55:13,4.124,mmol/L,N,Preliminary
LRES000004660,LORD000005096,2026-04-10 05:22:34,4.643,mmol/L,N,Preliminary
LRES000004661,LORD000005097,2026-05-24 01:14:42,2.411,ng/L,N,Final
LRES000004662,LORD000005098,2026-05-23 15:14:42,6.04,10^9/L,N,Preliminary
LRES000004663,LORD000005099,2026-03-15 13:23:32,140.206,mmol/L,N,Preliminary
LRES000004664,LORD000005100,2026-02-06 04:19:11,1.296,mg/dL,N,Final
LRES000004665,LORD000005102,2026-04-08 11:55:09,15.958,ng/L,N,Preliminary
LRES000004666,LORD000005103,2026-05-16 18:08:53,15.854,g/dL,N,Preliminary
LRES000004667,LORD000005104,2026-03-17 12:56:51,4.179,mmol/L,N,Preliminary
LRES000004668,LORD000005105,2026-03-18 00:56:51,0.909,mg/dL,N,Final
LRES000004669,LORD000005106,2026-01-02 18:25:56,203.435,10^9/L,N,Final
LRES000004670,LORD000005107,2026-01-17 23:31:22,244.08,10^9/L,N,Final
LRES000004671,LORD000005108,2026-04-19 13:05:43,16.028,g/dL,N,Preliminary
LRES000004672,LORD000005109,2026-04-19 15:05:43,80.579,mg/dL,N,Final
LRES000004673,LORD000005110,2026-03-19 12:58:27,442.431,10^9/L,N,Final
LRES000004674,LORD000005111,2026-03-02 20:57:59,10.852,ng/L,N,Preliminary
LRES000004675,LORD000005112,2026-02-03 15:41:47,15.166,g/dL,N,Final
LRES000004676,LORD000005113,2026-01-23 12:43:49,4.291,mmol/L,N,Final
LRES000004677,LORD000005114,2026-01-23 05:43:49,13.176,ng/L,N,Preliminary
LRES000004678,LORD000005115,2026-04-07 12:11:19,19.337,ng/L,H,Final
LRES000004679,LORD000005116,2026-04-08 01:11:19,15.921,g/dL,N,Final
LRES000004680,LORD000005117,2026-04-15 20:49:37,13.669,g/dL,N,Final
LRES000004681,LORD000005118,2026-05-19 21:44:14,,ng/L,N,Preliminary
LRES000004682,LORD000005120,2026-05-25 01:22:28,8.532,10^9/L,N,Final
LRES000004683,LORD000005121,2026-05-24 06:22:28,14.008,g/dL,N,Final
LRES000004684,LORD000005122,2026-03-25 00:50:10,140.022,mmol/L,N,Final
LRES000004685,LORD000005123,2026-05-28 09:06:48,4.321,mmol/L,N,Preliminary
LRES000004686,LORD000005124,2026-05-28 01:06:48,4.224,mmol/L,N,Final
LRES000004687,LORD000005125,2026-02-13 04:41:19,14.608,g/dL,N,Final
LRES000004688,LORD000005126,2026-03-09 04:11:38,139.133,mg/dL,N,Preliminary
LRES000004689,LORD000005127,2026-02-06 21:01:39,0.649,mg/dL,N,Final
LRES000004690,LORD000005128,2026-02-06 12:01:39,147.998,mmol/L,H,Final
LRES000004691,LORD000005129,2026-01-14 22:16:52,135.545,mmol/L,N,Final
LRES000004692,LORD000005130,2026-04-16 13:27:29,0.732,mg/dL,N,Final
LRES000004693,LORD000005131,2026-01-25 23:19:54,476.904,10^9/L,H,Final
LRES000004694,LORD000005132,2026-01-26 08:19:54,85.761,mg/dL,N,Final
LRES000004695,LORD000005133,2026-05-17 18:56:56,112.142,mg/dL,N,Preliminary
LRES000004696,LORD000005134,2026-05-17 09:56:56,251.381,10^9/L,N,Final
LRES000004697,LORD000005135,2026-01-28 05:17:04,13.871,g/dL,N,Preliminary
LRES000004698,LORD000005136,2026-01-16 06:42:10,8.843,10^9/L,N,Final
LRES000004699,LORD000005137,2026-03-29 10:20:21,20.241,g/dL,H,Preliminary
LRES000004700,LORD000005138,2026-03-29 15:20:21,9.961,ng/L,N,Final
LRES000004701,LORD000005139,2026-05-06 23:02:04,7.357,10^9/L,N,Preliminary
LRES000004702,LORD000005140,2026-03-07 18:09:53,1.069,mg/dL,N,Final
LRES000004703,LORD000005141,2026-03-07 14:09:53,13.5,g/dL,N,Final
LRES000004704,LORD000005142,2026-02-11 18:56:31,0.832,mg/dL,N,Final
LRES000004705,LORD000005143,2026-02-11 23:56:31,98.668,mg/dL,N,Final
LRES000004706,LORD000005144,2026-05-09 16:31:08,4.792,mmol/L,N,Final
LRES000004707,LORD000005145,2026-05-09 18:31:08,9.967,g/dL,L,Final
LRES000004708,LORD000005146,2026-02-14 06:58:02,0.776,mg/dL,N,Preliminary
LRES000004709,LORD000005147,2026-04-24 19:23:41,374.765,10^9/L,N,Final
LRES000004710,LORD000005148,2026-04-25 08:23:41,258.428,10^9/L,N,Preliminary
LRES000004711,LORD000005149,2026-01-15 08:22:17,136.517,mmol/L,N,Final
LRES000004712,LORD000005150,2026-01-14 11:22:17,547.009,10^9/L,H,Final
LRES000004713,LORD000005151,2026-05-03 11:59:17,4.341,mmol/L,N,Final
LRES000004714,LORD000005152,2026-01-15 16:14:05,3.087,10^9/L,L,Final
LRES000004715,LORD000005153,2026-01-10 07:09:59,439.722,10^9/L,N,Final
LRES000004716,LORD000005154,2026-01-03 00:40:23,12.714,g/dL,N,Preliminary
LRES000004717,LORD000005155,2026-04-17 03:34:13,81.756,mg/dL,N,Final
LRES000004718,LORD000005156,2026-01-13 07:43:02,1.246,mg/dL,N,Final
LRES000004719,LORD000005158,2026-04-13 21:11:17,61.846,mg/dL,L,Preliminary
LRES000004720,LORD000005159,2026-05-07 14:07:49,4.654,mmol/L,N,Final
LRES000004721,LORD000005160,2026-05-07 19:07:49,148.158,mmol/L,H,Final
LRES000004722,LORD000005161,2026-03-12 00:54:27,11.612,ng/L,N,Final
LRES000004723,LORD000005162,2026-03-10 13:24:43,0.714,mg/dL,N,Final
LRES000004724,LORD000005163,2026-03-10 02:24:43,134.889,mg/dL,N,Final
LRES000004725,LORD000005165,2026-01-25 02:09:07,124.411,mg/dL,N,Final
LRES000004726,LORD000005166,2026-01-25 20:09:07,9.339,ng/L,N,Preliminary
LRES000004727,LORD000005167,2026-03-08 20:05:48,14.615,ng/L,N,Preliminary
LRES000004728,LORD_BAD,2026-03-08 05:05:48,7.492,ng/L,N,Final
LRES000004729,LORD000005170,2026-02-27 09:49:06,6.508,10^9/L,N,Final
LRES000004730,LORD000005171,2026-02-14 03:14:16,1.357,mg/dL,H,Final
LRES000004731,LORD000005172,2026-04-06 23:18:15,136.169,mmol/L,N,Final
LRES000004732,LORD000005173,2026-01-13 16:23:16,13.243,g/dL,N,Preliminary
LRES000004733,LORD000005174,2026-01-14 06:23:16,0.767,mg/dL,N,Final
LRES000004734,LORD000005175,2026-02-16 14:18:44,66.776,mg/dL,L,Final
LRES000004735,LORD000005176,2026-02-16 13:18:44,134.179,mmol/L,L,Preliminary
LRES000004736,LORD000005177,2026-01-14 04:20:52,1.061,mg/dL,N,Final
LRES000004737,LORD000005178,2026-01-14 09:20:52,1.074,mg/dL,N,Final
LRES000004738,LORD000005179,2026-03-05 17:53:52,22.822,ng/L,H,Final
LRES000004739,LORD000005180,2026-05-20 12:37:20,141.575,mmol/L,N,Final
LRES000004740,LORD000005181,2026-01-03 07:47:24,11.479,ng/L,N,Final
LRES000004741,LORD000005182,2026-01-03 05:47:24,14.438,ng/L,N,Preliminary
LRES000004742,LORD000005184,2026-02-11 22:38:55,143.677,mmol/L,N,Preliminary
LRES000004743,LORD000005185,2026-04-19 12:11:12,1.121,mg/dL,N,Final
LRES000004744,LORD000005186,2026-03-08 07:56:34,304.707,10^9/L,N,Final
LRES000004745,LORD000005187,2026-02-21 06:03:43,101.774,mg/dL,N,Final
LRES000004746,LORD000005188,2026-02-20 11:03:43,4.37,mmol/L,N,Preliminary
LRES000004747,LORD000005189,2026-01-04 11:25:50,132.754,mg/dL,N,Preliminary
LRES000004748,LORD000005190,2026-01-05 05:25:50,4.241,mmol/L,N,Preliminary
LRES000004749,LORD000005191,2026-04-08 01:08:03,9.669,10^9/L,N,Preliminary
LRES000004750,LORD000005192,2026-01-20 15:24:01,10.446,10^9/L,N,Final
LRES000004751,LORD000005193,2026-03-13 11:20:30,298.158,10^9/L,N,Preliminary
LRES000004752,LORD000005194,2026-03-13 01:20:30,15.18,g/dL,N,Preliminary
LRES000004753,LORD000005195,2026-03-04 03:27:30,138.247,mmol/L,N,Preliminary
LRES000004754,LORD000005196,2026-03-03 14:27:30,5.344,ng/L,N,Final
LRES000004755,LORD000005197,2026-03-18 10:40:40,473.483,10^9/L,H,Preliminary
LRES000004756,LORD000005198,2026-02-04 19:06:28,336.583,10^9/L,N,Preliminary
LRES000004757,LORD000005199,2026-02-04 23:06:28,8.235,10^9/L,N,Preliminary
LRES000004758,LORD000005200,2026-05-17 17:47:58,4.055,mmol/L,N,Preliminary
LRES000004759,LORD000005201,2026-05-17 08:47:58,416.049,10^9/L,N,Final
LRES000004760,LORD000005202,2026-01-23 03:41:12,4.442,mmol/L,N,Preliminary
LRES000004761,LORD000005203,2026-01-27 11:35:45,6.136,10^9/L,N,Final
LRES000004762,LORD000005204,2026-03-29 09:43:14,8.765,ng/L,N,Preliminary
LRES000004763,LORD000005205,2026-03-28 09:43:14,331.554,10^9/L,N,Preliminary
LRES000004764,LORD000005206,2026-01-12 02:10:12,11.544,g/dL,L,Final
LRES000004765,LORD000005207,2026-01-12 04:10:12,11.281,g/dL,L,Final
LRES000004766,LORD000005208,2026-02-16 00:39:51,12.46,g/dL,N,Final
LRES000004767,LORD000005209,2026-02-16 07:39:51,4.207,ng/L,N,Preliminary
LRES000004768,LORD000005210,2026-03-25 08:11:51,12.23,ng/L,N,Final
LRES000004769,LORD000005211,2026-03-24 13:11:51,137.766,mmol/L,N,Final
LRES000004770,LORD000005212,2026-04-21 02:26:08,76.599,mg/dL,N,Preliminary
LRES000004771,LORD000005213,2026-04-20 10:26:08,146.268,10^9/L,L,Final
LRES000004772,LORD000005214,2026-01-31 14:15:20,129.683,mg/dL,N,Final
LRES000004773,LORD000005215,2026-01-31 17:15:20,12.914,ng/L,N,Preliminary
LRES000004774,LORD000005216,2026-02-02 07:12:43,179.211,mg/dL,H,Preliminary
LRES000004775,LORD000005218,2026-03-08 21:49:02,13.946,ng/L,N,Final
LRES000004776,LORD000005219,2026-01-31 06:38:51,0.34,mg/dL,L,Final
LRES000004777,LORD000005220,2026-01-31 14:38:51,7.461,10^9/L,N,Final
LRES000004778,LORD000005222,2026-03-16 17:53:42,7.455,10^9/L,N,Final
LRES000004779,LORD000005223,2026-03-16 13:53:42,14.876,g/dL,N,Final
LRES000004780,LORD000005224,2026-04-21 06:22:01,143.253,mmol/L,N,Preliminary
LRES000004781,LORD000005225,2026-05-08 17:00:12,560.561,10^9/L,H,Final
LRES000004782,LORD000005226,2026-05-26 03:33:40,16.639,g/dL,N,Final
LRES000004783,LORD000005227,2026-05-08 12:09:53,134.706,mmol/L,L,Final
LRES000004784,LORD000005228,2026-05-09 00:09:53,0.846,mg/dL,N,Final
LRES000004785,LORD000005229,2026-05-08 02:00:45,140.424,mmol/L,N,Preliminary
LRES000004786,LORD000005230,2026-05-07 11:00:45,333.802,10^9/L,N,Preliminary
LRES000004787,LORD000005231,2026-01-09 15:28:21,0.949,mg/dL,N,Final
LRES000004788,LORD000005232,2026-01-08 13:50:01,15.894,g/dL,N,Final
LRES000004789,LORD000005233,2026-01-07 20:50:01,142.433,mmol/L,N,Preliminary
LRES000004790,LORD000005234,2026-02-05 04:52:50,118.952,mg/dL,N,Preliminary
LRES000004791,LORD000005235,2026-01-08 17:24:40,0.996,mg/dL,N,Final
LRES000004792,LORD000005236,2026-01-09 11:24:40,445.299,10^9/L,N,Preliminary
LRES000004793,LORD000005237,2026-05-11 12:11:30,318.642,10^9/L,N,Final
LRES000004794,LORD000005238,2026-02-17 08:03:36,128.271,mg/dL,N,Preliminary
LRES000004795,LORD000005239,2026-02-18 00:03:36,4.842,mmol/L,N,Preliminary
LRES000004796,LORD000005240,2026-03-03 09:42:27,112.719,mg/dL,N,Final
LRES000004797,LORD000005242,2026-04-26 08:03:57,15.623,g/dL,N,Preliminary
LRES000004798,LORD000005243,2026-04-25 15:03:57,14.786,ng/L,N,Final
LRES000004799,LORD000005244,2026-02-08 20:36:08,261.859,10^9/L,N,Final
LRES000004800,LORD000005245,2026-04-22 01:24:15,114.906,mg/dL,N,Final
LRES000004801,LORD000005246,2026-04-22 02:24:15,3.859,mmol/L,N,Final
LRES000004802,LORD000005247,2026-03-18 11:50:43,354.263,10^9/L,N,Preliminary
LRES000004803,LORD000005248,2026-03-18 18:50:43,136.311,mmol/L,N,Preliminary
LRES000004804,LORD000005249,2026-05-10 20:27:43,129.405,mg/dL,N,Final
LRES000004805,LORD000005250,2026-05-23 17:43:07,302.873,10^9/L,N,Preliminary
LRES000004806,LORD000005252,2026-04-27 09:44:09,9.608,10^9/L,N,Final
LRES000004807,LORD000005253,2026-01-14 07:26:28,141.406,mmol/L,N,Final
LRES000004808,LORD000005254,2026-02-12 16:50:28,4.159,mmol/L,N,Final
LRES000004809,LORD000005255,2026-02-14 15:31:28,1.03,mg/dL,N,Preliminary
LRES000004810,LORD000005256,2026-02-14 07:31:28,137.859,mmol/L,N,Final
LRES000004811,LORD000005257,2026-05-28 22:03:54,0.964,mg/dL,N,Final
LRES000004812,LORD000005258,2026-05-28 21:03:54,17.847,g/dL,H,Preliminary
LRES000004813,LORD000005259,2026-05-16 06:51:31,0.769,mg/dL,N,Final
LRES000004814,LORD000005260,2026-05-16 10:51:31,149.554,10^9/L,L,Final
LRES000004815,LORD000005261,2026-02-28 11:13:41,3.836,mmol/L,N,Final
LRES000004816,LORD000005262,2026-05-13 12:15:22,354.144,10^9/L,N,Final
LRES000004817,LORD000005263,2026-01-13 04:29:17,126.803,mg/dL,N,Preliminary
LRES000004818,LORD000005264,2026-01-14 21:24:59,117.376,mg/dL,N,Preliminary
LRES000004819,LORD000005265,2026-03-13 20:13:42,5.065,mmol/L,N,Final
LRES000004820,LORD000005266,2026-01-14 13:54:23,6.306,ng/L,N,Final
LRES000004821,LORD000005267,2026-01-14 18:54:23,15.705,g/dL,N,Final
LRES000004822,LORD000005268,2026-02-20 03:55:47,68.924,mg/dL,L,Preliminary
LRES000004823,LORD000005269,2026-02-19 16:55:47,336.111,10^9/L,N,Final
LRES000004824,LORD000005270,2026-03-19 01:23:55,0.722,mg/dL,N,Preliminary
LRES000004825,LORD000005271,2026-01-21 11:58:53,99.157,mg/dL,N,Preliminary
LRES000004826,LORD000005272,2026-04-26 07:56:18,1.199,mg/dL,N,Final
LRES000004827,LORD000005273,2026-04-26 03:56:18,211.623,10^9/L,N,Final
LRES000004828,LORD000005274,2026-03-18 06:53:45,324.252,10^9/L,N,Final
LRES000004829,LORD000005276,2026-04-18 18:21:29,1.226,mg/dL,N,Preliminary
LRES000004830,LORD000005277,2026-04-19 16:21:29,1.201,mg/dL,N,Final
LRES000004831,LORD000005278,2026-05-31 11:34:50,174.703,mg/dL,H,Final
LRES000004832,LORD000005279,2026-05-31 19:34:50,1.081,mg/dL,N,Final
LRES000004833,LORD000005280,2026-03-01 17:53:41,386.472,10^9/L,N,Final
LRES000004834,LORD000005281,2026-03-02 06:53:41,3.632,mmol/L,N,Final
LRES000004835,LORD000005283,2026-01-30 16:07:52,139.645,mmol/L,N,Final
LRES000004836,LORD000005284,2026-01-30 16:07:52,91.798,mg/dL,N,Preliminary
LRES000004837,LORD000005285,2026-04-06 14:04:34,4.182,mmol/L,N,Preliminary
LRES000004838,LORD000005286,2026-04-06 02:04:34,7.155,ng/L,N,Final
LRES000004839,LORD000005287,2026-02-24 04:20:40,3.286,mmol/L,L,Preliminary
LRES000004840,LORD000005288,2026-02-24 07:20:40,0.882,mg/dL,N,Final
LRES000004841,LORD000005289,2026-02-03 05:01:41,4.382,mmol/L,N,Preliminary
LRES000004842,LORD000005290,2026-04-19 00:52:34,0.891,mg/dL,N,Preliminary
LRES000004843,LORD000005291,2026-01-02 14:11:57,11.847,g/dL,L,Preliminary
LRES000004844,LORD000005292,2026-01-02 02:11:57,4.544,mmol/L,N,Final
LRES000004845,LORD000005293,2026-02-05 19:20:50,362.684,10^9/L,N,Final
LRES000004846,LORD000005294,2026-02-06 17:20:50,110.445,mg/dL,N,Preliminary
LRES000004847,LORD000005295,2026-03-12 13:00:11,5.809,10^9/L,N,Preliminary
LRES000004848,LORD000005296,2026-03-12 07:00:11,15.199,g/dL,N,Preliminary
LRES000004849,LORD000005297,2026-01-27 01:42:08,114.699,mg/dL,N,Final
LRES000004850,LORD000005298,2026-06-01 08:47:17,6.062,ng/L,N,Preliminary
LRES000004851,LORD000005299,2026-05-04 05:20:10,139.503,mmol/L,N,Preliminary
LRES000004852,LORD000005301,2026-01-19 09:26:37,5.768,ng/L,N,Preliminary
LRES000004853,LORD000005302,2026-01-19 17:26:37,1.124,mg/dL,N,Preliminary
LRES000004854,LORD000005303,2026-05-05 15:47:29,276.531,10^9/L,N,Final
LRES000004855,LORD000005304,2026-05-04 20:47:29,4.774,mmol/L,N,Final
LRES000004856,LORD000005305,2026-02-27 18:48:14,13.525,ng/L,N,Final
LRES000004857,LORD000005306,2026-02-27 10:48:14,145.37,mmol/L,H,Final
LRES000004858,LORD000005307,2026-02-24 13:44:48,4.259,mmol/L,N,Preliminary
LRES000004859,LORD000005309,2026-01-09 23:13:10,4.338,mmol/L,N,Final
LRES000004860,LORD000005310,2026-03-12 05:10:54,102.576,mg/dL,N,Final
LRES000004861,LORD000005311,2026-03-11 20:10:54,4.549,mmol/L,N,Final
LRES000004862,LORD000005312,2026-03-04 14:16:32,9.002,10^9/L,N,Preliminary
LRES000004863,LORD000005314,2026-01-05 09:04:11,331.091,10^9/L,N,Final
LRES000004864,LORD000005315,2026-04-01 16:40:35,4.267,mmol/L,N,Final
LRES000004865,LORD000005316,2026-03-24 15:50:03,4.495,mmol/L,N,Final
LRES000004866,LORD000005317,2026-01-19 11:34:36,142.527,mmol/L,N,Final
LRES000004867,LORD000005318,2026-01-18 20:34:36,84.672,mg/dL,N,Final
LRES000004868,LORD000005319,2026-05-30 12:16:59,138.348,mmol/L,N,Preliminary
LRES000004869,LORD000005320,2026-05-30 03:16:59,5.342,mmol/L,H,Final
LRES000004870,LORD000005321,2026-03-17 03:37:40,17.454,ng/L,N,Preliminary
LRES000004871,LORD000005322,2026-02-19 12:41:59,350.082,10^9/L,N,Preliminary
LRES000004872,LORD000005323,2026-01-05 22:47:22,15.451,g/dL,N,Preliminary
LRES000004873,LORD000005324,2026-03-31 07:26:45,12.103,g/dL,N,Preliminary
LRES000004874,LORD000005325,2026-03-31 14:26:45,6.576,10^9/L,N,Final
LRES000004875,LORD000005326,2026-01-15 20:12:41,15.672,g/dL,N,Final
LRES000004876,LORD000005327,2026-03-19 04:56:27,113.188,mg/dL,N,Final
LRES000004877,LORD000005328,2026-04-03 07:07:48,6.776,10^9/L,N,Preliminary
LRES000004878,LORD000005329,2026-04-03 16:07:48,17.276,g/dL,N,Final
LRES000004879,LORD000005330,2026-01-07 20:55:39,3.615,mmol/L,N,Final
LRES000004880,LORD000005331,2026-01-07 09:55:39,143.832,mmol/L,N,Preliminary
LRES000004881,LORD000005332,2026-01-07 06:34:31,10.217,ng/L,N,Final
LRES000004882,LORD000005333,2026-04-14 11:00:07,7.177,10^9/L,N,Final
LRES000004883,LORD000005334,2026-04-13 13:00:07,594.987,10^9/L,H,Final
LRES000004884,LORD000005335,2026-04-16 14:07:58,12.073,g/dL,N,Preliminary
LRES000004885,LORD000005336,2026-03-22 15:59:57,14.092,g/dL,N,Final
LRES000004886,LORD000005337,2026-05-08 11:18:56,16.659,ng/L,N,Preliminary
LRES000004887,LORD000005338,2026-05-08 20:18:56,0.994,mg/dL,N,Final
LRES000004888,LORD000005339,2026-05-08 02:16:08,10.544,10^9/L,N,Preliminary
LRES000004889,LORD000005340,2026-05-22 16:52:41,8.355,10^9/L,N,Preliminary
LRES000004890,LORD000005341,2026-05-22 10:52:41,79.475,mg/dL,N,Final
LRES000004891,LORD000005342,2026-03-04 06:29:47,5.464,10^9/L,N,Final
LRES000004892,LORD000005343,2026-03-03 15:29:47,4.779,mmol/L,N,Final
LRES000004893,LORD000005344,2026-04-10 08:09:26,0.685,mg/dL,N,Preliminary
LRES000004894,LORD000005345,2026-02-13 04:55:51,4.605,mmol/L,N,Final
LRES000004895,LORD000005346,2026-02-13 12:55:51,15.214,g/dL,N,Final
LRES000004896,LORD000005347,2026-04-27 10:19:14,0.951,mg/dL,N,Final
LRES000004897,LORD000005348,2026-02-10 15:40:50,4.849,ng/L,N,Final
LRES000004898,LORD000005349,2026-05-24 02:10:28,7.17,ng/L,N,Preliminary
LRES000004899,LORD000005350,2026-05-24 05:10:28,4.099,mmol/L,N,Final
LRES000004900,LORD000005351,2026-03-25 18:03:32,13.215,g/dL,N,Preliminary
LRES000004901,LORD000005353,2026-05-03 01:35:56,7.071,ng/L,N,Preliminary
LRES000004902,LORD000005354,2026-01-25 10:44:50,138.348,mg/dL,N,Final
LRES000004903,LORD000005356,2026-01-04 08:12:03,12.376,ng/L,N,Final
LRES000004904,LORD000005357,2026-03-20 23:04:41,4.467,mmol/L,N,Preliminary
LRES000004905,LORD000005358,2026-03-21 11:04:41,110.097,10^9/L,L,Preliminary
LRES000004906,LORD000005359,2026-04-24 13:48:43,217.839,10^9/L,N,Final
LRES000004907,LORD000005360,2026-03-13 06:06:56,303.499,10^9/L,N,Final
LRES000004908,LORD000005361,2026-03-17 23:00:47,0.971,mg/dL,N,Final
LRES000004909,LORD000005362,2026-04-17 12:00:07,12.134,ng/L,N,Preliminary
LRES000004910,LORD000005363,2026-04-02 11:55:52,6.638,10^9/L,N,Final
LRES000004911,LORD000005364,2026-04-03 23:28:40,3.944,mmol/L,N,Final
LRES000004912,LORD000005365,2026-04-04 07:28:40,1.075,mg/dL,N,Preliminary
LRES000004913,LORD000005366,2026-03-01 23:54:33,15.019,g/dL,N,Final
LRES000004914,LORD000005367,2026-03-02 15:54:33,11.82,g/dL,L,Final
LRES000004915,LORD000005368,2026-02-14 10:14:14,4.381,mmol/L,N,Final
LRES000004916,LORD000005369,2026-02-11 08:39:08,141.167,mg/dL,H,Preliminary
LRES000004917,LORD000005370,2026-03-28 00:19:07,14.381,g/dL,N,Final
LRES000004918,LORD000005371,2026-03-27 06:19:07,144.712,mmol/L,N,Final
LRES000004919,LORD000005372,2026-01-08 01:50:22,3.263,ng/L,N,Preliminary
LRES000004920,LORD000005373,2026-01-08 18:50:22,103.087,mg/dL,N,Final
LRES000004921,LORD000005374,2026-03-18 03:02:49,14.948,g/dL,N,Preliminary
LRES000004922,LORD000005375,2026-03-18 02:02:49,0.664,mg/dL,N,Final
LRES000004923,LORD000005376,2026-02-01 22:59:07,78.306,mg/dL,N,Preliminary
LRES000004924,LORD000005377,2026-02-02 18:59:07,296.212,10^9/L,N,Preliminary
LRES000004925,LORD000005378,2026-01-10 13:58:17,97.37,mg/dL,N,Final
LRES000004926,LORD000005379,2026-05-04 16:02:24,8.785,10^9/L,N,Final
LRES000004927,LORD000005380,2026-05-04 15:02:24,445.963,10^9/L,N,Preliminary
LRES000004928,LORD000005381,2026-02-21 07:04:04,139.141,mmol/L,N,Final
LRES000004929,LORD000005382,2026-02-20 23:04:04,0.861,mg/dL,N,Preliminary
LRES000004930,LORD000005383,2026-02-22 13:35:47,135.37,mmol/L,N,Preliminary
LRES000004931,LORD000005384,2026-02-22 22:35:47,0.963,mg/dL,N,Final
LRES000004932,LORD000005385,2026-01-02 09:15:27,1.045,mg/dL,N,Final
LRES000004933,LORD000005386,2026-01-01 06:15:27,11.468,ng/L,N,Final
LRES000004934,LORD000005387,2026-04-01 10:10:56,5.829,10^9/L,N,Final
LRES000004935,LORD000005388,2026-04-01 07:10:56,10.964,ng/L,N,Final
LRES000004936,LORD000005389,2026-02-25 23:34:43,108.846,mg/dL,N,Final
LRES000004937,LORD000005390,2026-02-26 15:34:43,4.306,mmol/L,N,Final
LRES000004938,LORD000005391,2026-01-20 08:47:31,16.363,g/dL,N,Preliminary
LRES000004939,LORD000005392,2026-04-06 01:05:41,3.897,mmol/L,N,Final
LRES000004940,LORD000005394,2026-05-20 06:45:11,140.84,mg/dL,H,Final
LRES000004941,LORD000005395,2026-01-21 11:58:07,139.254,mmol/L,N,Final
LRES000004942,LORD000005396,2026-02-13 18:52:57,0.899,mg/dL,N,Preliminary
LRES000004943,LORD000005397,2026-02-18 14:56:08,15.148,ng/L,N,Final
LRES000004944,LORD000005398,2026-02-19 02:56:08,8.583,10^9/L,N,Final
LRES000004945,LORD000005400,2026-03-09 11:04:12,133.222,mmol/L,L,Final
LRES000004946,LORD000005401,2026-03-08 17:04:12,143.829,mg/dL,H,Preliminary
LRES000004947,LORD000005402,2026-03-20 18:52:48,5.05,mmol/L,N,Final
LRES000004948,LORD000005403,2026-03-21 07:52:48,400.868,10^9/L,N,Preliminary
LRES000004949,LORD000005405,2026-01-30 13:59:18,136.572,mmol/L,N,Final
LRES000004950,LORD000005406,2026-04-30 03:47:46,0.989,mg/dL,N,Preliminary
LRES000004951,LORD000005407,2026-05-01 01:47:46,553.777,10^9/L,H,Preliminary
LRES000004952,LORD000005408,2026-05-10 09:41:32,136.381,mmol/L,N,Final
LRES000004953,LORD000005409,2026-02-10 01:35:20,501.77,10^9/L,H,Final
LRES000004954,LORD000005410,2026-02-09 16:35:20,0.966,mg/dL,N,Final
LRES000004955,LORD000005411,2026-03-04 09:47:41,8.905,10^9/L,N,Final
LRES000004956,LORD000005412,2026-03-04 08:47:41,141.937,mmol/L,N,Preliminary
LRES000004957,LORD000005413,2026-03-22 00:48:32,95.626,mg/dL,N,Final
LRES000004958,LORD000005414,2026-03-21 23:48:32,6.002,10^9/L,N,Final
LRES000004959,LORD000005415,2026-03-24 12:47:45,104.832,mg/dL,N,Preliminary
LRES000004960,LORD000005416,2026-05-20 13:45:05,15.31,g/dL,N,Final
LRES000004961,LORD000005417,2026-02-28 06:43:03,17.019,g/dL,N,Preliminary
LRES000004962,LORD000005418,2026-02-27 21:43:03,121.931,mg/dL,N,Preliminary
LRES000004963,LORD000005419,2026-01-24 06:37:15,3.679,mmol/L,N,Final
LRES000004964,LORD000005420,2026-01-24 12:37:15,296.877,10^9/L,N,Final
LRES000004965,LORD000005421,2026-01-13 02:16:58,0.993,mg/dL,N,Final
LRES000004966,LORD000005422,2026-01-12 14:16:58,138.511,mmol/L,N,Preliminary
LRES000004967,LORD000005423,2026-05-13 04:33:24,2.154,ng/L,N,Preliminary
LRES000004968,LORD000005424,2026-05-13 16:33:24,144.667,mmol/L,N,Preliminary
LRES000004969,LORD000005425,2026-04-16 22:45:28,3.765,mmol/L,N,Final
LRES000004970,LORD000005426,2026-02-11 11:43:47,61.857,10^9/L,L,Preliminary
LRES000004971,LORD000005427,2026-02-10 22:43:47,17.959,g/dL,H,Final
LRES000004972,LORD000005428,2026-03-04 01:39:13,25.576,ng/L,H,Final
LRES000004973,LORD000005430,2026-03-19 20:21:36,2.36,ng/L,N,Final
LRES000004974,LORD000005431,2026-01-25 08:36:44,332.978,10^9/L,N,Preliminary
LRES000004975,LORD000005432,2026-01-24 13:36:44,0.678,mg/dL,N,Preliminary
LRES000004976,LORD000005433,2026-02-02 05:51:53,1.045,mg/dL,N,Final
LRES000004977,LORD000005435,2026-03-22 11:53:32,1.063,mg/dL,N,Final
LRES000004978,LORD000005436,2026-05-16 05:34:04,5.23,10^9/L,N,Final
LRES000004979,LORD000005437,2026-05-11 04:44:35,128.123,mg/dL,N,Final
LRES000004980,LORD000005438,2026-05-10 20:44:35,4.575,mmol/L,N,Final
LRES000004981,LORD000005439,2026-05-14 17:17:32,0.893,mg/dL,N,Final
LRES000004982,LORD000005440,2026-02-26 18:26:44,1.068,mg/dL,N,Final
LRES000004983,LORD000005441,2026-02-27 00:26:44,385.08,10^9/L,N,Final
LRES000004984,LORD000005442,2026-03-16 09:10:04,135.864,mmol/L,N,Preliminary
LRES000004985,LORD000005443,2026-03-16 22:10:04,138.303,mmol/L,N,Preliminary
LRES000004986,LORD000005444,2026-02-10 07:57:00,12.103,ng/L,N,Preliminary
LRES000004987,LORD000005446,2026-03-14 05:11:59,5.35,mmol/L,H,Preliminary
LRES000004988,LORD000005448,2026-05-13 05:20:54,3.997,mmol/L,N,Final
LRES000004989,LORD000005449,2026-05-14 04:20:54,112.879,mg/dL,N,Final
LRES000004990,LORD000005450,2026-05-15 09:11:52,4.023,mmol/L,N,Final
LRES000004991,LORD000005451,2026-05-15 17:11:52,346.566,10^9/L,N,Final
LRES000004992,LORD000005452,2026-03-31 15:35:19,17.203,g/dL,N,Final
LRES000004993,LORD000005453,2026-02-28 01:12:10,139.541,mmol/L,N,Final
LRES000004994,LORD000005454,2026-05-21 13:57:59,15.041,g/dL,N,Final
LRES000004995,LORD000005455,2026-05-20 17:57:59,16.236,g/dL,N,Final
LRES000004996,LORD000005456,2026-03-30 13:21:06,130.065,mmol/L,L,Final
LRES000004997,LORD000005457,2026-03-30 16:21:06,3.767,mmol/L,N,Final
LRES000004998,LORD000005458,2026-04-15 06:13:02,141.978,mmol/L,N,Final
LRES000004999,LORD000005459,2026-04-13 09:22:35,4.924,ng/L,N,Final
LRES000005000,LORD000005460,2026-02-05 11:25:47,7.877,10^9/L,N,Final
LRES000005001,LORD000005461,2026-04-19 02:02:19,15.861,ng/L,N,Preliminary
LRES000005002,LORD000005462,2026-04-19 04:02:19,296.752,10^9/L,N,Final
LRES000005003,LORD000005463,2026-05-05 12:54:19,5.013,mmol/L,N,Preliminary
LRES000005004,LORD000005464,2026-02-04 19:24:38,290.956,10^9/L,N,Final
LRES000005005,LORD000005465,2026-04-11 03:09:18,2.542,ng/L,N,Final
LRES000005006,LORD000005466,2026-04-10 13:09:18,0.996,mg/dL,N,Final
LRES000005007,LORD000005467,2026-05-01 15:18:27,0.454,mg/dL,L,Final
LRES000005008,LORD000005468,2026-04-30 20:18:27,6.603,ng/L,N,Final
LRES000005009,LORD000005469,2026-01-15 00:26:22,4.076,mmol/L,N,Preliminary
LRES000005010,LORD000005470,2026-01-14 15:26:22,5.175,mmol/L,N,Final
LRES000005011,LORD000005471,2026-04-07 15:17:29,12.399,g/dL,N,Final
LRES000005012,LORD000005472,2026-01-27 01:32:46,0.68,mg/dL,N,Preliminary
LRES000005013,LORD000005473,2026-01-26 22:32:46,4.254,mmol/L,N,Final
LRES000005014,LORD000005474,2026-04-30 11:44:57,6.922,ng/L,N,Final
LRES000005015,LORD000005475,2026-01-27 12:13:46,8.135,ng/L,N,Preliminary
LRES000005016,LORD000005476,2026-04-21 22:22:45,291.936,10^9/L,N,Preliminary
LRES000005017,LORD000005477,2026-04-22 12:22:45,385.585,10^9/L,N,Final
LRES000005018,LORD000005478,2026-05-21 03:27:53,4.044,ng/L,N,Preliminary
LRES000005019,LORD000005479,2026-05-06 19:46:44,5.989,10^9/L,N,Final
LRES000005020,LORD000005480,2026-05-06 07:46:44,3.698,mmol/L,N,Final
LRES000005021,LORD000005481,2026-05-18 09:11:06,394.765,10^9/L,N,Final
LRES000005022,LORD000005482,2026-05-18 03:11:06,236.975,10^9/L,N,Preliminary
LRES000005023,LORD000005483,2026-03-14 14:20:54,141.511,mmol/L,N,Preliminary
LRES000005024,LORD000005484,2026-05-16 23:54:42,7.206,10^9/L,N,Final
LRES000005025,LORD000005485,2026-05-17 03:54:42,92.801,mg/dL,N,Final
LRES000005026,LORD000005486,2026-04-24 00:44:25,131.86,mg/dL,N,Preliminary
LRES000005027,LORD000005487,2026-04-23 16:44:25,12.254,g/dL,N,Preliminary
LRES000005028,LORD000005488,2026-05-14 14:46:25,5.213,ng/L,N,Final
LRES000005029,LORD000005489,2026-01-17 05:30:14,137.839,mmol/L,N,Preliminary
LRES000005030,LORD000005491,2026-01-20 01:31:50,100.008,mg/dL,N,Final
LRES000005031,LORD000005492,2026-01-20 07:31:50,5.926,10^9/L,N,Final
LRES000005032,LORD000005493,2026-04-25 15:18:58,0.636,mg/dL,N,Final
LRES000005033,LORD000005494,2026-04-25 09:18:58,15.262,g/dL,N,Preliminary
LRES000005034,LORD000005495,2026-03-16 14:32:01,4.418,mmol/L,N,Final
LRES000005035,LORD000005496,2026-04-13 14:03:56,10.029,10^9/L,N,Final
LRES000005036,LORD000005497,2026-04-13 05:12:29,76.29,mg/dL,N,Final
LRES000005037,LORD000005498,2026-03-13 16:18:44,4.099,mmol/L,N,Final
LRES000005038,LORD000005499,2026-03-13 21:18:44,0.587,mg/dL,L,Preliminary
LRES000005039,LORD000005500,2026-01-16 12:57:37,16.493,ng/L,N,Preliminary
LRES000005040,LORD000005501,2026-01-16 10:57:37,0.938,mg/dL,N,Preliminary
LRES000005041,LORD000005502,2026-05-08 21:39:04,97.411,mg/dL,N,Final
LRES000005042,LORD000005503,2026-05-09 11:39:04,7.205,ng/L,N,Final
LRES000005043,LORD000005504,2026-05-22 20:49:09,1.203,mg/dL,N,Preliminary
LRES000005044,LORD000005505,2026-02-01 11:51:38,4.69,mmol/L,N,Final
LRES000005045,LORD000005506,2026-02-01 12:51:38,329.037,10^9/L,N,Preliminary
LRES000005046,LORD000005507,2026-03-07 16:27:48,207.772,10^9/L,N,Final
LRES000005047,LORD000005508,2026-04-13 17:13:13,19.546,ng/L,H,Preliminary
LRES000005048,LORD000005510,2026-03-28 15:59:43,6.375,10^9/L,N,Final
LRES000005049,LORD000005511,2026-02-14 13:54:23,-1.471,ng/L,L,Final
LRES000005050,LORD000005512,2026-02-14 22:54:23,327.598,10^9/L,N,Final
LRES000005051,LORD000005513,2026-02-02 00:19:13,3.393,mmol/L,L,Preliminary
LRES000005052,LORD000005514,2026-02-02 04:19:13,4.514,mmol/L,N,Final
LRES000005053,LORD000005515,2026-04-02 02:28:05,213.228,10^9/L,N,Final
LRES000005054,LORD000005516,2026-01-27 23:22:31,293.694,10^9/L,N,Final
LRES000005055,LORD000005517,2026-01-28 07:22:31,1.038,mg/dL,N,Final
LRES000005056,LORD000005518,2026-04-15 03:19:03,14.891,g/dL,N,Preliminary
LRES000005057,LORD000005519,2026-04-10 09:22:13,3.439,ng/L,N,Final
LRES000005058,LORD000005520,2026-04-10 06:22:13,4.789,10^9/L,N,Final
LRES000005059,LORD000005521,2026-02-09 23:25:02,12.038,ng/L,N,Final
LRES000005060,LORD000005522,2026-04-22 14:33:21,9.565,g/dL,L,Final
LRES000005061,LORD000005523,2026-02-24 00:14:41,14.001,g/dL,N,Preliminary
LRES000005062,LORD000005524,2026-02-23 23:14:41,9.69,10^9/L,N,Preliminary
LRES000005063,LORD000005525,2026-05-28 10:08:40,213.409,10^9/L,N,Preliminary
LRES000005064,LORD000005526,2026-05-18 00:29:32,396.638,10^9/L,N,Final
LRES000005065,LORD000005527,2026-04-24 01:07:03,3.262,10^9/L,L,Final
LRES000005066,LORD000005528,2026-04-24 03:07:03,7.03,10^9/L,N,Preliminary
LRES000005067,LORD000005529,2026-01-26 02:47:11,7.876,10^9/L,N,Preliminary
LRES000005068,LORD000005530,2026-01-27 06:47:11,147.753,mmol/L,H,Final
LRES000005069,LORD000005531,2026-01-03 18:59:52,0.745,mg/dL,N,Preliminary
LRES000005070,LORD000005533,2026-03-03 09:54:19,16.205,g/dL,N,Preliminary
LRES000005071,LORD000005534,2026-03-29 10:38:56,16.239,g/dL,N,Preliminary
LRES000005072,LORD000005535,2026-03-29 13:38:56,9.721,ng/L,N,Final
LRES000005073,LORD000005536,2026-05-23 14:21:24,15.92,ng/L,N,Preliminary
LRES000005074,LORD000005537,2026-05-23 22:21:24,140.651,mmol/L,N,Preliminary
LRES000005075,LORD000005538,2026-04-26 14:57:22,-5.401,ng/L,L,Final
LRES000005076,LORD000005539,2026-04-27 08:57:22,381.983,10^9/L,N,Final
LRES000005077,LORD000005540,2026-01-09 17:32:47,4.056,mmol/L,N,Final
LRES000005078,LORD000005542,2026-03-11 22:28:42,143.391,mmol/L,N,Final
LRES000005079,LORD000005543,2026-03-12 03:28:42,84.497,mg/dL,N,Preliminary
LRES000005080,LORD000005544,2026-01-19 09:27:17,4.271,10^9/L,N,Preliminary
LRES000005081,LORD000005545,2026-01-30 04:44:21,444.605,10^9/L,N,Preliminary
LRES000005082,LORD000005546,2026-01-09 08:16:22,0.666,mg/dL,N,Final
LRES000005083,LORD000005547,2026-04-02 02:10:07,311.374,10^9/L,N,Final
LRES000005084,LORD000005548,2026-05-20 22:55:58,141.151,mmol/L,N,Final
LRES000005085,LORD000005549,2026-03-22 08:29:06,1.174,mg/dL,N,Final
LRES000005086,LORD000005550,2026-04-26 03:52:53,11.97,ng/L,N,Preliminary
LRES000005087,LORD000005551,2026-04-25 12:52:53,12.862,ng/L,N,Preliminary
LRES000005088,LORD000005552,2026-03-18 22:39:12,141.305,mmol/L,N,Preliminary
LRES000005089,LORD000005553,2026-03-19 12:39:12,4.522,mmol/L,N,Final
LRES000005090,LORD000005554,2026-04-24 02:00:44,13.586,g/dL,N,Final
LRES000005091,LORD000005555,2026-04-23 13:00:44,143.256,mmol/L,N,Preliminary
LRES000005092,LORD000005556,2026-01-06 15:17:36,87.63,mg/dL,N,Final
LRES000005093,LORD000005557,2026-01-06 18:17:36,138.539,mmol/L,N,Final
LRES000005094,LORD000005558,2026-05-17 09:04:59,4.531,mmol/L,N,Final
LRES000005095,LORD000005559,2026-04-03 14:48:52,3.646,mmol/L,N,Final
LRES000005096,LORD000005560,2026-05-12 04:49:00,4.86,mmol/L,N,Final
LRES000005097,LORD000005561,2026-05-12 13:49:00,140.733,mmol/L,N,Final
LRES000005098,LORD000005562,2026-05-14 09:00:47,2.488,10^9/L,L,Preliminary
LRES000005099,LORD000005563,2026-02-18 02:37:21,360.91,10^9/L,N,Final
LRES000005100,LORD000005564,2026-01-26 07:40:51,0.903,mg/dL,N,Final
LRES000005101,LORD000005566,2026-05-16 05:27:04,14.483,ng/L,N,Final
LRES000005102,LORD000005567,2026-05-16 04:27:04,12.677,g/dL,N,Final
LRES000005103,LORD000005568,2026-02-08 21:42:13,141.852,mmol/L,N,Preliminary
LRES000005104,LORD000005569,2026-02-08 16:42:13,154.029,mg/dL,H,Preliminary
LRES000005105,LORD000005570,2026-04-26 19:47:26,136.651,mmol/L,N,Preliminary
LRES000005106,LORD000005571,2026-01-15 00:58:46,18.769,ng/L,N,Final
LRES000005107,LORD000005572,2026-01-15 16:58:46,1.221,mg/dL,N,Final
LRES000005108,LORD000005573,2026-04-21 20:37:41,10.382,10^9/L,N,Final
LRES000005109,LORD000005574,2026-01-19 23:31:46,142.042,mmol/L,N,Final
LRES000005110,LORD000005575,2026-01-19 13:31:46,112.791,mg/dL,N,Final
LRES000005111,LORD000005576,2026-02-13 14:58:28,10.91,ng/L,N,Preliminary
LRES000005112,LORD000005578,2026-01-30 03:15:25,136.094,mmol/L,N,Final
LRES000005113,LORD000005579,2026-01-29 21:15:25,11.88,g/dL,L,Preliminary
LRES000005114,LORD000005580,2026-01-12 23:13:05,0.69,mg/dL,N,Preliminary
LRES000005115,LORD000005581,2026-01-13 18:13:05,106.489,mg/dL,N,Final
LRES000005116,LORD000005582,2026-02-10 18:32:47,137.665,mmol/L,N,Preliminary
LRES000005117,LORD000005583,2026-05-08 09:50:50,144.031,mmol/L,N,Preliminary
LRES000005118,LORD000005584,2026-03-06 19:19:49,67.514,mg/dL,L,Final
LRES000005119,LORD000005585,2026-03-05 18:19:49,137.503,mmol/L,N,Final
LRES000005120,LORD000005586,2026-01-27 19:23:16,251.226,10^9/L,N,Final
LRES000005121,LORD000005587,2026-03-30 22:21:12,-3.718,ng/L,L,Preliminary
LRES000005122,LORD000005588,2026-03-30 21:21:12,14.324,g/dL,N,Final
LRES000005123,LORD000005589,2026-01-30 05:17:10,144.132,mmol/L,N,Preliminary
LRES000005124,LORD000005590,2026-01-30 05:17:10,113.06,mg/dL,N,Final
LRES000005125,LORD000005591,2026-02-17 13:36:37,6.705,10^9/L,N,Final
LRES000005126,LORD000005592,2026-03-26 07:20:49,388.934,10^9/L,N,Final
LRES000005127,LORD000005593,2026-04-27 12:25:09,270.962,10^9/L,N,Preliminary
LRES000005128,LORD000005594,2026-04-27 18:25:09,12.513,ng/L,N,Final
LRES000005129,LORD000005595,2026-05-13 20:27:48,135.164,mmol/L,N,Final
LRES000005130,LORD000005596,2026-01-30 08:33:36,145.994,mmol/L,H,Final
LRES000005131,LORD000005597,2026-01-30 12:33:36,295.16,10^9/L,N,Final
LRES000005132,LORD000005598,2026-05-21 09:42:21,9.813,10^9/L,N,Preliminary
LRES000005133,LORD000005599,2026-05-21 00:42:21,4.024,mmol/L,N,Final
LRES000005134,LORD000005600,2026-04-08 03:56:12,1.332,mg/dL,H,Final
LRES000005135,LORD000005601,2026-01-31 00:48:28,4.768,mmol/L,N,Preliminary
LRES000005136,LORD000005602,2026-01-31 04:48:28,401.021,10^9/L,N,Preliminary
LRES000005137,LORD000005603,2026-03-17 16:33:59,141.349,mmol/L,N,Preliminary
LRES000005138,LORD000005604,2026-03-17 10:33:59,11.796,g/dL,L,Preliminary
LRES000005139,LORD000005605,2026-03-29 21:04:24,3.702,ng/L,N,Final
LRES000005140,LORD000005606,2026-03-29 12:04:24,3.785,mmol/L,N,Preliminary
LRES000005141,LORD000005607,2026-04-17 05:04:51,4.557,mmol/L,N,Preliminary
LRES000005142,LORD000005608,2026-02-27 22:29:02,4.789,mmol/L,N,Preliminary
LRES000005143,LORD000005609,2026-01-30 11:02:09,9.582,ng/L,N,Preliminary
LRES000005144,LORD000005610,2026-01-30 19:02:09,381.021,10^9/L,N,Final
LRES000005145,LORD000005611,2026-02-10 10:23:48,13.523,g/dL,N,Final
LRES000005146,LORD000005612,2026-02-09 22:23:48,8.798,10^9/L,N,Final
LRES000005147,LORD000005613,2026-04-22 21:29:19,160.651,mg/dL,H,Final
LRES000005148,LORD000005614,2026-01-08 22:01:00,0.718,mg/dL,N,Final
LRES000005149,LORD000005615,2026-04-21 03:57:57,7.238,ng/L,N,Final
LRES000005150,LORD000005616,2026-04-21 14:57:57,269.399,10^9/L,N,Final
LRES000005151,LORD000005617,2026-05-02 10:33:04,9.196,10^9/L,N,Final
LRES000005152,LORD000005618,2026-01-16 02:55:31,13.935,g/dL,N,Final
LRES000005153,LORD000005619,2026-03-31 15:00:00,13.497,g/dL,N,Preliminary
LRES000005154,LORD000005620,2026-04-01 01:00:00,133.302,mmol/L,L,Preliminary
LRES000005155,LORD000005621,2026-01-12 15:54:40,13.346,g/dL,N,Preliminary
LRES000005156,LORD000005622,2026-01-12 13:54:40,142.738,mmol/L,N,Final
LRES000005157,LORD000005623,2026-03-29 16:54:33,141.565,mmol/L,N,Preliminary
LRES000005158,LORD000005624,2026-03-29 01:54:33,18.067,g/dL,H,Final
LRES000005159,LORD000005625,2026-05-15 07:08:27,8.176,10^9/L,N,Preliminary
LRES000005160,LORD000005626,2026-05-14 21:08:27,137.87,mmol/L,N,Preliminary
LRES000005161,LORD000005627,2026-05-17 21:50:18,15.205,ng/L,N,Final
LRES000005162,LORD000005628,2026-04-28 03:14:49,11.778,g/dL,L,Final
LRES000005163,LORD000005629,2026-04-27 17:27:18,118.65,mg/dL,N,Preliminary
LRES000005164,LORD000005630,2026-01-05 04:26:46,1.324,mg/dL,H,Final
LRES000005165,LORD000005631,2026-01-05 04:26:46,1.328,mg/dL,H,Final
LRES000005166,LORD000005632,2026-04-27 22:35:09,267.266,10^9/L,N,Preliminary
LRES000005167,LORD000005633,2026-05-07 12:17:28,15.447,g/dL,N,Final
LRES000005168,LORD000005634,2026-05-07 16:17:28,14.612,g/dL,N,Preliminary
LRES000005169,LORD000005635,2026-02-13 02:16:11,11.923,ng/L,N,Final
LRES000005170,LORD000005636,2026-02-22 10:00:01,138.135,mmol/L,N,Final
LRES000005171,LORD000005637,2026-05-19 18:45:34,4.725,mmol/L,N,Preliminary
LRES000005172,LORD000005638,2026-05-10 23:34:25,14.347,g/dL,N,Final
LRES000005173,LORD000005640,2026-05-10 14:08:27,415.425,10^9/L,N,Preliminary
LRES000005174,LORD000005641,2026-05-10 18:08:27,-2.025,ng/L,L,Final
LRES000005175,LORD000005642,2026-04-05 23:35:40,138.137,mmol/L,N,Preliminary
LRES000005176,LORD000005643,2026-04-05 23:35:40,5.086,mmol/L,N,Final
LRES000005177,LORD000005645,2026-02-01 08:52:01,1.024,mg/dL,N,Preliminary
LRES000005178,LORD000005646,2026-01-31 19:52:01,14.385,g/dL,N,Preliminary
LRES000005179,LORD000005647,2026-03-27 15:21:18,,mg/dL,H,Final
LRES000005180,LORD000005648,2026-05-04 03:29:53,98.247,10^9/L,L,Final
LRES000005181,LORD000005649,2026-05-04 03:29:53,312.47,10^9/L,N,Final
LRES000005182,LORD000005650,2026-01-12 19:38:17,3.086,10^9/L,L,Preliminary
LRES000005183,LORD000005651,2026-01-13 02:38:17,109.364,mg/dL,N,Final
LRES000005184,LORD000005652,2026-02-16 22:40:41,15.868,ng/L,N,Final
LRES000005185,LORD000005653,2026-02-16 23:40:41,1.049,mg/dL,N,Preliminary
LRES000005186,LORD000005654,2026-03-15 16:07:39,242.761,10^9/L,N,Preliminary
LRES000005187,LORD000005657,2026-01-03 08:49:17,11.186,10^9/L,H,Final
LRES000005188,LORD000005658,2026-01-03 08:49:17,137.579,mmol/L,N,Final
LRES000005189,LORD000005659,2026-04-23 14:21:45,15.701,g/dL,N,Final
LRES000005190,LORD000005660,2026-04-22 21:21:45,3.939,mmol/L,N,Final
LRES000005191,LORD000005661,2026-04-09 05:59:01,,mg/dL,H,Final
LRES000005192,LORD000005662,2026-05-10 10:45:05,10.352,10^9/L,N,Preliminary
LRES000005193,LORD000005663,2026-05-10 00:45:05,137.071,mmol/L,N,Final
LRES000005194,LORD000005664,2026-03-08 10:47:04,150.431,mg/dL,H,Final
LRES000005195,LORD000005665,2026-03-07 11:47:04,4.919,ng/L,N,Final
LRES000005196,LORD000005666,2026-03-19 05:26:54,15.709,g/dL,N,Final
LRES000005197,LORD000005668,2026-05-18 12:33:40,3.208,mmol/L,L,Final
LRES000005198,LORD000005669,2026-04-11 11:12:29,303.322,10^9/L,N,Final
LRES000005199,LORD000005670,2026-01-26 00:48:14,67.045,mg/dL,L,Preliminary
LRES000005200,LORD000005672,2026-02-20 00:58:39,278.592,10^9/L,N,Final
LRES000005201,LORD000005673,2026-01-30 15:50:10,14.782,g/dL,N,Final
LRES000005202,LORD000005674,2026-04-11 08:47:18,15.332,ng/L,N,Final
LRES000005203,LORD000005675,2026-04-23 07:05:32,91.618,mg/dL,N,Preliminary
LRES000005204,LORD000005677,2026-01-11 01:48:26,108.391,mg/dL,N,Preliminary
LRES000005205,LORD000005679,2026-01-06 03:02:22,363.905,10^9/L,N,Final
LRES000005206,LORD000005680,2026-02-22 05:13:42,134.393,mmol/L,L,Final
LRES000005207,LORD000005681,2026-05-29 09:32:33,15.194,g/dL,N,Final
LRES000005208,LORD000005682,2026-05-29 19:32:33,331.149,10^9/L,N,Final
LRES000005209,LORD000005683,2026-03-04 19:30:24,4.593,mmol/L,N,Final
LRES000005210,LORD000005684,2026-03-05 07:30:24,10.54,10^9/L,N,Final
LRES000005211,LORD000005685,2026-04-15 19:46:24,3.902,mmol/L,N,Final
LRES000005212,LORD000005686,2026-04-15 13:46:24,87.591,mg/dL,N,Preliminary
LRES000005213,LORD000005687,2026-01-13 16:08:08,3.827,mmol/L,N,Final
LRES000005214,LORD000005688,2026-01-28 22:46:10,0.953,mg/dL,N,Final
LRES000005215,LORD000005689,2026-01-29 17:46:10,3.665,mmol/L,N,Final
LRES000005216,LORD000005690,2026-01-18 11:38:59,140.141,mmol/L,N,Final
LRES000005217,LORD000005691,2026-01-18 09:38:59,333.501,10^9/L,N,Final
LRES000005218,LORD000005692,2026-02-04 02:48:38,7.937,10^9/L,N,Final
LRES000005219,LORD000005693,2026-01-26 12:11:55,139.367,mmol/L,N,Final
LRES000005220,LORD000005694,2026-01-03 00:52:20,135.325,mmol/L,N,Final
LRES000005221,LORD000005695,2026-01-28 06:43:39,406.473,10^9/L,N,Final
LRES000005222,LORD000005698,2026-04-23 08:57:25,0.972,mg/dL,N,Final
LRES000005223,LORD000005699,2026-04-23 21:57:25,0.612,ng/L,N,Preliminary
LRES000005224,LORD000005700,2026-03-05 07:36:42,4.675,mmol/L,N,Preliminary
LRES000005225,LORD000005701,2026-03-05 11:36:42,0.566,mg/dL,L,Final
LRES000005226,LORD000005702,2026-02-17 21:33:45,14.881,g/dL,N,Final
LRES000005227,LORD000005704,2026-04-10 15:22:58,114.773,mg/dL,N,Preliminary
LRES000005228,LORD000005705,2026-05-26 03:15:09,6.549,10^9/L,N,Preliminary
LRES000005229,LORD000005706,2026-03-24 07:07:30,387.089,10^9/L,N,Final
LRES000005230,LORD000005707,2026-04-05 11:44:46,8.906,10^9/L,N,Preliminary
LRES000005231,LORD000005708,2026-04-06 03:44:46,8.962,10^9/L,N,Final
LRES000005232,LORD000005709,2026-01-30 19:03:41,138.116,mmol/L,N,Preliminary
LRES000005233,LORD000005710,2026-01-03 23:16:28,0.876,mg/dL,N,Preliminary
LRES000005234,LORD000005711,2026-01-04 05:16:28,14.027,g/dL,N,Final
LRES000005235,LORD000005712,2026-01-16 05:30:37,2.487,ng/L,N,Final
LRES000005236,LORD000005713,2026-01-15 12:30:37,257.99,10^9/L,N,Preliminary
LRES000005237,LORD000005714,2026-02-21 01:48:40,22.151,ng/L,H,Final
LRES000005238,LORD000005715,2026-02-21 00:48:40,1.208,mg/dL,N,Preliminary
LRES000005239,LORD000005716,2026-03-14 22:15:49,15.806,g/dL,N,Preliminary
LRES000005240,LORD000005717,2026-05-28 11:03:09,111.154,mg/dL,N,Final
LRES000005241,LORD000005718,2026-01-07 20:01:08,-4.152,ng/L,L,Preliminary
LRES000005242,LORD000005719,2026-01-07 10:01:08,95.497,mg/dL,N,Final
LRES000005243,LORD000005720,2026-05-11 23:23:31,4.168,mmol/L,N,Final
LRES000005244,LORD000005721,2026-05-12 07:23:31,4.331,mmol/L,N,Final
LRES000005245,LORD000005722,2026-02-05 02:50:04,139.617,mmol/L,N,Preliminary
LRES000005246,LORD000005723,2026-03-17 08:00:13,425.162,10^9/L,N,Preliminary
LRES000005247,LORD000005724,2026-03-29 18:22:21,6.578,10^9/L,N,Preliminary
LRES000005248,LORD000005726,2026-03-13 23:16:57,5.944,10^9/L,N,Preliminary
LRES000005249,LORD000005728,2026-03-10 04:38:03,136.289,mmol/L,N,Preliminary
LRES000005250,LORD000005729,2026-03-10 04:38:03,16.96,g/dL,N,Preliminary
LRES000005251,LORD000005730,2026-04-27 01:48:22,4.084,mmol/L,N,Final
LRES000005252,LORD000005731,2026-04-23 02:34:57,4.209,10^9/L,N,Final
LRES000005253,LORD000005732,2026-01-09 10:05:50,0.487,mg/dL,L,Final
LRES000005254,LORD000005733,2026-01-09 09:05:50,1.213,mg/dL,N,Final
LRES000005255,LORD000005734,2026-05-23 05:45:20,6.826,10^9/L,N,Final
LRES000005256,LORD000005735,2026-05-22 04:45:20,142.994,mg/dL,H,Final
LRES000005257,LORD000005736,2026-04-28 04:06:03,142.349,mmol/L,N,Final
LRES000005258,LORD000005737,2026-04-28 02:06:03,175.543,10^9/L,N,Preliminary
LRES000005259,LORD000005738,2026-05-18 08:35:52,124.058,mg/dL,N,Final
LRES000005260,LORD000005739,2026-03-18 05:48:08,107.381,mg/dL,N,Preliminary
LRES000005261,LORD000005740,2026-03-18 14:48:08,22.209,ng/L,H,Final
LRES000005262,LORD000005741,2026-02-02 14:21:50,4.436,mmol/L,N,Preliminary
LRES000005263,LORD000005742,2026-02-01 20:21:50,10.664,ng/L,N,Final
LRES000005264,LORD000005743,2026-02-22 01:11:45,94.619,mg/dL,N,Final
LRES000005265,LORD000005744,2026-02-22 03:11:45,0.889,mg/dL,N,Preliminary
LRES000005266,LORD000005745,2026-03-18 20:38:35,271.1,10^9/L,N,Final
LRES000005267,LORD000005746,2026-04-11 00:01:00,113.233,mg/dL,N,Final
LRES000005268,LORD000005747,2026-04-10 09:01:00,3.462,mmol/L,L,Final
LRES000005269,LORD000005748,2026-04-30 22:17:19,1.042,mg/dL,N,Final
LRES000005270,LORD000005749,2026-05-01 00:17:19,116.606,mg/dL,N,Final
LRES000005271,LORD000005750,2026-01-05 04:41:58,4.912,10^9/L,N,Final
LRES000005272,LORD000005751,2026-01-04 20:41:58,8.618,10^9/L,N,Preliminary
LRES000005273,LORD000005752,2026-05-02 23:29:13,4.687,ng/L,N,Final
LRES000005274,LORD000005754,2026-05-15 11:33:16,16.409,g/dL,N,Preliminary
LRES000005275,LORD000005755,2026-05-15 10:33:16,13.6,g/dL,N,Final
LRES000005276,LORD000005756,2026-05-20 01:38:22,8.93,ng/L,N,Final
LRES000005277,LORD000005757,2026-01-25 03:25:39,6.074,10^9/L,N,Preliminary
LRES000005278,LORD000005758,2026-03-25 11:17:59,71.818,mg/dL,N,Final
LRES000005279,LORD000005759,2026-04-23 01:07:03,5.359,mmol/L,H,Final
LRES000005280,LORD000005760,2026-01-21 18:03:06,1.076,mg/dL,N,Final
LRES000005281,LORD000005763,2026-05-28 11:48:44,139.052,mmol/L,N,Final
LRES000005282,LORD000005764,2026-05-29 20:09:59,4.64,mmol/L,N,Final
LRES000005283,LORD000005765,2026-04-08 21:16:12,5.43,mmol/L,H,Preliminary
LRES000005284,LORD000005766,2026-04-08 16:16:12,4.171,mmol/L,N,Final
LRES000005285,LORD000005767,2026-03-03 02:36:44,16.492,g/dL,N,Preliminary
LRES000005286,LORD000005768,2026-03-03 17:36:44,65.81,mg/dL,L,Final
LRES000005287,LORD000005769,2026-04-14 17:48:28,170.926,10^9/L,N,Final
LRES000005288,LORD000005770,2026-04-13 22:48:28,138.82,mmol/L,N,Final
LRES000005289,LORD000005771,2026-02-20 23:23:40,230.263,10^9/L,N,Preliminary
LRES000005290,LORD000005772,2026-03-26 22:27:07,17.448,ng/L,N,Final
LRES000005291,LORD000005773,2026-03-15 21:50:56,139.818,mmol/L,N,Final
LRES000005292,LORD000005774,2026-03-15 05:50:56,137.157,mmol/L,N,Final
LRES000005293,LORD000005775,2026-05-23 05:07:32,391.383,10^9/L,N,Preliminary
LRES000005294,LORD000005776,2026-05-23 12:07:32,136.288,mmol/L,N,Final
LRES000005295,LORD000005777,2026-02-02 13:55:36,16.655,g/dL,N,Preliminary
LRES000005296,LORD000005778,2026-05-02 15:29:10,326.83,10^9/L,N,Preliminary
LRES000005297,LORD000005779,2026-05-02 16:29:10,15.854,g/dL,N,Final
LRES000005298,LORD000005780,2026-05-12 13:47:22,100.989,mg/dL,N,Preliminary
LRES000005299,LORD000005781,2026-05-16 10:23:48,3.095,ng/L,N,Final
LRES000005300,LORD000005783,2026-05-10 14:35:48,15.838,g/dL,N,Preliminary
LRES000005301,LORD000005784,2026-03-19 02:39:15,4.053,mmol/L,N,Final
LRES000005302,LORD000005785,2026-05-23 02:46:47,6.252,10^9/L,N,Preliminary
LRES000005303,LORD000005786,2026-05-22 23:46:47,357.451,10^9/L,N,Final
LRES000005304,LORD000005787,2026-05-05 15:04:06,4.492,mmol/L,N,Final
LRES000005305,LORD000005788,2026-02-21 02:44:30,2.268,ng/L,N,Final
LRES000005306,LORD000005789,2026-02-21 10:44:30,1.162,mg/dL,N,Final
LRES000005307,LORD000005790,2026-03-18 09:59:11,0.956,mg/dL,N,Final
LRES000005308,LORD000005791,2026-02-24 19:55:58,5.546,10^9/L,N,Final
LRES000005309,LORD000005792,2026-04-11 00:02:21,137.309,mmol/L,N,Final
LRES000005310,LORD000005793,2026-04-01 17:15:42,80.906,mg/dL,N,Final
LRES000005311,LORD000005794,2026-05-19 08:11:52,14.718,g/dL,N,Final
LRES000005312,LORD000005795,2026-05-18 20:11:52,1.531,ng/L,N,Preliminary
LRES000005313,LORD000005796,2026-05-14 06:06:02,144.315,mmol/L,N,Final
LRES000005314,LORD000005797,2026-02-20 20:26:28,14.003,g/dL,N,Final
LRES000005315,LORD000005799,2026-03-03 05:24:51,4.626,mmol/L,N,Preliminary
LRES000005316,LORD_BAD,2026-03-09 13:20:23,4.949,10^9/L,N,Final
LRES000005317,LORD000005801,2026-05-22 03:59:40,14.263,ng/L,N,Preliminary
LRES000005318,LORD000005802,2026-01-23 20:12:51,4.355,mmol/L,N,Preliminary
LRES000005319,LORD000005803,2026-01-23 14:12:51,10.295,ng/L,N,Final
LRES000005320,LORD000005805,2026-05-03 22:44:56,3.296,mmol/L,L,Final
LRES000005321,LORD000005806,2026-05-04 10:44:56,16.136,g/dL,N,Final
LRES000005322,LORD000005807,2026-05-25 10:30:16,139.898,mmol/L,N,Final
LRES000005323,LORD000005808,2026-05-24 21:30:16,0.582,10^9/L,L,Final
LRES000005324,LORD000005809,2026-05-24 03:15:42,12.571,g/dL,N,Preliminary
LRES000005325,LORD000005810,2026-03-20 01:54:57,68.989,mg/dL,L,Final
LRES000005326,LORD000005811,2026-03-20 14:54:57,145.404,mmol/L,H,Final
LRES000005327,LORD000005812,2026-05-24 13:25:35,72.595,mg/dL,N,Final
LRES000005328,LORD000005814,2026-04-03 14:13:42,144.258,mg/dL,H,Final
LRES000005329,LORD000005815,2026-04-03 17:13:42,4.014,mmol/L,N,Final
LRES000005330,LORD000005816,2026-05-09 06:32:59,14.561,g/dL,N,Final
LRES000005331,LORD000005817,2026-01-09 19:29:46,121.018,mg/dL,N,Preliminary
LRES000005332,LORD000005818,2026-01-09 16:29:46,4.763,mmol/L,N,Preliminary
LRES000005333,LORD000005819,2026-01-25 15:44:21,97.249,mg/dL,N,Preliminary
LRES000005334,LORD000005821,2026-05-03 02:58:24,0.771,mg/dL,N,Preliminary
LRES000005335,LORD000005822,2026-04-01 22:46:50,140.702,mmol/L,N,Preliminary
LRES000005336,LORD000005823,2026-04-02 06:46:50,345.666,10^9/L,N,Final
LRES000005337,LORD000005825,2026-01-12 04:10:25,15.515,g/dL,N,Final
LRES000005338,LORD000005826,2026-01-11 15:10:25,9.162,ng/L,N,Preliminary
LRES000005339,LORD000005827,2026-01-25 08:41:42,8.644,10^9/L,N,Final
LRES000005340,LORD000005829,2026-03-17 03:17:32,12.586,g/dL,N,Final
LRES000005341,LORD000005830,2026-03-17 05:17:32,15.463,g/dL,N,Final
LRES000005342,LORD000005831,2026-02-25 05:14:30,365.984,10^9/L,N,Final
LRES000005343,LORD000005832,2026-02-24 19:14:30,6.102,ng/L,N,Preliminary
LRES000005344,LORD000005833,2026-02-03 17:45:41,230.514,10^9/L,N,Final
LRES000005345,LORD000005834,2026-02-04 22:45:41,18.154,ng/L,N,Final
LRES000005346,LORD000005835,2026-05-11 09:14:02,96.278,mg/dL,N,Final
LRES000005347,LORD000005836,2026-05-11 04:14:02,143.571,mmol/L,N,Preliminary
LRES000005348,LORD000005837,2026-05-07 13:30:29,144.364,mmol/L,N,Final
LRES000005349,LORD000005838,2026-04-01 14:05:37,107.912,mg/dL,N,Preliminary
LRES000005350,LORD000005840,2026-03-12 11:50:07,138.717,mmol/L,N,Preliminary
LRES000005351,LORD000005841,2026-04-08 04:36:32,397.67,10^9/L,N,Final
LRES000005352,LORD000005843,2026-01-13 12:01:11,69.602,mg/dL,L,Final
LRES000005353,LORD000005844,2026-01-13 09:01:11,127.064,mg/dL,N,Preliminary
LRES000005354,LORD000005845,2026-01-25 10:03:26,139.84,mmol/L,N,Final
LRES000005355,LORD000005846,2026-01-28 11:57:30,9.969,10^9/L,N,Preliminary
LRES000005356,LORD000005847,2026-01-28 22:57:30,141.415,mmol/L,N,Final
LRES000005357,LORD000005848,2026-05-11 13:17:37,139.767,mmol/L,N,Preliminary
LRES000005358,LORD000005849,2026-05-10 15:17:37,0.87,mg/dL,N,Preliminary
LRES000005359,LORD000005850,2026-01-16 19:51:06,123.821,mg/dL,N,Final
LRES000005360,LORD000005851,2026-01-14 16:44:16,0.921,mg/dL,N,Final
LRES000005361,LORD000005852,2026-01-14 21:44:16,15.852,g/dL,N,Final
LRES000005362,LORD000005853,2026-05-22 05:13:59,12.665,g/dL,N,Preliminary
LRES000005363,LORD000005854,2026-05-22 08:13:59,5.629,ng/L,N,Final
LRES000005364,LORD000005855,2026-04-01 21:35:09,276.995,10^9/L,N,Preliminary
LRES000005365,LORD000005856,2026-04-01 13:35:09,414.049,10^9/L,N,Final
LRES000005366,LORD000005857,2026-02-15 16:38:24,125.687,mg/dL,N,Preliminary
LRES000005367,LORD000005858,2026-05-13 23:32:53,0.91,mg/dL,N,Final
LRES000005368,LORD000005859,2026-05-13 21:32:53,2.882,10^9/L,L,Final
LRES000005369,LORD000005860,2026-03-06 09:55:44,15.127,ng/L,N,Preliminary
LRES000005370,LORD000005861,2026-03-06 16:55:44,12.751,ng/L,N,Final
LRES000005371,LORD000005862,2026-04-21 10:58:51,15.078,g/dL,N,Final
LRES000005372,LORD000005863,2026-01-04 08:22:43,128.827,mg/dL,N,Preliminary
LRES000005373,LORD000005864,2026-01-03 22:22:43,12.799,g/dL,N,Final
LRES000005374,LORD000005866,2026-03-16 09:16:27,138.976,mmol/L,N,Preliminary
LRES000005375,LORD000005867,2026-02-09 02:42:34,481.914,10^9/L,H,Preliminary
LRES000005376,LORD000005868,2026-02-08 15:42:34,3.627,mmol/L,N,Final
LRES000005377,LORD000005869,2026-04-01 18:17:34,15.381,g/dL,N,Preliminary
LRES000005378,LORD000005870,2026-04-01 15:17:34,4.179,mmol/L,N,Final
LRES000005379,LORD000005871,2026-03-02 07:38:56,134.792,mmol/L,L,Final
LRES000005380,LORD000005872,2026-03-01 22:15:52,16.2,ng/L,N,Final
LRES000005381,LORD000005873,2026-03-02 04:15:52,4.868,mmol/L,N,Preliminary
LRES000005382,LORD000005875,2026-03-12 15:55:58,0.875,mg/dL,N,Preliminary
LRES000005383,LORD000005876,2026-01-20 18:33:14,232.867,10^9/L,N,Preliminary
LRES000005384,LORD000005877,2026-01-21 02:33:14,14.979,g/dL,N,Preliminary
LRES000005385,LORD000005878,2026-05-22 15:13:14,9.801,ng/L,N,Preliminary
LRES000005386,LORD000005879,2026-02-09 20:14:18,10.083,10^9/L,N,Final
LRES000005387,LORD000005881,2026-02-03 02:01:05,16.412,g/dL,N,Final
LRES000005388,LORD000005882,2026-02-28 01:53:22,139.7,mmol/L,N,Final
LRES000005389,LORD000005883,2026-02-28 05:53:22,12.658,g/dL,N,Final
LRES000005390,LORD000005884,2026-05-27 06:37:09,106.515,mg/dL,N,Final
LRES000005391,LORD000005885,2026-05-26 17:37:09,354.36,10^9/L,N,Final
LRES000005392,LORD000005886,2026-03-20 18:28:47,13.763,ng/L,N,Preliminary
LRES000005393,LORD000005887,2026-03-21 00:28:47,14.06,g/dL,N,Preliminary
LRES000005394,LORD000005888,2026-04-22 11:49:53,4.96,mmol/L,N,Final
LRES000005395,LORD000005889,2026-04-22 10:49:53,0.677,mg/dL,N,Final
LRES000005396,LORD000005890,2026-05-11 13:06:31,134.368,mmol/L,L,Preliminary
LRES000005397,LORD000005891,2026-04-23 09:13:07,0.994,mg/dL,N,Final
LRES000005398,LORD000005892,2026-04-22 21:13:07,128.968,mg/dL,N,Final
LRES000005399,LORD000005893,2026-05-25 16:58:43,0.938,mg/dL,N,Final
LRES000005400,LORD000005894,2026-03-15 22:17:27,295.889,10^9/L,N,Final
LRES000005401,LORD000005895,2026-02-03 22:56:07,145.001,mmol/L,H,Final
LRES000005402,LORD000005896,2026-02-03 20:56:07,9.782,10^9/L,N,Final
LRES000005403,LORD000005897,2026-05-24 03:39:03,14.569,g/dL,N,Preliminary
LRES000005404,LORD000005898,2026-02-10 13:44:18,12.699,g/dL,N,Final
LRES000005405,LORD000005899,2026-01-23 11:23:39,162.324,mg/dL,H,Final
LRES000005406,LORD000005900,2026-01-24 01:23:39,0.968,mg/dL,N,Final
LRES000005407,LORD000005901,2026-03-02 17:03:29,15.092,ng/L,N,Preliminary
LRES000005408,LORD000005903,2026-01-17 09:52:50,-2.226,ng/L,L,Final
LRES000005409,LORD000005904,2026-01-17 17:52:50,293.775,10^9/L,N,Final
LRES000005410,LORD000005905,2026-01-03 23:31:18,139.955,mmol/L,N,Preliminary
LRES000005411,LORD000005907,2026-05-02 12:19:48,82.59,mg/dL,N,Final
LRES000005412,LORD000005908,2026-03-24 05:40:57,122.13,10^9/L,L,Final
LRES000005413,LORD000005909,2026-04-18 20:06:07,14.63,g/dL,N,Preliminary
LRES000005414,LORD000005911,2026-03-06 16:30:04,8.121,ng/L,N,Final
LRES000005415,LORD000005912,2026-05-29 17:27:17,0.78,mg/dL,N,Final
LRES000005416,LORD000005913,2026-05-29 04:27:17,4.178,mmol/L,N,Final
LRES000005417,LORD000005914,2026-03-15 00:41:20,71.839,mg/dL,N,Final
LRES000005418,LORD000005915,2026-03-14 00:41:20,140.052,mmol/L,N,Final
LRES000005419,LORD000005916,2026-01-24 20:17:30,15.371,g/dL,N,Final
LRES000005420,LORD000005917,2026-01-24 16:17:30,1.34,mg/dL,H,Final
LRES000005421,LORD000005918,2026-04-23 11:54:56,139.067,mmol/L,N,Preliminary
LRES000005422,LORD000005919,2026-02-15 17:51:50,11.79,ng/L,N,Final
LRES000005423,LORD000005920,2026-03-17 22:20:53,135.668,mmol/L,N,Preliminary
LRES000005424,LORD000005921,2026-02-18 03:10:31,137.62,mg/dL,N,Final
LRES000005425,LORD000005922,2026-02-18 16:10:31,0.801,mg/dL,N,Preliminary
LRES000005426,LORD000005923,2026-05-26 05:01:39,143.743,mmol/L,N,Final
LRES000005427,LORD000005924,2026-05-27 02:01:39,4.318,mmol/L,N,Final
LRES000005428,LORD000005925,2026-01-07 09:45:36,18.582,ng/L,N,Final
LRES000005429,LORD000005926,2026-03-12 22:33:57,322.422,10^9/L,N,Final
LRES000005430,LORD000005927,2026-03-12 22:33:57,4.27,mmol/L,N,Final
LRES000005431,LORD000005928,2026-01-27 02:02:56,13.049,g/dL,N,Final
LRES000005432,LORD000005929,2026-01-26 21:02:56,4.318,mmol/L,N,Final
LRES000005433,LORD000005930,2026-02-27 14:09:18,319.227,10^9/L,N,Final
LRES000005434,LORD000005931,2026-02-26 22:09:18,3.504,mmol/L,N,Final
LRES000005435,LORD000005932,2026-01-18 09:56:17,0.99,mg/dL,N,Preliminary
LRES000005436,LORD000005933,2026-03-26 10:15:37,456.121,10^9/L,H,Preliminary
LRES000005437,LORD000005934,2026-03-26 08:15:37,133.756,mmol/L,L,Final
LRES000005438,LORD000005935,2026-01-17 02:39:00,16.934,g/dL,N,Final
LRES000005439,LORD000005936,2026-01-17 01:39:00,125.502,mg/dL,N,Final
LRES000005440,LORD000005937,2026-04-24 04:45:04,4.081,mmol/L,N,Preliminary
LRES000005441,LORD000005938,2026-04-24 10:45:04,18.36,g/dL,H,Final
LRES000005442,LORD000005939,2026-02-28 12:50:45,75.038,mg/dL,N,Preliminary
LRES000005443,LORD000005940,2026-05-20 00:03:03,416.845,10^9/L,N,Final
LRES000005444,LORD000005941,2026-01-18 11:25:01,140.225,mmol/L,N,Final
LRES000005445,LORD000005942,2026-01-19 02:25:01,4.527,mmol/L,N,Preliminary
LRES000005446,LORD000005944,2026-03-10 23:54:52,14.249,g/dL,N,Final
LRES000005447,LORD000005945,2026-03-10 00:21:51,141.536,mmol/L,N,Final
LRES000005448,LORD000005946,2026-03-09 12:21:51,1.139,mg/dL,N,Preliminary
LRES000005449,LORD000005947,2026-02-17 17:50:19,135.405,mmol/L,N,Final
LRES000005450,LORD000005948,2026-05-24 05:36:57,159.438,10^9/L,N,Final
LRES000005451,LORD000005949,2026-05-25 05:36:57,7.337,10^9/L,N,Final
LRES000005452,LORD000005950,2026-02-12 10:28:45,4.932,ng/L,N,Preliminary
LRES000005453,LORD000005951,2026-02-12 11:28:45,285.537,10^9/L,N,Preliminary
LRES000005454,LORD000005953,2026-01-29 19:22:10,15.774,g/dL,N,Final
LRES000005455,LORD000005954,2026-03-09 16:47:31,91.449,mg/dL,N,Preliminary
LRES000005456,LORD000005955,2026-03-09 04:47:31,1.406,mg/dL,H,Preliminary
LRES000005457,LORD000005956,2026-02-19 08:38:18,142.168,mmol/L,N,Final
LRES000005458,LORD000005957,2026-02-19 01:38:18,1.105,mg/dL,N,Final
LRES000005459,LORD000005958,2026-05-17 12:10:21,12.896,g/dL,N,Preliminary
LRES000005460,LORD000005960,2026-04-26 06:45:55,403.102,10^9/L,N,Final
LRES000005461,LORD000005961,2026-04-15 06:28:41,141.056,mmol/L,N,Preliminary
LRES000005462,LORD000005962,2026-04-15 04:28:41,138.412,mmol/L,N,Final
LRES000005463,LORD000005963,2026-03-25 18:18:28,1.592,ng/L,N,Preliminary
LRES000005464,LORD000005964,2026-03-25 02:18:28,19.545,g/dL,H,Final
LRES000005465,LORD000005965,2026-01-31 12:09:41,3.844,mmol/L,N,Final
LRES000005466,LORD000005966,2026-01-31 15:09:41,136.06,mmol/L,N,Final
LRES000005467,LORD000005967,2026-04-30 22:12:47,10.398,ng/L,N,Final
LRES000005468,LORD000005968,2026-01-31 11:23:22,354.152,10^9/L,N,Final
LRES000005469,LORD000005970,2026-03-20 19:20:53,1.101,mg/dL,N,Final
LRES000005470,LORD000005971,2026-03-27 09:01:01,8.934,10^9/L,N,Final
LRES000005471,LORD000005972,2026-05-11 17:38:33,13.881,g/dL,N,Preliminary
LRES000005472,LORD000005973,2026-04-01 03:44:15,63.808,mg/dL,L,Final
LRES000005473,LORD000005974,2026-04-01 17:44:15,4.797,10^9/L,N,Final
LRES000005474,LORD000005976,2026-01-28 08:53:34,179.276,10^9/L,N,Final
LRES000005475,LORD000005977,2026-02-19 15:50:18,19.733,ng/L,H,Final
LRES000005476,LORD000005978,2026-02-20 01:50:18,4.576,mmol/L,N,Preliminary
LRES000005477,LORD000005979,2026-05-10 01:28:42,117.412,mg/dL,N,Preliminary
LRES000005478,LORD000005980,2026-05-10 19:48:07,12.842,10^9/L,H,Preliminary
LRES000005479,LORD000005981,2026-05-10 07:48:07,8.527,10^9/L,N,Preliminary
LRES000005480,LORD000005982,2026-01-25 12:27:05,4.994,mmol/L,N,Final
LRES000005481,LORD000005983,2026-01-25 10:27:05,14.572,g/dL,N,Final
LRES000005482,LORD000005984,2026-03-10 23:08:18,143.162,mmol/L,N,Final
LRES000005483,LORD000005985,2026-03-11 05:08:18,17.378,g/dL,N,Final
LRES000005484,LORD000005986,2026-02-03 08:34:23,12.923,g/dL,N,Final
LRES000005485,LORD000005987,2026-02-04 04:34:23,136.491,mmol/L,N,Final
LRES000005486,LORD000005988,2026-01-12 04:50:41,4.897,10^9/L,N,Final
LRES000005487,LORD000005989,2026-01-11 20:50:41,379.735,10^9/L,N,Final
LRES000005488,LORD000005990,2026-02-21 01:05:24,14.544,g/dL,N,Final
LRES000005489,LORD000005991,2026-02-20 23:05:24,130.101,mg/dL,N,Final
LRES000005490,LORD000005992,2026-04-21 20:25:33,8.855,10^9/L,N,Final
LRES000005491,LORD000005994,2026-05-24 16:33:43,395.029,10^9/L,N,Preliminary
LRES000005492,LORD000005995,2026-02-09 19:46:12,8.867,ng/L,N,Preliminary
LRES000005493,LORD000005996,2026-02-10 02:46:12,402.873,10^9/L,N,Final
LRES000005494,LORD000005997,2026-04-14 14:09:43,0.998,mg/dL,N,Preliminary
LRES000005495,LORD000005998,2026-04-15 00:09:43,4.706,mmol/L,N,Final
LRES000005496,LORD000005999,2026-01-16 23:58:44,5.67,10^9/L,N,Final
LRES000005497,LORD000006000,2026-01-26 06:18:51,8.521,10^9/L,N,Final
LRES000005498,LORD000006001,2026-01-26 06:18:51,128.44,mg/dL,N,Final
LRES000005499,LORD000006003,2026-04-08 08:29:58,8.501,10^9/L,N,Final
LRES000005500,LORD000006004,2026-03-25 08:25:31,14.106,g/dL,N,Preliminary
LRES000005501,LORD000006005,2026-03-24 18:25:31,15.536,g/dL,N,Preliminary
LRES000005502,LORD000006006,2026-04-28 14:22:43,429.716,10^9/L,N,Final
LRES000005503,LORD000006007,2026-04-28 08:22:43,6.581,10^9/L,N,Final
LRES000005504,LORD000006008,2026-04-08 23:53:14,132.199,mmol/L,L,Final
LRES000005505,LORD000006009,2026-04-09 00:53:14,138.052,mmol/L,N,Final
LRES000005506,LORD000006010,2026-04-01 05:47:41,1.2,mg/dL,N,Final
LRES000005507,LORD000006011,2026-05-27 13:23:01,6.557,ng/L,N,Preliminary
LRES000005508,LORD000006012,2026-05-27 17:23:01,11.39,ng/L,N,Final
LRES000005509,LORD000006013,2026-05-18 01:48:19,3.998,mmol/L,N,Final
LRES000005510,LORD000006014,2026-05-18 05:48:19,0.957,mg/dL,N,Final
LRES000005511,LORD000006015,2026-04-28 01:57:40,18.145,g/dL,H,Final
LRES000005512,LORD000006016,2026-03-21 17:38:14,16.537,g/dL,N,Preliminary
LRES000005513,LORD000006017,2026-01-18 17:35:04,4.631,mmol/L,N,Preliminary
LRES000005514,LORD000006019,2026-01-11 14:03:06,6.651,10^9/L,N,Preliminary
LRES000005515,LORD000006020,2026-02-10 07:10:22,6.072,10^9/L,N,Preliminary
LRES000005516,LORD000006021,2026-04-29 17:27:11,142.83,mg/dL,H,Final
LRES000005517,LORD000006022,2026-04-09 13:12:15,144.222,mmol/L,N,Final
LRES000005518,LORD000006023,2026-04-27 07:02:50,6.729,10^9/L,N,Final
LRES000005519,LORD000006025,2026-05-23 14:14:14,3.988,mmol/L,N,Final
LRES000005520,LORD000006026,2026-05-23 12:14:14,14.677,g/dL,N,Final
LRES000005521,LORD000006027,2026-01-04 21:40:18,13.806,g/dL,N,Final
LRES000005522,LORD000006028,2026-01-05 14:40:18,94.818,mg/dL,N,Final
LRES000005523,LORD000006029,2026-04-26 13:31:17,387.885,10^9/L,N,Final
LRES000005524,LORD000006030,2026-04-26 15:31:17,1.059,mg/dL,N,Preliminary
LRES000005525,LORD000006031,2026-02-09 20:24:41,210.997,10^9/L,N,Final
LRES000005526,LORD000006032,2026-02-09 18:24:41,192.51,10^9/L,N,Final
LRES000005527,LORD000006033,2026-03-15 10:06:18,4.827,mmol/L,N,Preliminary
LRES000005528,LORD000006035,2026-03-07 02:02:31,277.037,10^9/L,N,Preliminary
LRES000005529,LORD000006036,2026-03-06 22:02:31,4.557,mmol/L,N,Preliminary
LRES000005530,LORD000006037,2026-05-17 09:27:48,15.397,ng/L,N,Final
LRES000005531,LORD000006038,2026-02-08 16:29:19,4.654,mmol/L,N,Final
LRES000005532,LORD000006040,2026-01-25 04:09:59,1.256,mg/dL,N,Preliminary
LRES000005533,LORD000006041,2026-01-25 07:09:59,8.626,10^9/L,N,Final
LRES000005534,LORD000006042,2026-01-11 20:11:40,6.846,10^9/L,N,Final
LRES000005535,LORD000006043,2026-03-19 01:34:52,208.197,10^9/L,N,Final
LRES000005536,LORD000006044,2026-03-19 14:34:52,113.488,mg/dL,N,Preliminary
LRES000005537,LORD000006045,2026-02-25 21:17:03,4.537,mmol/L,N,Preliminary
LRES000005538,LORD_BAD,2026-02-25 05:17:03,3.547,mmol/L,N,Final
LRES000005539,LORD000006048,2026-05-15 10:26:18,5.791,10^9/L,N,Final
LRES000005540,LORD000006049,2026-05-15 05:30:45,0.861,mg/dL,N,Final
LRES000005541,LORD000006050,2026-05-07 07:38:57,1.32,mg/dL,H,Final
LRES000005542,LORD000006051,2026-02-25 22:15:57,1.041,mg/dL,N,Preliminary
LRES000005543,LORD000006052,2026-02-25 08:15:57,1.227,mg/dL,N,Final
LRES000005544,LORD000006053,2026-01-13 04:07:22,7.442,10^9/L,N,Preliminary
LRES000005545,LORD000006054,2026-02-03 21:30:15,4.095,mmol/L,N,Preliminary
LRES000005546,LORD000006055,2026-02-03 23:30:15,1.23,mg/dL,N,Final
LRES000005547,LORD000006056,2026-03-31 16:49:28,1.546,mg/dL,H,Preliminary
LRES000005548,LORD000006057,2026-03-07 17:26:17,21.263,ng/L,H,Preliminary
LRES000005549,LORD000006058,2026-01-31 10:31:16,197.835,10^9/L,N,Final
LRES000005550,LORD000006059,2026-01-31 09:31:16,4.507,mmol/L,N,Final
LRES000005551,LORD000006060,2026-03-30 12:04:24,290.181,10^9/L,N,Final
LRES000005552,LORD000006061,2026-02-27 19:18:25,142.437,mmol/L,N,Final
LRES000005553,LORD000006063,2026-02-05 08:31:02,4.68,mmol/L,N,Final
LRES000005554,LORD000006064,2026-01-11 20:02:50,14.186,g/dL,N,Preliminary
LRES000005555,LORD000006065,2026-01-12 01:02:50,15.591,g/dL,N,Preliminary
LRES000005556,LORD000006066,2026-03-24 01:40:06,82.234,mg/dL,N,Preliminary
LRES000005557,LORD000006067,2026-02-23 12:58:58,2.622,ng/L,N,Final
LRES000005558,LORD000006069,2026-01-16 03:59:57,192.721,10^9/L,N,Final
LRES000005559,LORD000006070,2026-01-15 09:59:57,5.965,mmol/L,H,Final
LRES000005560,LORD000006072,2026-03-26 16:49:16,4.478,mmol/L,N,Final
LRES000005561,LORD000006073,2026-02-09 22:30:00,4.409,mmol/L,N,Final
LRES000005562,LORD000006074,2026-01-24 10:53:37,143.466,mg/dL,H,Preliminary
LRES000005563,LORD000006076,2026-02-04 16:11:11,138.733,mmol/L,N,Preliminary
LRES000005564,LORD000006077,2026-05-16 05:16:49,0.802,mg/dL,N,Final
LRES000005565,LORD000006078,2026-05-16 11:16:49,1.82,ng/L,N,Final
LRES000005566,LORD000006079,2026-03-08 20:34:16,4.285,mmol/L,N,Preliminary
LRES000005567,LORD000006080,2026-03-20 13:27:06,175.459,10^9/L,N,Final
LRES000005568,LORD000006081,2026-03-20 16:27:06,115.375,mg/dL,N,Final
LRES000005569,LORD000006082,2026-01-14 05:14:23,0.941,mg/dL,N,Preliminary
LRES000005570,LORD000006083,2026-03-24 15:40:48,14.471,g/dL,N,Final
LRES000005571,LORD000006084,2026-03-24 14:40:48,14.296,g/dL,N,Preliminary
LRES000005572,LORD000006085,2026-02-10 02:57:18,4.795,mmol/L,N,Final
LRES000005573,LORD000006087,2026-04-13 01:34:31,4.586,10^9/L,N,Final
LRES000005574,LORD000006088,2026-01-06 15:31:45,3.399,ng/L,N,Final
LRES000005575,LORD000006089,2026-01-07 18:57:29,119.106,mg/dL,N,Final
LRES000005576,LORD000006090,2026-01-08 10:57:29,1.064,mg/dL,N,Final
LRES000005577,LORD000006091,2026-05-06 20:41:30,323.956,10^9/L,N,Preliminary
LRES000005578,LORD000006092,2026-02-26 12:09:54,4.084,mmol/L,N,Final
LRES000005579,LORD000006093,2026-04-11 13:35:46,104.619,mg/dL,N,Preliminary
LRES000005580,LORD000006094,2026-04-11 22:35:46,14.397,g/dL,N,Final
LRES000005581,LORD000006095,2026-04-15 04:10:06,4.74,mmol/L,N,Preliminary
LRES000005582,LORD000006096,2026-04-15 07:10:06,5.204,mmol/L,H,Final
LRES000005583,LORD000006098,2026-03-05 13:01:02,15.74,g/dL,N,Preliminary
LRES000005584,LORD000006099,2026-01-07 15:46:15,1.056,mg/dL,N,Preliminary
LRES000005585,LORD000006100,2026-05-07 19:55:52,142.252,mmol/L,N,Final
LRES000005586,LORD000006101,2026-05-03 15:57:26,578.688,10^9/L,H,Preliminary
LRES000005587,LORD000006102,2026-02-20 14:32:52,8.167,10^9/L,N,Preliminary
LRES000005588,LORD000006103,2026-01-07 18:26:07,1.015,mg/dL,N,Preliminary
LRES000005589,LORD000006104,2026-04-21 16:30:21,104.458,mg/dL,N,Final
LRES000005590,LORD000006105,2026-03-20 08:29:19,137.857,mg/dL,N,Preliminary
LRES000005591,LORD000006106,2026-03-20 03:29:19,0.637,mg/dL,N,Preliminary
LRES000005592,LORD000006107,2026-02-23 13:36:03,17.716,g/dL,H,Final
LRES000005593,LORD000006108,2026-04-11 05:17:33,2.765,mmol/L,L,Final
LRES000005594,LORD000006109,2026-05-07 20:19:29,6.449,10^9/L,N,Final
LRES000005595,LORD000006110,2026-04-08 23:51:40,127.494,mg/dL,N,Final
LRES000005596,LORD000006111,2026-02-02 16:20:22,14.215,g/dL,N,Final
LRES000005597,LORD000006112,2026-03-22 17:07:10,4.082,mmol/L,N,Final
LRES000005598,LORD000006113,2026-03-23 00:07:10,244.107,10^9/L,N,Final
LRES000005599,LORD000006115,2026-01-03 15:09:12,5.199,mmol/L,N,Preliminary
LRES000005600,LORD000006116,2026-01-03 13:09:12,91.596,mg/dL,N,Final
LRES000005601,LORD000006117,2026-05-11 04:41:43,142.969,mmol/L,N,Final
LRES000005602,LORD000006118,2026-05-10 11:41:43,0.739,mg/dL,N,Final
LRES000005603,LORD000006119,2026-05-03 19:28:58,458.689,10^9/L,H,Final
LRES000005604,LORD000006120,2026-05-02 23:28:58,0.878,mg/dL,N,Final
LRES000005605,LORD000006122,2026-03-07 05:54:25,8.204,ng/L,N,Final
LRES000005606,LORD000006123,2026-01-27 12:05:50,139.985,mmol/L,N,Preliminary
LRES000005607,LORD000006124,2026-03-03 22:34:03,4.905,mmol/L,N,Preliminary
LRES000005608,LORD000006125,2026-03-03 12:34:03,12.928,10^9/L,H,Final
LRES000005609,LORD000006126,2026-01-30 21:42:38,7.637,10^9/L,N,Final
LRES000005610,LORD000006127,2026-01-30 19:42:38,14.853,g/dL,N,Final
LRES000005611,LORD000006128,2026-01-27 00:24:00,4.431,mmol/L,N,Final
LRES000005612,LORD000006129,2026-01-26 07:24:00,138.96,mmol/L,N,Final
LRES000005613,LORD000006130,2026-02-06 17:45:44,146.096,mmol/L,H,Final
LRES000005614,LORD000006131,2026-04-09 21:27:17,5.169,mmol/L,N,Final
LRES000005615,LORD000006132,2026-04-10 01:27:17,1.205,mg/dL,N,Preliminary
LRES000005616,LORD000006134,2026-02-24 14:49:27,151.362,10^9/L,N,Preliminary
LRES000005617,LORD000006135,2026-01-14 03:22:07,4.491,mmol/L,N,Final
LRES000005618,LORD000006136,2026-03-04 01:56:53,14.308,g/dL,N,Final
LRES000005619,LORD000006137,2026-03-05 20:45:18,13.779,g/dL,N,Final
LRES000005620,LORD000006138,2026-05-15 18:47:52,4.016,mmol/L,N,Preliminary
LRES000005621,LORD000006139,2026-03-31 13:19:49,17.616,g/dL,H,Final
LRES000005622,LORD000006140,2026-03-31 20:19:49,14.683,ng/L,N,Final
LRES000005623,LORD000006141,2026-04-04 23:19:42,10.726,ng/L,N,Final
LRES000005624,LORD000006142,2026-04-05 14:19:42,4.072,mmol/L,N,Preliminary
LRES000005625,LORD000006143,2026-05-24 01:45:25,12.222,g/dL,N,Final
LRES000005626,LORD000006144,2026-05-25 12:52:16,137.679,mmol/L,N,Final
LRES000005627,LORD000006145,2026-05-26 09:52:16,5.601,10^9/L,N,Final
LRES000005628,LORD000006146,2026-02-06 19:53:48,290.489,10^9/L,N,Final
LRES000005629,LORD000006147,2026-02-07 10:53:48,125.511,mg/dL,N,Final
LRES000005630,LORD000006148,2026-01-24 19:12:03,16.54,g/dL,N,Final
LRES000005631,LORD000006149,2026-01-25 06:12:03,121.647,mg/dL,N,Final
LRES000005632,LORD000006150,2026-03-29 00:26:35,3.299,mmol/L,L,Preliminary
LRES000005633,LORD000006152,2026-03-02 14:18:59,8.694,10^9/L,N,Final
LRES000005634,LORD000006154,2026-04-03 00:20:44,417.255,10^9/L,N,Final
LRES000005635,LORD000006157,2026-02-04 14:10:09,355.387,10^9/L,N,Final
LRES000005636,LORD000006158,2026-01-27 15:26:31,14.41,g/dL,N,Preliminary
LRES000005637,LORD000006159,2026-01-26 20:26:31,3.264,ng/L,N,Preliminary
LRES000005638,LORD000006160,2026-03-21 18:43:35,12.92,ng/L,N,Preliminary
LRES000005639,LORD000006161,2026-03-20 18:43:35,130.728,mg/dL,N,Preliminary
LRES000005640,LORD000006162,2026-05-30 06:38:07,408.194,10^9/L,N,Final
LRES000005641,LORD000006163,2026-04-06 10:20:43,0.884,mg/dL,N,Final
LRES000005642,LORD000006164,2026-01-01 23:45:55,94.94,mg/dL,N,Final
LRES000005643,LORD000006165,2026-01-02 16:59:54,102.06,mg/dL,N,Final
LRES000005644,LORD000006166,2026-01-02 22:59:54,10.816,ng/L,N,Final
LRES000005645,LORD000006167,2026-05-10 19:04:18,7.003,10^9/L,N,Final
LRES000005646,LORD000006168,2026-05-11 03:04:18,101.574,mg/dL,N,Final
LRES000005647,LORD000006169,2026-04-24 01:36:34,47.503,mg/dL,L,Final
LRES000005648,LORD000006170,2026-04-16 22:03:06,92.938,mg/dL,N,Final
LRES000005649,LORD000006171,2026-04-17 03:03:06,109.646,mg/dL,N,Preliminary
LRES000005650,LORD000006172,2026-02-11 13:43:07,4.882,mmol/L,N,Final
LRES000005651,LORD000006173,2026-02-11 19:43:07,14.1,g/dL,N,Final
LRES000005652,LORD000006176,2026-03-21 21:33:25,12.907,g/dL,N,Final
LRES000005653,LORD000006177,2026-03-22 14:33:25,10.534,ng/L,N,Final
LRES000005654,LORD000006178,2026-05-30 03:51:09,1.098,mg/dL,N,Preliminary
LRES000005655,LORD000006179,2026-02-27 08:54:31,138.519,mmol/L,N,Final
LRES000005656,LORD000006180,2026-03-18 05:32:07,136.457,mmol/L,N,Final
LRES000005657,LORD000006181,2026-03-12 05:19:11,3.004,ng/L,N,Preliminary
LRES000005658,LORD000006182,2026-02-23 04:30:01,319.962,10^9/L,N,Final
LRES000005659,LORD000006183,2026-02-12 21:52:52,7.517,10^9/L,N,Final
LRES000005660,LORD000006184,2026-02-04 19:09:30,0.603,mg/dL,N,Final
LRES000005661,LORD000006185,2026-02-04 06:09:30,4.704,mmol/L,N,Preliminary
LRES000005662,LORD000006186,2026-02-27 22:11:50,131.581,mmol/L,L,Final
LRES000005663,LORD000006187,2026-05-31 13:51:37,210.476,10^9/L,N,Final
LRES000005664,LORD000006189,2026-03-25 18:51:23,10.396,ng/L,N,Final
LRES000005665,LORD000006190,2026-02-19 20:14:01,124.399,mg/dL,N,Final
LRES000005666,LORD000006191,2026-02-19 08:14:01,105.306,mg/dL,N,Final
LRES000005667,LORD000006192,2026-01-12 13:54:06,105.05,mg/dL,N,Final
LRES000005668,LORD000006193,2026-01-12 18:54:06,328.382,10^9/L,N,Preliminary
LRES000005669,LORD000006194,2026-01-05 12:08:23,91.831,mg/dL,N,Final
LRES000005670,LORD000006195,2026-05-27 19:12:55,7.004,10^9/L,N,Final
LRES000005671,LORD000006196,2026-05-20 21:46:41,218.643,10^9/L,N,Final
LRES000005672,LORD000006197,2026-05-20 07:46:41,0.85,mg/dL,N,Preliminary
LRES000005673,LORD000006198,2026-04-25 02:40:23,100.974,mg/dL,N,Final
LRES000005674,LORD000006200,2026-05-16 16:44:35,13.844,g/dL,N,Final
LRES000005675,LORD000006201,2026-01-19 16:07:42,7.596,10^9/L,N,Final
LRES000005676,LORD000006202,2026-01-19 16:07:42,286.25,10^9/L,N,Final
LRES000005677,LORD000006203,2026-02-02 03:44:21,142.49,mmol/L,N,Final
LRES000005678,LORD000006204,2026-01-29 11:41:19,227.591,10^9/L,N,Final
LRES000005679,LORD000006205,2026-04-13 02:43:41,140.247,mmol/L,N,Preliminary
LRES000005680,LORD000006206,2026-04-13 12:43:41,15.909,g/dL,N,Final
LRES000005681,LORD000006207,2026-03-12 19:51:44,18.691,ng/L,N,Final
LRES000005682,LORD000006208,2026-03-12 10:51:44,0.696,mg/dL,N,Final
LRES000005683,LORD000006210,2026-04-17 01:19:27,138.431,mmol/L,N,Preliminary
LRES000005684,LORD000006211,2026-04-17 12:19:27,0.942,mg/dL,N,Final
LRES000005685,LORD000006212,2026-05-08 04:09:11,86.422,10^9/L,L,Preliminary
LRES000005686,LORD000006213,2026-01-28 12:45:12,4.621,mmol/L,N,Final
LRES000005687,LORD000006214,2026-01-27 21:45:12,1.382,mg/dL,H,Preliminary
LRES000005688,LORD000006215,2026-02-10 20:19:05,15.7,g/dL,N,Final
LRES000005689,LORD000006216,2026-02-10 14:19:05,14.982,g/dL,N,Final
LRES000005690,LORD000006217,2026-05-20 12:45:16,138.04,mmol/L,N,Preliminary
LRES000005691,LORD000006218,2026-05-20 15:45:16,11.472,ng/L,N,Final
LRES000005692,LORD000006219,2026-01-27 22:13:51,99.672,mg/dL,N,Preliminary
LRES000005693,LORD000006220,2026-01-27 17:13:51,0.478,mg/dL,L,Final
LRES000005694,LORD000006221,2026-04-28 14:00:09,190.762,10^9/L,N,Final
LRES000005695,LORD000006222,2026-04-22 16:06:48,3.835,mmol/L,N,Final
LRES000005696,LORD000006223,2026-05-03 11:22:43,13.009,g/dL,N,Final
LRES000005697,LORD000006224,2026-05-03 10:22:43,378.095,10^9/L,N,Final
LRES000005698,LORD000006225,2026-01-23 11:39:24,1.133,mg/dL,N,Final
LRES000005699,LORD000006226,2026-04-05 09:35:32,333.612,10^9/L,N,Final
LRES000005700,LORD000006227,2026-05-18 19:09:25,139.474,mmol/L,N,Final
LRES000005701,LORD000006228,2026-05-19 03:09:25,14.844,ng/L,N,Preliminary
LRES000005702,LORD000006230,2026-01-25 02:39:36,9.686,10^9/L,N,Final
LRES000005703,LORD000006231,2026-05-31 15:16:58,345.665,10^9/L,N,Final
LRES000005704,LORD000006232,2026-01-29 14:14:36,139.831,mmol/L,N,Final
LRES000005705,LORD000006233,2026-03-10 16:43:36,4.629,mmol/L,N,Final
LRES000005706,LORD000006234,2026-03-10 12:43:36,61.91,10^9/L,L,Preliminary
LRES000005707,LORD000006235,2026-03-17 15:50:12,16.097,g/dL,N,Final
LRES000005708,LORD000006236,2026-05-27 09:05:26,0.915,mg/dL,N,Final
LRES000005709,LORD000006237,2026-05-27 21:05:26,13.482,ng/L,N,Preliminary
LRES000005710,LORD000006238,2026-04-30 12:51:44,3.84,mmol/L,N,Final
LRES000005711,LORD000006240,2026-02-10 08:44:20,145.839,mmol/L,H,Final
LRES000005712,LORD000006242,2026-04-11 20:21:45,8.73,10^9/L,N,Final
LRES000005713,LORD000006243,2026-04-05 14:23:15,141.375,mmol/L,N,Final
LRES000005714,LORD000006244,2026-02-21 09:15:42,83.468,mg/dL,N,Preliminary
LRES000005715,LORD000006245,2026-02-21 04:15:42,-4.155,ng/L,L,Final
LRES000005716,LORD000006246,2026-05-15 03:43:28,142.058,mmol/L,N,Preliminary
LRES000005717,LORD000006247,2026-05-29 10:07:22,1.086,mg/dL,N,Preliminary
LRES000005718,LORD000006248,2026-05-28 17:07:22,94.077,mg/dL,N,Final
LRES000005719,LORD000006249,2026-02-20 20:21:33,269.68,10^9/L,N,Preliminary
LRES000005720,LORD000006250,2026-01-28 06:14:52,9.179,10^9/L,N,Preliminary
LRES000005721,LORD000006251,2026-03-08 20:47:55,14.425,g/dL,N,Final
LRES000005722,LORD000006252,2026-03-31 18:41:21,14.096,g/dL,N,Final
LRES000005723,LORD000006253,2026-05-31 16:12:59,12.092,10^9/L,H,Final
LRES000005724,LORD000006254,2026-05-31 12:12:59,140.362,mmol/L,N,Final
LRES000005725,LORD000006255,2026-03-28 23:52:51,0.629,mg/dL,N,Final
LRES000005726,LORD000006256,2026-03-28 11:52:51,3.929,mmol/L,N,Final
LRES000005727,LORD000006258,2026-05-20 23:52:02,4.771,10^9/L,N,Final
LRES000005728,LORD000006261,2026-04-10 05:24:36,135.067,mmol/L,N,Final
LRES000005729,LORD000006262,2026-04-11 01:24:36,4.316,mmol/L,N,Final
LRES000005730,LORD000006263,2026-01-28 15:26:37,92.249,mg/dL,N,Final
LRES000005731,LORD000006264,2026-03-12 03:03:46,340.93,10^9/L,N,Final
LRES000005732,LORD000006265,2026-05-04 12:09:16,13.147,g/dL,N,Final
LRES000005733,LORD000006266,2026-04-01 08:44:49,16.857,g/dL,N,Preliminary
LRES000005734,LORD000006267,2026-03-31 20:44:49,4.592,10^9/L,N,Final
LRES000005735,LORD000006268,2026-05-21 23:18:16,17.068,g/dL,N,Preliminary
LRES000005736,LORD000006269,2026-05-25 03:44:33,300.101,10^9/L,N,Preliminary
LRES000005737,LORD000006270,2026-05-25 21:44:33,3.892,mmol/L,N,Preliminary
LRES000005738,LORD000006271,2026-01-20 10:25:04,109.315,mg/dL,N,Preliminary
LRES000005739,LORD000006272,2026-04-10 03:51:34,259.248,10^9/L,N,Preliminary
LRES000005740,LORD000006273,2026-02-12 00:04:19,9.524,ng/L,N,Preliminary
LRES000005741,LORD000006274,2026-02-12 10:04:19,0.708,mg/dL,N,Final
LRES000005742,LORD000006275,2026-01-12 06:26:47,4.08,mmol/L,N,Preliminary
LRES000005743,LORD000006276,2026-01-12 13:26:47,1.24,mg/dL,N,Final
LRES000005744,LORD000006277,2026-02-03 12:38:30,12.547,10^9/L,H,Final
LRES000005745,LORD000006278,2026-02-16 03:56:38,4.706,mmol/L,N,Final
LRES000005746,LORD000006279,2026-02-15 13:56:38,129.372,mg/dL,N,Preliminary
LRES000005747,LORD000006280,2026-03-27 23:29:57,354.906,10^9/L,N,Preliminary
LRES000005748,LORD000006281,2026-03-05 01:11:33,3.104,mmol/L,L,Preliminary
LRES000005749,LORD000006283,2026-02-16 20:55:30,5.401,mmol/L,H,Preliminary
LRES000005750,LORD000006284,2026-04-27 06:35:00,15.908,g/dL,N,Preliminary
LRES000005751,LORD000006286,2026-03-14 10:43:45,5.085,10^9/L,N,Final
LRES000005752,LORD000006287,2026-04-06 14:58:23,17.598,g/dL,H,Preliminary
LRES000005753,LORD000006288,2026-04-10 18:58:05,142.34,mmol/L,N,Preliminary
LRES000005754,LORD000006289,2026-04-10 06:58:05,122.319,mg/dL,N,Final
LRES000005755,LORD000006290,2026-01-13 19:29:07,14.829,g/dL,N,Preliminary
LRES000005756,LORD000006291,2026-01-13 15:29:07,9.128,ng/L,N,Final
LRES000005757,LORD000006292,2026-03-15 22:18:24,371.628,10^9/L,N,Final
LRES000005758,LORD000006293,2026-05-16 20:08:00,4.143,mmol/L,N,Final
LRES000005759,LORD000006294,2026-04-24 11:42:47,13.636,ng/L,N,Final
LRES000005760,LORD000006296,2026-03-04 03:25:02,3.776,10^9/L,L,Final
LRES000005761,LORD000006297,2026-03-14 00:56:44,2.187,ng/L,N,Final
LRES000005762,LORD000006298,2026-03-14 18:56:44,265.584,10^9/L,N,Final
LRES000005763,LORD000006299,2026-01-12 05:56:58,141.916,mmol/L,N,Final
LRES000005764,LORD000006300,2026-01-12 01:56:58,8.77,10^9/L,N,Preliminary
LRES000005765,LORD000006301,2026-02-02 05:02:17,296.626,10^9/L,N,Final
LRES000005766,LORD000006302,2026-04-08 08:01:15,142.006,mmol/L,N,Final
LRES000005767,LORD000006303,2026-04-08 21:01:15,4.934,mmol/L,N,Preliminary
LRES000005768,LORD000006304,2026-02-05 23:22:09,293.245,10^9/L,N,Final
LRES000005769,LORD000006305,2026-02-05 04:22:09,112.715,mg/dL,N,Final
LRES000005770,LORD000006306,2026-04-27 10:31:14,139.187,mmol/L,N,Final
LRES000005771,LORD000006307,2026-04-27 19:31:14,99.437,mg/dL,N,Final
LRES000005772,LORD000006308,2026-05-17 06:25:47,12.259,g/dL,N,Final
LRES000005773,LORD000006309,2026-05-17 12:25:47,10.562,ng/L,N,Final
LRES000005774,LORD000006310,2026-05-10 22:08:09,5.056,mmol/L,N,Final
LRES000005775,LORD000006311,2026-05-10 16:08:09,135.919,mmol/L,N,Preliminary
LRES000005776,LORD000006312,2026-03-05 00:55:40,9.18,10^9/L,N,Preliminary
LRES000005777,LORD000006313,2026-03-04 23:55:40,5.017,10^9/L,N,Final
LRES000005778,LORD000006314,2026-01-07 21:50:33,75.082,mg/dL,N,Preliminary
