shipment_id,online_order_id,carrier,ship_ts,delivery_ts,shipping_cost,shipment_status,_loaded_at_utc,_source_file
SHP00000009,WEB00000009,UPS,2026-05-21 19:14:46,2026-05-27 19:14:46,,delivered ,2026-08-08T04:42:28.022638+00:00,data/raw/transactions/shipments.csv
SHP00000010,WEB00000010,FedEx,2026-05-18 00:26:01,2026-05-19 00:26:01,free,delivered ,2026-08-08T04:42:28.022638+00:00,data/raw/transactions/shipments.csv
SHP00000012,WEB00000012,UPS,2026-05-14 10:12:34,2026-05-19 10:12:34,,Delayed,2026-08-08T04:42:28.022638+00:00,data/raw/transactions/shipments.csv
SHP00000018,WEB00000018,UPS,2026-04-08 15:15:13,2026-04-15 15:15:13,,delivered ,2026-08-08T04:42:28.022638+00:00,data/raw/transactions/shipments.csv
SHP00000021,WEB00000021,FedEx,2026-04-04 04:34:06,2026-04-06 04:34:06,23.29,Delivered,2026-08-08T04:42:28.022638+00:00,data/raw/transactions/shipments.csv
SHP00000022,WEB00000022,FedEx,2026-04-13 13:19:44,2026-04-20 13:19:44,,Lost,2026-08-08T04:42:28.022638+00:00,data/raw/transactions/shipments.csv
SHP00000025,WEB00000025,FedEx,2026-04-05 12:09:07,2026-04-12 12:09:07,free,Delayed,2026-08-08T04:42:28.022638+00:00,data/raw/transactions/shipments.csv
SHP00000026,WEB00000026,Regional,2026-05-13 12:41:46,2026-05-15 12:41:46,,In Transit,2026-08-08T04:42:28.022638+00:00,data/raw/transactions/shipments.csv
SHP00000028,WEB00000028,FedEx,2026-05-21 00:30:19,2026-05-28 00:30:19,bad,delivered ,2026-08-08T04:42:28.022638+00:00,data/raw/transactions/shipments.csv
SHP00000029,WEB00000029,USPS,2026-04-05 02:43:47,2026-04-08 02:43:47,free,Delayed,2026-08-08T04:42:28.022638+00:00,data/raw/transactions/shipments.csv
SHP00000030,WEB00000030,FedEx,2026-05-27 06:06:52,2026-06-03 06:06:52,,In Transit,2026-08-08T04:42:28.022638+00:00,data/raw/transactions/shipments.csv
SHP00000035,WEB00000035,USPS,2026-04-02 08:42:18,2026-04-05 08:42:18,free,In Transit,2026-08-08T04:42:28.022638+00:00,data/raw/transactions/shipments.csv
SHP00000037,WEB00000037,USPS,2026-04-16 01:05:50,2026-04-20 01:05:50,bad,In Transit,2026-08-08T04:42:28.022638+00:00,data/raw/transactions/shipments.csv
SHP00000041,WEB00000041,UPS,2026-05-08 13:54:12,2026-05-13 13:54:12,free,delivered ,2026-08-08T04:42:28.022638+00:00,data/raw/transactions/shipments.csv
SHP00000043,WEB00000043,UPS,2026-05-12 15:05:42,2026-05-17 15:05:42,3.74,Delivered,2026-08-08T04:42:28.022638+00:00,data/raw/transactions/shipments.csv
SHP00000052,WEB00000052,USPS,2026-05-10 14:11:49,2026-05-11 14:11:49,15.29,delivered ,2026-08-08T04:42:28.022638+00:00,data/raw/transactions/shipments.csv
SHP00000058,WEB00000058,Regional,2026-05-30 05:39:46,2026-06-02 05:39:46,bad,In Transit,2026-08-08T04:42:28.022638+00:00,data/raw/transactions/shipments.csv
SHP00000060,WEB00000060,Regional,2026-04-12 10:42:33,2026-04-17 10:42:33,bad,In Transit,2026-08-08T04:42:28.022638+00:00,data/raw/transactions/shipments.csv
SHP00000061,WEB00000061,UPS,2026-04-18 17:42:48,2026-04-25 17:42:48,,In Transit,2026-08-08T04:42:28.022638+00:00,data/raw/transactions/shipments.csv
SHP00000062,WEB00000062,UPS,2026-05-30 23:20:56,2026-06-04 23:20:56,free,Lost,2026-08-08T04:42:28.022638+00:00,data/raw/transactions/shipments.csv
SHP00000066,WEB00000066,FedEx,2026-05-29 06:46:46,2026-05-31 06:46:46,free,In Transit,2026-08-08T04:42:28.022638+00:00,data/raw/transactions/shipments.csv
SHP00000067,WEB00000067,FedEx,2026-05-28 00:39:02,2026-05-30 00:39:02,23.06,delivered ,2026-08-08T04:42:28.022638+00:00,data/raw/transactions/shipments.csv
SHP00000072,WEB00000072,FedEx,2026-05-29 08:16:25,,2.64,Lost,2026-08-08T04:42:28.022638+00:00,data/raw/transactions/shipments.csv
SHP00000086,WEB00000086,Regional,2026-05-09 19:51:33,2026-05-12 19:51:33,,Lost,2026-08-08T04:42:28.022638+00:00,data/raw/transactions/shipments.csv
SHP00000087,WEB00000087,Regional,2026-05-09 07:32:54,2026-05-15 07:32:54,11.27,Delayed,2026-08-08T04:42:28.022638+00:00,data/raw/transactions/shipments.csv
SHP00000093,WEB00000093,USPS,2026-04-16 16:43:41,2026-04-17 16:43:41,bad,delivered ,2026-08-08T04:42:28.022638+00:00,data/raw/transactions/shipments.csv
SHP00000098,WEB00000098,Regional,2026-04-05 17:29:59,2026-04-11 17:29:59,bad,delivered ,2026-08-08T04:42:28.022638+00:00,data/raw/transactions/shipments.csv
SHP00000101,WEB00000101,FedEx,2026-04-28 07:34:10,2026-05-02 07:34:10,,Delayed,2026-08-08T04:42:28.022638+00:00,data/raw/transactions/shipments.csv
SHP00000103,WEB00000103,USPS,2026-05-23 05:14:29,2026-05-28 05:14:29,free,Delivered,2026-08-08T04:42:28.022638+00:00,data/raw/transactions/shipments.csv
SHP00000104,WEB00000104,FedEx,2026-05-10 10:28:38,2026-05-16 10:28:38,,delivered ,2026-08-08T04:42:28.022638+00:00,data/raw/transactions/shipments.csv
SHP00000107,WEB00000107,UPS,2026-05-19 03:38:14,2026-05-23 03:38:14,free,Lost,2026-08-08T04:42:28.022638+00:00,data/raw/transactions/shipments.csv
SHP00000108,WEB00000108,FedEx,2026-05-07 16:22:01,2026-05-14 16:22:01,,Delayed,2026-08-08T04:42:28.022638+00:00,data/raw/transactions/shipments.csv
SHP00000110,WEB00000110,UPS,2026-05-02 15:15:18,2026-05-05 15:15:18,,delivered ,2026-08-08T04:42:28.022638+00:00,data/raw/transactions/shipments.csv
SHP00000111,WEB00000111,FedEx,2026-05-01 20:23:18,2026-05-03 20:23:18,free,In Transit,2026-08-08T04:42:28.022638+00:00,data/raw/transactions/shipments.csv
SHP00000112,WEB00000112,FedEx,2026-04-21 00:47:44,2026-04-28 00:47:44,,Delivered,2026-08-08T04:42:28.022638+00:00,data/raw/transactions/shipments.csv
SHP00000118,WEB00000118,Regional,2026-04-13 15:10:24,2026-04-17 15:10:24,0.43,Delivered,2026-08-08T04:42:28.022638+00:00,data/raw/transactions/shipments.csv
SHP00000121,WEB00000121,UPS,2026-05-28 23:35:27,2026-05-29 23:35:27,bad,In Transit,2026-08-08T04:42:28.022638+00:00,data/raw/transactions/shipments.csv
SHP00000122,WEB00000122,Regional,2026-04-23 01:30:53,2026-04-24 01:30:53,free,Lost,2026-08-08T04:42:28.022638+00:00,data/raw/transactions/shipments.csv
SHP00000125,WEB00000125,UPS,2026-04-26 14:07:28,2026-04-29 14:07:28,free,Lost,2026-08-08T04:42:28.022638+00:00,data/raw/transactions/shipments.csv
SHP00000126,WEB00000126,UPS,2026-06-01 18:48:28,2026-06-03 18:48:28,free,Delivered,2026-08-08T04:42:28.022638+00:00,data/raw/transactions/shipments.csv
SHP00000127,WEB00000127,Regional,2026-05-21 18:04:43,2026-05-26 18:04:43,,delivered ,2026-08-08T04:42:28.022638+00:00,data/raw/transactions/shipments.csv
SHP00000129,WEB00000129,UPS,2026-05-13 13:05:15,2026-05-15 13:05:15,19.82,In Transit,2026-08-08T04:42:28.022638+00:00,data/raw/transactions/shipments.csv
SHP00000132,WEB00000132,FedEx,2026-05-29 21:03:15,2026-05-30 21:03:15,bad,Lost,2026-08-08T04:42:28.022638+00:00,data/raw/transactions/shipments.csv
SHP00000133,WEB00000133,UPS,2026-04-08 07:57:26,2026-04-09 07:57:26,23.88,delivered ,2026-08-08T04:42:28.022638+00:00,data/raw/transactions/shipments.csv
SHP00000136,WEB00000136,FedEx,2026-04-20 11:44:15,2026-04-22 11:44:15,,delivered ,2026-08-08T04:42:28.022638+00:00,data/raw/transactions/shipments.csv
SHP00000137,WEB00000137,USPS,2026-04-04 15:20:31,,free,Delivered,2026-08-08T04:42:28.022638+00:00,data/raw/transactions/shipments.csv
SHP00000150,WEB00000150,USPS,2026-05-24 00:35:06,2026-05-26 00:35:06,bad,delivered ,2026-08-08T04:42:28.022638+00:00,data/raw/transactions/shipments.csv
SHP00000159,WEB00000159,UPS,2026-04-19 11:05:29,2026-04-20 11:05:29,,Delayed,2026-08-08T04:42:28.022638+00:00,data/raw/transactions/shipments.csv
SHP00000163,WEB00000163,UPS,2026-04-13 05:41:10,2026-04-17 05:41:10,,Delayed,2026-08-08T04:42:28.022638+00:00,data/raw/transactions/shipments.csv
SHP00000166,WEB00000166,Regional,2026-05-04 22:39:42,2026-05-07 22:39:42,,Delivered,2026-08-08T04:42:28.022638+00:00,data/raw/transactions/shipments.csv
SHP00000167,WEB00000167,USPS,2026-05-21 22:20:26,2026-05-24 22:20:26,,delivered ,2026-08-08T04:42:28.022638+00:00,data/raw/transactions/shipments.csv
SHP00000172,WEB00000172,FedEx,2026-05-21 22:19:12,2026-05-23 22:19:12,bad,In Transit,2026-08-08T04:42:28.022638+00:00,data/raw/transactions/shipments.csv
SHP00000178,WEB00000178,UPS,2026-05-13 02:29:41,2026-05-19 02:29:41,8.17,Delayed,2026-08-08T04:42:28.022638+00:00,data/raw/transactions/shipments.csv
SHP00000180,WEB00000180,USPS,2026-05-09 06:51:25,2026-05-15 06:51:25,free,Delayed,2026-08-08T04:42:28.022638+00:00,data/raw/transactions/shipments.csv
SHP00000181,WEB00000181,FedEx,2026-04-21 20:02:45,,free,Lost,2026-08-08T04:42:28.022638+00:00,data/raw/transactions/shipments.csv
SHP00000186,WEB00000186,FedEx,2026-05-12 21:43:41,2026-05-15 21:43:41,,Delayed,2026-08-08T04:42:28.022638+00:00,data/raw/transactions/shipments.csv
SHP00000187,WEB00000187,FedEx,2026-05-25 01:14:00,2026-05-30 01:14:00,bad,In Transit,2026-08-08T04:42:28.022638+00:00,data/raw/transactions/shipments.csv
SHP00000190,WEB00000190,USPS,2026-05-04 21:48:12,2026-05-10 21:48:12,bad,Delayed,2026-08-08T04:42:28.022638+00:00,data/raw/transactions/shipments.csv
SHP00000191,WEB00000191,FedEx,2026-05-15 16:27:27,2026-05-18 16:27:27,11.86,Lost,2026-08-08T04:42:28.022638+00:00,data/raw/transactions/shipments.csv
SHP00000192,WEB00000192,FedEx,2026-05-17 08:38:23,2026-05-18 08:38:23,1.59,In Transit,2026-08-08T04:42:28.022638+00:00,data/raw/transactions/shipments.csv
SHP00000193,WEB00000193,UPS,2026-05-05 17:09:37,2026-05-09 17:09:37,bad,In Transit,2026-08-08T04:42:28.022638+00:00,data/raw/transactions/shipments.csv
SHP00000196,WEB00000196,UPS,2026-05-04 04:51:53,2026-05-11 04:51:53,free,Delayed,2026-08-08T04:42:28.022638+00:00,data/raw/transactions/shipments.csv
SHP00000198,WEB00000198,USPS,2026-04-26 11:02:49,2026-04-27 11:02:49,14.10,delivered ,2026-08-08T04:42:28.022638+00:00,data/raw/transactions/shipments.csv
SHP00000199,WEB00000199,USPS,2026-05-15 10:02:33,2026-05-17 10:02:33,18.90,Lost,2026-08-08T04:42:28.022638+00:00,data/raw/transactions/shipments.csv
SHP00000203,WEB00000203,USPS,2026-04-23 00:09:17,2026-04-29 00:09:17,free,Delayed,2026-08-08T04:42:28.022638+00:00,data/raw/transactions/shipments.csv
SHP00000206,WEB00000206,Regional,2026-04-15 07:15:54,2026-04-16 07:15:54,,In Transit,2026-08-08T04:42:28.022638+00:00,data/raw/transactions/shipments.csv
SHP00000210,WEB00000210,UPS,2026-04-08 12:12:22,2026-04-11 12:12:22,,Delivered,2026-08-08T04:42:28.022638+00:00,data/raw/transactions/shipments.csv
SHP00000211,WEB00000211,FedEx,2026-05-27 22:38:24,2026-05-30 22:38:24,bad,In Transit,2026-08-08T04:42:28.022638+00:00,data/raw/transactions/shipments.csv
SHP00000214,WEB00000214,FedEx,2026-05-15 15:10:21,2026-05-20 15:10:21,bad,delivered ,2026-08-08T04:42:28.022638+00:00,data/raw/transactions/shipments.csv
SHP00000217,WEB00000217,Regional,2026-05-01 06:09:51,2026-05-08 06:09:51,,In Transit,2026-08-08T04:42:28.022638+00:00,data/raw/transactions/shipments.csv
SHP00000218,WEB00000218,UPS,2026-04-22 20:09:15,2026-04-26 20:09:15,free,In Transit,2026-08-08T04:42:28.022638+00:00,data/raw/transactions/shipments.csv
SHP00000222,WEB00000222,Regional,2026-04-22 18:36:35,2026-04-26 18:36:35,bad,In Transit,2026-08-08T04:42:28.022638+00:00,data/raw/transactions/shipments.csv
SHP00000223,WEB00000223,Regional,2026-05-12 15:18:02,2026-05-14 15:18:02,bad,In Transit,2026-08-08T04:42:28.022638+00:00,data/raw/transactions/shipments.csv
SHP00000225,WEB00000225,FedEx,2026-05-28 02:26:16,2026-06-03 02:26:16,bad,In Transit,2026-08-08T04:42:28.022638+00:00,data/raw/transactions/shipments.csv
SHP00000226,WEB00000226,FedEx,2026-04-21 09:15:36,2026-04-28 09:15:36,19.98,Lost,2026-08-08T04:42:28.022638+00:00,data/raw/transactions/shipments.csv
SHP00000229,WEB00000229,FedEx,2026-05-25 10:05:23,2026-05-27 10:05:23,free,delivered ,2026-08-08T04:42:28.022638+00:00,data/raw/transactions/shipments.csv
SHP00000230,WEB00000230,UPS,2026-04-13 05:31:45,2026-04-16 05:31:45,free,In Transit,2026-08-08T04:42:28.022638+00:00,data/raw/transactions/shipments.csv
SHP00000231,WEB00000231,FedEx,2026-05-13 16:45:30,2026-05-19 16:45:30,9.56,In Transit,2026-08-08T04:42:28.022638+00:00,data/raw/transactions/shipments.csv
SHP00000235,WEB00000235,UPS,2026-05-21 00:33:37,2026-05-24 00:33:37,free,delivered ,2026-08-08T04:42:28.022638+00:00,data/raw/transactions/shipments.csv
SHP00000237,WEB00000237,USPS,2026-04-12 15:53:18,2026-04-15 15:53:18,,Lost,2026-08-08T04:42:28.022638+00:00,data/raw/transactions/shipments.csv
SHP00000238,WEB00000238,FedEx,2026-04-13 03:25:50,2026-04-18 03:25:50,24.37,Delivered,2026-08-08T04:42:28.022638+00:00,data/raw/transactions/shipments.csv
SHP00000240,WEB00000240,Regional,2026-05-08 15:38:11,2026-05-14 15:38:11,16.88,In Transit,2026-08-08T04:42:28.022638+00:00,data/raw/transactions/shipments.csv
SHP00000243,WEB00000243,Regional,2026-05-12 01:13:00,2026-05-13 01:13:00,free,Delivered,2026-08-08T04:42:28.022638+00:00,data/raw/transactions/shipments.csv
SHP00000245,WEB00000245,UPS,2026-04-30 03:00:02,2026-05-04 03:00:02,,Delivered,2026-08-08T04:42:28.022638+00:00,data/raw/transactions/shipments.csv
SHP00000251,WEB00000251,USPS,2026-04-25 06:18:02,2026-05-02 06:18:02,bad,delivered ,2026-08-08T04:42:28.022638+00:00,data/raw/transactions/shipments.csv
SHP00000252,WEB00000252,UPS,2026-05-10 21:04:31,2026-05-16 21:04:31,,Delivered,2026-08-08T04:42:28.022638+00:00,data/raw/transactions/shipments.csv
SHP00000263,WEB00000263,FedEx,2026-05-24 19:52:15,2026-05-29 19:52:15,free,Delayed,2026-08-08T04:42:28.022638+00:00,data/raw/transactions/shipments.csv
SHP00000264,WEB00000264,UPS,2026-04-17 20:17:13,2026-04-20 20:17:13,free,Lost,2026-08-08T04:42:28.022638+00:00,data/raw/transactions/shipments.csv
SHP00000265,WEB00000265,FedEx,2026-04-17 19:02:00,2026-04-21 19:02:00,bad,Delivered,2026-08-08T04:42:28.022638+00:00,data/raw/transactions/shipments.csv
SHP00000266,WEB00000266,FedEx,2026-05-18 19:01:39,2026-05-24 19:01:39,,Delayed,2026-08-08T04:42:28.022638+00:00,data/raw/transactions/shipments.csv
SHP00000268,WEB00000268,UPS,2026-04-09 11:27:03,2026-04-16 11:27:03,,Delivered,2026-08-08T04:42:28.022638+00:00,data/raw/transactions/shipments.csv
SHP00000270,WEB00000270,UPS,2026-05-14 11:39:47,2026-05-16 11:39:47,bad,In Transit,2026-08-08T04:42:28.022638+00:00,data/raw/transactions/shipments.csv
SHP00000273,WEB00000273,Regional,2026-04-16 14:31:20,2026-04-19 14:31:20,,Delayed,2026-08-08T04:42:28.022638+00:00,data/raw/transactions/shipments.csv
SHP00000278,WEB00000278,FedEx,2026-05-01 23:53:57,2026-05-04 23:53:57,free,In Transit,2026-08-08T04:42:28.022638+00:00,data/raw/transactions/shipments.csv
SHP00000279,WEB00000279,FedEx,2026-05-17 19:05:27,2026-05-19 19:05:27,1.69,Delayed,2026-08-08T04:42:28.022638+00:00,data/raw/transactions/shipments.csv
SHP00000285,WEB00000285,FedEx,2026-05-05 11:44:52,2026-05-10 11:44:52,free,Delayed,2026-08-08T04:42:28.022638+00:00,data/raw/transactions/shipments.csv
SHP00000287,WEB00000287,FedEx,2026-04-18 23:43:53,2026-04-19 23:43:53,11.44,delivered ,2026-08-08T04:42:28.022638+00:00,data/raw/transactions/shipments.csv
SHP00000290,WEB00000290,USPS,2026-04-13 01:17:39,2026-04-17 01:17:39,bad,Lost,2026-08-08T04:42:28.022638+00:00,data/raw/transactions/shipments.csv
SHP00000292,WEB00000292,FedEx,2026-04-17 18:42:16,2026-04-21 18:42:16,20.56,Delayed,2026-08-08T04:42:28.022638+00:00,data/raw/transactions/shipments.csv
SHP00000295,WEB00000295,Regional,2026-04-16 15:26:10,2026-04-19 15:26:10,bad,Delayed,2026-08-08T04:42:28.022638+00:00,data/raw/transactions/shipments.csv
SHP00000296,WEB00000296,Regional,2026-04-12 01:00:31,2026-04-15 01:00:31,9.05,delivered ,2026-08-08T04:42:28.022638+00:00,data/raw/transactions/shipments.csv
SHP00000301,WEB00000301,UPS,2026-05-30 15:05:40,2026-06-05 15:05:40,bad,Delayed,2026-08-08T04:42:28.022638+00:00,data/raw/transactions/shipments.csv
SHP00000302,WEB00000302,UPS,2026-04-05 11:33:54,2026-04-11 11:33:54,free,Lost,2026-08-08T04:42:28.022638+00:00,data/raw/transactions/shipments.csv
SHP00000306,WEB00000306,UPS,2026-05-13 03:54:43,2026-05-20 03:54:43,free,Delayed,2026-08-08T04:42:28.022638+00:00,data/raw/transactions/shipments.csv
SHP00000313,WEB00000313,USPS,2026-05-15 07:33:16,2026-05-16 07:33:16,bad,Delivered,2026-08-08T04:42:28.022638+00:00,data/raw/transactions/shipments.csv
SHP00000314,WEB00000314,FedEx,2026-05-03 00:52:01,2026-05-08 00:52:01,free,Delivered,2026-08-08T04:42:28.022638+00:00,data/raw/transactions/shipments.csv
SHP00000316,WEB00000316,Regional,2026-05-30 15:17:24,2026-05-31 15:17:24,19.20,In Transit,2026-08-08T04:42:28.022638+00:00,data/raw/transactions/shipments.csv
SHP00000318,WEB00000318,UPS,2026-05-05 13:24:13,2026-05-08 13:24:13,free,Delivered,2026-08-08T04:42:28.022638+00:00,data/raw/transactions/shipments.csv
SHP00000323,WEB00000323,FedEx,2026-04-21 10:11:08,2026-04-22 10:11:08,7.06,delivered ,2026-08-08T04:42:28.022638+00:00,data/raw/transactions/shipments.csv
SHP00000324,WEB00000324,USPS,2026-05-02 06:12:40,2026-05-06 06:12:40,,delivered ,2026-08-08T04:42:28.022638+00:00,data/raw/transactions/shipments.csv
SHP00000332,WEB00000332,FedEx,2026-04-12 18:51:11,2026-04-19 18:51:11,22.97,Delivered,2026-08-08T04:42:28.022638+00:00,data/raw/transactions/shipments.csv
SHP00000335,WEB00000335,FedEx,2026-05-12 18:59:42,2026-05-13 18:59:42,,Lost,2026-08-08T04:42:28.022638+00:00,data/raw/transactions/shipments.csv
SHP00000336,WEB00000336,UPS,2026-05-22 17:15:44,2026-05-23 17:15:44,free,delivered ,2026-08-08T04:42:28.022638+00:00,data/raw/transactions/shipments.csv
SHP00000340,WEB00000340,UPS,2026-05-17 17:02:26,2026-05-21 17:02:26,bad,In Transit,2026-08-08T04:42:28.022638+00:00,data/raw/transactions/shipments.csv
SHP00000345,WEB00000345,FedEx,2026-05-07 18:57:54,2026-05-11 18:57:54,bad,In Transit,2026-08-08T04:42:28.022638+00:00,data/raw/transactions/shipments.csv
SHP00000346,WEB00000346,UPS,2026-05-18 21:47:49,2026-05-25 21:47:49,,Lost,2026-08-08T04:42:28.022638+00:00,data/raw/transactions/shipments.csv
SHP00000347,WEB_BAD,FedEx,2026-05-17 00:09:47,2026-05-18 00:09:47,free,Lost,2026-08-08T04:42:28.022638+00:00,data/raw/transactions/shipments.csv
SHP00000349,WEB00000349,UPS,2026-04-18 18:02:54,2026-04-23 18:02:54,4.47,delivered ,2026-08-08T04:42:28.022638+00:00,data/raw/transactions/shipments.csv
SHP00000355,WEB00000355,USPS,2026-05-01 01:46:39,2026-05-08 01:46:39,,Lost,2026-08-08T04:42:28.022638+00:00,data/raw/transactions/shipments.csv
SHP00000357,WEB00000357,FedEx,2026-05-10 18:30:34,2026-05-15 18:30:34,0.59,Delayed,2026-08-08T04:42:28.022638+00:00,data/raw/transactions/shipments.csv
SHP00000359,WEB00000359,Regional,2026-04-09 11:59:59,2026-04-13 11:59:59,14.13,In Transit,2026-08-08T04:42:28.022638+00:00,data/raw/transactions/shipments.csv
SHP00000363,WEB00000363,FedEx,2026-04-25 22:24:22,2026-04-28 22:24:22,bad,delivered ,2026-08-08T04:42:28.022638+00:00,data/raw/transactions/shipments.csv
SHP00000364,WEB00000364,Regional,2026-06-01 19:27:10,,8.67,Delayed,2026-08-08T04:42:28.022638+00:00,data/raw/transactions/shipments.csv
SHP00000365,WEB00000365,Regional,2026-05-01 10:53:50,2026-05-06 10:53:50,bad,Delivered,2026-08-08T04:42:28.022638+00:00,data/raw/transactions/shipments.csv
SHP00000366,WEB00000366,FedEx,2026-04-21 04:43:58,2026-04-24 04:43:58,free,Delivered,2026-08-08T04:42:28.022638+00:00,data/raw/transactions/shipments.csv
SHP00000370,WEB00000370,Regional,2026-04-17 07:38:18,2026-04-20 07:38:18,free,delivered ,2026-08-08T04:42:28.022638+00:00,data/raw/transactions/shipments.csv
SHP00000372,WEB00000372,USPS,2026-04-30 22:30:11,2026-05-01 22:30:11,7.22,In Transit,2026-08-08T04:42:28.022638+00:00,data/raw/transactions/shipments.csv
SHP00000375,WEB00000375,Regional,2026-04-17 10:52:06,2026-04-24 10:52:06,bad,In Transit,2026-08-08T04:42:28.022638+00:00,data/raw/transactions/shipments.csv
SHP00000376,WEB00000376,USPS,2026-04-23 19:03:15,2026-04-27 19:03:15,free,In Transit,2026-08-08T04:42:28.022638+00:00,data/raw/transactions/shipments.csv
SHP00000380,WEB00000380,USPS,2026-04-01 20:33:41,2026-04-05 20:33:41,1.50,Delivered,2026-08-08T04:42:28.022638+00:00,data/raw/transactions/shipments.csv
SHP00000383,WEB00000383,Regional,2026-04-27 17:48:18,2026-05-02 17:48:18,free,Lost,2026-08-08T04:42:28.022638+00:00,data/raw/transactions/shipments.csv
SHP00000386,WEB00000386,FedEx,2026-05-04 10:37:01,2026-05-09 10:37:01,bad,In Transit,2026-08-08T04:42:28.022638+00:00,data/raw/transactions/shipments.csv
SHP00000387,WEB00000387,UPS,2026-04-11 12:32:34,2026-04-16 12:32:34,free,Delayed,2026-08-08T04:42:28.022638+00:00,data/raw/transactions/shipments.csv
SHP00000388,WEB00000388,Regional,2026-04-23 18:21:35,2026-04-25 18:21:35,free,Lost,2026-08-08T04:42:28.022638+00:00,data/raw/transactions/shipments.csv
SHP00000390,WEB00000390,USPS,2026-04-08 12:23:08,2026-04-12 12:23:08,3.84,Delivered,2026-08-08T04:42:28.022638+00:00,data/raw/transactions/shipments.csv
SHP00000393,WEB00000393,Regional,2026-05-16 18:05:54,2026-05-19 18:05:54,free,Delivered,2026-08-08T04:42:28.022638+00:00,data/raw/transactions/shipments.csv
SHP00000398,WEB00000398,USPS,2026-04-12 09:27:30,2026-04-16 09:27:30,18.68,delivered ,2026-08-08T04:42:28.022638+00:00,data/raw/transactions/shipments.csv
SHP00000403,WEB00000403,USPS,2026-04-25 11:05:35,,,delivered ,2026-08-08T04:42:28.022638+00:00,data/raw/transactions/shipments.csv
SHP00000407,WEB00000407,UPS,2026-05-04 06:27:08,2026-05-08 06:27:08,bad,Delayed,2026-08-08T04:42:28.022638+00:00,data/raw/transactions/shipments.csv
SHP00000408,WEB00000408,UPS,2026-05-07 08:12:04,2026-05-14 08:12:04,bad,Lost,2026-08-08T04:42:28.022638+00:00,data/raw/transactions/shipments.csv
SHP00000414,WEB00000414,USPS,2026-04-09 05:32:48,2026-04-16 05:32:48,20.16,Delivered,2026-08-08T04:42:28.022638+00:00,data/raw/transactions/shipments.csv
SHP00000421,WEB00000421,USPS,2026-04-08 02:26:09,2026-04-11 02:26:09,free,Lost,2026-08-08T04:42:28.022638+00:00,data/raw/transactions/shipments.csv
SHP00000422,WEB00000422,UPS,2026-04-28 02:30:18,2026-05-03 02:30:18,,delivered ,2026-08-08T04:42:28.022638+00:00,data/raw/transactions/shipments.csv
SHP00000423,WEB00000423,UPS,2026-05-17 02:34:09,2026-05-24 02:34:09,free,Delivered,2026-08-08T04:42:28.022638+00:00,data/raw/transactions/shipments.csv
SHP00000424,WEB00000424,Regional,2026-04-26 10:51:39,2026-04-30 10:51:39,free,Delivered,2026-08-08T04:42:28.022638+00:00,data/raw/transactions/shipments.csv
SHP00000425,WEB00000425,Regional,2026-04-13 03:46:59,2026-04-19 03:46:59,bad,In Transit,2026-08-08T04:42:28.022638+00:00,data/raw/transactions/shipments.csv
SHP00000427,WEB00000427,UPS,2026-04-19 00:48:51,2026-04-21 00:48:51,,Delayed,2026-08-08T04:42:28.022638+00:00,data/raw/transactions/shipments.csv
SHP00000431,WEB00000431,FedEx,2026-05-17 05:15:38,2026-05-23 05:15:38,8.81,delivered ,2026-08-08T04:42:28.022638+00:00,data/raw/transactions/shipments.csv
SHP00000433,WEB00000433,UPS,2026-04-24 00:32:41,2026-04-28 00:32:41,free,Lost,2026-08-08T04:42:28.022638+00:00,data/raw/transactions/shipments.csv
SHP00000437,WEB00000437,USPS,2026-05-23 20:36:26,2026-05-27 20:36:26,bad,In Transit,2026-08-08T04:42:28.022638+00:00,data/raw/transactions/shipments.csv
SHP00000438,WEB00000438,Regional,2026-04-30 11:27:22,2026-05-02 11:27:22,14.18,Delayed,2026-08-08T04:42:28.022638+00:00,data/raw/transactions/shipments.csv
SHP00000439,WEB00000439,USPS,2026-05-30 14:36:51,2026-06-05 14:36:51,bad,Lost,2026-08-08T04:42:28.022638+00:00,data/raw/transactions/shipments.csv
SHP00000440,WEB00000440,USPS,2026-05-06 12:13:14,2026-05-13 12:13:14,,Delivered,2026-08-08T04:42:28.022638+00:00,data/raw/transactions/shipments.csv
SHP00000442,WEB00000442,USPS,2026-05-28 06:59:32,2026-06-03 06:59:32,,Delayed,2026-08-08T04:42:28.022638+00:00,data/raw/transactions/shipments.csv
SHP00000443,WEB00000443,UPS,2026-04-14 10:51:20,2026-04-18 10:51:20,free,Delivered,2026-08-08T04:42:28.022638+00:00,data/raw/transactions/shipments.csv
SHP00000446,WEB00000446,UPS,2026-04-14 02:11:57,2026-04-18 02:11:57,,Lost,2026-08-08T04:42:28.022638+00:00,data/raw/transactions/shipments.csv
SHP00000450,WEB00000450,UPS,2026-04-20 03:27:37,2026-04-22 03:27:37,13.68,In Transit,2026-08-08T04:42:28.022638+00:00,data/raw/transactions/shipments.csv
SHP00000451,WEB00000451,Regional,2026-04-04 21:39:45,2026-04-05 21:39:45,5.04,Delivered,2026-08-08T04:42:28.022638+00:00,data/raw/transactions/shipments.csv
SHP00000455,WEB00000455,USPS,2026-04-06 06:02:20,2026-04-12 06:02:20,20.48,Delayed,2026-08-08T04:42:28.022638+00:00,data/raw/transactions/shipments.csv
SHP00000456,WEB00000456,USPS,2026-05-02 06:55:24,2026-05-05 06:55:24,2.75,Delayed,2026-08-08T04:42:28.022638+00:00,data/raw/transactions/shipments.csv
SHP00000458,WEB00000458,Regional,2026-06-02 01:10:34,2026-06-08 01:10:34,bad,Delayed,2026-08-08T04:42:28.022638+00:00,data/raw/transactions/shipments.csv
SHP00000459,WEB00000459,Regional,2026-05-28 18:47:00,2026-06-03 18:47:00,20.43,Delayed,2026-08-08T04:42:28.022638+00:00,data/raw/transactions/shipments.csv
SHP00000460,WEB00000460,UPS,2026-04-15 23:49:53,2026-04-22 23:49:53,free,Delivered,2026-08-08T04:42:28.022638+00:00,data/raw/transactions/shipments.csv
SHP00000461,WEB00000461,UPS,2026-04-28 23:08:47,2026-05-03 23:08:47,,delivered ,2026-08-08T04:42:28.022638+00:00,data/raw/transactions/shipments.csv
SHP00000462,WEB_BAD,UPS,2026-05-03 15:03:53,2026-05-04 15:03:53,bad,In Transit,2026-08-08T04:42:28.022638+00:00,data/raw/transactions/shipments.csv
SHP00000467,WEB00000467,UPS,2026-04-14 07:18:20,2026-04-17 07:18:20,bad,Delivered,2026-08-08T04:42:28.022638+00:00,data/raw/transactions/shipments.csv
SHP00000470,WEB00000470,Regional,2026-05-05 09:40:48,2026-05-10 09:40:48,free,Delayed,2026-08-08T04:42:28.022638+00:00,data/raw/transactions/shipments.csv
SHP00000472,WEB00000472,FedEx,2026-05-26 03:36:38,2026-06-02 03:36:38,13.21,In Transit,2026-08-08T04:42:28.022638+00:00,data/raw/transactions/shipments.csv
SHP00000473,WEB00000473,UPS,2026-04-21 01:22:12,2026-04-24 01:22:12,free,delivered ,2026-08-08T04:42:28.022638+00:00,data/raw/transactions/shipments.csv
SHP00000474,WEB00000474,USPS,2026-04-24 13:02:00,2026-05-01 13:02:00,4.92,Delivered,2026-08-08T04:42:28.022638+00:00,data/raw/transactions/shipments.csv
SHP00000475,WEB00000475,FedEx,2026-04-20 00:47:42,2026-04-27 00:47:42,free,Delivered,2026-08-08T04:42:28.022638+00:00,data/raw/transactions/shipments.csv
SHP00000476,WEB00000476,UPS,2026-05-22 14:16:29,2026-05-25 14:16:29,6.41,In Transit,2026-08-08T04:42:28.022638+00:00,data/raw/transactions/shipments.csv
SHP00000478,WEB00000478,Regional,2026-04-07 18:55:10,2026-04-14 18:55:10,bad,delivered ,2026-08-08T04:42:28.022638+00:00,data/raw/transactions/shipments.csv
SHP00000479,WEB00000479,Regional,2026-04-07 01:22:35,2026-04-13 01:22:35,,Delivered,2026-08-08T04:42:28.022638+00:00,data/raw/transactions/shipments.csv
SHP00000480,WEB00000480,USPS,2026-04-21 08:23:00,2026-04-23 08:23:00,,Delayed,2026-08-08T04:42:28.022638+00:00,data/raw/transactions/shipments.csv
SHP00000481,WEB00000481,USPS,2026-05-07 13:05:44,2026-05-10 13:05:44,bad,Delayed,2026-08-08T04:42:28.022638+00:00,data/raw/transactions/shipments.csv
SHP00000483,WEB00000483,USPS,2026-04-21 05:55:45,2026-04-22 05:55:45,bad,delivered ,2026-08-08T04:42:28.022638+00:00,data/raw/transactions/shipments.csv
SHP00000490,WEB00000490,USPS,2026-06-02 12:21:25,2026-06-08 12:21:25,bad,Lost,2026-08-08T04:42:28.022638+00:00,data/raw/transactions/shipments.csv
SHP00000511,WEB00000511,USPS,2026-04-12 05:06:15,2026-04-17 05:06:15,10.01,Delivered,2026-08-08T04:42:28.022638+00:00,data/raw/transactions/shipments.csv
SHP00000516,WEB00000516,FedEx,2026-05-14 05:50:38,2026-05-21 05:50:38,bad,delivered ,2026-08-08T04:42:28.022638+00:00,data/raw/transactions/shipments.csv
SHP00000517,WEB00000517,FedEx,2026-04-12 10:59:51,2026-04-13 10:59:51,bad,Delivered,2026-08-08T04:42:28.022638+00:00,data/raw/transactions/shipments.csv
SHP00000524,WEB00000524,UPS,2026-04-03 17:55:41,2026-04-04 17:55:41,free,Lost,2026-08-08T04:42:28.022638+00:00,data/raw/transactions/shipments.csv
SHP00000534,WEB00000534,FedEx,2026-05-10 17:58:43,2026-05-14 17:58:43,bad,In Transit,2026-08-08T04:42:28.022638+00:00,data/raw/transactions/shipments.csv
SHP00000537,WEB00000537,UPS,2026-05-25 03:12:23,2026-05-27 03:12:23,20.88,Lost,2026-08-08T04:42:28.022638+00:00,data/raw/transactions/shipments.csv
SHP00000538,WEB00000538,USPS,2026-05-26 09:05:41,2026-06-02 09:05:41,free,Lost,2026-08-08T04:42:28.022638+00:00,data/raw/transactions/shipments.csv
SHP00000542,WEB00000542,Regional,2026-04-05 00:04:45,2026-04-06 00:04:45,,In Transit,2026-08-08T04:42:28.022638+00:00,data/raw/transactions/shipments.csv
SHP00000546,WEB00000546,Regional,2026-06-01 02:17:34,2026-06-06 02:17:34,bad,In Transit,2026-08-08T04:42:28.022638+00:00,data/raw/transactions/shipments.csv
SHP00000547,WEB00000547,Regional,2026-05-14 06:12:26,2026-05-15 06:12:26,,delivered ,2026-08-08T04:42:28.022638+00:00,data/raw/transactions/shipments.csv
SHP00000550,WEB00000550,Regional,2026-04-15 15:21:27,2026-04-17 15:21:27,12.18,Lost,2026-08-08T04:42:28.022638+00:00,data/raw/transactions/shipments.csv
SHP00000552,WEB00000552,FedEx,2026-04-24 07:32:26,2026-04-28 07:32:26,free,Delivered,2026-08-08T04:42:28.022638+00:00,data/raw/transactions/shipments.csv
SHP00000554,WEB00000554,USPS,2026-05-30 23:22:34,2026-06-01 23:22:34,bad,In Transit,2026-08-08T04:42:28.022638+00:00,data/raw/transactions/shipments.csv
SHP00000558,WEB00000558,UPS,2026-06-01 07:23:20,2026-06-03 07:23:20,free,Delayed,2026-08-08T04:42:28.022638+00:00,data/raw/transactions/shipments.csv
SHP00000561,WEB00000561,USPS,2026-05-11 12:26:47,2026-05-17 12:26:47,23.06,Lost,2026-08-08T04:42:28.022638+00:00,data/raw/transactions/shipments.csv
SHP00000563,WEB00000563,FedEx,2026-05-18 06:57:17,2026-05-19 06:57:17,free,Delayed,2026-08-08T04:42:28.022638+00:00,data/raw/transactions/shipments.csv
SHP00000564,WEB00000564,USPS,2026-04-02 10:48:43,2026-04-06 10:48:43,bad,Delayed,2026-08-08T04:42:28.022638+00:00,data/raw/transactions/shipments.csv
SHP00000565,WEB00000565,FedEx,2026-05-22 08:44:59,2026-05-27 08:44:59,free,delivered ,2026-08-08T04:42:28.022638+00:00,data/raw/transactions/shipments.csv
SHP00000569,WEB00000569,USPS,2026-05-10 21:27:53,2026-05-11 21:27:53,0.50,Lost,2026-08-08T04:42:28.022638+00:00,data/raw/transactions/shipments.csv
SHP00000570,WEB00000570,Regional,2026-06-02 05:13:42,2026-06-05 05:13:42,9.06,In Transit,2026-08-08T04:42:28.022638+00:00,data/raw/transactions/shipments.csv
SHP00000575,WEB00000575,FedEx,2026-05-16 18:04:39,2026-05-23 18:04:39,15.96,Lost,2026-08-08T04:42:28.022638+00:00,data/raw/transactions/shipments.csv
SHP00000576,WEB00000576,FedEx,2026-05-10 10:33:36,2026-05-16 10:33:36,free,Delivered,2026-08-08T04:42:28.022638+00:00,data/raw/transactions/shipments.csv
SHP00000583,WEB00000583,USPS,2026-04-27 21:02:48,2026-05-02 21:02:48,bad,Lost,2026-08-08T04:42:28.022638+00:00,data/raw/transactions/shipments.csv
SHP00000585,WEB00000585,FedEx,2026-05-24 08:41:45,2026-05-25 08:41:45,,delivered ,2026-08-08T04:42:28.022638+00:00,data/raw/transactions/shipments.csv
SHP00000588,WEB00000588,FedEx,2026-04-17 04:03:50,2026-04-19 04:03:50,free,delivered ,2026-08-08T04:42:28.022638+00:00,data/raw/transactions/shipments.csv
SHP00000589,WEB00000589,USPS,2026-04-26 11:54:31,2026-04-28 11:54:31,bad,In Transit,2026-08-08T04:42:28.022638+00:00,data/raw/transactions/shipments.csv
SHP00000592,WEB00000592,UPS,2026-04-09 10:42:03,2026-04-16 10:42:03,,In Transit,2026-08-08T04:42:28.022638+00:00,data/raw/transactions/shipments.csv
SHP00000594,WEB00000594,Regional,2026-05-25 11:42:33,2026-05-26 11:42:33,bad,In Transit,2026-08-08T04:42:28.022638+00:00,data/raw/transactions/shipments.csv
SHP00000595,WEB00000595,FedEx,2026-05-12 09:30:54,2026-05-15 09:30:54,free,Delayed,2026-08-08T04:42:28.022638+00:00,data/raw/transactions/shipments.csv
SHP00000600,WEB00000600,Regional,2026-04-27 01:38:50,2026-04-29 01:38:50,16.76,Lost,2026-08-08T04:42:28.022638+00:00,data/raw/transactions/shipments.csv
SHP00000603,WEB00000603,USPS,2026-05-23 09:58:25,2026-05-29 09:58:25,bad,Delayed,2026-08-08T04:42:28.022638+00:00,data/raw/transactions/shipments.csv
SHP00000608,WEB00000608,FedEx,2026-04-13 01:02:52,2026-04-15 01:02:52,bad,Delivered,2026-08-08T04:42:28.022638+00:00,data/raw/transactions/shipments.csv
SHP00000610,WEB00000610,FedEx,2026-05-27 19:35:35,2026-05-28 19:35:35,bad,In Transit,2026-08-08T04:42:28.022638+00:00,data/raw/transactions/shipments.csv
SHP00000613,WEB00000613,FedEx,2026-04-09 01:48:42,2026-04-13 01:48:42,free,Lost,2026-08-08T04:42:28.022638+00:00,data/raw/transactions/shipments.csv
SHP00000614,WEB00000614,FedEx,2026-04-23 18:58:16,2026-04-25 18:58:16,free,Delivered,2026-08-08T04:42:28.022638+00:00,data/raw/transactions/shipments.csv
SHP00000617,WEB00000617,USPS,2026-04-12 10:59:04,2026-04-15 10:59:04,free,Lost,2026-08-08T04:42:28.022638+00:00,data/raw/transactions/shipments.csv
SHP00000618,WEB00000618,Regional,2026-05-09 14:15:57,2026-05-12 14:15:57,free,Delayed,2026-08-08T04:42:28.022638+00:00,data/raw/transactions/shipments.csv
SHP00000619,WEB00000619,USPS,2026-04-19 04:59:16,2026-04-25 04:59:16,13.69,In Transit,2026-08-08T04:42:28.022638+00:00,data/raw/transactions/shipments.csv
SHP00000624,WEB00000624,FedEx,2026-05-16 03:00:13,2026-05-21 03:00:13,free,Delayed,2026-08-08T04:42:28.022638+00:00,data/raw/transactions/shipments.csv
SHP00000627,WEB00000627,Regional,2026-05-18 12:09:19,2026-05-22 12:09:19,,Delayed,2026-08-08T04:42:28.022638+00:00,data/raw/transactions/shipments.csv
SHP00000629,WEB00000629,UPS,2026-05-06 03:07:11,2026-05-07 03:07:11,bad,Delayed,2026-08-08T04:42:28.022638+00:00,data/raw/transactions/shipments.csv
SHP00000631,WEB00000631,Regional,2026-04-03 23:54:50,2026-04-06 23:54:50,bad,Delivered,2026-08-08T04:42:28.022638+00:00,data/raw/transactions/shipments.csv
SHP00000635,WEB00000635,USPS,2026-05-26 20:08:23,2026-05-29 20:08:23,bad,Delayed,2026-08-08T04:42:28.022638+00:00,data/raw/transactions/shipments.csv
SHP00000637,WEB00000637,FedEx,2026-05-10 10:40:05,2026-05-14 10:40:05,bad,Delayed,2026-08-08T04:42:28.022638+00:00,data/raw/transactions/shipments.csv
SHP00000645,WEB00000645,USPS,2026-04-30 15:24:42,2026-05-07 15:24:42,bad,In Transit,2026-08-08T04:42:28.022638+00:00,data/raw/transactions/shipments.csv
SHP00000647,WEB00000647,USPS,2026-04-24 10:35:13,2026-04-26 10:35:13,,Delayed,2026-08-08T04:42:28.022638+00:00,data/raw/transactions/shipments.csv
SHP00000649,WEB00000649,USPS,2026-04-22 09:39:01,2026-04-29 09:39:01,,Lost,2026-08-08T04:42:28.022638+00:00,data/raw/transactions/shipments.csv
SHP00000650,WEB00000650,Regional,2026-05-18 10:45:57,2026-05-21 10:45:57,17.53,delivered ,2026-08-08T04:42:28.022638+00:00,data/raw/transactions/shipments.csv
SHP00000651,WEB00000651,UPS,2026-05-22 11:47:17,,free,Delayed,2026-08-08T04:42:28.022638+00:00,data/raw/transactions/shipments.csv
SHP00000655,WEB00000655,UPS,2026-04-23 09:33:10,2026-04-26 09:33:10,12.86,Delivered,2026-08-08T04:42:28.022638+00:00,data/raw/transactions/shipments.csv
SHP00000656,WEB00000656,UPS,2026-05-14 05:04:58,2026-05-19 05:04:58,bad,Delivered,2026-08-08T04:42:28.022638+00:00,data/raw/transactions/shipments.csv
SHP00000664,WEB00000664,FedEx,2026-04-24 04:34:13,2026-04-28 04:34:13,,Delivered,2026-08-08T04:42:28.022638+00:00,data/raw/transactions/shipments.csv
SHP00000666,WEB00000666,FedEx,2026-05-13 16:39:37,2026-05-19 16:39:37,,Lost,2026-08-08T04:42:28.022638+00:00,data/raw/transactions/shipments.csv
SHP00000669,WEB00000669,FedEx,2026-04-12 00:58:49,2026-04-14 00:58:49,,Delayed,2026-08-08T04:42:28.022638+00:00,data/raw/transactions/shipments.csv
SHP00000671,WEB00000671,USPS,2026-05-12 01:00:52,2026-05-15 01:00:52,4.65,In Transit,2026-08-08T04:42:28.022638+00:00,data/raw/transactions/shipments.csv
SHP00000673,WEB00000673,FedEx,2026-04-12 23:48:49,2026-04-16 23:48:49,bad,Delayed,2026-08-08T04:42:28.022638+00:00,data/raw/transactions/shipments.csv
SHP00000680,WEB00000680,Regional,2026-05-05 12:46:15,2026-05-06 12:46:15,15.58,Delayed,2026-08-08T04:42:28.022638+00:00,data/raw/transactions/shipments.csv
SHP00000683,WEB00000683,Regional,2026-04-14 04:50:21,2026-04-15 04:50:21,,Lost,2026-08-08T04:42:28.022638+00:00,data/raw/transactions/shipments.csv
SHP00000686,WEB00000686,Regional,2026-04-21 01:43:30,2026-04-23 01:43:30,,Lost,2026-08-08T04:42:28.022638+00:00,data/raw/transactions/shipments.csv
SHP00000690,WEB00000690,USPS,2026-04-03 07:34:19,2026-04-06 07:34:19,,In Transit,2026-08-08T04:42:28.022638+00:00,data/raw/transactions/shipments.csv
SHP00000691,WEB00000691,FedEx,2026-05-14 15:51:38,2026-05-17 15:51:38,15.70,Delayed,2026-08-08T04:42:28.022638+00:00,data/raw/transactions/shipments.csv
SHP00000692,WEB00000692,USPS,2026-05-07 08:45:55,2026-05-13 08:45:55,0.14,Delivered,2026-08-08T04:42:28.022638+00:00,data/raw/transactions/shipments.csv
SHP00000693,WEB00000693,FedEx,2026-04-29 06:18:56,2026-05-02 06:18:56,22.83,In Transit,2026-08-08T04:42:28.022638+00:00,data/raw/transactions/shipments.csv
SHP00000703,WEB00000703,USPS,2026-05-15 15:05:34,2026-05-21 15:05:34,free,In Transit,2026-08-08T04:42:28.022638+00:00,data/raw/transactions/shipments.csv
SHP00000704,WEB00000704,UPS,2026-05-13 05:34:03,2026-05-16 05:34:03,,In Transit,2026-08-08T04:42:28.022638+00:00,data/raw/transactions/shipments.csv
SHP00000705,WEB00000705,FedEx,2026-05-09 06:46:08,2026-05-14 06:46:08,17.83,Delivered,2026-08-08T04:42:28.022638+00:00,data/raw/transactions/shipments.csv
SHP00000707,WEB00000707,UPS,2026-05-18 21:36:04,2026-05-20 21:36:04,free,delivered ,2026-08-08T04:42:28.022638+00:00,data/raw/transactions/shipments.csv
SHP00000713,WEB00000713,FedEx,2026-05-11 15:22:41,2026-05-16 15:22:41,bad,delivered ,2026-08-08T04:42:28.022638+00:00,data/raw/transactions/shipments.csv
SHP00000714,WEB00000714,UPS,2026-05-27 08:27:45,2026-06-01 08:27:45,1.14,Lost,2026-08-08T04:42:28.022638+00:00,data/raw/transactions/shipments.csv
SHP00000722,WEB00000722,FedEx,2026-05-08 04:23:09,2026-05-10 04:23:09,bad,delivered ,2026-08-08T04:42:28.022638+00:00,data/raw/transactions/shipments.csv
SHP00000726,WEB00000726,Regional,2026-05-15 07:14:33,2026-05-16 07:14:33,free,delivered ,2026-08-08T04:42:28.022638+00:00,data/raw/transactions/shipments.csv
SHP00000728,WEB00000728,FedEx,2026-05-23 08:27:31,2026-05-29 08:27:31,2.86,delivered ,2026-08-08T04:42:28.022638+00:00,data/raw/transactions/shipments.csv
SHP00000733,WEB00000733,USPS,2026-05-01 20:29:18,2026-05-03 20:29:18,,Delivered,2026-08-08T04:42:28.022638+00:00,data/raw/transactions/shipments.csv
SHP00000734,WEB00000734,FedEx,2026-05-10 00:05:08,2026-05-12 00:05:08,free,Delayed,2026-08-08T04:42:28.022638+00:00,data/raw/transactions/shipments.csv
SHP00000735,WEB00000735,FedEx,2026-05-02 00:19:04,2026-05-04 00:19:04,bad,In Transit,2026-08-08T04:42:28.022638+00:00,data/raw/transactions/shipments.csv
SHP00000736,WEB00000736,UPS,2026-04-11 10:58:23,2026-04-15 10:58:23,bad,Lost,2026-08-08T04:42:28.022638+00:00,data/raw/transactions/shipments.csv
SHP00000737,WEB00000737,Regional,2026-04-05 00:26:57,2026-04-07 00:26:57,,Delayed,2026-08-08T04:42:28.022638+00:00,data/raw/transactions/shipments.csv
SHP00000742,WEB00000742,UPS,2026-05-10 05:48:29,2026-05-17 05:48:29,,Lost,2026-08-08T04:42:28.022638+00:00,data/raw/transactions/shipments.csv
SHP00000744,WEB00000744,Regional,2026-05-30 23:25:13,2026-05-31 23:25:13,bad,Delayed,2026-08-08T04:42:28.022638+00:00,data/raw/transactions/shipments.csv
SHP00000746,WEB00000746,UPS,2026-05-23 07:13:40,2026-05-28 07:13:40,free,delivered ,2026-08-08T04:42:28.022638+00:00,data/raw/transactions/shipments.csv
SHP00000756,WEB00000756,USPS,2026-04-05 17:00:55,2026-04-11 17:00:55,,delivered ,2026-08-08T04:42:28.022638+00:00,data/raw/transactions/shipments.csv
SHP00000758,WEB00000758,USPS,2026-05-22 15:53:01,2026-05-28 15:53:01,,delivered ,2026-08-08T04:42:28.022638+00:00,data/raw/transactions/shipments.csv
SHP00000759,WEB00000759,FedEx,2026-05-02 05:06:30,2026-05-05 05:06:30,,In Transit,2026-08-08T04:42:28.022638+00:00,data/raw/transactions/shipments.csv
SHP00000762,WEB00000762,UPS,2026-05-12 23:55:04,2026-05-18 23:55:04,free,delivered ,2026-08-08T04:42:28.022638+00:00,data/raw/transactions/shipments.csv
SHP00000768,WEB00000768,Regional,2026-04-18 13:43:16,2026-04-22 13:43:16,9.49,Delivered,2026-08-08T04:42:28.022638+00:00,data/raw/transactions/shipments.csv
SHP00000778,WEB00000778,UPS,2026-05-15 05:30:34,2026-05-22 05:30:34,10.22,Delayed,2026-08-08T04:42:28.022638+00:00,data/raw/transactions/shipments.csv
SHP00000787,WEB00000787,Regional,2026-04-08 00:52:21,2026-04-12 00:52:21,bad,delivered ,2026-08-08T04:42:28.022638+00:00,data/raw/transactions/shipments.csv
SHP00000791,WEB00000791,USPS,2026-05-03 20:00:30,,13.83,Lost,2026-08-08T04:42:28.022638+00:00,data/raw/transactions/shipments.csv
SHP00000797,WEB00000797,FedEx,2026-04-16 07:24:20,2026-04-20 07:24:20,17.23,Delayed,2026-08-08T04:42:28.022638+00:00,data/raw/transactions/shipments.csv
SHP00000798,WEB00000798,UPS,2026-04-11 13:32:18,2026-04-15 13:32:18,,In Transit,2026-08-08T04:42:28.022638+00:00,data/raw/transactions/shipments.csv
SHP00000799,WEB00000799,FedEx,2026-05-09 11:49:41,2026-05-11 11:49:41,,Delayed,2026-08-08T04:42:28.022638+00:00,data/raw/transactions/shipments.csv
SHP00000800,WEB00000800,USPS,2026-05-11 19:41:17,2026-05-16 19:41:17,0.37,Lost,2026-08-08T04:42:28.022638+00:00,data/raw/transactions/shipments.csv
SHP00000801,WEB00000801,USPS,2026-05-19 01:33:56,2026-05-20 01:33:56,20.84,Delayed,2026-08-08T04:42:28.022638+00:00,data/raw/transactions/shipments.csv
SHP00000807,WEB00000807,UPS,2026-05-10 08:11:18,2026-05-14 08:11:18,,Lost,2026-08-08T04:42:28.022638+00:00,data/raw/transactions/shipments.csv
SHP00000808,WEB00000808,UPS,2026-05-21 01:41:17,2026-05-25 01:41:17,,Delayed,2026-08-08T04:42:28.022638+00:00,data/raw/transactions/shipments.csv
SHP00000809,WEB00000809,FedEx,2026-05-21 17:55:15,2026-05-23 17:55:15,7.98,Lost,2026-08-08T04:42:28.022638+00:00,data/raw/transactions/shipments.csv
SHP00000812,WEB00000812,FedEx,2026-04-23 03:43:30,2026-04-28 03:43:30,,In Transit,2026-08-08T04:42:28.022638+00:00,data/raw/transactions/shipments.csv
SHP00000817,WEB00000817,UPS,2026-04-13 11:28:47,2026-04-15 11:28:47,free,In Transit,2026-08-08T04:42:28.022638+00:00,data/raw/transactions/shipments.csv
SHP00000821,WEB00000821,FedEx,2026-04-26 22:08:53,2026-05-02 22:08:53,free,Delivered,2026-08-08T04:42:28.022638+00:00,data/raw/transactions/shipments.csv
SHP00000828,WEB00000828,Regional,2026-05-12 12:32:06,2026-05-18 12:32:06,bad,In Transit,2026-08-08T04:42:28.022638+00:00,data/raw/transactions/shipments.csv
SHP00000829,WEB00000829,USPS,2026-04-17 16:44:03,2026-04-22 16:44:03,free,Delayed,2026-08-08T04:42:28.022638+00:00,data/raw/transactions/shipments.csv
SHP00000830,WEB00000830,UPS,2026-05-17 16:30:19,2026-05-19 16:30:19,,In Transit,2026-08-08T04:42:28.022638+00:00,data/raw/transactions/shipments.csv
SHP00000831,WEB00000831,USPS,2026-05-03 09:09:26,2026-05-09 09:09:26,bad,Delayed,2026-08-08T04:42:28.022638+00:00,data/raw/transactions/shipments.csv
SHP00000833,WEB00000833,USPS,2026-04-11 02:43:49,2026-04-18 02:43:49,free,Delivered,2026-08-08T04:42:28.022638+00:00,data/raw/transactions/shipments.csv
SHP00000834,WEB00000834,Regional,2026-05-28 13:29:17,2026-06-01 13:29:17,free,delivered ,2026-08-08T04:42:28.022638+00:00,data/raw/transactions/shipments.csv
SHP00000836,WEB00000836,Regional,2026-04-19 14:40:00,2026-04-25 14:40:00,free,Lost,2026-08-08T04:42:28.022638+00:00,data/raw/transactions/shipments.csv
SHP00000839,WEB00000839,Regional,2026-05-18 11:56:51,2026-05-20 11:56:51,free,delivered ,2026-08-08T04:42:28.022638+00:00,data/raw/transactions/shipments.csv
SHP00000843,WEB00000843,UPS,2026-05-24 18:44:24,2026-05-31 18:44:24,free,In Transit,2026-08-08T04:42:28.022638+00:00,data/raw/transactions/shipments.csv
SHP00000844,WEB00000844,USPS,2026-04-18 07:54:14,2026-04-20 07:54:14,20.32,In Transit,2026-08-08T04:42:28.022638+00:00,data/raw/transactions/shipments.csv
SHP00000845,WEB00000845,USPS,2026-05-11 05:13:43,2026-05-14 05:13:43,free,Delayed,2026-08-08T04:42:28.022638+00:00,data/raw/transactions/shipments.csv
SHP00000846,WEB00000846,Regional,2026-05-31 20:24:12,2026-06-02 20:24:12,bad,In Transit,2026-08-08T04:42:28.022638+00:00,data/raw/transactions/shipments.csv
SHP00000848,WEB00000848,USPS,2026-04-04 06:34:11,2026-04-07 06:34:11,,Delayed,2026-08-08T04:42:28.022638+00:00,data/raw/transactions/shipments.csv
SHP00000849,WEB00000849,UPS,2026-05-28 03:19:55,2026-05-30 03:19:55,free,Delivered,2026-08-08T04:42:28.022638+00:00,data/raw/transactions/shipments.csv
SHP00000850,WEB00000850,UPS,2026-04-11 03:11:44,2026-04-18 03:11:44,free,delivered ,2026-08-08T04:42:28.022638+00:00,data/raw/transactions/shipments.csv
SHP00000852,WEB00000852,USPS,2026-05-21 00:09:56,2026-05-27 00:09:56,bad,Delayed,2026-08-08T04:42:28.022638+00:00,data/raw/transactions/shipments.csv
SHP00000854,WEB00000854,Regional,2026-05-21 04:34:55,2026-05-26 04:34:55,bad,Lost,2026-08-08T04:42:28.022638+00:00,data/raw/transactions/shipments.csv
SHP00000856,WEB00000856,Regional,2026-05-31 02:36:35,2026-06-02 02:36:35,bad,delivered ,2026-08-08T04:42:28.022638+00:00,data/raw/transactions/shipments.csv
SHP00000857,WEB00000857,Regional,2026-04-28 21:29:08,2026-05-05 21:29:08,,Delivered,2026-08-08T04:42:28.022638+00:00,data/raw/transactions/shipments.csv
SHP00000860,WEB00000860,UPS,2026-04-27 14:33:47,2026-04-29 14:33:47,bad,Delivered,2026-08-08T04:42:28.022638+00:00,data/raw/transactions/shipments.csv
SHP00000862,WEB00000862,USPS,2026-04-12 19:00:50,2026-04-13 19:00:50,free,Lost,2026-08-08T04:42:28.022638+00:00,data/raw/transactions/shipments.csv
SHP00000863,WEB00000863,Regional,2026-04-03 08:02:57,2026-04-09 08:02:57,bad,Delayed,2026-08-08T04:42:28.022638+00:00,data/raw/transactions/shipments.csv
SHP00000864,WEB00000864,Regional,2026-04-23 03:31:12,2026-04-30 03:31:12,,Delayed,2026-08-08T04:42:28.022638+00:00,data/raw/transactions/shipments.csv
SHP00000865,WEB00000865,FedEx,2026-05-05 19:44:39,2026-05-11 19:44:39,,Delivered,2026-08-08T04:42:28.022638+00:00,data/raw/transactions/shipments.csv
SHP00000866,WEB00000866,USPS,2026-05-25 10:44:10,2026-05-28 10:44:10,free,Delivered,2026-08-08T04:42:28.022638+00:00,data/raw/transactions/shipments.csv
SHP00000867,WEB00000867,USPS,2026-05-01 22:38:50,2026-05-02 22:38:50,,Delayed,2026-08-08T04:42:28.022638+00:00,data/raw/transactions/shipments.csv
SHP00000871,WEB00000871,FedEx,2026-05-03 07:12:10,2026-05-08 07:12:10,bad,In Transit,2026-08-08T04:42:28.022638+00:00,data/raw/transactions/shipments.csv
SHP00000876,WEB00000876,USPS,2026-04-13 14:11:21,2026-04-16 14:11:21,17.42,Lost,2026-08-08T04:42:28.022638+00:00,data/raw/transactions/shipments.csv
SHP00000877,WEB00000877,UPS,2026-04-25 14:50:46,2026-04-26 14:50:46,free,delivered ,2026-08-08T04:42:28.022638+00:00,data/raw/transactions/shipments.csv
SHP00000880,WEB00000880,UPS,2026-04-23 16:57:56,2026-04-24 16:57:56,bad,delivered ,2026-08-08T04:42:28.022638+00:00,data/raw/transactions/shipments.csv
SHP00000881,WEB00000881,FedEx,2026-04-12 21:07:34,2026-04-16 21:07:34,free,delivered ,2026-08-08T04:42:28.022638+00:00,data/raw/transactions/shipments.csv
SHP00000884,WEB00000884,UPS,2026-04-16 17:44:27,2026-04-20 17:44:27,19.71,Delivered,2026-08-08T04:42:28.022638+00:00,data/raw/transactions/shipments.csv
SHP00000888,WEB00000888,USPS,2026-05-09 13:08:25,2026-05-12 13:08:25,bad,Delivered,2026-08-08T04:42:28.022638+00:00,data/raw/transactions/shipments.csv
SHP00000891,WEB00000891,FedEx,2026-04-18 01:29:48,2026-04-25 01:29:48,free,In Transit,2026-08-08T04:42:28.022638+00:00,data/raw/transactions/shipments.csv
SHP00000892,WEB00000892,FedEx,2026-05-24 16:40:01,2026-05-31 16:40:01,bad,delivered ,2026-08-08T04:42:28.022638+00:00,data/raw/transactions/shipments.csv
SHP00000893,WEB00000893,FedEx,2026-04-06 01:19:37,2026-04-10 01:19:37,free,Lost,2026-08-08T04:42:28.022638+00:00,data/raw/transactions/shipments.csv
SHP00000895,WEB00000895,USPS,2026-04-22 07:29:44,2026-04-23 07:29:44,,delivered ,2026-08-08T04:42:28.022638+00:00,data/raw/transactions/shipments.csv
SHP00000896,WEB00000896,USPS,2026-05-13 11:06:27,2026-05-17 11:06:27,free,Lost,2026-08-08T04:42:28.022638+00:00,data/raw/transactions/shipments.csv
SHP00000900,WEB00000900,UPS,2026-04-21 01:03:07,2026-04-26 01:03:07,bad,Delayed,2026-08-08T04:42:28.022638+00:00,data/raw/transactions/shipments.csv
SHP00000904,WEB00000904,USPS,2026-04-24 12:51:54,2026-04-30 12:51:54,,In Transit,2026-08-08T04:42:28.022638+00:00,data/raw/transactions/shipments.csv
SHP00000907,WEB00000907,UPS,2026-04-07 16:18:59,2026-04-10 16:18:59,bad,Delayed,2026-08-08T04:42:28.022638+00:00,data/raw/transactions/shipments.csv
SHP00000909,WEB00000909,Regional,2026-04-18 04:51:31,2026-04-22 04:51:31,free,Delivered,2026-08-08T04:42:28.022638+00:00,data/raw/transactions/shipments.csv
SHP00000919,WEB00000919,Regional,2026-05-01 04:44:35,2026-05-06 04:44:35,bad,delivered ,2026-08-08T04:42:28.022638+00:00,data/raw/transactions/shipments.csv
SHP00000920,WEB00000920,Regional,2026-04-28 02:44:00,2026-05-05 02:44:00,bad,In Transit,2026-08-08T04:42:28.022638+00:00,data/raw/transactions/shipments.csv
SHP00000921,WEB00000921,Regional,2026-05-20 03:10:42,2026-05-22 03:10:42,,In Transit,2026-08-08T04:42:28.022638+00:00,data/raw/transactions/shipments.csv
SHP00000922,WEB00000922,USPS,2026-04-06 18:08:40,,bad,Delayed,2026-08-08T04:42:28.022638+00:00,data/raw/transactions/shipments.csv
SHP00000924,WEB00000924,UPS,2026-04-20 16:01:52,2026-04-27 16:01:52,,Delayed,2026-08-08T04:42:28.022638+00:00,data/raw/transactions/shipments.csv
SHP00000925,WEB00000925,Regional,2026-05-01 05:46:02,2026-05-06 05:46:02,free,In Transit,2026-08-08T04:42:28.022638+00:00,data/raw/transactions/shipments.csv
SHP00000931,WEB00000931,UPS,2026-05-24 20:34:19,2026-05-29 20:34:19,18.17,Delivered,2026-08-08T04:42:28.022638+00:00,data/raw/transactions/shipments.csv
SHP00000935,WEB00000935,USPS,2026-05-26 08:15:49,2026-05-27 08:15:49,bad,Lost,2026-08-08T04:42:28.022638+00:00,data/raw/transactions/shipments.csv
SHP00000937,WEB00000937,USPS,2026-04-29 20:56:17,2026-05-03 20:56:17,bad,In Transit,2026-08-08T04:42:28.022638+00:00,data/raw/transactions/shipments.csv
SHP00000940,WEB00000940,FedEx,2026-04-22 19:40:07,2026-04-26 19:40:07,bad,Lost,2026-08-08T04:42:28.022638+00:00,data/raw/transactions/shipments.csv
SHP00000941,WEB00000941,Regional,2026-05-20 19:02:00,2026-05-27 19:02:00,bad,Delivered,2026-08-08T04:42:28.022638+00:00,data/raw/transactions/shipments.csv
SHP00000947,WEB00000947,UPS,2026-05-31 06:42:01,2026-06-06 06:42:01,23.31,Delivered,2026-08-08T04:42:28.022638+00:00,data/raw/transactions/shipments.csv
SHP00000950,WEB00000950,FedEx,2026-06-01 10:25:22,2026-06-05 10:25:22,,In Transit,2026-08-08T04:42:28.022638+00:00,data/raw/transactions/shipments.csv
SHP00000951,WEB00000951,UPS,2026-05-01 14:37:39,2026-05-05 14:37:39,free,In Transit,2026-08-08T04:42:28.022638+00:00,data/raw/transactions/shipments.csv
SHP00000952,WEB00000952,USPS,2026-04-18 04:21:08,2026-04-24 04:21:08,bad,Delivered,2026-08-08T04:42:28.022638+00:00,data/raw/transactions/shipments.csv
SHP00000954,WEB00000954,FedEx,2026-04-21 04:19:17,2026-04-25 04:19:17,bad,delivered ,2026-08-08T04:42:28.022638+00:00,data/raw/transactions/shipments.csv
SHP00000962,WEB00000962,USPS,2026-04-12 21:35:23,2026-04-17 21:35:23,bad,Lost,2026-08-08T04:42:28.022638+00:00,data/raw/transactions/shipments.csv
SHP00000965,WEB00000965,Regional,2026-04-08 03:44:22,2026-04-09 03:44:22,2.72,Delayed,2026-08-08T04:42:28.022638+00:00,data/raw/transactions/shipments.csv
SHP00000967,WEB00000967,UPS,2026-06-01 21:00:25,2026-06-05 21:00:25,bad,Lost,2026-08-08T04:42:28.022638+00:00,data/raw/transactions/shipments.csv
SHP00000968,WEB00000968,UPS,2026-05-01 01:42:01,2026-05-08 01:42:01,14.96,delivered ,2026-08-08T04:42:28.022638+00:00,data/raw/transactions/shipments.csv
SHP00000969,WEB00000969,FedEx,2026-04-09 03:24:59,2026-04-12 03:24:59,,delivered ,2026-08-08T04:42:28.022638+00:00,data/raw/transactions/shipments.csv
SHP00000972,WEB00000972,FedEx,2026-04-12 11:26:17,2026-04-16 11:26:17,,Lost,2026-08-08T04:42:28.022638+00:00,data/raw/transactions/shipments.csv
SHP00000980,WEB00000980,Regional,2026-04-10 18:13:35,2026-04-17 18:13:35,,In Transit,2026-08-08T04:42:28.022638+00:00,data/raw/transactions/shipments.csv
SHP00000983,WEB00000983,USPS,2026-04-04 11:44:43,2026-04-10 11:44:43,free,delivered ,2026-08-08T04:42:28.022638+00:00,data/raw/transactions/shipments.csv
SHP00000984,WEB00000984,FedEx,2026-05-22 15:29:11,2026-05-28 15:29:11,,In Transit,2026-08-08T04:42:28.022638+00:00,data/raw/transactions/shipments.csv
SHP00000985,WEB00000985,UPS,2026-05-10 22:38:22,2026-05-13 22:38:22,free,Lost,2026-08-08T04:42:28.022638+00:00,data/raw/transactions/shipments.csv
SHP00000986,WEB00000986,Regional,2026-05-14 02:44:19,2026-05-19 02:44:19,,Delivered,2026-08-08T04:42:28.022638+00:00,data/raw/transactions/shipments.csv
SHP00000994,WEB00000994,UPS,2026-04-30 11:29:32,2026-05-02 11:29:32,5.01,Delivered,2026-08-08T04:42:28.022638+00:00,data/raw/transactions/shipments.csv
SHP00000999,WEB00000999,USPS,2026-05-18 13:26:17,2026-05-20 13:26:17,,Delivered,2026-08-08T04:42:28.022638+00:00,data/raw/transactions/shipments.csv
SHP00001005,WEB00001005,Regional,2026-04-22 08:34:56,2026-04-28 08:34:56,free,Delivered,2026-08-08T04:42:28.022638+00:00,data/raw/transactions/shipments.csv
SHP00001007,WEB00001007,Regional,2026-04-20 11:32:12,2026-04-24 11:32:12,13.18,Lost,2026-08-08T04:42:28.022638+00:00,data/raw/transactions/shipments.csv
SHP00001013,WEB00001013,UPS,2026-04-16 07:22:41,2026-04-22 07:22:41,free,Lost,2026-08-08T04:42:28.022638+00:00,data/raw/transactions/shipments.csv
SHP00001015,WEB00001015,Regional,2026-04-06 18:35:37,2026-04-13 18:35:37,bad,delivered ,2026-08-08T04:42:28.022638+00:00,data/raw/transactions/shipments.csv
SHP00001016,WEB00001016,Regional,2026-05-30 20:10:59,2026-05-31 20:10:59,bad,Lost,2026-08-08T04:42:28.022638+00:00,data/raw/transactions/shipments.csv
SHP00001017,WEB00001017,USPS,2026-05-10 07:37:28,2026-05-11 07:37:28,free,Delayed,2026-08-08T04:42:28.022638+00:00,data/raw/transactions/shipments.csv
SHP00001025,WEB00001025,FedEx,2026-04-13 20:43:58,2026-04-14 20:43:58,free,In Transit,2026-08-08T04:42:28.022638+00:00,data/raw/transactions/shipments.csv
SHP00001032,WEB00001032,UPS,2026-04-10 21:05:18,2026-04-15 21:05:18,free,Lost,2026-08-08T04:42:28.022638+00:00,data/raw/transactions/shipments.csv
SHP00001036,WEB00001036,UPS,2026-06-01 08:55:33,2026-06-03 08:55:33,free,Lost,2026-08-08T04:42:28.022638+00:00,data/raw/transactions/shipments.csv
SHP00001038,WEB00001038,FedEx,2026-05-26 18:16:38,2026-06-01 18:16:38,bad,Delayed,2026-08-08T04:42:28.022638+00:00,data/raw/transactions/shipments.csv
SHP00001040,WEB00001040,UPS,2026-04-26 09:00:29,2026-05-03 09:00:29,18.61,delivered ,2026-08-08T04:42:28.022638+00:00,data/raw/transactions/shipments.csv
SHP00001041,WEB00001041,USPS,2026-05-25 03:18:54,2026-05-29 03:18:54,,delivered ,2026-08-08T04:42:28.022638+00:00,data/raw/transactions/shipments.csv
SHP00001046,WEB00001046,Regional,2026-05-10 19:02:22,2026-05-11 19:02:22,1.99,In Transit,2026-08-08T04:42:28.022638+00:00,data/raw/transactions/shipments.csv
SHP00001047,WEB00001047,Regional,2026-05-03 11:43:31,2026-05-09 11:43:31,9.76,delivered ,2026-08-08T04:42:28.022638+00:00,data/raw/transactions/shipments.csv
SHP00001053,WEB00001053,FedEx,2026-04-20 07:00:31,2026-04-26 07:00:31,free,delivered ,2026-08-08T04:42:28.022638+00:00,data/raw/transactions/shipments.csv
SHP00001056,WEB00001056,USPS,2026-05-14 23:01:26,2026-05-21 23:01:26,7.90,Lost,2026-08-08T04:42:28.022638+00:00,data/raw/transactions/shipments.csv
SHP00001060,WEB00001060,USPS,2026-04-06 00:27:44,2026-04-13 00:27:44,bad,Lost,2026-08-08T04:42:28.022638+00:00,data/raw/transactions/shipments.csv
SHP00001061,WEB00001061,FedEx,2026-05-15 02:49:33,2026-05-18 02:49:33,,Delayed,2026-08-08T04:42:28.022638+00:00,data/raw/transactions/shipments.csv
SHP00001062,WEB00001062,USPS,2026-05-20 05:36:39,2026-05-26 05:36:39,,Delivered,2026-08-08T04:42:28.022638+00:00,data/raw/transactions/shipments.csv
SHP00001065,WEB00001065,USPS,2026-05-23 21:41:52,2026-05-30 21:41:52,free,Lost,2026-08-08T04:42:28.022638+00:00,data/raw/transactions/shipments.csv
SHP00001066,WEB00001066,USPS,2026-04-08 09:34:56,2026-04-12 09:34:56,bad,Delayed,2026-08-08T04:42:28.022638+00:00,data/raw/transactions/shipments.csv
SHP00001067,WEB00001067,UPS,2026-04-08 14:04:05,2026-04-10 14:04:05,20.29,delivered ,2026-08-08T04:42:28.022638+00:00,data/raw/transactions/shipments.csv
SHP00001068,WEB00001068,UPS,2026-04-12 21:02:08,2026-04-15 21:02:08,free,Lost,2026-08-08T04:42:28.022638+00:00,data/raw/transactions/shipments.csv
SHP00001075,WEB00001075,UPS,2026-04-10 03:47:03,2026-04-16 03:47:03,20.14,In Transit,2026-08-08T04:42:28.022638+00:00,data/raw/transactions/shipments.csv
SHP00001081,WEB00001081,USPS,2026-04-10 14:08:32,2026-04-14 14:08:32,,In Transit,2026-08-08T04:42:28.022638+00:00,data/raw/transactions/shipments.csv
SHP00001082,WEB00001082,USPS,2026-05-20 19:58:13,2026-05-24 19:58:13,,In Transit,2026-08-08T04:42:28.022638+00:00,data/raw/transactions/shipments.csv
SHP00001083,WEB00001083,UPS,2026-05-02 06:47:54,2026-05-06 06:47:54,,Delivered,2026-08-08T04:42:28.022638+00:00,data/raw/transactions/shipments.csv
SHP00001085,WEB00001085,UPS,2026-04-10 13:20:45,2026-04-11 13:20:45,,Delivered,2026-08-08T04:42:28.022638+00:00,data/raw/transactions/shipments.csv
SHP00001088,WEB00001088,UPS,2026-04-04 12:49:21,2026-04-11 12:49:21,bad,delivered ,2026-08-08T04:42:28.022638+00:00,data/raw/transactions/shipments.csv
SHP00001090,WEB00001090,UPS,2026-04-10 13:28:20,2026-04-16 13:28:20,,Lost,2026-08-08T04:42:28.022638+00:00,data/raw/transactions/shipments.csv
SHP00001092,WEB00001092,Regional,2026-05-14 04:56:53,2026-05-18 04:56:53,bad,Lost,2026-08-08T04:42:28.022638+00:00,data/raw/transactions/shipments.csv
SHP00001093,WEB00001093,USPS,2026-05-25 06:50:15,2026-05-26 06:50:15,22.90,Delivered,2026-08-08T04:42:28.022638+00:00,data/raw/transactions/shipments.csv
SHP00001096,WEB00001096,UPS,2026-05-26 17:17:58,2026-06-01 17:17:58,bad,Lost,2026-08-08T04:42:28.022638+00:00,data/raw/transactions/shipments.csv
SHP00001098,WEB00001098,USPS,2026-05-02 02:30:40,2026-05-03 02:30:40,8.35,In Transit,2026-08-08T04:42:28.022638+00:00,data/raw/transactions/shipments.csv
SHP00001103,WEB00001103,Regional,2026-04-10 21:50:57,2026-04-14 21:50:57,bad,delivered ,2026-08-08T04:42:28.022638+00:00,data/raw/transactions/shipments.csv
SHP00001110,WEB00001110,USPS,2026-04-08 08:21:36,2026-04-09 08:21:36,,Delayed,2026-08-08T04:42:28.022638+00:00,data/raw/transactions/shipments.csv
SHP00001112,WEB00001112,Regional,2026-05-14 09:46:20,2026-05-20 09:46:20,10.57,Lost,2026-08-08T04:42:28.022638+00:00,data/raw/transactions/shipments.csv
SHP00001114,WEB00001114,Regional,2026-04-16 12:12:33,2026-04-21 12:12:33,free,In Transit,2026-08-08T04:42:28.022638+00:00,data/raw/transactions/shipments.csv
SHP00001115,WEB00001115,FedEx,2026-04-13 20:44:51,2026-04-14 20:44:51,,Delayed,2026-08-08T04:42:28.022638+00:00,data/raw/transactions/shipments.csv
SHP00001116,WEB00001116,USPS,2026-05-24 22:45:22,2026-05-29 22:45:22,bad,Delivered,2026-08-08T04:42:28.022638+00:00,data/raw/transactions/shipments.csv
SHP00001118,WEB00001118,UPS,2026-04-13 03:19:46,2026-04-15 03:19:46,,Lost,2026-08-08T04:42:28.022638+00:00,data/raw/transactions/shipments.csv
SHP00001119,WEB00001119,Regional,2026-05-02 15:44:40,2026-05-04 15:44:40,free,Delayed,2026-08-08T04:42:28.022638+00:00,data/raw/transactions/shipments.csv
SHP00001125,WEB00001125,UPS,2026-04-27 17:20:45,2026-04-28 17:20:45,,Delivered,2026-08-08T04:42:28.022638+00:00,data/raw/transactions/shipments.csv
SHP00001129,WEB00001129,USPS,2026-05-01 16:03:58,2026-05-04 16:03:58,bad,Delayed,2026-08-08T04:42:28.022638+00:00,data/raw/transactions/shipments.csv
SHP00001131,WEB00001131,UPS,2026-04-10 19:49:38,2026-04-13 19:49:38,bad,delivered ,2026-08-08T04:42:28.022638+00:00,data/raw/transactions/shipments.csv
SHP00001136,WEB00001136,UPS,2026-05-29 16:57:43,2026-05-31 16:57:43,bad,In Transit,2026-08-08T04:42:28.022638+00:00,data/raw/transactions/shipments.csv
SHP00001137,WEB00001137,Regional,2026-05-24 09:21:01,2026-05-26 09:21:01,free,Delayed,2026-08-08T04:42:28.022638+00:00,data/raw/transactions/shipments.csv
SHP00001138,WEB00001138,FedEx,2026-04-05 18:08:38,2026-04-06 18:08:38,free,delivered ,2026-08-08T04:42:28.022638+00:00,data/raw/transactions/shipments.csv
SHP00001144,WEB00001144,USPS,2026-04-10 02:06:40,2026-04-12 02:06:40,14.17,Delayed,2026-08-08T04:42:28.022638+00:00,data/raw/transactions/shipments.csv
SHP00001147,WEB00001147,USPS,2026-04-15 20:56:16,2026-04-22 20:56:16,,Lost,2026-08-08T04:42:28.022638+00:00,data/raw/transactions/shipments.csv
SHP00001148,WEB00001148,Regional,2026-05-16 17:29:11,2026-05-20 17:29:11,bad,Lost,2026-08-08T04:42:28.022638+00:00,data/raw/transactions/shipments.csv
SHP00001149,WEB00001149,USPS,2026-05-12 05:36:56,2026-05-17 05:36:56,free,delivered ,2026-08-08T04:42:28.022638+00:00,data/raw/transactions/shipments.csv
SHP00001150,WEB00001150,FedEx,2026-04-16 12:30:49,2026-04-17 12:30:49,,delivered ,2026-08-08T04:42:28.022638+00:00,data/raw/transactions/shipments.csv
SHP00001151,WEB00001151,USPS,2026-05-28 20:44:13,2026-05-30 20:44:13,,Lost,2026-08-08T04:42:28.022638+00:00,data/raw/transactions/shipments.csv
SHP00001153,WEB00001153,UPS,2026-05-16 01:26:20,2026-05-23 01:26:20,,Delivered,2026-08-08T04:42:28.022638+00:00,data/raw/transactions/shipments.csv
SHP00001158,WEB00001158,Regional,2026-05-10 10:15:55,2026-05-15 10:15:55,17.06,Delayed,2026-08-08T04:42:28.022638+00:00,data/raw/transactions/shipments.csv
SHP00001160,WEB00001160,FedEx,2026-04-10 19:04:10,2026-04-15 19:04:10,3.59,In Transit,2026-08-08T04:42:28.022638+00:00,data/raw/transactions/shipments.csv
SHP00001167,WEB00001167,Regional,2026-04-12 21:22:09,2026-04-16 21:22:09,,Delivered,2026-08-08T04:42:28.022638+00:00,data/raw/transactions/shipments.csv
SHP00001169,WEB00001169,FedEx,2026-05-16 00:40:53,2026-05-23 00:40:53,,Lost,2026-08-08T04:42:28.022638+00:00,data/raw/transactions/shipments.csv
SHP00001170,WEB00001170,FedEx,2026-04-20 17:18:06,2026-04-26 17:18:06,bad,delivered ,2026-08-08T04:42:28.022638+00:00,data/raw/transactions/shipments.csv
SHP00001173,WEB00001173,USPS,2026-04-04 18:24:56,2026-04-08 18:24:56,,Lost,2026-08-08T04:42:28.022638+00:00,data/raw/transactions/shipments.csv
SHP00001176,WEB00001176,FedEx,2026-04-08 17:30:49,2026-04-12 17:30:49,bad,Delivered,2026-08-08T04:42:28.022638+00:00,data/raw/transactions/shipments.csv
SHP00001180,WEB00001180,Regional,2026-04-09 09:58:08,2026-04-15 09:58:08,,In Transit,2026-08-08T04:42:28.022638+00:00,data/raw/transactions/shipments.csv
SHP00001184,WEB00001184,USPS,2026-04-11 00:21:09,2026-04-15 00:21:09,bad,In Transit,2026-08-08T04:42:28.022638+00:00,data/raw/transactions/shipments.csv
SHP00001185,WEB00001185,Regional,2026-05-01 03:59:29,2026-05-08 03:59:29,free,Delivered,2026-08-08T04:42:28.022638+00:00,data/raw/transactions/shipments.csv
SHP00001187,WEB00001187,UPS,2026-05-27 11:59:45,2026-05-28 11:59:45,free,Delivered,2026-08-08T04:42:28.022638+00:00,data/raw/transactions/shipments.csv
SHP00001191,WEB00001191,Regional,2026-05-07 00:30:54,2026-05-12 00:30:54,bad,Lost,2026-08-08T04:42:28.022638+00:00,data/raw/transactions/shipments.csv
SHP00001192,WEB00001192,UPS,2026-05-23 03:58:37,2026-05-25 03:58:37,free,delivered ,2026-08-08T04:42:28.022638+00:00,data/raw/transactions/shipments.csv
SHP00001196,WEB00001196,Regional,2026-05-01 12:44:10,2026-05-06 12:44:10,12.93,In Transit,2026-08-08T04:42:28.022638+00:00,data/raw/transactions/shipments.csv
SHP00001203,WEB00001203,FedEx,2026-05-16 11:57:31,2026-05-18 11:57:31,,delivered ,2026-08-08T04:42:28.022638+00:00,data/raw/transactions/shipments.csv
SHP00001205,WEB00001205,Regional,2026-05-23 13:35:20,2026-05-25 13:35:20,free,delivered ,2026-08-08T04:42:28.022638+00:00,data/raw/transactions/shipments.csv
SHP00001207,WEB00001207,USPS,2026-04-12 18:24:34,2026-04-16 18:24:34,,Delayed,2026-08-08T04:42:28.022638+00:00,data/raw/transactions/shipments.csv
SHP00001208,WEB00001208,UPS,2026-04-22 11:51:38,2026-04-23 11:51:38,11.80,Delayed,2026-08-08T04:42:28.022638+00:00,data/raw/transactions/shipments.csv
SHP00001210,WEB00001210,UPS,2026-05-15 20:31:33,2026-05-20 20:31:33,11.59,In Transit,2026-08-08T04:42:28.022638+00:00,data/raw/transactions/shipments.csv
SHP00001211,WEB00001211,Regional,2026-05-25 03:03:32,2026-05-29 03:03:32,bad,delivered ,2026-08-08T04:42:28.022638+00:00,data/raw/transactions/shipments.csv
SHP00001213,WEB00001213,UPS,2026-05-01 22:58:23,2026-05-04 22:58:23,,In Transit,2026-08-08T04:42:28.022638+00:00,data/raw/transactions/shipments.csv
SHP00001216,WEB00001216,Regional,2026-04-03 17:57:12,2026-04-09 17:57:12,,Lost,2026-08-08T04:42:28.022638+00:00,data/raw/transactions/shipments.csv
SHP00001220,WEB00001220,USPS,2026-05-16 00:20:35,2026-05-18 00:20:35,bad,Delayed,2026-08-08T04:42:28.022638+00:00,data/raw/transactions/shipments.csv
SHP00001226,WEB00001226,UPS,2026-04-22 20:01:09,2026-04-25 20:01:09,free,In Transit,2026-08-08T04:42:28.022638+00:00,data/raw/transactions/shipments.csv
SHP00001227,WEB00001227,Regional,2026-05-09 04:12:21,2026-05-11 04:12:21,free,Delivered,2026-08-08T04:42:28.022638+00:00,data/raw/transactions/shipments.csv
SHP00001236,WEB00001236,Regional,2026-05-31 08:32:25,2026-06-07 08:32:25,,Delivered,2026-08-08T04:42:28.022638+00:00,data/raw/transactions/shipments.csv
SHP00001238,WEB00001238,UPS,2026-04-05 06:42:16,,21.67,Delayed,2026-08-08T04:42:28.022638+00:00,data/raw/transactions/shipments.csv
SHP00001239,WEB00001239,Regional,2026-05-03 14:33:41,2026-05-05 14:33:41,free,Delayed,2026-08-08T04:42:28.022638+00:00,data/raw/transactions/shipments.csv
SHP00001240,WEB00001240,USPS,2026-05-30 02:22:21,2026-06-06 02:22:21,,Lost,2026-08-08T04:42:28.022638+00:00,data/raw/transactions/shipments.csv
SHP00001242,WEB00001242,Regional,2026-05-08 05:40:05,2026-05-11 05:40:05,,Lost,2026-08-08T04:42:28.022638+00:00,data/raw/transactions/shipments.csv
SHP00001246,WEB00001246,USPS,2026-05-15 10:05:12,2026-05-20 10:05:12,free,In Transit,2026-08-08T04:42:28.022638+00:00,data/raw/transactions/shipments.csv
SHP00001248,WEB00001248,FedEx,2026-05-22 20:47:48,2026-05-29 20:47:48,22.16,Delayed,2026-08-08T04:42:28.022638+00:00,data/raw/transactions/shipments.csv
SHP00001249,WEB00001249,UPS,2026-04-27 12:21:56,2026-05-04 12:21:56,24.28,delivered ,2026-08-08T04:42:28.022638+00:00,data/raw/transactions/shipments.csv
SHP00001251,WEB00001251,UPS,2026-05-31 22:46:00,2026-06-02 22:46:00,bad,Delayed,2026-08-08T04:42:28.022638+00:00,data/raw/transactions/shipments.csv
SHP00001259,WEB00001259,FedEx,2026-04-10 03:20:29,,free,In Transit,2026-08-08T04:42:28.022638+00:00,data/raw/transactions/shipments.csv
SHP00001265,WEB00001265,FedEx,2026-05-02 21:40:55,2026-05-07 21:40:55,free,Delivered,2026-08-08T04:42:28.022638+00:00,data/raw/transactions/shipments.csv
SHP00001268,WEB00001268,FedEx,2026-06-02 12:27:50,2026-06-07 12:27:50,bad,Lost,2026-08-08T04:42:28.022638+00:00,data/raw/transactions/shipments.csv
SHP00001269,WEB00001269,UPS,2026-06-01 14:04:10,2026-06-02 14:04:10,15.42,Delayed,2026-08-08T04:42:28.022638+00:00,data/raw/transactions/shipments.csv
SHP00001272,WEB00001272,UPS,2026-05-20 12:19:06,2026-05-24 12:19:06,free,Delayed,2026-08-08T04:42:28.022638+00:00,data/raw/transactions/shipments.csv
SHP00001275,WEB00001275,UPS,2026-04-10 21:52:51,2026-04-14 21:52:51,,Delayed,2026-08-08T04:42:28.022638+00:00,data/raw/transactions/shipments.csv
SHP00001276,WEB00001276,USPS,2026-05-27 00:22:40,2026-05-29 00:22:40,free,In Transit,2026-08-08T04:42:28.022638+00:00,data/raw/transactions/shipments.csv
SHP00001281,WEB00001281,UPS,2026-04-06 04:02:12,2026-04-07 04:02:12,free,In Transit,2026-08-08T04:42:28.022638+00:00,data/raw/transactions/shipments.csv
SHP00001284,WEB00001284,Regional,2026-05-18 11:30:15,2026-05-23 11:30:15,16.54,delivered ,2026-08-08T04:42:28.022638+00:00,data/raw/transactions/shipments.csv
SHP00001286,WEB00001286,UPS,2026-04-09 15:45:35,2026-04-13 15:45:35,free,In Transit,2026-08-08T04:42:28.022638+00:00,data/raw/transactions/shipments.csv
SHP00001287,WEB00001287,UPS,2026-05-27 20:29:31,,,delivered ,2026-08-08T04:42:28.022638+00:00,data/raw/transactions/shipments.csv
SHP00001292,WEB00001292,Regional,2026-04-07 04:00:14,2026-04-09 04:00:14,free,Delayed,2026-08-08T04:42:28.022638+00:00,data/raw/transactions/shipments.csv
SHP00001294,WEB00001294,USPS,2026-04-20 09:40:10,2026-04-23 09:40:10,free,Lost,2026-08-08T04:42:28.022638+00:00,data/raw/transactions/shipments.csv
SHP00001296,WEB00001296,UPS,2026-05-05 10:16:38,2026-05-10 10:16:38,,Lost,2026-08-08T04:42:28.022638+00:00,data/raw/transactions/shipments.csv
SHP00001297,WEB00001297,Regional,2026-04-22 06:15:36,2026-04-27 06:15:36,bad,Delayed,2026-08-08T04:42:28.022638+00:00,data/raw/transactions/shipments.csv
SHP00001300,WEB00001300,UPS,2026-05-03 14:29:39,2026-05-07 14:29:39,free,In Transit,2026-08-08T04:42:28.022638+00:00,data/raw/transactions/shipments.csv
SHP00001302,WEB00001302,FedEx,2026-04-08 08:57:18,2026-04-12 08:57:18,bad,delivered ,2026-08-08T04:42:28.022638+00:00,data/raw/transactions/shipments.csv
SHP00001305,WEB00001305,FedEx,2026-05-03 06:37:36,2026-05-04 06:37:36,bad,Lost,2026-08-08T04:42:28.022638+00:00,data/raw/transactions/shipments.csv
SHP00001306,WEB00001306,FedEx,2026-04-07 01:26:29,2026-04-09 01:26:29,bad,Delayed,2026-08-08T04:42:28.022638+00:00,data/raw/transactions/shipments.csv
SHP00001310,WEB00001310,USPS,2026-04-24 05:05:15,2026-04-25 05:05:15,9.09,delivered ,2026-08-08T04:42:28.022638+00:00,data/raw/transactions/shipments.csv
SHP00001315,WEB00001315,USPS,2026-05-30 00:59:03,2026-06-01 00:59:03,free,Delivered,2026-08-08T04:42:28.022638+00:00,data/raw/transactions/shipments.csv
SHP00001322,WEB00001322,USPS,2026-04-09 08:02:33,2026-04-15 08:02:33,bad,Lost,2026-08-08T04:42:28.022638+00:00,data/raw/transactions/shipments.csv
SHP00001324,WEB00001324,FedEx,2026-04-11 02:58:33,,free,Delivered,2026-08-08T04:42:28.022638+00:00,data/raw/transactions/shipments.csv
SHP00001328,WEB00001328,FedEx,2026-04-07 22:11:27,2026-04-10 22:11:27,,Delayed,2026-08-08T04:42:28.022638+00:00,data/raw/transactions/shipments.csv
SHP00001332,WEB00001332,UPS,2026-04-25 08:06:33,2026-04-29 08:06:33,free,Delivered,2026-08-08T04:42:28.022638+00:00,data/raw/transactions/shipments.csv
SHP00001333,WEB00001333,USPS,2026-04-30 01:15:34,2026-05-05 01:15:34,free,delivered ,2026-08-08T04:42:28.022638+00:00,data/raw/transactions/shipments.csv
SHP00001335,WEB00001335,FedEx,2026-04-07 06:32:01,2026-04-14 06:32:01,free,In Transit,2026-08-08T04:42:28.022638+00:00,data/raw/transactions/shipments.csv
SHP00001336,WEB00001336,UPS,2026-05-25 19:31:21,2026-05-28 19:31:21,,In Transit,2026-08-08T04:42:28.022638+00:00,data/raw/transactions/shipments.csv
SHP00001337,WEB00001337,FedEx,2026-05-05 06:39:39,2026-05-07 06:39:39,free,Lost,2026-08-08T04:42:28.022638+00:00,data/raw/transactions/shipments.csv
SHP00001340,WEB00001340,UPS,2026-05-25 21:56:15,2026-05-30 21:56:15,14.02,Delayed,2026-08-08T04:42:28.022638+00:00,data/raw/transactions/shipments.csv
SHP00001342,WEB00001342,UPS,2026-05-05 03:20:42,2026-05-07 03:20:42,bad,Delivered,2026-08-08T04:42:28.022638+00:00,data/raw/transactions/shipments.csv
SHP00001344,WEB00001344,FedEx,2026-04-07 14:56:16,2026-04-12 14:56:16,,Delayed,2026-08-08T04:42:28.022638+00:00,data/raw/transactions/shipments.csv
SHP00001348,WEB00001348,Regional,2026-05-21 14:47:26,2026-05-25 14:47:26,5.47,Lost,2026-08-08T04:42:28.022638+00:00,data/raw/transactions/shipments.csv
SHP00001351,WEB00001351,Regional,2026-04-21 02:12:08,2026-04-28 02:12:08,bad,delivered ,2026-08-08T04:42:28.022638+00:00,data/raw/transactions/shipments.csv
SHP00001353,WEB00001353,USPS,2026-05-30 05:52:48,2026-06-03 05:52:48,,Delayed,2026-08-08T04:42:28.022638+00:00,data/raw/transactions/shipments.csv
SHP00001355,WEB00001355,FedEx,2026-05-11 07:01:17,2026-05-12 07:01:17,,delivered ,2026-08-08T04:42:28.022638+00:00,data/raw/transactions/shipments.csv
SHP00001356,WEB00001356,UPS,2026-05-29 18:26:14,2026-06-05 18:26:14,free,In Transit,2026-08-08T04:42:28.022638+00:00,data/raw/transactions/shipments.csv
SHP00001358,WEB00001358,FedEx,2026-04-19 12:23:14,2026-04-25 12:23:14,,delivered ,2026-08-08T04:42:28.022638+00:00,data/raw/transactions/shipments.csv
SHP00001360,WEB00001360,UPS,2026-05-15 09:23:33,2026-05-17 09:23:33,free,In Transit,2026-08-08T04:42:28.022638+00:00,data/raw/transactions/shipments.csv
SHP00001365,WEB00001365,UPS,2026-05-24 11:51:02,2026-05-31 11:51:02,,Delayed,2026-08-08T04:42:28.022638+00:00,data/raw/transactions/shipments.csv
SHP00001372,WEB00001372,UPS,2026-04-10 04:25:39,2026-04-11 04:25:39,19.60,Delayed,2026-08-08T04:42:28.022638+00:00,data/raw/transactions/shipments.csv
SHP00001373,WEB00001373,Regional,2026-05-14 12:48:16,2026-05-19 12:48:16,13.00,Delayed,2026-08-08T04:42:28.022638+00:00,data/raw/transactions/shipments.csv
SHP00001374,WEB00001374,Regional,2026-05-26 11:14:56,2026-06-02 11:14:56,,In Transit,2026-08-08T04:42:28.022638+00:00,data/raw/transactions/shipments.csv
SHP00001381,WEB00001381,FedEx,2026-05-26 11:36:27,2026-05-29 11:36:27,5.10,Delayed,2026-08-08T04:42:28.022638+00:00,data/raw/transactions/shipments.csv
SHP00001389,WEB00001389,FedEx,2026-05-17 03:43:25,2026-05-21 03:43:25,,Delivered,2026-08-08T04:42:28.022638+00:00,data/raw/transactions/shipments.csv
SHP00001392,WEB00001392,UPS,2026-05-06 22:35:12,2026-05-11 22:35:12,23.40,In Transit,2026-08-08T04:42:28.022638+00:00,data/raw/transactions/shipments.csv
SHP00001393,WEB00001393,FedEx,2026-05-05 05:17:30,2026-05-08 05:17:30,19.40,Lost,2026-08-08T04:42:28.022638+00:00,data/raw/transactions/shipments.csv
SHP00001396,WEB00001396,FedEx,2026-05-09 13:59:11,2026-05-13 13:59:11,,In Transit,2026-08-08T04:42:28.022638+00:00,data/raw/transactions/shipments.csv
SHP00001399,WEB00001399,UPS,2026-04-28 12:01:32,2026-05-01 12:01:32,bad,Delivered,2026-08-08T04:42:28.022638+00:00,data/raw/transactions/shipments.csv
SHP00001409,WEB00001409,USPS,2026-05-02 23:30:55,2026-05-05 23:30:55,free,In Transit,2026-08-08T04:42:28.022638+00:00,data/raw/transactions/shipments.csv
SHP00001410,WEB00001410,Regional,2026-04-11 09:22:58,2026-04-12 09:22:58,,Delivered,2026-08-08T04:42:28.022638+00:00,data/raw/transactions/shipments.csv
SHP00001413,WEB00001413,Regional,2026-04-19 15:47:58,2026-04-25 15:47:58,,Delivered,2026-08-08T04:42:28.022638+00:00,data/raw/transactions/shipments.csv
SHP00001414,WEB00001414,UPS,2026-04-04 03:32:56,2026-04-07 03:32:56,,delivered ,2026-08-08T04:42:28.022638+00:00,data/raw/transactions/shipments.csv
SHP00001417,WEB00001417,FedEx,2026-04-06 06:56:20,2026-04-12 06:56:20,bad,Lost,2026-08-08T04:42:28.022638+00:00,data/raw/transactions/shipments.csv
SHP00001422,WEB00001422,FedEx,2026-04-26 12:59:43,2026-05-01 12:59:43,free,Delivered,2026-08-08T04:42:28.022638+00:00,data/raw/transactions/shipments.csv
SHP00001429,WEB00001429,FedEx,2026-05-13 06:27:46,2026-05-18 06:27:46,1.45,In Transit,2026-08-08T04:42:28.022638+00:00,data/raw/transactions/shipments.csv
SHP00001430,WEB00001430,USPS,2026-06-03 09:40:17,2026-06-08 09:40:17,free,Delivered,2026-08-08T04:42:28.022638+00:00,data/raw/transactions/shipments.csv
SHP00001431,WEB00001431,UPS,2026-04-09 00:14:45,2026-04-13 00:14:45,,Delayed,2026-08-08T04:42:28.022638+00:00,data/raw/transactions/shipments.csv
SHP00001438,WEB00001438,Regional,2026-05-30 22:54:18,2026-06-03 22:54:18,free,Delayed,2026-08-08T04:42:28.022638+00:00,data/raw/transactions/shipments.csv
SHP00001441,WEB00001441,USPS,2026-04-25 19:23:16,2026-05-01 19:23:16,5.17,Delayed,2026-08-08T04:42:28.022638+00:00,data/raw/transactions/shipments.csv
SHP00001443,WEB00001443,FedEx,2026-04-09 22:16:38,2026-04-11 22:16:38,bad,Delayed,2026-08-08T04:42:28.022638+00:00,data/raw/transactions/shipments.csv
SHP00001445,WEB00001445,FedEx,2026-05-19 09:10:53,2026-05-26 09:10:53,16.63,In Transit,2026-08-08T04:42:28.022638+00:00,data/raw/transactions/shipments.csv
SHP00001447,WEB00001447,Regional,2026-04-27 18:04:54,2026-05-03 18:04:54,,In Transit,2026-08-08T04:42:28.022638+00:00,data/raw/transactions/shipments.csv
SHP00001448,WEB00001448,USPS,2026-04-06 05:12:16,2026-04-07 05:12:16,free,Delayed,2026-08-08T04:42:28.022638+00:00,data/raw/transactions/shipments.csv
SHP00001449,WEB00001449,FedEx,2026-05-06 08:28:55,2026-05-09 08:28:55,free,Delivered,2026-08-08T04:42:28.022638+00:00,data/raw/transactions/shipments.csv
SHP00001453,WEB00001453,USPS,2026-04-13 00:58:11,2026-04-16 00:58:11,15.84,Delayed,2026-08-08T04:42:28.022638+00:00,data/raw/transactions/shipments.csv
SHP00001456,WEB00001456,FedEx,2026-05-30 08:10:43,2026-06-03 08:10:43,2.85,In Transit,2026-08-08T04:42:28.022638+00:00,data/raw/transactions/shipments.csv
SHP00001471,WEB00001471,UPS,2026-05-17 07:24:31,2026-05-24 07:24:31,,Delayed,2026-08-08T04:42:28.022638+00:00,data/raw/transactions/shipments.csv
SHP00001478,WEB00001478,Regional,2026-04-27 07:23:31,2026-04-30 07:23:31,free,Delivered,2026-08-08T04:42:28.022638+00:00,data/raw/transactions/shipments.csv
SHP00001479,WEB00001479,USPS,2026-05-10 23:40:39,2026-05-16 23:40:39,bad,delivered ,2026-08-08T04:42:28.022638+00:00,data/raw/transactions/shipments.csv
SHP00001480,WEB00001480,FedEx,2026-04-14 08:02:57,2026-04-20 08:02:57,bad,delivered ,2026-08-08T04:42:28.022638+00:00,data/raw/transactions/shipments.csv
SHP00001482,WEB00001482,FedEx,2026-05-26 13:34:56,2026-06-02 13:34:56,,delivered ,2026-08-08T04:42:28.022638+00:00,data/raw/transactions/shipments.csv
SHP00001486,WEB00001486,FedEx,2026-04-24 22:44:12,2026-04-28 22:44:12,bad,Lost,2026-08-08T04:42:28.022638+00:00,data/raw/transactions/shipments.csv
SHP00001488,WEB00001488,USPS,2026-05-30 21:47:42,2026-06-02 21:47:42,,Delayed,2026-08-08T04:42:28.022638+00:00,data/raw/transactions/shipments.csv
SHP00001489,WEB00001489,USPS,2026-05-26 13:12:13,2026-05-27 13:12:13,free,Lost,2026-08-08T04:42:28.022638+00:00,data/raw/transactions/shipments.csv
SHP00001490,WEB00001490,UPS,2026-05-07 11:40:46,2026-05-08 11:40:46,23.23,delivered ,2026-08-08T04:42:28.022638+00:00,data/raw/transactions/shipments.csv
SHP00001495,WEB00001495,UPS,2026-05-12 05:14:35,2026-05-16 05:14:35,bad,Lost,2026-08-08T04:42:28.022638+00:00,data/raw/transactions/shipments.csv
SHP00001497,WEB00001497,USPS,2026-05-15 12:28:21,2026-05-20 12:28:21,22.72,delivered ,2026-08-08T04:42:28.022638+00:00,data/raw/transactions/shipments.csv
SHP00001498,WEB00001498,FedEx,2026-05-22 16:52:18,2026-05-27 16:52:18,0.19,In Transit,2026-08-08T04:42:28.022638+00:00,data/raw/transactions/shipments.csv
SHP00001499,WEB00001499,USPS,2026-04-12 01:20:06,2026-04-14 01:20:06,bad,delivered ,2026-08-08T04:42:28.022638+00:00,data/raw/transactions/shipments.csv
SHP00001504,WEB00001504,FedEx,2026-05-06 23:00:13,2026-05-09 23:00:13,bad,Delivered,2026-08-08T04:42:28.022638+00:00,data/raw/transactions/shipments.csv
SHP00001505,WEB00001505,UPS,2026-04-25 03:19:54,2026-04-26 03:19:54,,In Transit,2026-08-08T04:42:28.022638+00:00,data/raw/transactions/shipments.csv
SHP00001506,WEB00001506,UPS,2026-04-10 03:45:05,2026-04-14 03:45:05,24.81,Delayed,2026-08-08T04:42:28.022638+00:00,data/raw/transactions/shipments.csv
SHP00001508,WEB00001508,FedEx,2026-04-26 02:34:57,2026-04-30 02:34:57,free,Lost,2026-08-08T04:42:28.022638+00:00,data/raw/transactions/shipments.csv
SHP00001509,WEB00001509,FedEx,2026-05-30 16:04:53,2026-06-03 16:04:53,1.90,Lost,2026-08-08T04:42:28.022638+00:00,data/raw/transactions/shipments.csv
SHP00001513,WEB00001513,UPS,2026-04-30 14:58:51,2026-05-03 14:58:51,free,Delayed,2026-08-08T04:42:28.022638+00:00,data/raw/transactions/shipments.csv
SHP00001518,WEB00001518,Regional,2026-06-01 23:35:28,2026-06-07 23:35:28,bad,In Transit,2026-08-08T04:42:28.022638+00:00,data/raw/transactions/shipments.csv
SHP00001521,WEB00001521,Regional,2026-04-16 14:46:59,2026-04-20 14:46:59,free,Delivered,2026-08-08T04:42:28.022638+00:00,data/raw/transactions/shipments.csv
SHP00001523,WEB00001523,USPS,2026-05-27 04:25:50,2026-06-03 04:25:50,,Lost,2026-08-08T04:42:28.022638+00:00,data/raw/transactions/shipments.csv
SHP00001524,WEB00001524,Regional,2026-04-06 10:40:06,2026-04-08 10:40:06,bad,Delayed,2026-08-08T04:42:28.022638+00:00,data/raw/transactions/shipments.csv
SHP00001528,WEB00001528,USPS,2026-05-10 19:11:37,2026-05-11 19:11:37,8.31,delivered ,2026-08-08T04:42:28.022638+00:00,data/raw/transactions/shipments.csv
SHP00001530,WEB00001530,Regional,2026-05-26 02:42:47,2026-05-29 02:42:47,6.19,In Transit,2026-08-08T04:42:28.022638+00:00,data/raw/transactions/shipments.csv
SHP00001532,WEB00001532,UPS,2026-04-02 11:01:28,2026-04-04 11:01:28,5.08,delivered ,2026-08-08T04:42:28.022638+00:00,data/raw/transactions/shipments.csv
SHP00001533,WEB00001533,FedEx,2026-05-19 14:13:44,2026-05-26 14:13:44,,Delivered,2026-08-08T04:42:28.022638+00:00,data/raw/transactions/shipments.csv
SHP00001536,WEB00001536,FedEx,2026-05-23 02:23:20,2026-05-24 02:23:20,bad,Lost,2026-08-08T04:42:28.022638+00:00,data/raw/transactions/shipments.csv
SHP00001538,WEB00001538,USPS,2026-04-08 05:03:37,2026-04-13 05:03:37,14.73,Delayed,2026-08-08T04:42:28.022638+00:00,data/raw/transactions/shipments.csv
SHP00001547,WEB00001547,Regional,2026-04-25 18:13:56,2026-05-01 18:13:56,,Delivered,2026-08-08T04:42:28.022638+00:00,data/raw/transactions/shipments.csv
SHP00001562,WEB00001562,Regional,2026-05-22 12:15:46,2026-05-29 12:15:46,bad,delivered ,2026-08-08T04:42:28.022638+00:00,data/raw/transactions/shipments.csv
SHP00001563,WEB00001563,UPS,2026-04-23 19:46:45,2026-04-25 19:46:45,14.28,Delivered,2026-08-08T04:42:28.022638+00:00,data/raw/transactions/shipments.csv
SHP00001564,WEB00001564,UPS,2026-04-18 02:56:50,2026-04-21 02:56:50,13.02,Delivered,2026-08-08T04:42:28.022638+00:00,data/raw/transactions/shipments.csv
SHP00001568,WEB00001568,UPS,2026-05-09 08:36:14,2026-05-14 08:36:14,,delivered ,2026-08-08T04:42:28.022638+00:00,data/raw/transactions/shipments.csv
SHP00001572,WEB00001572,UPS,2026-05-15 10:30:40,,,In Transit,2026-08-08T04:42:28.022638+00:00,data/raw/transactions/shipments.csv
SHP00001576,WEB00001576,USPS,2026-04-27 19:46:26,2026-04-30 19:46:26,9.28,Lost,2026-08-08T04:42:28.022638+00:00,data/raw/transactions/shipments.csv
SHP00001577,WEB00001577,FedEx,2026-05-29 11:53:16,2026-06-02 11:53:16,,Lost,2026-08-08T04:42:28.022638+00:00,data/raw/transactions/shipments.csv
SHP00001581,WEB00001581,USPS,2026-04-24 16:33:01,2026-05-01 16:33:01,4.91,delivered ,2026-08-08T04:42:28.022638+00:00,data/raw/transactions/shipments.csv
SHP00001582,WEB00001582,USPS,2026-04-10 22:03:43,2026-04-12 22:03:43,free,Delivered,2026-08-08T04:42:28.022638+00:00,data/raw/transactions/shipments.csv
SHP00001584,WEB00001584,UPS,2026-04-20 11:27:00,2026-04-22 11:27:00,,In Transit,2026-08-08T04:42:28.022638+00:00,data/raw/transactions/shipments.csv
SHP00001585,WEB00001585,USPS,2026-05-08 19:27:21,2026-05-13 19:27:21,bad,Lost,2026-08-08T04:42:28.022638+00:00,data/raw/transactions/shipments.csv
SHP00001587,WEB00001587,Regional,2026-05-10 12:43:53,2026-05-17 12:43:53,,Delivered,2026-08-08T04:42:28.022638+00:00,data/raw/transactions/shipments.csv
SHP00001593,WEB00001593,USPS,2026-04-09 20:29:25,2026-04-11 20:29:25,,Delivered,2026-08-08T04:42:28.022638+00:00,data/raw/transactions/shipments.csv
SHP00001599,WEB00001599,Regional,2026-04-10 06:51:52,2026-04-11 06:51:52,free,delivered ,2026-08-08T04:42:28.022638+00:00,data/raw/transactions/shipments.csv
SHP00001601,WEB00001601,USPS,2026-06-01 22:42:09,2026-06-06 22:42:09,4.70,Delayed,2026-08-08T04:42:28.022638+00:00,data/raw/transactions/shipments.csv
SHP00001602,WEB00001602,FedEx,2026-05-01 04:44:05,2026-05-07 04:44:05,,In Transit,2026-08-08T04:42:28.022638+00:00,data/raw/transactions/shipments.csv
SHP00001607,WEB00001607,UPS,2026-04-03 09:29:40,2026-04-10 09:29:40,free,Delayed,2026-08-08T04:42:28.022638+00:00,data/raw/transactions/shipments.csv
SHP00001610,WEB00001610,FedEx,2026-06-02 08:05:55,2026-06-04 08:05:55,,Lost,2026-08-08T04:42:28.022638+00:00,data/raw/transactions/shipments.csv
SHP00001613,WEB00001613,UPS,2026-04-25 00:30:34,2026-04-29 00:30:34,17.38,Delivered,2026-08-08T04:42:28.022638+00:00,data/raw/transactions/shipments.csv
SHP00001614,WEB00001614,FedEx,2026-04-30 14:33:56,2026-05-06 14:33:56,free,delivered ,2026-08-08T04:42:28.022638+00:00,data/raw/transactions/shipments.csv
SHP00001615,WEB00001615,UPS,2026-04-11 07:39:02,2026-04-16 07:39:02,,Lost,2026-08-08T04:42:28.022638+00:00,data/raw/transactions/shipments.csv
SHP00001625,WEB00001625,FedEx,2026-05-24 12:33:40,2026-05-31 12:33:40,bad,Delivered,2026-08-08T04:42:28.022638+00:00,data/raw/transactions/shipments.csv
SHP00001626,WEB00001626,Regional,2026-04-15 06:49:46,2026-04-22 06:49:46,free,delivered ,2026-08-08T04:42:28.022638+00:00,data/raw/transactions/shipments.csv
SHP00001629,WEB00001629,UPS,2026-04-22 14:41:40,2026-04-28 14:41:40,free,Delivered,2026-08-08T04:42:28.022638+00:00,data/raw/transactions/shipments.csv
SHP00001630,WEB00001630,Regional,2026-05-14 21:23:06,2026-05-15 21:23:06,,Lost,2026-08-08T04:42:28.022638+00:00,data/raw/transactions/shipments.csv
SHP00001631,WEB00001631,FedEx,2026-05-23 08:13:11,2026-05-24 08:13:11,19.89,Delivered,2026-08-08T04:42:28.022638+00:00,data/raw/transactions/shipments.csv
SHP00001641,WEB00001641,Regional,2026-05-06 18:50:12,2026-05-08 18:50:12,free,Lost,2026-08-08T04:42:28.022638+00:00,data/raw/transactions/shipments.csv
SHP00001644,WEB00001644,FedEx,2026-05-22 19:50:24,2026-05-29 19:50:24,7.59,In Transit,2026-08-08T04:42:28.022638+00:00,data/raw/transactions/shipments.csv
SHP00001652,WEB00001652,USPS,2026-05-09 01:45:09,2026-05-11 01:45:09,,delivered ,2026-08-08T04:42:28.022638+00:00,data/raw/transactions/shipments.csv
SHP00001653,WEB00001653,FedEx,2026-04-13 06:38:20,2026-04-14 06:38:20,,Lost,2026-08-08T04:42:28.022638+00:00,data/raw/transactions/shipments.csv
SHP00001654,WEB00001654,USPS,2026-05-31 06:29:04,2026-06-06 06:29:04,2.45,In Transit,2026-08-08T04:42:28.022638+00:00,data/raw/transactions/shipments.csv
SHP00001655,WEB00001655,FedEx,2026-05-25 09:27:09,2026-06-01 09:27:09,,Lost,2026-08-08T04:42:28.022638+00:00,data/raw/transactions/shipments.csv
SHP00001660,WEB00001660,FedEx,2026-04-26 20:58:32,2026-04-28 20:58:32,2.39,In Transit,2026-08-08T04:42:28.022638+00:00,data/raw/transactions/shipments.csv
SHP00001662,WEB00001662,USPS,2026-05-29 07:07:24,2026-05-30 07:07:24,free,delivered ,2026-08-08T04:42:28.022638+00:00,data/raw/transactions/shipments.csv
SHP00001669,WEB00001669,FedEx,2026-05-23 22:50:17,2026-05-28 22:50:17,,delivered ,2026-08-08T04:42:28.022638+00:00,data/raw/transactions/shipments.csv
SHP00001672,WEB00001672,UPS,2026-04-07 21:52:15,2026-04-12 21:52:15,,Delayed,2026-08-08T04:42:28.022638+00:00,data/raw/transactions/shipments.csv
SHP00001675,WEB00001675,USPS,2026-05-08 08:37:51,2026-05-12 08:37:51,19.66,In Transit,2026-08-08T04:42:28.022638+00:00,data/raw/transactions/shipments.csv
SHP00001676,WEB00001676,USPS,2026-04-10 11:51:44,2026-04-14 11:51:44,free,Delayed,2026-08-08T04:42:28.022638+00:00,data/raw/transactions/shipments.csv
SHP00001677,WEB00001677,FedEx,2026-04-04 21:57:02,2026-04-07 21:57:02,,Delayed,2026-08-08T04:42:28.022638+00:00,data/raw/transactions/shipments.csv
SHP00001678,WEB00001678,UPS,2026-04-21 17:21:14,2026-04-27 17:21:14,,delivered ,2026-08-08T04:42:28.022638+00:00,data/raw/transactions/shipments.csv
SHP00001681,WEB00001681,USPS,2026-04-19 01:21:01,2026-04-23 01:21:01,,Delivered,2026-08-08T04:42:28.022638+00:00,data/raw/transactions/shipments.csv
SHP00001689,WEB00001689,Regional,2026-05-10 18:02:23,2026-05-13 18:02:23,,Lost,2026-08-08T04:42:28.022638+00:00,data/raw/transactions/shipments.csv
SHP00001695,WEB00001695,FedEx,2026-04-23 11:53:09,2026-04-24 11:53:09,bad,delivered ,2026-08-08T04:42:28.022638+00:00,data/raw/transactions/shipments.csv
SHP00001700,WEB00001700,UPS,2026-05-02 12:00:34,,,Delayed,2026-08-08T04:42:28.022638+00:00,data/raw/transactions/shipments.csv
SHP00001702,WEB00001702,UPS,2026-05-31 22:35:46,2026-06-06 22:35:46,bad,delivered ,2026-08-08T04:42:28.022638+00:00,data/raw/transactions/shipments.csv
SHP00001706,WEB00001706,Regional,2026-05-22 23:06:40,2026-05-26 23:06:40,free,Lost,2026-08-08T04:42:28.022638+00:00,data/raw/transactions/shipments.csv
SHP00001710,WEB00001710,FedEx,2026-05-26 02:46:17,2026-05-30 02:46:17,7.36,delivered ,2026-08-08T04:42:28.022638+00:00,data/raw/transactions/shipments.csv
SHP00001714,WEB00001714,USPS,2026-04-05 03:33:14,2026-04-06 03:33:14,free,Lost,2026-08-08T04:42:28.022638+00:00,data/raw/transactions/shipments.csv
SHP00001715,WEB00001715,USPS,2026-04-26 04:50:05,2026-05-03 04:50:05,22.84,In Transit,2026-08-08T04:42:28.022638+00:00,data/raw/transactions/shipments.csv
SHP00001717,WEB00001717,USPS,2026-05-23 10:31:47,2026-05-30 10:31:47,bad,delivered ,2026-08-08T04:42:28.022638+00:00,data/raw/transactions/shipments.csv
SHP00001721,WEB00001721,USPS,2026-05-14 09:54:29,2026-05-21 09:54:29,bad,delivered ,2026-08-08T04:42:28.022638+00:00,data/raw/transactions/shipments.csv
SHP00001728,WEB00001728,UPS,2026-04-19 03:16:18,2026-04-23 03:16:18,bad,In Transit,2026-08-08T04:42:28.022638+00:00,data/raw/transactions/shipments.csv
SHP00001732,WEB00001732,USPS,2026-04-26 01:09:54,2026-04-28 01:09:54,12.33,delivered ,2026-08-08T04:42:28.022638+00:00,data/raw/transactions/shipments.csv
SHP00001733,WEB00001733,UPS,2026-04-09 16:26:37,2026-04-10 16:26:37,,Lost,2026-08-08T04:42:28.022638+00:00,data/raw/transactions/shipments.csv
SHP00001738,WEB00001738,USPS,2026-05-20 01:41:10,2026-05-23 01:41:10,bad,Delayed,2026-08-08T04:42:28.022638+00:00,data/raw/transactions/shipments.csv
SHP00001742,WEB00001742,UPS,2026-06-01 08:40:07,2026-06-05 08:40:07,bad,Delivered,2026-08-08T04:42:28.022638+00:00,data/raw/transactions/shipments.csv
SHP00001743,WEB00001743,UPS,2026-05-15 17:39:54,2026-05-17 17:39:54,bad,delivered ,2026-08-08T04:42:28.022638+00:00,data/raw/transactions/shipments.csv
SHP00001745,WEB_BAD,UPS,2026-04-28 00:46:07,2026-05-03 00:46:07,free,In Transit,2026-08-08T04:42:28.022638+00:00,data/raw/transactions/shipments.csv
SHP00001746,WEB00001746,Regional,2026-05-24 04:48:42,2026-05-31 04:48:42,free,Lost,2026-08-08T04:42:28.022638+00:00,data/raw/transactions/shipments.csv
SHP00001748,WEB00001748,USPS,2026-04-06 11:09:20,2026-04-09 11:09:20,10.68,Delivered,2026-08-08T04:42:28.022638+00:00,data/raw/transactions/shipments.csv
SHP00001754,WEB00001754,UPS,2026-05-25 09:54:25,2026-05-27 09:54:25,free,Lost,2026-08-08T04:42:28.022638+00:00,data/raw/transactions/shipments.csv
SHP00001759,WEB00001759,Regional,2026-05-01 18:30:26,2026-05-07 18:30:26,18.76,Lost,2026-08-08T04:42:28.022638+00:00,data/raw/transactions/shipments.csv
SHP00001761,WEB00001761,UPS,2026-04-28 23:03:32,2026-05-04 23:03:32,bad,Delivered,2026-08-08T04:42:28.022638+00:00,data/raw/transactions/shipments.csv
SHP00001768,WEB00001768,Regional,2026-06-01 05:38:10,2026-06-08 05:38:10,free,Lost,2026-08-08T04:42:28.022638+00:00,data/raw/transactions/shipments.csv
SHP00001770,WEB00001770,UPS,2026-04-22 00:35:07,,20.04,Delivered,2026-08-08T04:42:28.022638+00:00,data/raw/transactions/shipments.csv
SHP00001774,WEB00001774,Regional,2026-05-29 18:53:06,2026-05-30 18:53:06,free,In Transit,2026-08-08T04:42:28.022638+00:00,data/raw/transactions/shipments.csv
SHP00001775,WEB00001775,Regional,2026-04-12 17:13:10,2026-04-13 17:13:10,free,Lost,2026-08-08T04:42:28.022638+00:00,data/raw/transactions/shipments.csv
SHP00001776,WEB00001776,FedEx,2026-04-23 10:16:59,2026-04-27 10:16:59,free,Lost,2026-08-08T04:42:28.022638+00:00,data/raw/transactions/shipments.csv
SHP00001778,WEB00001778,Regional,2026-05-04 15:24:33,2026-05-06 15:24:33,13.15,delivered ,2026-08-08T04:42:28.022638+00:00,data/raw/transactions/shipments.csv
SHP00001780,WEB00001780,UPS,2026-04-06 02:44:41,2026-04-09 02:44:41,bad,Delivered,2026-08-08T04:42:28.022638+00:00,data/raw/transactions/shipments.csv
SHP00001781,WEB00001781,Regional,2026-04-14 20:41:24,2026-04-15 20:41:24,,delivered ,2026-08-08T04:42:28.022638+00:00,data/raw/transactions/shipments.csv
SHP00001787,WEB00001787,Regional,2026-05-27 12:29:51,2026-05-31 12:29:51,free,Lost,2026-08-08T04:42:28.022638+00:00,data/raw/transactions/shipments.csv
SHP00001791,WEB00001791,UPS,2026-04-15 13:14:50,2026-04-22 13:14:50,bad,Delayed,2026-08-08T04:42:28.022638+00:00,data/raw/transactions/shipments.csv
SHP00001792,WEB00001792,USPS,2026-04-20 03:44:07,2026-04-23 03:44:07,,In Transit,2026-08-08T04:42:28.022638+00:00,data/raw/transactions/shipments.csv
SHP00001794,WEB00001794,UPS,2026-05-07 20:19:14,2026-05-11 20:19:14,,Delivered,2026-08-08T04:42:28.022638+00:00,data/raw/transactions/shipments.csv
SHP00001796,WEB00001796,UPS,2026-05-29 16:42:55,2026-06-05 16:42:55,15.47,In Transit,2026-08-08T04:42:28.022638+00:00,data/raw/transactions/shipments.csv
SHP00001797,WEB00001797,UPS,2026-05-02 14:24:53,2026-05-06 14:24:53,,Lost,2026-08-08T04:42:28.022638+00:00,data/raw/transactions/shipments.csv
SHP00001799,WEB00001799,UPS,2026-05-13 16:21:27,2026-05-19 16:21:27,,Lost,2026-08-08T04:42:28.022638+00:00,data/raw/transactions/shipments.csv
SHP00001801,WEB00001801,FedEx,2026-04-12 03:17:40,2026-04-17 03:17:40,,In Transit,2026-08-08T04:42:28.022638+00:00,data/raw/transactions/shipments.csv
SHP00001803,WEB00001803,UPS,2026-04-25 18:03:46,2026-04-30 18:03:46,,Delivered,2026-08-08T04:42:28.022638+00:00,data/raw/transactions/shipments.csv
SHP00001805,WEB00001805,Regional,2026-04-25 01:21:53,2026-04-28 01:21:53,free,In Transit,2026-08-08T04:42:28.022638+00:00,data/raw/transactions/shipments.csv
SHP00001807,WEB00001807,Regional,2026-06-01 20:53:28,2026-06-07 20:53:28,4.98,In Transit,2026-08-08T04:42:28.022638+00:00,data/raw/transactions/shipments.csv
SHP00001814,WEB00001814,FedEx,2026-05-26 20:00:21,,bad,In Transit,2026-08-08T04:42:28.022638+00:00,data/raw/transactions/shipments.csv
SHP00001817,WEB00001817,Regional,2026-04-10 10:53:51,2026-04-15 10:53:51,0.92,In Transit,2026-08-08T04:42:28.022638+00:00,data/raw/transactions/shipments.csv
SHP00001819,WEB00001819,Regional,2026-05-25 20:27:32,2026-05-27 20:27:32,free,Delayed,2026-08-08T04:42:28.022638+00:00,data/raw/transactions/shipments.csv
SHP00001821,WEB00001821,Regional,2026-05-19 22:59:44,2026-05-22 22:59:44,,Delivered,2026-08-08T04:42:28.022638+00:00,data/raw/transactions/shipments.csv
SHP00001822,WEB00001822,UPS,2026-04-21 09:59:43,2026-04-25 09:59:43,10.42,Delayed,2026-08-08T04:42:28.022638+00:00,data/raw/transactions/shipments.csv
SHP00001823,WEB00001823,Regional,2026-05-31 10:52:08,2026-06-06 10:52:08,free,Lost,2026-08-08T04:42:28.022638+00:00,data/raw/transactions/shipments.csv
SHP00001824,WEB00001824,FedEx,2026-04-26 23:13:16,2026-04-30 23:13:16,,delivered ,2026-08-08T04:42:28.022638+00:00,data/raw/transactions/shipments.csv
SHP00001825,WEB00001825,FedEx,2026-05-29 15:46:14,2026-06-01 15:46:14,1.65,delivered ,2026-08-08T04:42:28.022638+00:00,data/raw/transactions/shipments.csv
SHP00001831,WEB00001831,FedEx,2026-04-24 21:30:20,2026-04-28 21:30:20,bad,Delivered,2026-08-08T04:42:28.022638+00:00,data/raw/transactions/shipments.csv
SHP00001836,WEB00001836,Regional,2026-05-19 17:04:21,2026-05-23 17:04:21,bad,delivered ,2026-08-08T04:42:28.022638+00:00,data/raw/transactions/shipments.csv
SHP00001837,WEB00001837,Regional,2026-04-05 02:32:32,2026-04-12 02:32:32,,delivered ,2026-08-08T04:42:28.022638+00:00,data/raw/transactions/shipments.csv
SHP00001838,WEB00001838,UPS,2026-05-02 05:51:38,2026-05-03 05:51:38,bad,Delayed,2026-08-08T04:42:28.022638+00:00,data/raw/transactions/shipments.csv
SHP00001840,WEB00001840,Regional,2026-04-06 03:51:18,2026-04-13 03:51:18,21.98,Delayed,2026-08-08T04:42:28.022638+00:00,data/raw/transactions/shipments.csv
SHP00001842,WEB00001842,FedEx,2026-05-06 00:25:07,2026-05-11 00:25:07,,Delayed,2026-08-08T04:42:28.022638+00:00,data/raw/transactions/shipments.csv
SHP00001850,WEB00001850,USPS,2026-05-08 10:32:19,2026-05-13 10:32:19,bad,Delivered,2026-08-08T04:42:28.022638+00:00,data/raw/transactions/shipments.csv
SHP00001851,WEB00001851,UPS,2026-05-08 04:26:07,2026-05-12 04:26:07,free,delivered ,2026-08-08T04:42:28.022638+00:00,data/raw/transactions/shipments.csv
SHP00001856,WEB00001856,UPS,2026-05-14 14:36:37,2026-05-21 14:36:37,24.70,Delayed,2026-08-08T04:42:28.022638+00:00,data/raw/transactions/shipments.csv
SHP00001860,WEB00001860,USPS,2026-04-13 21:54:23,2026-04-16 21:54:23,free,Delayed,2026-08-08T04:42:28.022638+00:00,data/raw/transactions/shipments.csv
SHP00001861,WEB00001861,UPS,2026-04-27 16:01:05,2026-05-02 16:01:05,free,delivered ,2026-08-08T04:42:28.022638+00:00,data/raw/transactions/shipments.csv
SHP00001865,WEB00001865,UPS,2026-05-17 13:37:31,2026-05-20 13:37:31,free,Delayed,2026-08-08T04:42:28.022638+00:00,data/raw/transactions/shipments.csv
SHP00001866,WEB00001866,USPS,2026-04-15 12:41:31,2026-04-20 12:41:31,16.63,In Transit,2026-08-08T04:42:28.022638+00:00,data/raw/transactions/shipments.csv
SHP00001868,WEB00001868,USPS,2026-05-10 13:16:34,2026-05-11 13:16:34,bad,In Transit,2026-08-08T04:42:28.022638+00:00,data/raw/transactions/shipments.csv
SHP00001871,WEB00001871,Regional,2026-04-23 02:04:27,2026-04-26 02:04:27,,Delayed,2026-08-08T04:42:28.022638+00:00,data/raw/transactions/shipments.csv
SHP00001873,WEB00001873,UPS,2026-05-06 21:11:19,2026-05-07 21:11:19,bad,Delivered,2026-08-08T04:42:28.022638+00:00,data/raw/transactions/shipments.csv
SHP00001874,WEB00001874,Regional,2026-05-22 15:56:59,2026-05-29 15:56:59,,delivered ,2026-08-08T04:42:28.022638+00:00,data/raw/transactions/shipments.csv
SHP00001876,WEB00001876,USPS,2026-05-24 21:27:23,2026-05-31 21:27:23,bad,Lost,2026-08-08T04:42:28.022638+00:00,data/raw/transactions/shipments.csv
SHP00001881,WEB00001881,USPS,2026-05-13 04:09:08,2026-05-18 04:09:08,bad,In Transit,2026-08-08T04:42:28.022638+00:00,data/raw/transactions/shipments.csv
SHP00001890,WEB00001890,FedEx,2026-05-08 11:56:40,2026-05-15 11:56:40,free,Delayed,2026-08-08T04:42:28.022638+00:00,data/raw/transactions/shipments.csv
SHP00001891,WEB00001891,FedEx,2026-04-17 06:58:09,2026-04-19 06:58:09,,Delayed,2026-08-08T04:42:28.022638+00:00,data/raw/transactions/shipments.csv
SHP00001900,WEB00001900,UPS,2026-04-14 15:11:59,2026-04-18 15:11:59,bad,delivered ,2026-08-08T04:42:28.022638+00:00,data/raw/transactions/shipments.csv
SHP00001903,WEB00001903,FedEx,2026-05-05 14:03:19,2026-05-11 14:03:19,6.80,delivered ,2026-08-08T04:42:28.022638+00:00,data/raw/transactions/shipments.csv
SHP00001907,WEB00001907,FedEx,2026-04-16 19:34:55,2026-04-20 19:34:55,free,In Transit,2026-08-08T04:42:28.022638+00:00,data/raw/transactions/shipments.csv
SHP00001913,WEB00001913,FedEx,2026-04-19 09:03:18,2026-04-22 09:03:18,bad,delivered ,2026-08-08T04:42:28.022638+00:00,data/raw/transactions/shipments.csv
SHP00001914,WEB00001914,UPS,2026-06-02 01:59:35,2026-06-03 01:59:35,bad,delivered ,2026-08-08T04:42:28.022638+00:00,data/raw/transactions/shipments.csv
SHP00001916,WEB00001916,FedEx,2026-04-09 08:12:24,2026-04-11 08:12:24,,Delivered,2026-08-08T04:42:28.022638+00:00,data/raw/transactions/shipments.csv
SHP00001918,WEB00001918,Regional,2026-05-12 18:40:20,2026-05-15 18:40:20,free,Delivered,2026-08-08T04:42:28.022638+00:00,data/raw/transactions/shipments.csv
SHP00001924,WEB00001924,Regional,2026-05-20 13:53:14,2026-05-27 13:53:14,free,In Transit,2026-08-08T04:42:28.022638+00:00,data/raw/transactions/shipments.csv
SHP00001925,WEB00001925,UPS,2026-05-30 15:53:54,2026-06-06 15:53:54,1.25,Lost,2026-08-08T04:42:28.022638+00:00,data/raw/transactions/shipments.csv
SHP00001928,WEB00001928,USPS,2026-04-13 13:05:11,2026-04-20 13:05:11,bad,Lost,2026-08-08T04:42:28.022638+00:00,data/raw/transactions/shipments.csv
SHP00001929,WEB00001929,USPS,2026-04-14 00:02:23,2026-04-16 00:02:23,,In Transit,2026-08-08T04:42:28.022638+00:00,data/raw/transactions/shipments.csv
SHP00001931,WEB00001931,UPS,2026-04-23 18:02:42,2026-04-25 18:02:42,bad,Lost,2026-08-08T04:42:28.022638+00:00,data/raw/transactions/shipments.csv
SHP00001936,WEB00001936,USPS,2026-05-01 14:10:05,2026-05-08 14:10:05,free,Delivered,2026-08-08T04:42:28.022638+00:00,data/raw/transactions/shipments.csv
SHP00001940,WEB00001940,USPS,2026-05-25 16:20:49,2026-05-28 16:20:49,,Delayed,2026-08-08T04:42:28.022638+00:00,data/raw/transactions/shipments.csv
SHP00001942,WEB00001942,FedEx,2026-04-16 08:24:53,2026-04-22 08:24:53,19.08,Delivered,2026-08-08T04:42:28.022638+00:00,data/raw/transactions/shipments.csv
SHP00001949,WEB00001949,UPS,2026-05-25 03:29:17,2026-05-27 03:29:17,18.79,Delayed,2026-08-08T04:42:28.022638+00:00,data/raw/transactions/shipments.csv
SHP00001952,WEB00001952,Regional,2026-05-14 10:35:42,2026-05-16 10:35:42,11.14,Delayed,2026-08-08T04:42:28.022638+00:00,data/raw/transactions/shipments.csv
SHP00001955,WEB00001955,FedEx,2026-04-20 16:29:51,2026-04-24 16:29:51,free,In Transit,2026-08-08T04:42:28.022638+00:00,data/raw/transactions/shipments.csv
SHP00001956,WEB00001956,Regional,2026-04-25 19:35:34,2026-04-26 19:35:34,13.36,In Transit,2026-08-08T04:42:28.022638+00:00,data/raw/transactions/shipments.csv
SHP00001958,WEB00001958,USPS,2026-04-11 07:29:57,2026-04-12 07:29:57,9.25,In Transit,2026-08-08T04:42:28.022638+00:00,data/raw/transactions/shipments.csv
SHP00001960,WEB00001960,FedEx,2026-05-05 01:52:38,2026-05-11 01:52:38,free,delivered ,2026-08-08T04:42:28.022638+00:00,data/raw/transactions/shipments.csv
SHP00001968,WEB00001968,USPS,2026-04-28 11:17:16,2026-05-03 11:17:16,,Delivered,2026-08-08T04:42:28.022638+00:00,data/raw/transactions/shipments.csv
SHP00001971,WEB00001971,FedEx,2026-04-23 22:36:59,2026-04-27 22:36:59,free,delivered ,2026-08-08T04:42:28.022638+00:00,data/raw/transactions/shipments.csv
SHP00001976,WEB00001976,USPS,2026-04-24 16:44:15,2026-04-28 16:44:15,bad,Delayed,2026-08-08T04:42:28.022638+00:00,data/raw/transactions/shipments.csv
SHP00001978,WEB00001978,FedEx,2026-05-19 08:23:18,2026-05-24 08:23:18,free,delivered ,2026-08-08T04:42:28.022638+00:00,data/raw/transactions/shipments.csv
SHP00001979,WEB00001979,USPS,2026-05-30 23:09:06,2026-06-01 23:09:06,13.87,Delivered,2026-08-08T04:42:28.022638+00:00,data/raw/transactions/shipments.csv
SHP00001984,WEB00001984,Regional,2026-05-05 10:23:16,2026-05-10 10:23:16,4.69,Delivered,2026-08-08T04:42:28.022638+00:00,data/raw/transactions/shipments.csv
SHP00001987,WEB00001987,USPS,2026-05-18 06:31:54,,14.03,In Transit,2026-08-08T04:42:28.022638+00:00,data/raw/transactions/shipments.csv
SHP00001990,WEB00001990,UPS,2026-05-02 01:24:47,2026-05-06 01:24:47,13.45,In Transit,2026-08-08T04:42:28.022638+00:00,data/raw/transactions/shipments.csv
SHP00001992,WEB00001992,UPS,2026-04-03 15:03:23,2026-04-05 15:03:23,13.48,Delayed,2026-08-08T04:42:28.022638+00:00,data/raw/transactions/shipments.csv
SHP00001993,WEB00001993,Regional,2026-05-14 01:45:22,2026-05-18 01:45:22,,Lost,2026-08-08T04:42:28.022638+00:00,data/raw/transactions/shipments.csv
SHP00001996,WEB00001996,UPS,2026-04-10 08:47:04,2026-04-16 08:47:04,,In Transit,2026-08-08T04:42:28.022638+00:00,data/raw/transactions/shipments.csv
SHP00001999,WEB00001999,FedEx,2026-05-01 06:10:55,2026-05-08 06:10:55,bad,Delivered,2026-08-08T04:42:28.022638+00:00,data/raw/transactions/shipments.csv
SHP00002000,WEB00002000,UPS,2026-05-21 00:25:14,2026-05-24 00:25:14,10.18,Delivered,2026-08-08T04:42:28.022638+00:00,data/raw/transactions/shipments.csv
SHP00002005,WEB00002005,UPS,2026-04-26 15:17:54,2026-04-27 15:17:54,bad,Lost,2026-08-08T04:42:28.022638+00:00,data/raw/transactions/shipments.csv
SHP00002006,WEB00002006,FedEx,2026-05-24 21:39:05,2026-05-31 21:39:05,bad,Lost,2026-08-08T04:42:28.022638+00:00,data/raw/transactions/shipments.csv
SHP00002010,WEB00002010,UPS,2026-04-30 15:09:12,2026-05-06 15:09:12,19.65,Lost,2026-08-08T04:42:28.022638+00:00,data/raw/transactions/shipments.csv
SHP00002013,WEB00002013,UPS,2026-04-15 13:49:13,2026-04-16 13:49:13,,Delivered,2026-08-08T04:42:28.022638+00:00,data/raw/transactions/shipments.csv
SHP00002014,WEB00002014,USPS,2026-04-20 20:27:10,2026-04-26 20:27:10,bad,Delayed,2026-08-08T04:42:28.022638+00:00,data/raw/transactions/shipments.csv
SHP00002017,WEB00002017,USPS,2026-05-02 16:47:18,2026-05-08 16:47:18,free,delivered ,2026-08-08T04:42:28.022638+00:00,data/raw/transactions/shipments.csv
SHP00002019,WEB00002019,FedEx,2026-04-04 21:14:37,2026-04-10 21:14:37,,Delayed,2026-08-08T04:42:28.022638+00:00,data/raw/transactions/shipments.csv
SHP00002020,WEB00002020,USPS,2026-04-27 10:27:13,2026-05-04 10:27:13,bad,Delivered,2026-08-08T04:42:28.022638+00:00,data/raw/transactions/shipments.csv
SHP00002021,WEB00002021,USPS,2026-04-03 09:39:36,2026-04-05 09:39:36,free,delivered ,2026-08-08T04:42:28.022638+00:00,data/raw/transactions/shipments.csv
SHP00002022,WEB00002022,USPS,2026-04-11 08:44:08,2026-04-17 08:44:08,bad,delivered ,2026-08-08T04:42:28.022638+00:00,data/raw/transactions/shipments.csv
SHP00002023,WEB00002023,UPS,2026-05-05 11:33:39,2026-05-09 11:33:39,15.01,In Transit,2026-08-08T04:42:28.022638+00:00,data/raw/transactions/shipments.csv
SHP00002024,WEB00002024,Regional,2026-05-03 00:30:53,2026-05-09 00:30:53,free,Lost,2026-08-08T04:42:28.022638+00:00,data/raw/transactions/shipments.csv
SHP00002027,WEB00002027,UPS,2026-05-30 22:34:32,2026-06-02 22:34:32,free,Delivered,2026-08-08T04:42:28.022638+00:00,data/raw/transactions/shipments.csv
SHP00002028,WEB00002028,FedEx,2026-05-15 04:07:07,2026-05-16 04:07:07,free,Delayed,2026-08-08T04:42:28.022638+00:00,data/raw/transactions/shipments.csv
SHP00002029,WEB00002029,UPS,2026-05-04 01:52:56,2026-05-11 01:52:56,free,Delivered,2026-08-08T04:42:28.022638+00:00,data/raw/transactions/shipments.csv
SHP00002030,WEB00002030,USPS,2026-04-30 15:08:53,,free,Delayed,2026-08-08T04:42:28.022638+00:00,data/raw/transactions/shipments.csv
SHP00002031,WEB00002031,USPS,2026-04-24 10:50:35,2026-04-25 10:50:35,,In Transit,2026-08-08T04:42:28.022638+00:00,data/raw/transactions/shipments.csv
SHP00002035,WEB00002035,UPS,2026-05-23 14:15:17,2026-05-26 14:15:17,9.61,Delayed,2026-08-08T04:42:28.022638+00:00,data/raw/transactions/shipments.csv
SHP00002038,WEB00002038,USPS,2026-06-01 21:54:21,2026-06-07 21:54:21,bad,In Transit,2026-08-08T04:42:28.022638+00:00,data/raw/transactions/shipments.csv
SHP00002040,WEB00002040,Regional,2026-05-08 15:23:12,2026-05-13 15:23:12,free,Delivered,2026-08-08T04:42:28.022638+00:00,data/raw/transactions/shipments.csv
SHP00002044,WEB00002044,UPS,2026-05-23 04:29:57,2026-05-25 04:29:57,,delivered ,2026-08-08T04:42:28.022638+00:00,data/raw/transactions/shipments.csv
SHP00002051,WEB00002051,UPS,2026-04-10 09:16:17,2026-04-17 09:16:17,6.81,delivered ,2026-08-08T04:42:28.022638+00:00,data/raw/transactions/shipments.csv
SHP00002055,WEB00002055,UPS,2026-04-18 14:23:23,2026-04-22 14:23:23,bad,delivered ,2026-08-08T04:42:28.022638+00:00,data/raw/transactions/shipments.csv
SHP00002056,WEB00002056,USPS,2026-05-09 14:31:59,2026-05-11 14:31:59,bad,Delayed,2026-08-08T04:42:28.022638+00:00,data/raw/transactions/shipments.csv
SHP00002058,WEB00002058,UPS,2026-05-28 19:40:14,2026-06-03 19:40:14,1.10,Delivered,2026-08-08T04:42:28.022638+00:00,data/raw/transactions/shipments.csv
SHP00002060,WEB00002060,UPS,2026-05-18 21:50:27,2026-05-21 21:50:27,,Delayed,2026-08-08T04:42:28.022638+00:00,data/raw/transactions/shipments.csv
SHP00002063,WEB00002063,USPS,2026-04-30 18:47:37,2026-05-01 18:47:37,free,Lost,2026-08-08T04:42:28.022638+00:00,data/raw/transactions/shipments.csv
SHP00002065,WEB00002065,FedEx,2026-05-04 04:09:44,,,delivered ,2026-08-08T04:42:28.022638+00:00,data/raw/transactions/shipments.csv
SHP00002068,WEB00002068,FedEx,2026-04-16 05:30:08,2026-04-20 05:30:08,free,delivered ,2026-08-08T04:42:28.022638+00:00,data/raw/transactions/shipments.csv
SHP00002069,WEB00002069,Regional,2026-05-22 09:26:09,2026-05-28 09:26:09,free,Lost,2026-08-08T04:42:28.022638+00:00,data/raw/transactions/shipments.csv
SHP00002073,WEB00002073,FedEx,2026-05-08 07:05:42,2026-05-11 07:05:42,bad,In Transit,2026-08-08T04:42:28.022638+00:00,data/raw/transactions/shipments.csv
SHP00002074,WEB00002074,USPS,2026-05-05 14:08:07,2026-05-09 14:08:07,11.92,Delivered,2026-08-08T04:42:28.022638+00:00,data/raw/transactions/shipments.csv
SHP00002078,WEB00002078,USPS,2026-04-07 00:28:39,2026-04-08 00:28:39,,Delayed,2026-08-08T04:42:28.022638+00:00,data/raw/transactions/shipments.csv
SHP00002084,WEB00002084,Regional,2026-04-06 23:59:46,2026-04-12 23:59:46,bad,Delayed,2026-08-08T04:42:28.022638+00:00,data/raw/transactions/shipments.csv
SHP00002086,WEB00002086,UPS,2026-05-17 12:09:01,2026-05-22 12:09:01,free,Delayed,2026-08-08T04:42:28.022638+00:00,data/raw/transactions/shipments.csv
SHP00002089,WEB00002089,FedEx,2026-05-31 11:25:58,2026-06-04 11:25:58,bad,In Transit,2026-08-08T04:42:28.022638+00:00,data/raw/transactions/shipments.csv
SHP00002092,WEB00002092,USPS,2026-04-19 10:06:42,2026-04-20 10:06:42,free,delivered ,2026-08-08T04:42:28.022638+00:00,data/raw/transactions/shipments.csv
SHP00002098,WEB00002098,Regional,2026-04-30 07:58:23,2026-05-01 07:58:23,bad,Delivered,2026-08-08T04:42:28.022638+00:00,data/raw/transactions/shipments.csv
SHP00002099,WEB00002099,Regional,2026-04-11 00:26:09,2026-04-13 00:26:09,bad,Delayed,2026-08-08T04:42:28.022638+00:00,data/raw/transactions/shipments.csv
SHP00002101,WEB00002101,FedEx,2026-05-14 18:05:57,2026-05-19 18:05:57,,In Transit,2026-08-08T04:42:28.022638+00:00,data/raw/transactions/shipments.csv
SHP00002105,WEB00002105,FedEx,2026-05-16 17:10:55,2026-05-17 17:10:55,,Delayed,2026-08-08T04:42:28.022638+00:00,data/raw/transactions/shipments.csv
SHP00002106,WEB00002106,Regional,2026-05-01 18:03:29,2026-05-02 18:03:29,free,Delayed,2026-08-08T04:42:28.022638+00:00,data/raw/transactions/shipments.csv
SHP00002117,WEB00002117,FedEx,2026-04-03 07:53:31,2026-04-06 07:53:31,,In Transit,2026-08-08T04:42:28.022638+00:00,data/raw/transactions/shipments.csv
SHP00002118,WEB00002118,FedEx,2026-04-09 16:58:50,2026-04-14 16:58:50,24.61,Delayed,2026-08-08T04:42:28.022638+00:00,data/raw/transactions/shipments.csv
SHP00002125,WEB00002125,Regional,2026-05-08 00:26:01,2026-05-15 00:26:01,,Delayed,2026-08-08T04:42:28.022638+00:00,data/raw/transactions/shipments.csv
SHP00002130,WEB00002130,FedEx,2026-05-14 19:46:39,2026-05-20 19:46:39,free,Lost,2026-08-08T04:42:28.022638+00:00,data/raw/transactions/shipments.csv
SHP00002131,WEB00002131,UPS,2026-05-16 02:39:09,2026-05-18 02:39:09,,delivered ,2026-08-08T04:42:28.022638+00:00,data/raw/transactions/shipments.csv
SHP00002132,WEB00002132,FedEx,2026-05-05 20:22:11,2026-05-06 20:22:11,,Delivered,2026-08-08T04:42:28.022638+00:00,data/raw/transactions/shipments.csv
SHP00002134,WEB00002134,Regional,2026-05-23 19:42:58,2026-05-28 19:42:58,,delivered ,2026-08-08T04:42:28.022638+00:00,data/raw/transactions/shipments.csv
SHP00002135,WEB00002135,Regional,2026-06-01 04:36:19,2026-06-06 04:36:19,bad,Delayed,2026-08-08T04:42:28.022638+00:00,data/raw/transactions/shipments.csv
SHP00002141,WEB00002141,USPS,2026-05-25 05:46:02,,free,Lost,2026-08-08T04:42:28.022638+00:00,data/raw/transactions/shipments.csv
SHP00002147,WEB00002147,Regional,2026-04-26 13:52:59,2026-04-30 13:52:59,bad,In Transit,2026-08-08T04:42:28.022638+00:00,data/raw/transactions/shipments.csv
SHP00002152,WEB00002152,UPS,2026-05-24 15:27:44,2026-05-25 15:27:44,bad,In Transit,2026-08-08T04:42:28.022638+00:00,data/raw/transactions/shipments.csv
SHP00002154,WEB00002154,USPS,2026-05-30 20:19:39,2026-06-02 20:19:39,,In Transit,2026-08-08T04:42:28.022638+00:00,data/raw/transactions/shipments.csv
SHP00002156,WEB00002156,Regional,2026-05-28 13:16:32,2026-05-31 13:16:32,free,Delivered,2026-08-08T04:42:28.022638+00:00,data/raw/transactions/shipments.csv
SHP00002158,WEB00002158,UPS,2026-05-21 00:20:25,2026-05-26 00:20:25,free,Lost,2026-08-08T04:42:28.022638+00:00,data/raw/transactions/shipments.csv
SHP00002159,WEB00002159,FedEx,2026-04-18 23:55:42,2026-04-23 23:55:42,bad,Delayed,2026-08-08T04:42:28.022638+00:00,data/raw/transactions/shipments.csv
SHP00002161,WEB00002161,UPS,2026-04-15 16:05:38,2026-04-20 16:05:38,17.74,Delayed,2026-08-08T04:42:28.022638+00:00,data/raw/transactions/shipments.csv
SHP00002162,WEB00002162,USPS,2026-05-19 08:11:32,2026-05-22 08:11:32,free,Delayed,2026-08-08T04:42:28.022638+00:00,data/raw/transactions/shipments.csv
SHP00002163,WEB00002163,USPS,2026-04-30 11:28:06,2026-05-03 11:28:06,free,Delayed,2026-08-08T04:42:28.022638+00:00,data/raw/transactions/shipments.csv
SHP00002165,WEB00002165,UPS,2026-04-02 09:44:38,2026-04-06 09:44:38,,Delivered,2026-08-08T04:42:28.022638+00:00,data/raw/transactions/shipments.csv
SHP00002167,WEB00002167,Regional,2026-04-18 07:36:33,2026-04-19 07:36:33,bad,Lost,2026-08-08T04:42:28.022638+00:00,data/raw/transactions/shipments.csv
SHP00002171,WEB00002171,UPS,2026-05-20 18:36:47,2026-05-26 18:36:47,1.18,Delayed,2026-08-08T04:42:28.022638+00:00,data/raw/transactions/shipments.csv
SHP00002178,WEB00002178,Regional,2026-05-13 19:37:58,2026-05-17 19:37:58,,Delayed,2026-08-08T04:42:28.022638+00:00,data/raw/transactions/shipments.csv
SHP00002180,WEB00002180,USPS,2026-04-07 09:37:47,2026-04-12 09:37:47,bad,delivered ,2026-08-08T04:42:28.022638+00:00,data/raw/transactions/shipments.csv
SHP00002181,WEB_BAD,UPS,2026-04-13 04:33:50,2026-04-17 04:33:50,20.34,Delivered,2026-08-08T04:42:28.022638+00:00,data/raw/transactions/shipments.csv
SHP00002182,WEB00002182,Regional,2026-04-25 00:53:54,2026-04-30 00:53:54,16.77,Delivered,2026-08-08T04:42:28.022638+00:00,data/raw/transactions/shipments.csv
SHP00002193,WEB00002193,Regional,2026-05-13 05:12:33,2026-05-16 05:12:33,bad,In Transit,2026-08-08T04:42:28.022638+00:00,data/raw/transactions/shipments.csv
SHP00002196,WEB00002196,USPS,2026-04-05 00:44:36,2026-04-09 00:44:36,9.48,Delayed,2026-08-08T04:42:28.022638+00:00,data/raw/transactions/shipments.csv
SHP00002199,WEB00002199,UPS,2026-05-03 01:17:52,2026-05-06 01:17:52,free,Lost,2026-08-08T04:42:28.022638+00:00,data/raw/transactions/shipments.csv
SHP00002200,WEB00002200,FedEx,2026-04-29 17:20:10,2026-05-04 17:20:10,12.98,delivered ,2026-08-08T04:42:28.022638+00:00,data/raw/transactions/shipments.csv
