customer_id,customer_name,customer_segment,city,region,signup_date,credit_class,autopay_flag,active_flag,_ingested_at_utc,_source_file,_source_system
CUST00000001,Alex Kim 1,Enterprise,Denver,West,2022-02-05,B,0,Y,2026-09-11T04:28:49.990377+00:00,data/raw/master/customers.csv,customers
CUST00000002,Jordan Garcia 2,Enterprise,Portland,West,06/20/2025,C,0,Y,2026-09-11T04:28:49.990377+00:00,data/raw/master/customers.csv,customers
CUST00000003,Taylor Lee 3,Small Business,Jacksonville,Southeast,11/15/2020,A,Y,Y,2026-09-11T04:28:49.990377+00:00,data/raw/master/customers.csv,customers
CUST00000004,Morgan Kim 4,Government,Indianapolis,Midwest,08/28/2022,D,No,N,2026-09-11T04:28:49.990377+00:00,data/raw/master/customers.csv,customers
CUST00000005,Alex Kim 5,Consumer,Nashville,Southeast,04/13/2019,a,No,Y,2026-09-11T04:28:49.990377+00:00,data/raw/master/customers.csv,customers
CUST00000006,Jordan Smith 6,Consumer,Detroit,Midwest,07/23/2022,B,Yes,Y,2026-09-11T04:28:49.990377+00:00,data/raw/master/customers.csv,customers
CUST00000007,Morgan Kim 7,Consumer,Denver,West,2019-10-21,C,Yes,Y,2026-09-11T04:28:49.990377+00:00,data/raw/master/customers.csv,customers
CUST00000008,Morgan Brown 8,Enterprise,Detroit,Midwest,02/23/2024,C,Yes,True,2026-09-11T04:28:49.990377+00:00,data/raw/master/customers.csv,customers
CUST00000009,Casey Lee 9,Government,Albuquerque,Southwest,2024-07-23,B,0,N,2026-09-11T04:28:49.990377+00:00,data/raw/master/customers.csv,customers
CUST00000010,Morgan Garcia 10,Consumer,Columbus,Midwest,10/24/2020,C,1,Y,2026-09-11T04:28:49.990377+00:00,data/raw/master/customers.csv,customers
CUST00000011,Alex Kim 11,Government,Jacksonville,Southeast,2022-09-20,D,Y,N,2026-09-11T04:28:49.990377+00:00,data/raw/master/customers.csv,customers
CUST00000012,Casey Brown 12,Small Business,Columbus,Midwest,2020-09-11,A,N,Y,2026-09-11T04:28:49.990377+00:00,data/raw/master/customers.csv,customers
CUST00000013,Taylor Garcia 13,Consumer,Jacksonville,Southeast,2018-06-03,D,N,N,2026-09-11T04:28:49.990377+00:00,data/raw/master/customers.csv,customers
CUST00000014,Taylor Smith 14,Government,Jacksonville,Southeast,01/31/2019,B,Yes,Y,2026-09-11T04:28:49.990377+00:00,data/raw/master/customers.csv,customers
CUST00000015,Riley Garcia 15,consumer ,Detroit,Midwest,2020-11-11,a,N,True,2026-09-11T04:28:49.990377+00:00,data/raw/master/customers.csv,customers
CUST00000016,Taylor Garcia 16,Enterprise,Dallas,Southwest,05/25/2022,C,No,N,2026-09-11T04:28:49.990377+00:00,data/raw/master/customers.csv,customers
CUST00000017,Riley Garcia 17,Consumer,Atlanta,Southeast,2023-07-31,a,Yes,Y,2026-09-11T04:28:49.990377+00:00,data/raw/master/customers.csv,customers
CUST00000018,Riley Smith 18,Consumer,Dallas,Southwest,2020-12-17,D,Yes,Y,2026-09-11T04:28:49.990377+00:00,data/raw/master/customers.csv,customers
CUST00000019,Alex Garcia 19,Government,Boston,Northeast,10/04/2022,A,No,Y,2026-09-11T04:28:49.990377+00:00,data/raw/master/customers.csv,customers
CUST00000020,Morgan Smith 20,Enterprise,Seattle,West,2022-10-27,D,N,Y,2026-09-11T04:28:49.990377+00:00,data/raw/master/customers.csv,customers
CUST00000021,Alex Lee 21,Small Business,Austin,Southwest,03/14/2024,A,N,True,2026-09-11T04:28:49.990377+00:00,data/raw/master/customers.csv,customers
CUST00000022,Jordan Garcia 22,consumer ,Phoenix,Southwest,2026-04-25,C,Y,True,2026-09-11T04:28:49.990377+00:00,data/raw/master/customers.csv,customers
CUST00000023,Jordan Kim 23,consumer ,Indianapolis,Midwest,2021-08-20,a,Y,True,2026-09-11T04:28:49.990377+00:00,data/raw/master/customers.csv,customers
CUST00000024,Morgan Brown 24,Small Business,Detroit,Midwest,2021-08-11,a,Yes,True,2026-09-11T04:28:49.990377+00:00,data/raw/master/customers.csv,customers
CUST00000025,Alex Smith 25,Enterprise,Denver,West,2020-04-07,B,0,N,2026-09-11T04:28:49.990377+00:00,data/raw/master/customers.csv,customers
CUST00000026,Taylor Brown 26,Consumer,Seattle,West,07/13/2019,D,Yes,Y,2026-09-11T04:28:49.990377+00:00,data/raw/master/customers.csv,customers
CUST00000027,Alex Brown 27,Enterprise,Birmingham,Southeast,2019-04-09,a,Y,Y,2026-09-11T04:28:49.990377+00:00,data/raw/master/customers.csv,customers
CUST00000028,Jordan Smith 28,Small Business,Jacksonville,Southeast,2023-03-30,a,Yes,True,2026-09-11T04:28:49.990377+00:00,data/raw/master/customers.csv,customers
CUST00000029,Jordan Patel 29,Government,Austin,Southwest,2018-11-03,D,N,Y,2026-09-11T04:28:49.990377+00:00,data/raw/master/customers.csv,customers
CUST00000030,Riley Lee 30,Government,Birmingham,Southeast,05/01/2024,A,1,Y,2026-09-11T04:28:49.990377+00:00,data/raw/master/customers.csv,customers
CUST00000031,Jordan Brown 31,Small Business,Nashville,Southeast,2018-03-10,D,1,Y,2026-09-11T04:28:49.990377+00:00,data/raw/master/customers.csv,customers
CUST00000032,Jordan Lee 32,Enterprise,Albuquerque,Southwest,06/17/2025,B,N,Y,2026-09-11T04:28:49.990377+00:00,data/raw/master/customers.csv,customers
CUST00000033,Riley Garcia 33,Government,Indianapolis,Midwest,2023-05-02,D,Y,Y,2026-09-11T04:28:49.990377+00:00,data/raw/master/customers.csv,customers
CUST00000034,Jordan Kim 34,consumer ,Indianapolis,Midwest,03/18/2020,A,Y,True,2026-09-11T04:28:49.990377+00:00,data/raw/master/customers.csv,customers
CUST00000035,Taylor Patel 35,Government,Indianapolis,Midwest,2020-03-06,D,Y,Y,2026-09-11T04:28:49.990377+00:00,data/raw/master/customers.csv,customers
CUST00000036,Morgan Patel 36,Enterprise,Philadelphia,Northeast,01/05/2024,a,Yes,N,2026-09-11T04:28:49.990377+00:00,data/raw/master/customers.csv,customers
CUST00000037,Morgan Garcia 37,consumer ,Atlanta,Southeast,2021-11-07,a,N,Y,2026-09-11T04:28:49.990377+00:00,data/raw/master/customers.csv,customers
CUST00000038,Casey Lee 38,consumer ,Detroit,Midwest,01/12/2019,a,0,True,2026-09-11T04:28:49.990377+00:00,data/raw/master/customers.csv,customers
CUST00000039,Alex Smith 39,Consumer,Albany,Northeast,2025-06-30,B,No,Y,2026-09-11T04:28:49.990377+00:00,data/raw/master/customers.csv,customers
CUST00000040,Riley Lee 40,Small Business,Boston,Northeast,2025-11-02,B,1,N,2026-09-11T04:28:49.990377+00:00,data/raw/master/customers.csv,customers
CUST00000041,Morgan Garcia 41,consumer ,Seattle,West,2022-04-18,a,1,Y,2026-09-11T04:28:49.990377+00:00,data/raw/master/customers.csv,customers
CUST00000042,Jordan Patel 42,Small Business,Albany,Northeast,04/10/2022,D,1,Y,2026-09-11T04:28:49.990377+00:00,data/raw/master/customers.csv,customers
CUST00000043,Casey Kim 43,Small Business,Philadelphia,Northeast,2024-02-05,C,N,N,2026-09-11T04:28:49.990377+00:00,data/raw/master/customers.csv,customers
CUST00000044,Morgan Kim 44,Enterprise,Atlanta,Southeast,12/13/2018,D,N,Y,2026-09-11T04:28:49.990377+00:00,data/raw/master/customers.csv,customers
CUST00000045,Jordan Garcia 45,Consumer,Phoenix,Southwest,2023-03-25,a,Yes,True,2026-09-11T04:28:49.990377+00:00,data/raw/master/customers.csv,customers
CUST00000046,Morgan Brown 46,Consumer,Chicago,Midwest,08/09/2023,B,No,Y,2026-09-11T04:28:49.990377+00:00,data/raw/master/customers.csv,customers
CUST00000047,Morgan Lee 47,Government,Buffalo,Northeast,2023-05-17,B,0,Y,2026-09-11T04:28:49.990377+00:00,data/raw/master/customers.csv,customers
CUST00000048,Alex Patel 48,Consumer,Phoenix,Southwest,2022-07-09,D,Yes,N,2026-09-11T04:28:49.990377+00:00,data/raw/master/customers.csv,customers
CUST00000049,Casey Garcia 49,Enterprise,Nashville,Southeast,2020-07-08,D,1,True,2026-09-11T04:28:49.990377+00:00,data/raw/master/customers.csv,customers
CUST00000050,Alex Kim 50,Government,Seattle,West,2024-12-29,A,0,True,2026-09-11T04:28:49.990377+00:00,data/raw/master/customers.csv,customers
CUST00000051,Casey Brown 51,Small Business,Albany,Northeast,04/13/2023,D,Yes,Y,2026-09-11T04:28:49.990377+00:00,data/raw/master/customers.csv,customers
CUST00000052,Casey Lee 52,consumer ,Austin,Southwest,2025-12-29,C,N,Y,2026-09-11T04:28:49.990377+00:00,data/raw/master/customers.csv,customers
CUST00000053,Morgan Kim 53,consumer ,Jacksonville,Southeast,08/22/2021,B,No,Y,2026-09-11T04:28:49.990377+00:00,data/raw/master/customers.csv,customers
CUST00000054,Taylor Kim 54,Government,Buffalo,Northeast,10/01/2022,a,No,Y,2026-09-11T04:28:49.990377+00:00,data/raw/master/customers.csv,customers
CUST00000055,Taylor Garcia 55,Small Business,Philadelphia,Northeast,2023-05-19,C,No,True,2026-09-11T04:28:49.990377+00:00,data/raw/master/customers.csv,customers
CUST00000056,Morgan Brown 56,Government,Dallas,Southwest,2022-05-28,a,No,Y,2026-09-11T04:28:49.990377+00:00,data/raw/master/customers.csv,customers
CUST00000057,Jordan Patel 57,Consumer,Phoenix,Southwest,02/17/2026,A,1,Y,2026-09-11T04:28:49.990377+00:00,data/raw/master/customers.csv,customers
CUST00000058,Alex Lee 58,Consumer,Atlanta,Southeast,08/20/2025,C,Yes,Y,2026-09-11T04:28:49.990377+00:00,data/raw/master/customers.csv,customers
CUST00000059,Jordan Brown 59,Small Business,Buffalo,Northeast,2024-01-23,C,1,True,2026-09-11T04:28:49.990377+00:00,data/raw/master/customers.csv,customers
CUST00000060,Casey Garcia 60,consumer ,Boston,Northeast,09/02/2025,D,No,Y,2026-09-11T04:28:49.990377+00:00,data/raw/master/customers.csv,customers
CUST00000061,Morgan Brown 61,Small Business,Austin,Southwest,2023-01-22,B,Yes,Y,2026-09-11T04:28:49.990377+00:00,data/raw/master/customers.csv,customers
CUST00000062,Alex Lee 62,Enterprise,Detroit,Midwest,2024-03-16,B,No,Y,2026-09-11T04:28:49.990377+00:00,data/raw/master/customers.csv,customers
CUST00000063,Taylor Patel 63,Consumer,Boston,Northeast,03/08/2024,a,Y,True,2026-09-11T04:28:49.990377+00:00,data/raw/master/customers.csv,customers
CUST00000064,Casey Kim 64,Small Business,Phoenix,Southwest,2018-12-02,a,Y,Y,2026-09-11T04:28:49.990377+00:00,data/raw/master/customers.csv,customers
CUST00000065,Taylor Garcia 65,Small Business,San Diego,West,2019-02-04,B,1,True,2026-09-11T04:28:49.990377+00:00,data/raw/master/customers.csv,customers
CUST00000066,Taylor Garcia 66,consumer ,Albuquerque,Southwest,09/23/2021,A,N,Y,2026-09-11T04:28:49.990377+00:00,data/raw/master/customers.csv,customers
CUST00000067,Morgan Lee 67,Government,Indianapolis,Midwest,2021-03-02,D,1,True,2026-09-11T04:28:49.990377+00:00,data/raw/master/customers.csv,customers
CUST00000068,Jordan Patel 68,Government,Albuquerque,Southwest,2025-08-19,B,No,Y,2026-09-11T04:28:49.990377+00:00,data/raw/master/customers.csv,customers
CUST00000069,Riley Smith 69,Small Business,Columbus,Midwest,2025-06-11,C,Yes,Y,2026-09-11T04:28:49.990377+00:00,data/raw/master/customers.csv,customers
CUST00000070,Morgan Brown 70,Consumer,Austin,Southwest,2019-02-18,A,No,Y,2026-09-11T04:28:49.990377+00:00,data/raw/master/customers.csv,customers
CUST00000071,Jordan Brown 71,Consumer,San Diego,West,2021-01-19,a,Y,Y,2026-09-11T04:28:49.990377+00:00,data/raw/master/customers.csv,customers
CUST00000072,Casey Smith 72,Small Business,Atlanta,Southeast,09/23/2025,a,Y,Y,2026-09-11T04:28:49.990377+00:00,data/raw/master/customers.csv,customers
CUST00000073,Jordan Kim 73,consumer ,Albuquerque,Southwest,08/26/2020,A,No,Y,2026-09-11T04:28:49.990377+00:00,data/raw/master/customers.csv,customers
CUST00000074,Taylor Lee 74,Enterprise,Albuquerque,Southwest,05/01/2018,B,Yes,Y,2026-09-11T04:28:49.990377+00:00,data/raw/master/customers.csv,customers
CUST00000075,Morgan Garcia 75,Consumer,Birmingham,Southeast,2022-12-01,a,No,Y,2026-09-11T04:28:49.990377+00:00,data/raw/master/customers.csv,customers
CUST00000076,Riley Smith 76,consumer ,Detroit,Midwest,2021-05-22,C,1,Y,2026-09-11T04:28:49.990377+00:00,data/raw/master/customers.csv,customers
CUST00000077,Riley Patel 77,Small Business,Atlanta,Southeast,10/10/2024,a,N,Y,2026-09-11T04:28:49.990377+00:00,data/raw/master/customers.csv,customers
CUST00000078,Jordan Garcia 78,Enterprise,Nashville,Southeast,01/10/2026,D,0,Y,2026-09-11T04:28:49.990377+00:00,data/raw/master/customers.csv,customers
CUST00000079,Jordan Smith 79,Consumer,Jacksonville,Southeast,08/05/2018,A,N,N,2026-09-11T04:28:49.990377+00:00,data/raw/master/customers.csv,customers
CUST00000080,Jordan Brown 80,consumer ,Austin,Southwest,2019-07-19,A,1,Y,2026-09-11T04:28:49.990377+00:00,data/raw/master/customers.csv,customers
CUST00000081,Alex Kim 81,Government,Austin,Southwest,2019-04-13,C,1,N,2026-09-11T04:28:49.990377+00:00,data/raw/master/customers.csv,customers
CUST00000082,Morgan Patel 82,Small Business,Dallas,Southwest,2020-08-21,C,0,Y,2026-09-11T04:28:49.990377+00:00,data/raw/master/customers.csv,customers
CUST00000083,Riley Lee 83,Consumer,Columbus,Midwest,2024-09-30,a,No,N,2026-09-11T04:28:49.990377+00:00,data/raw/master/customers.csv,customers
CUST00000084,Jordan Smith 84,Consumer,Detroit,Midwest,2023-04-17,a,No,Y,2026-09-11T04:28:49.990377+00:00,data/raw/master/customers.csv,customers
CUST00000085,Riley Patel 85,consumer ,Birmingham,Southeast,2022-11-23,A,No,True,2026-09-11T04:28:49.990377+00:00,data/raw/master/customers.csv,customers
CUST00000086,Taylor Brown 86,Consumer,Dallas,Southwest,2023-05-14,C,Y,Y,2026-09-11T04:28:49.990377+00:00,data/raw/master/customers.csv,customers
CUST00000087,Morgan Lee 87,consumer ,Detroit,Midwest,2025-01-04,B,No,Y,2026-09-11T04:28:49.990377+00:00,data/raw/master/customers.csv,customers
CUST00000088,Morgan Kim 88,Government,Portland,West,04/19/2026,C,0,Y,2026-09-11T04:28:49.990377+00:00,data/raw/master/customers.csv,customers
CUST00000089,Jordan Garcia 89,Government,Seattle,West,10/15/2019,C,1,True,2026-09-11T04:28:49.990377+00:00,data/raw/master/customers.csv,customers
CUST00000090,Casey Patel 90,Government,Columbus,Midwest,2024-11-11,a,Y,Y,2026-09-11T04:28:49.990377+00:00,data/raw/master/customers.csv,customers
CUST00000091,Alex Lee 91,Enterprise,Buffalo,Northeast,09/11/2020,C,0,Y,2026-09-11T04:28:49.990377+00:00,data/raw/master/customers.csv,customers
CUST00000092,Jordan Brown 92,Small Business,Columbus,Midwest,12/13/2022,A,N,True,2026-09-11T04:28:49.990377+00:00,data/raw/master/customers.csv,customers
CUST00000093,Jordan Garcia 93,Consumer,Albany,Northeast,09/08/2025,C,N,Y,2026-09-11T04:28:49.990377+00:00,data/raw/master/customers.csv,customers
CUST00000094,Morgan Patel 94,consumer ,Nashville,Southeast,08/08/2022,a,N,N,2026-09-11T04:28:49.990377+00:00,data/raw/master/customers.csv,customers
CUST00000095,Casey Smith 95,Enterprise,Seattle,West,2018-08-29,A,1,True,2026-09-11T04:28:49.990377+00:00,data/raw/master/customers.csv,customers
CUST00000096,Morgan Kim 96,consumer ,Denver,West,2025-02-11,A,N,Y,2026-09-11T04:28:49.990377+00:00,data/raw/master/customers.csv,customers
CUST00000097,Morgan Lee 97,Small Business,Detroit,Midwest,2018-06-18,A,0,Y,2026-09-11T04:28:49.990377+00:00,data/raw/master/customers.csv,customers
CUST00000098,Morgan Brown 98,Small Business,Boston,Northeast,09/27/2019,C,Yes,Y,2026-09-11T04:28:49.990377+00:00,data/raw/master/customers.csv,customers
CUST00000099,Alex Patel 99,Consumer,Jacksonville,Southeast,2024-05-05,a,Yes,N,2026-09-11T04:28:49.990377+00:00,data/raw/master/customers.csv,customers
CUST00000100,Taylor Garcia 100,Government,Portland,West,04/11/2023,a,1,True,2026-09-11T04:28:49.990377+00:00,data/raw/master/customers.csv,customers
CUST00000101,Casey Smith 101,Government,Denver,West,2020-10-27,C,No,Y,2026-09-11T04:28:49.990377+00:00,data/raw/master/customers.csv,customers
CUST00000102,Taylor Garcia 102,Consumer,Detroit,Midwest,2018-09-18,a,N,Y,2026-09-11T04:28:49.990377+00:00,data/raw/master/customers.csv,customers
CUST00000103,Riley Lee 103,Consumer,Austin,Southwest,2018-05-24,D,Yes,Y,2026-09-11T04:28:49.990377+00:00,data/raw/master/customers.csv,customers
CUST00000104,Alex Brown 104,Consumer,Phoenix,Southwest,05/16/2024,B,Y,True,2026-09-11T04:28:49.990377+00:00,data/raw/master/customers.csv,customers
CUST00000105,Riley Kim 105,Consumer,Denver,West,06/04/2018,a,0,Y,2026-09-11T04:28:49.990377+00:00,data/raw/master/customers.csv,customers
CUST00000106,Riley Brown 106,Enterprise,Austin,Southwest,04/15/2025,a,Y,N,2026-09-11T04:28:49.990377+00:00,data/raw/master/customers.csv,customers
CUST00000107,Riley Patel 107,consumer ,Nashville,Southeast,2018-01-20,B,Y,Y,2026-09-11T04:28:49.990377+00:00,data/raw/master/customers.csv,customers
CUST00000108,Riley Garcia 108,Enterprise,Phoenix,Southwest,2025-09-11,a,Yes,True,2026-09-11T04:28:49.990377+00:00,data/raw/master/customers.csv,customers
CUST00000109,Morgan Patel 109,consumer ,Chicago,Midwest,11/16/2019,A,1,N,2026-09-11T04:28:49.990377+00:00,data/raw/master/customers.csv,customers
CUST00000110,Casey Garcia 110,consumer ,Indianapolis,Midwest,2024-01-14,B,Yes,Y,2026-09-11T04:28:49.990377+00:00,data/raw/master/customers.csv,customers
CUST00000111,Riley Garcia 111,consumer ,Atlanta,Southeast,04/24/2024,C,Y,Y,2026-09-11T04:28:49.990377+00:00,data/raw/master/customers.csv,customers
CUST00000112,Riley Brown 112,Enterprise,Boston,Northeast,11/01/2019,a,N,Y,2026-09-11T04:28:49.990377+00:00,data/raw/master/customers.csv,customers
CUST00000113,Jordan Smith 113,Small Business,Columbus,Midwest,2024-07-14,a,Y,Y,2026-09-11T04:28:49.990377+00:00,data/raw/master/customers.csv,customers
CUST00000114,Jordan Smith 114,Consumer,Atlanta,Southeast,2025-07-14,D,0,Y,2026-09-11T04:28:49.990377+00:00,data/raw/master/customers.csv,customers
CUST00000115,Riley Kim 115,Consumer,Atlanta,Southeast,2022-08-22,D,1,N,2026-09-11T04:28:49.990377+00:00,data/raw/master/customers.csv,customers
CUST00000116,Jordan Kim 116,Government,Columbus,Midwest,05/07/2018,C,No,Y,2026-09-11T04:28:49.990377+00:00,data/raw/master/customers.csv,customers
CUST00000117,Morgan Patel 117,Enterprise,Columbus,Midwest,2021-06-23,C,1,N,2026-09-11T04:28:49.990377+00:00,data/raw/master/customers.csv,customers
CUST00000118,Taylor Patel 118,Enterprise,Nashville,Southeast,2018-03-29,C,N,N,2026-09-11T04:28:49.990377+00:00,data/raw/master/customers.csv,customers
CUST00000119,Jordan Garcia 119,Small Business,Albany,Northeast,2025-01-14,D,N,True,2026-09-11T04:28:49.990377+00:00,data/raw/master/customers.csv,customers
CUST00000120,Morgan Garcia 120,Small Business,Albany,Northeast,2023-07-15,A,0,Y,2026-09-11T04:28:49.990377+00:00,data/raw/master/customers.csv,customers
CUST00000121,Casey Patel 121,consumer ,Philadelphia,Northeast,03/17/2024,B,No,Y,2026-09-11T04:28:49.990377+00:00,data/raw/master/customers.csv,customers
CUST00000122,Morgan Patel 122,Consumer,Albany,Northeast,2019-09-19,D,N,Y,2026-09-11T04:28:49.990377+00:00,data/raw/master/customers.csv,customers
CUST00000123,Alex Patel 123,Consumer,Jacksonville,Southeast,11/21/2025,C,Y,N,2026-09-11T04:28:49.990377+00:00,data/raw/master/customers.csv,customers
CUST00000124,Taylor Brown 124,Small Business,Albuquerque,Southwest,09/21/2019,B,N,N,2026-09-11T04:28:49.990377+00:00,data/raw/master/customers.csv,customers
CUST00000125,Alex Garcia 125,Government,Albany,Northeast,02/24/2025,B,0,Y,2026-09-11T04:28:49.990377+00:00,data/raw/master/customers.csv,customers
CUST00000126,Riley Smith 126,Enterprise,San Diego,West,2020-04-11,D,N,Y,2026-09-11T04:28:49.990377+00:00,data/raw/master/customers.csv,customers
CUST00000127,Jordan Garcia 127,Government,Denver,West,09/30/2020,A,1,Y,2026-09-11T04:28:49.990377+00:00,data/raw/master/customers.csv,customers
CUST00000128,Jordan Smith 128,Government,Denver,West,12/16/2023,A,Yes,Y,2026-09-11T04:28:49.990377+00:00,data/raw/master/customers.csv,customers
CUST00000129,Casey Garcia 129,Government,Nashville,Southeast,2018-02-10,a,0,True,2026-09-11T04:28:49.990377+00:00,data/raw/master/customers.csv,customers
CUST00000130,Taylor Garcia 130,consumer ,Albany,Northeast,2025-09-15,a,No,Y,2026-09-11T04:28:49.990377+00:00,data/raw/master/customers.csv,customers
CUST00000131,Morgan Patel 131,consumer ,Albany,Northeast,2022-02-13,C,Yes,Y,2026-09-11T04:28:49.990377+00:00,data/raw/master/customers.csv,customers
CUST00000132,Jordan Garcia 132,Government,Dallas,Southwest,04/20/2018,C,0,Y,2026-09-11T04:28:49.990377+00:00,data/raw/master/customers.csv,customers
CUST00000133,Jordan Kim 133,Enterprise,Detroit,Midwest,03/10/2023,a,No,True,2026-09-11T04:28:49.990377+00:00,data/raw/master/customers.csv,customers
CUST00000134,Morgan Brown 134,Small Business,Phoenix,Southwest,08/06/2023,a,Yes,N,2026-09-11T04:28:49.990377+00:00,data/raw/master/customers.csv,customers
CUST00000135,Taylor Kim 135,Consumer,Jacksonville,Southeast,2018-10-20,a,0,True,2026-09-11T04:28:49.990377+00:00,data/raw/master/customers.csv,customers
CUST00000136,Alex Brown 136,consumer ,Buffalo,Northeast,2021-04-23,A,No,N,2026-09-11T04:28:49.990377+00:00,data/raw/master/customers.csv,customers
CUST00000137,Alex Patel 137,Government,Birmingham,Southeast,2019-11-16,A,Y,Y,2026-09-11T04:28:49.990377+00:00,data/raw/master/customers.csv,customers
CUST00000138,Riley Kim 138,Enterprise,Nashville,Southeast,03/17/2020,a,N,True,2026-09-11T04:28:49.990377+00:00,data/raw/master/customers.csv,customers
CUST00000139,Alex Smith 139,consumer ,Austin,Southwest,2018-05-27,B,Y,N,2026-09-11T04:28:49.990377+00:00,data/raw/master/customers.csv,customers
CUST00000140,Casey Garcia 140,consumer ,Philadelphia,Northeast,04/26/2026,A,0,True,2026-09-11T04:28:49.990377+00:00,data/raw/master/customers.csv,customers
CUST00000141,Taylor Brown 141,Enterprise,Phoenix,Southwest,2024-01-23,a,No,Y,2026-09-11T04:28:49.990377+00:00,data/raw/master/customers.csv,customers
CUST00000142,Morgan Garcia 142,Small Business,Columbus,Midwest,05/06/2024,C,No,True,2026-09-11T04:28:49.990377+00:00,data/raw/master/customers.csv,customers
CUST00000143,Alex Lee 143,Government,Detroit,Midwest,2019-07-24,C,No,Y,2026-09-11T04:28:49.990377+00:00,data/raw/master/customers.csv,customers
CUST00000144,Taylor Kim 144,Consumer,Philadelphia,Northeast,2020-03-31,C,N,True,2026-09-11T04:28:49.990377+00:00,data/raw/master/customers.csv,customers
CUST00000145,Taylor Brown 145,Consumer,Columbus,Midwest,2024-10-06,B,No,Y,2026-09-11T04:28:49.990377+00:00,data/raw/master/customers.csv,customers
CUST00000146,Riley Smith 146,Enterprise,Detroit,Midwest,11/08/2021,D,0,Y,2026-09-11T04:28:49.990377+00:00,data/raw/master/customers.csv,customers
CUST00000147,Riley Kim 147,Government,Nashville,Southeast,05/30/2025,D,Y,Y,2026-09-11T04:28:49.990377+00:00,data/raw/master/customers.csv,customers
CUST00000148,Jordan Lee 148,Consumer,Nashville,Southeast,2024-09-27,C,Yes,N,2026-09-11T04:28:49.990377+00:00,data/raw/master/customers.csv,customers
CUST00000149,Jordan Brown 149,Small Business,Philadelphia,Northeast,08/22/2020,C,N,True,2026-09-11T04:28:49.990377+00:00,data/raw/master/customers.csv,customers
CUST00000150,Riley Garcia 150,Government,Boston,Northeast,03/06/2021,a,1,N,2026-09-11T04:28:49.990377+00:00,data/raw/master/customers.csv,customers
CUST00000151,Taylor Brown 151,Small Business,Boston,Northeast,10/30/2023,D,No,Y,2026-09-11T04:28:49.990377+00:00,data/raw/master/customers.csv,customers
CUST00000152,Alex Garcia 152,Consumer,Jacksonville,Southeast,2020-12-21,C,Yes,True,2026-09-11T04:28:49.990377+00:00,data/raw/master/customers.csv,customers
CUST00000153,Casey Patel 153,Enterprise,Birmingham,Southeast,2022-08-16,D,N,Y,2026-09-11T04:28:49.990377+00:00,data/raw/master/customers.csv,customers
CUST00000154,Riley Brown 154,consumer ,San Diego,West,04/13/2018,C,Y,Y,2026-09-11T04:28:49.990377+00:00,data/raw/master/customers.csv,customers
CUST00000155,Morgan Patel 155,Small Business,Albuquerque,Southwest,02/24/2025,D,Yes,Y,2026-09-11T04:28:49.990377+00:00,data/raw/master/customers.csv,customers
CUST00000156,Taylor Lee 156,Small Business,San Diego,West,02/24/2026,A,No,Y,2026-09-11T04:28:49.990377+00:00,data/raw/master/customers.csv,customers
CUST00000157,Jordan Lee 157,Consumer,Chicago,Midwest,07/30/2019,a,No,Y,2026-09-11T04:28:49.990377+00:00,data/raw/master/customers.csv,customers
CUST00000158,Morgan Lee 158,Government,Birmingham,Southeast,2019-05-23,a,0,N,2026-09-11T04:28:49.990377+00:00,data/raw/master/customers.csv,customers
CUST00000159,Casey Patel 159,Enterprise,Denver,West,02/25/2019,C,Yes,Y,2026-09-11T04:28:49.990377+00:00,data/raw/master/customers.csv,customers
CUST00000160,Morgan Lee 160,consumer ,Austin,Southwest,2020-10-03,B,Y,True,2026-09-11T04:28:49.990377+00:00,data/raw/master/customers.csv,customers
CUST00000161,Alex Smith 161,Enterprise,Atlanta,Southeast,2020-11-10,a,No,Y,2026-09-11T04:28:49.990377+00:00,data/raw/master/customers.csv,customers
CUST00000162,Casey Brown 162,Government,Birmingham,Southeast,2018-06-22,A,1,Y,2026-09-11T04:28:49.990377+00:00,data/raw/master/customers.csv,customers
CUST00000163,Jordan Kim 163,Government,Detroit,Midwest,09/15/2022,D,Y,N,2026-09-11T04:28:49.990377+00:00,data/raw/master/customers.csv,customers
CUST00000164,Casey Smith 164,Government,Chicago,Midwest,11/02/2019,A,0,Y,2026-09-11T04:28:49.990377+00:00,data/raw/master/customers.csv,customers
CUST00000165,Taylor Garcia 165,Government,Nashville,Southeast,12/05/2018,A,N,Y,2026-09-11T04:28:49.990377+00:00,data/raw/master/customers.csv,customers
CUST00000166,Taylor Smith 166,Consumer,Buffalo,Northeast,2021-10-04,A,N,Y,2026-09-11T04:28:49.990377+00:00,data/raw/master/customers.csv,customers
CUST00000167,Jordan Smith 167,consumer ,Albuquerque,Southwest,2025-02-18,D,N,Y,2026-09-11T04:28:49.990377+00:00,data/raw/master/customers.csv,customers
CUST00000168,Morgan Garcia 168,Small Business,Boston,Northeast,01/08/2020,a,Yes,N,2026-09-11T04:28:49.990377+00:00,data/raw/master/customers.csv,customers
CUST00000169,Morgan Smith 169,Consumer,Indianapolis,Midwest,08/28/2022,A,N,True,2026-09-11T04:28:49.990377+00:00,data/raw/master/customers.csv,customers
CUST00000170,Casey Smith 170,Small Business,Detroit,Midwest,04/08/2019,D,1,N,2026-09-11T04:28:49.990377+00:00,data/raw/master/customers.csv,customers
CUST00000171,Alex Brown 171,Consumer,Albuquerque,Southwest,2024-06-22,D,1,N,2026-09-11T04:28:49.990377+00:00,data/raw/master/customers.csv,customers
CUST00000172,Morgan Smith 172,Enterprise,Philadelphia,Northeast,06/19/2025,A,No,Y,2026-09-11T04:28:49.990377+00:00,data/raw/master/customers.csv,customers
CUST00000173,Alex Kim 173,consumer ,Dallas,Southwest,11/10/2019,D,0,True,2026-09-11T04:28:49.990377+00:00,data/raw/master/customers.csv,customers
CUST00000174,Alex Lee 174,Enterprise,Austin,Southwest,03/21/2022,A,No,Y,2026-09-11T04:28:49.990377+00:00,data/raw/master/customers.csv,customers
CUST00000175,Morgan Smith 175,Government,Chicago,Midwest,2018-02-14,C,1,N,2026-09-11T04:28:49.990377+00:00,data/raw/master/customers.csv,customers
CUST00000176,Casey Smith 176,consumer ,Denver,West,03/04/2020,D,Y,N,2026-09-11T04:28:49.990377+00:00,data/raw/master/customers.csv,customers
CUST00000177,Jordan Lee 177,Enterprise,Chicago,Midwest,2024-12-02,A,N,True,2026-09-11T04:28:49.990377+00:00,data/raw/master/customers.csv,customers
CUST00000178,Morgan Kim 178,Small Business,Chicago,Midwest,02/09/2020,A,No,Y,2026-09-11T04:28:49.990377+00:00,data/raw/master/customers.csv,customers
CUST00000179,Riley Brown 179,Consumer,Indianapolis,Midwest,2024-04-07,D,N,Y,2026-09-11T04:28:49.990377+00:00,data/raw/master/customers.csv,customers
CUST00000180,Riley Kim 180,Enterprise,Philadelphia,Northeast,06/25/2022,D,Y,True,2026-09-11T04:28:49.990377+00:00,data/raw/master/customers.csv,customers
CUST00000181,Casey Smith 181,Small Business,Buffalo,Northeast,03/07/2019,D,No,Y,2026-09-11T04:28:49.990377+00:00,data/raw/master/customers.csv,customers
CUST00000182,Taylor Lee 182,Small Business,Detroit,Midwest,08/12/2022,B,Y,True,2026-09-11T04:28:49.990377+00:00,data/raw/master/customers.csv,customers
CUST00000183,Jordan Patel 183,Small Business,Philadelphia,Northeast,07/15/2020,C,No,Y,2026-09-11T04:28:49.990377+00:00,data/raw/master/customers.csv,customers
CUST00000184,Riley Brown 184,Consumer,Boston,Northeast,2020-06-24,a,0,Y,2026-09-11T04:28:49.990377+00:00,data/raw/master/customers.csv,customers
CUST00000185,Jordan Patel 185,Government,Atlanta,Southeast,2021-02-24,C,Yes,True,2026-09-11T04:28:49.990377+00:00,data/raw/master/customers.csv,customers
CUST00000186,Jordan Garcia 186,consumer ,Nashville,Southeast,10/23/2022,C,0,Y,2026-09-11T04:28:49.990377+00:00,data/raw/master/customers.csv,customers
CUST00000187,Taylor Smith 187,Government,Boston,Northeast,08/09/2025,a,No,Y,2026-09-11T04:28:49.990377+00:00,data/raw/master/customers.csv,customers
CUST00000188,Riley Garcia 188,Small Business,Denver,West,01/23/2019,a,N,N,2026-09-11T04:28:49.990377+00:00,data/raw/master/customers.csv,customers
CUST00000189,Riley Smith 189,consumer ,Albuquerque,Southwest,2019-11-26,B,N,N,2026-09-11T04:28:49.990377+00:00,data/raw/master/customers.csv,customers
CUST00000190,Taylor Kim 190,Government,Buffalo,Northeast,12/13/2025,D,1,Y,2026-09-11T04:28:49.990377+00:00,data/raw/master/customers.csv,customers
CUST00000191,Jordan Kim 191,Consumer,Nashville,Southeast,2019-04-24,D,1,N,2026-09-11T04:28:49.990377+00:00,data/raw/master/customers.csv,customers
CUST00000192,Casey Patel 192,Government,Boston,Northeast,2023-10-29,B,No,Y,2026-09-11T04:28:49.990377+00:00,data/raw/master/customers.csv,customers
CUST00000193,Alex Garcia 193,Enterprise,Denver,West,2018-05-15,A,0,Y,2026-09-11T04:28:49.990377+00:00,data/raw/master/customers.csv,customers
CUST00000194,Jordan Kim 194,Government,Albuquerque,Southwest,03/23/2021,A,No,Y,2026-09-11T04:28:49.990377+00:00,data/raw/master/customers.csv,customers
CUST00000195,Casey Brown 195,Government,Portland,West,2025-10-26,B,No,True,2026-09-11T04:28:49.990377+00:00,data/raw/master/customers.csv,customers
CUST00000196,Morgan Garcia 196,Government,Albuquerque,Southwest,08/18/2019,A,No,Y,2026-09-11T04:28:49.990377+00:00,data/raw/master/customers.csv,customers
CUST00000197,Morgan Smith 197,Consumer,Indianapolis,Midwest,2019-08-10,D,1,True,2026-09-11T04:28:49.990377+00:00,data/raw/master/customers.csv,customers
CUST00000198,Morgan Lee 198,consumer ,Austin,Southwest,2021-04-05,a,No,Y,2026-09-11T04:28:49.990377+00:00,data/raw/master/customers.csv,customers
CUST00000199,Taylor Brown 199,Enterprise,Phoenix,Southwest,08/10/2020,C,0,Y,2026-09-11T04:28:49.990377+00:00,data/raw/master/customers.csv,customers
CUST00000200,Jordan Brown 200,Government,San Diego,West,2022-11-01,D,Yes,Y,2026-09-11T04:28:49.990377+00:00,data/raw/master/customers.csv,customers
CUST00000201,Alex Lee 201,Government,Albuquerque,Southwest,2020-03-13,A,1,True,2026-09-11T04:28:49.990377+00:00,data/raw/master/customers.csv,customers
CUST00000202,Jordan Smith 202,Consumer,Birmingham,Southeast,2026-02-13,C,N,True,2026-09-11T04:28:49.990377+00:00,data/raw/master/customers.csv,customers
CUST00000203,Riley Garcia 203,consumer ,Birmingham,Southeast,02/15/2024,B,No,N,2026-09-11T04:28:49.990377+00:00,data/raw/master/customers.csv,customers
CUST00000204,Alex Lee 204,consumer ,San Diego,West,2026-01-04,B,Yes,Y,2026-09-11T04:28:49.990377+00:00,data/raw/master/customers.csv,customers
CUST00000205,Jordan Garcia 205,Small Business,Portland,West,2023-06-23,C,N,Y,2026-09-11T04:28:49.990377+00:00,data/raw/master/customers.csv,customers
CUST00000206,Taylor Smith 206,Enterprise,Atlanta,Southeast,08/14/2019,C,N,True,2026-09-11T04:28:49.990377+00:00,data/raw/master/customers.csv,customers
CUST00000207,Alex Patel 207,consumer ,Seattle,West,04/18/2025,A,1,Y,2026-09-11T04:28:49.990377+00:00,data/raw/master/customers.csv,customers
CUST00000208,Riley Garcia 208,Small Business,Phoenix,Southwest,03/18/2024,D,Yes,Y,2026-09-11T04:28:49.990377+00:00,data/raw/master/customers.csv,customers
CUST00000209,Taylor Patel 209,Consumer,Columbus,Midwest,2018-12-23,A,No,Y,2026-09-11T04:28:49.990377+00:00,data/raw/master/customers.csv,customers
CUST00000210,Casey Smith 210,consumer ,Portland,West,04/24/2023,B,Yes,Y,2026-09-11T04:28:49.990377+00:00,data/raw/master/customers.csv,customers
CUST00000211,Taylor Brown 211,Enterprise,Columbus,Midwest,2022-07-04,D,Yes,Y,2026-09-11T04:28:49.990377+00:00,data/raw/master/customers.csv,customers
CUST00000212,Riley Kim 212,Enterprise,Phoenix,Southwest,08/07/2018,B,No,N,2026-09-11T04:28:49.990377+00:00,data/raw/master/customers.csv,customers
CUST00000213,Morgan Patel 213,Consumer,Buffalo,Northeast,2018-04-24,C,Yes,N,2026-09-11T04:28:49.990377+00:00,data/raw/master/customers.csv,customers
CUST00000214,Casey Patel 214,consumer ,Indianapolis,Midwest,09/09/2023,A,0,Y,2026-09-11T04:28:49.990377+00:00,data/raw/master/customers.csv,customers
CUST00000215,Riley Smith 215,Enterprise,Buffalo,Northeast,2023-11-12,A,No,N,2026-09-11T04:28:49.990377+00:00,data/raw/master/customers.csv,customers
CUST00000216,Jordan Garcia 216,Consumer,Philadelphia,Northeast,03/25/2023,C,1,True,2026-09-11T04:28:49.990377+00:00,data/raw/master/customers.csv,customers
CUST00000217,Jordan Smith 217,Enterprise,Phoenix,Southwest,2021-07-13,C,N,Y,2026-09-11T04:28:49.990377+00:00,data/raw/master/customers.csv,customers
CUST00000218,Riley Lee 218,Enterprise,Seattle,West,2024-08-22,B,1,Y,2026-09-11T04:28:49.990377+00:00,data/raw/master/customers.csv,customers
CUST00000219,Morgan Garcia 219,Consumer,Buffalo,Northeast,2023-07-02,A,Y,True,2026-09-11T04:28:49.990377+00:00,data/raw/master/customers.csv,customers
CUST00000220,Morgan Brown 220,Enterprise,Austin,Southwest,2025-03-29,a,1,Y,2026-09-11T04:28:49.990377+00:00,data/raw/master/customers.csv,customers
CUST00000221,Morgan Garcia 221,Consumer,Albuquerque,Southwest,04/06/2020,D,N,Y,2026-09-11T04:28:49.990377+00:00,data/raw/master/customers.csv,customers
CUST00000222,Jordan Smith 222,Small Business,Chicago,Midwest,2024-07-23,B,No,N,2026-09-11T04:28:49.990377+00:00,data/raw/master/customers.csv,customers
CUST00000223,Jordan Lee 223,Small Business,Philadelphia,Northeast,01/06/2023,A,No,N,2026-09-11T04:28:49.990377+00:00,data/raw/master/customers.csv,customers
CUST00000224,Jordan Smith 224,Government,Birmingham,Southeast,2025-09-05,C,Yes,Y,2026-09-11T04:28:49.990377+00:00,data/raw/master/customers.csv,customers
CUST00000225,Riley Smith 225,Small Business,Buffalo,Northeast,10/28/2020,C,N,Y,2026-09-11T04:28:49.990377+00:00,data/raw/master/customers.csv,customers
CUST00000226,Riley Lee 226,Small Business,Detroit,Midwest,12/18/2021,D,0,Y,2026-09-11T04:28:49.990377+00:00,data/raw/master/customers.csv,customers
CUST00000227,Jordan Garcia 227,Small Business,Albany,Northeast,04/12/2021,a,Y,Y,2026-09-11T04:28:49.990377+00:00,data/raw/master/customers.csv,customers
CUST00000228,Taylor Patel 228,Consumer,Nashville,Southeast,08/04/2021,C,Yes,Y,2026-09-11T04:28:49.990377+00:00,data/raw/master/customers.csv,customers
CUST00000229,Morgan Lee 229,consumer ,San Diego,West,2019-05-23,B,Yes,Y,2026-09-11T04:28:49.990377+00:00,data/raw/master/customers.csv,customers
CUST00000230,Morgan Patel 230,Small Business,Seattle,West,2019-05-06,D,Y,Y,2026-09-11T04:28:49.990377+00:00,data/raw/master/customers.csv,customers
CUST00000231,Morgan Smith 231,Small Business,Portland,West,06/22/2020,A,Yes,Y,2026-09-11T04:28:49.990377+00:00,data/raw/master/customers.csv,customers
CUST00000232,Morgan Garcia 232,Small Business,Albuquerque,Southwest,09/30/2023,D,Y,True,2026-09-11T04:28:49.990377+00:00,data/raw/master/customers.csv,customers
CUST00000233,Casey Lee 233,Small Business,Atlanta,Southeast,05/29/2018,C,Yes,Y,2026-09-11T04:28:49.990377+00:00,data/raw/master/customers.csv,customers
CUST00000234,Taylor Kim 234,Enterprise,Seattle,West,09/22/2022,A,0,Y,2026-09-11T04:28:49.990377+00:00,data/raw/master/customers.csv,customers
CUST00000235,Casey Brown 235,Government,Chicago,Midwest,2019-10-27,C,Yes,Y,2026-09-11T04:28:49.990377+00:00,data/raw/master/customers.csv,customers
CUST00000236,Casey Lee 236,Small Business,Nashville,Southeast,2023-10-25,a,Y,True,2026-09-11T04:28:49.990377+00:00,data/raw/master/customers.csv,customers
CUST00000237,Casey Smith 237,Small Business,Albuquerque,Southwest,03/24/2021,D,No,Y,2026-09-11T04:28:49.990377+00:00,data/raw/master/customers.csv,customers
CUST00000238,Morgan Smith 238,Government,San Diego,West,2024-01-11,B,1,Y,2026-09-11T04:28:49.990377+00:00,data/raw/master/customers.csv,customers
CUST00000239,Jordan Smith 239,consumer ,Albuquerque,Southwest,2020-01-31,C,1,True,2026-09-11T04:28:49.990377+00:00,data/raw/master/customers.csv,customers
CUST00000240,Alex Patel 240,consumer ,Boston,Northeast,2023-04-25,A,No,N,2026-09-11T04:28:49.990377+00:00,data/raw/master/customers.csv,customers
CUST00000241,Casey Kim 241,consumer ,Detroit,Midwest,08/17/2018,D,1,Y,2026-09-11T04:28:49.990377+00:00,data/raw/master/customers.csv,customers
CUST00000242,Morgan Garcia 242,Small Business,Seattle,West,2025-03-20,B,0,Y,2026-09-11T04:28:49.990377+00:00,data/raw/master/customers.csv,customers
CUST00000243,Morgan Smith 243,consumer ,Portland,West,2025-08-23,a,Yes,Y,2026-09-11T04:28:49.990377+00:00,data/raw/master/customers.csv,customers
CUST00000244,Jordan Smith 244,Enterprise,Philadelphia,Northeast,2019-02-28,C,0,N,2026-09-11T04:28:49.990377+00:00,data/raw/master/customers.csv,customers
CUST00000245,Alex Patel 245,Enterprise,Chicago,Midwest,2020-09-14,a,No,Y,2026-09-11T04:28:49.990377+00:00,data/raw/master/customers.csv,customers
CUST00000246,Morgan Smith 246,Government,Birmingham,Southeast,10/04/2025,C,No,Y,2026-09-11T04:28:49.990377+00:00,data/raw/master/customers.csv,customers
CUST00000247,Casey Kim 247,Small Business,Chicago,Midwest,2019-01-05,C,Yes,Y,2026-09-11T04:28:49.990377+00:00,data/raw/master/customers.csv,customers
CUST00000248,Casey Lee 248,consumer ,Albany,Northeast,05/04/2018,A,Yes,N,2026-09-11T04:28:49.990377+00:00,data/raw/master/customers.csv,customers
CUST00000249,Riley Patel 249,Consumer,Phoenix,Southwest,2025-04-01,A,1,Y,2026-09-11T04:28:49.990377+00:00,data/raw/master/customers.csv,customers
CUST00000250,Jordan Patel 250,Government,Albuquerque,Southwest,10/15/2019,D,Y,Y,2026-09-11T04:28:49.990377+00:00,data/raw/master/customers.csv,customers
CUST00000251,Morgan Smith 251,Small Business,Boston,Northeast,11/07/2020,D,N,Y,2026-09-11T04:28:49.990377+00:00,data/raw/master/customers.csv,customers
CUST00000252,Jordan Garcia 252,Small Business,Jacksonville,Southeast,04/30/2025,C,N,True,2026-09-11T04:28:49.990377+00:00,data/raw/master/customers.csv,customers
CUST00000253,Morgan Lee 253,Small Business,Buffalo,Northeast,09/08/2024,a,0,Y,2026-09-11T04:28:49.990377+00:00,data/raw/master/customers.csv,customers
CUST00000254,Casey Patel 254,Small Business,Phoenix,Southwest,2022-06-06,B,0,True,2026-09-11T04:28:49.990377+00:00,data/raw/master/customers.csv,customers
CUST00000255,Jordan Kim 255,Enterprise,Phoenix,Southwest,01/17/2026,a,No,Y,2026-09-11T04:28:49.990377+00:00,data/raw/master/customers.csv,customers
CUST00000256,Riley Lee 256,consumer ,Boston,Northeast,04/12/2022,C,No,True,2026-09-11T04:28:49.990377+00:00,data/raw/master/customers.csv,customers
CUST00000257,Alex Garcia 257,Enterprise,Buffalo,Northeast,2022-02-20,D,Yes,True,2026-09-11T04:28:49.990377+00:00,data/raw/master/customers.csv,customers
CUST00000258,Alex Patel 258,Small Business,Albuquerque,Southwest,11/04/2020,a,N,Y,2026-09-11T04:28:49.990377+00:00,data/raw/master/customers.csv,customers
CUST00000259,Morgan Kim 259,Enterprise,Birmingham,Southeast,04/16/2022,C,No,Y,2026-09-11T04:28:49.990377+00:00,data/raw/master/customers.csv,customers
CUST00000260,Riley Garcia 260,Government,Albuquerque,Southwest,08/28/2018,C,1,Y,2026-09-11T04:28:49.990377+00:00,data/raw/master/customers.csv,customers
CUST00000261,Riley Garcia 261,consumer ,Phoenix,Southwest,09/13/2022,A,Y,N,2026-09-11T04:28:49.990377+00:00,data/raw/master/customers.csv,customers
CUST00000262,Jordan Lee 262,Enterprise,Austin,Southwest,2023-11-07,a,No,Y,2026-09-11T04:28:49.990377+00:00,data/raw/master/customers.csv,customers
CUST00000263,Riley Lee 263,Small Business,Nashville,Southeast,2019-04-28,D,Y,Y,2026-09-11T04:28:49.990377+00:00,data/raw/master/customers.csv,customers
CUST00000264,Riley Brown 264,Enterprise,Detroit,Midwest,08/08/2025,B,N,N,2026-09-11T04:28:49.990377+00:00,data/raw/master/customers.csv,customers
CUST00000265,Morgan Brown 265,Government,Albuquerque,Southwest,2024-12-05,A,No,Y,2026-09-11T04:28:49.990377+00:00,data/raw/master/customers.csv,customers
CUST00000266,Alex Smith 266,Consumer,Dallas,Southwest,2022-08-02,a,Yes,Y,2026-09-11T04:28:49.990377+00:00,data/raw/master/customers.csv,customers
CUST00000267,Taylor Patel 267,consumer ,Albany,Northeast,05/01/2021,D,0,Y,2026-09-11T04:28:49.990377+00:00,data/raw/master/customers.csv,customers
CUST00000268,Morgan Lee 268,Enterprise,Phoenix,Southwest,10/24/2022,B,N,Y,2026-09-11T04:28:49.990377+00:00,data/raw/master/customers.csv,customers
CUST00000269,Alex Patel 269,Government,Columbus,Midwest,2022-07-08,C,No,True,2026-09-11T04:28:49.990377+00:00,data/raw/master/customers.csv,customers
CUST00000270,Taylor Kim 270,consumer ,Atlanta,Southeast,2023-06-01,D,Yes,Y,2026-09-11T04:28:49.990377+00:00,data/raw/master/customers.csv,customers
CUST00000271,Alex Brown 271,Enterprise,Nashville,Southeast,06/26/2022,B,N,Y,2026-09-11T04:28:49.990377+00:00,data/raw/master/customers.csv,customers
CUST00000272,Casey Smith 272,Enterprise,Philadelphia,Northeast,02/29/2020,B,Y,True,2026-09-11T04:28:49.990377+00:00,data/raw/master/customers.csv,customers
CUST00000273,Alex Brown 273,Small Business,Detroit,Midwest,05/06/2018,a,0,Y,2026-09-11T04:28:49.990377+00:00,data/raw/master/customers.csv,customers
CUST00000274,Jordan Garcia 274,Enterprise,Chicago,Midwest,2023-09-11,A,0,Y,2026-09-11T04:28:49.990377+00:00,data/raw/master/customers.csv,customers
CUST00000275,Alex Kim 275,Consumer,Portland,West,07/02/2024,D,N,Y,2026-09-11T04:28:49.990377+00:00,data/raw/master/customers.csv,customers
CUST00000276,Taylor Smith 276,Small Business,Austin,Southwest,2022-08-16,A,No,N,2026-09-11T04:28:49.990377+00:00,data/raw/master/customers.csv,customers
CUST00000277,Jordan Brown 277,Small Business,Dallas,Southwest,2019-09-06,A,0,Y,2026-09-11T04:28:49.990377+00:00,data/raw/master/customers.csv,customers
CUST00000278,Casey Kim 278,consumer ,Jacksonville,Southeast,2025-07-02,C,0,True,2026-09-11T04:28:49.990377+00:00,data/raw/master/customers.csv,customers
CUST00000279,Casey Patel 279,consumer ,Jacksonville,Southeast,2023-05-14,A,1,N,2026-09-11T04:28:49.990377+00:00,data/raw/master/customers.csv,customers
CUST00000280,Casey Lee 280,Consumer,Atlanta,Southeast,2024-02-03,D,1,Y,2026-09-11T04:28:49.990377+00:00,data/raw/master/customers.csv,customers
CUST00000281,Casey Smith 281,Small Business,Indianapolis,Midwest,01/07/2026,a,1,Y,2026-09-11T04:28:49.990377+00:00,data/raw/master/customers.csv,customers
CUST00000282,Riley Patel 282,consumer ,Columbus,Midwest,06/12/2025,C,Y,Y,2026-09-11T04:28:49.990377+00:00,data/raw/master/customers.csv,customers
CUST00000283,Riley Garcia 283,consumer ,Jacksonville,Southeast,10/26/2023,A,No,Y,2026-09-11T04:28:49.990377+00:00,data/raw/master/customers.csv,customers
CUST00000284,Casey Garcia 284,Consumer,Birmingham,Southeast,2025-10-11,D,No,N,2026-09-11T04:28:49.990377+00:00,data/raw/master/customers.csv,customers
CUST00000285,Jordan Kim 285,consumer ,Austin,Southwest,02/25/2019,B,1,True,2026-09-11T04:28:49.990377+00:00,data/raw/master/customers.csv,customers
CUST00000286,Casey Kim 286,Small Business,Albany,Northeast,01/02/2019,B,N,N,2026-09-11T04:28:49.990377+00:00,data/raw/master/customers.csv,customers
CUST00000287,Alex Patel 287,Consumer,Albany,Northeast,2021-05-25,A,N,N,2026-09-11T04:28:49.990377+00:00,data/raw/master/customers.csv,customers
CUST00000288,Alex Smith 288,Government,Albuquerque,Southwest,05/17/2018,A,No,True,2026-09-11T04:28:49.990377+00:00,data/raw/master/customers.csv,customers
CUST00000289,Taylor Kim 289,consumer ,Indianapolis,Midwest,08/12/2019,a,N,Y,2026-09-11T04:28:49.990377+00:00,data/raw/master/customers.csv,customers
CUST00000290,Riley Garcia 290,Consumer,Philadelphia,Northeast,05/07/2019,B,Yes,True,2026-09-11T04:28:49.990377+00:00,data/raw/master/customers.csv,customers
CUST00000291,Morgan Kim 291,consumer ,Nashville,Southeast,07/27/2022,a,Yes,True,2026-09-11T04:28:49.990377+00:00,data/raw/master/customers.csv,customers
CUST00000292,Alex Smith 292,Government,Columbus,Midwest,12/11/2018,A,Yes,Y,2026-09-11T04:28:49.990377+00:00,data/raw/master/customers.csv,customers
CUST00000293,Casey Lee 293,Small Business,Austin,Southwest,2018-12-04,D,Y,Y,2026-09-11T04:28:49.990377+00:00,data/raw/master/customers.csv,customers
CUST00000294,Alex Brown 294,Enterprise,Seattle,West,2024-01-22,D,No,Y,2026-09-11T04:28:49.990377+00:00,data/raw/master/customers.csv,customers
CUST00000295,Morgan Garcia 295,Consumer,Seattle,West,11/21/2025,B,Yes,Y,2026-09-11T04:28:49.990377+00:00,data/raw/master/customers.csv,customers
CUST00000296,Taylor Smith 296,Consumer,Indianapolis,Midwest,2022-03-05,a,Y,N,2026-09-11T04:28:49.990377+00:00,data/raw/master/customers.csv,customers
CUST00000297,Alex Garcia 297,Enterprise,Denver,West,06/26/2020,B,Yes,Y,2026-09-11T04:28:49.990377+00:00,data/raw/master/customers.csv,customers
CUST00000298,Casey Brown 298,Small Business,Dallas,Southwest,2025-12-28,D,N,N,2026-09-11T04:28:49.990377+00:00,data/raw/master/customers.csv,customers
CUST00000299,Jordan Smith 299,Small Business,Buffalo,Northeast,2020-04-20,B,0,True,2026-09-11T04:28:49.990377+00:00,data/raw/master/customers.csv,customers
CUST00000300,Casey Brown 300,Enterprise,Columbus,Midwest,2023-05-24,C,Y,N,2026-09-11T04:28:49.990377+00:00,data/raw/master/customers.csv,customers
CUST00000301,Taylor Lee 301,Consumer,Birmingham,Southeast,12/31/2019,C,Y,N,2026-09-11T04:28:49.990377+00:00,data/raw/master/customers.csv,customers
CUST00000302,Taylor Patel 302,consumer ,Indianapolis,Midwest,03/29/2024,B,Yes,True,2026-09-11T04:28:49.990377+00:00,data/raw/master/customers.csv,customers
CUST00000303,Taylor Kim 303,Small Business,Boston,Northeast,2019-12-27,D,No,Y,2026-09-11T04:28:49.990377+00:00,data/raw/master/customers.csv,customers
CUST00000304,Jordan Kim 304,consumer ,Boston,Northeast,2024-09-12,a,1,True,2026-09-11T04:28:49.990377+00:00,data/raw/master/customers.csv,customers
CUST00000305,Casey Patel 305,Small Business,Columbus,Midwest,06/30/2019,D,No,Y,2026-09-11T04:28:49.990377+00:00,data/raw/master/customers.csv,customers
CUST00000306,Morgan Kim 306,Small Business,Denver,West,10/12/2021,A,Y,True,2026-09-11T04:28:49.990377+00:00,data/raw/master/customers.csv,customers
CUST00000307,Jordan Brown 307,Small Business,Phoenix,Southwest,02/20/2018,D,No,Y,2026-09-11T04:28:49.990377+00:00,data/raw/master/customers.csv,customers
CUST00000308,Jordan Brown 308,Government,Philadelphia,Northeast,07/23/2025,D,N,N,2026-09-11T04:28:49.990377+00:00,data/raw/master/customers.csv,customers
CUST00000309,Taylor Kim 309,Government,Buffalo,Northeast,09/01/2025,A,Y,True,2026-09-11T04:28:49.990377+00:00,data/raw/master/customers.csv,customers
CUST00000310,Morgan Smith 310,Small Business,Portland,West,2025-06-20,A,N,Y,2026-09-11T04:28:49.990377+00:00,data/raw/master/customers.csv,customers
CUST00000311,Taylor Lee 311,Consumer,San Diego,West,08/06/2021,A,N,Y,2026-09-11T04:28:49.990377+00:00,data/raw/master/customers.csv,customers
CUST00000312,Riley Lee 312,Government,Portland,West,05/29/2024,A,Y,Y,2026-09-11T04:28:49.990377+00:00,data/raw/master/customers.csv,customers
CUST00000313,Morgan Brown 313,consumer ,San Diego,West,11/04/2018,A,No,Y,2026-09-11T04:28:49.990377+00:00,data/raw/master/customers.csv,customers
CUST00000314,Casey Lee 314,Consumer,Austin,Southwest,2023-02-21,C,N,N,2026-09-11T04:28:49.990377+00:00,data/raw/master/customers.csv,customers
CUST00000315,Taylor Smith 315,Small Business,Atlanta,Southeast,2025-10-13,A,0,Y,2026-09-11T04:28:49.990377+00:00,data/raw/master/customers.csv,customers
CUST00000316,Morgan Patel 316,Government,Austin,Southwest,04/30/2019,a,Yes,Y,2026-09-11T04:28:49.990377+00:00,data/raw/master/customers.csv,customers
CUST00000317,Taylor Smith 317,Enterprise,Boston,Northeast,2020-07-14,B,0,Y,2026-09-11T04:28:49.990377+00:00,data/raw/master/customers.csv,customers
CUST00000318,Riley Smith 318,Enterprise,Denver,West,02/15/2023,A,Yes,Y,2026-09-11T04:28:49.990377+00:00,data/raw/master/customers.csv,customers
CUST00000319,Morgan Smith 319,Consumer,Boston,Northeast,2023-06-15,a,Yes,Y,2026-09-11T04:28:49.990377+00:00,data/raw/master/customers.csv,customers
CUST00000320,Taylor Kim 320,Government,Philadelphia,Northeast,12/12/2025,C,0,N,2026-09-11T04:28:49.990377+00:00,data/raw/master/customers.csv,customers
CUST00000321,Alex Lee 321,Consumer,Detroit,Midwest,2020-12-19,C,Y,Y,2026-09-11T04:28:49.990377+00:00,data/raw/master/customers.csv,customers
CUST00000322,Riley Lee 322,Enterprise,Detroit,Midwest,2019-11-26,A,N,Y,2026-09-11T04:28:49.990377+00:00,data/raw/master/customers.csv,customers
CUST00000323,Riley Smith 323,Enterprise,Portland,West,2023-09-20,A,Y,Y,2026-09-11T04:28:49.990377+00:00,data/raw/master/customers.csv,customers
CUST00000324,Casey Patel 324,Small Business,Atlanta,Southeast,08/28/2024,A,Y,True,2026-09-11T04:28:49.990377+00:00,data/raw/master/customers.csv,customers
CUST00000325,Taylor Brown 325,Government,Albany,Northeast,07/10/2021,D,N,Y,2026-09-11T04:28:49.990377+00:00,data/raw/master/customers.csv,customers
CUST00000326,Riley Smith 326,consumer ,Chicago,Midwest,2018-02-21,B,1,True,2026-09-11T04:28:49.990377+00:00,data/raw/master/customers.csv,customers
CUST00000327,Morgan Brown 327,Enterprise,Boston,Northeast,07/22/2022,A,No,Y,2026-09-11T04:28:49.990377+00:00,data/raw/master/customers.csv,customers
CUST00000328,Casey Garcia 328,Small Business,Boston,Northeast,01/17/2026,a,Yes,Y,2026-09-11T04:28:49.990377+00:00,data/raw/master/customers.csv,customers
CUST00000329,Alex Patel 329,consumer ,Denver,West,2024-07-25,D,Y,N,2026-09-11T04:28:49.990377+00:00,data/raw/master/customers.csv,customers
CUST00000330,Jordan Brown 330,Small Business,Boston,Northeast,09/06/2021,D,Y,Y,2026-09-11T04:28:49.990377+00:00,data/raw/master/customers.csv,customers
CUST00000331,Jordan Brown 331,Consumer,Philadelphia,Northeast,07/21/2023,B,Yes,True,2026-09-11T04:28:49.990377+00:00,data/raw/master/customers.csv,customers
CUST00000332,Casey Smith 332,Enterprise,Detroit,Midwest,2025-06-10,B,No,Y,2026-09-11T04:28:49.990377+00:00,data/raw/master/customers.csv,customers
CUST00000333,Casey Lee 333,Small Business,Jacksonville,Southeast,2022-05-05,a,0,Y,2026-09-11T04:28:49.990377+00:00,data/raw/master/customers.csv,customers
CUST00000334,Morgan Brown 334,Government,Jacksonville,Southeast,2026-01-06,B,Y,Y,2026-09-11T04:28:49.990377+00:00,data/raw/master/customers.csv,customers
CUST00000335,Jordan Lee 335,Enterprise,San Diego,West,05/04/2023,A,Y,Y,2026-09-11T04:28:49.990377+00:00,data/raw/master/customers.csv,customers
CUST00000336,Riley Smith 336,Consumer,Jacksonville,Southeast,2024-11-15,B,Y,True,2026-09-11T04:28:49.990377+00:00,data/raw/master/customers.csv,customers
CUST00000337,Jordan Garcia 337,Small Business,Boston,Northeast,12/02/2020,A,1,True,2026-09-11T04:28:49.990377+00:00,data/raw/master/customers.csv,customers
CUST00000338,Alex Smith 338,consumer ,Indianapolis,Midwest,06/09/2021,A,Yes,Y,2026-09-11T04:28:49.990377+00:00,data/raw/master/customers.csv,customers
CUST00000339,Jordan Smith 339,Consumer,San Diego,West,07/02/2018,a,N,Y,2026-09-11T04:28:49.990377+00:00,data/raw/master/customers.csv,customers
CUST00000340,Jordan Lee 340,Enterprise,Albany,Northeast,2021-09-15,A,Yes,Y,2026-09-11T04:28:49.990377+00:00,data/raw/master/customers.csv,customers
CUST00000341,Casey Smith 341,Enterprise,Boston,Northeast,07/30/2025,B,N,True,2026-09-11T04:28:49.990377+00:00,data/raw/master/customers.csv,customers
CUST00000342,Taylor Brown 342,Enterprise,Philadelphia,Northeast,08/06/2023,B,Yes,Y,2026-09-11T04:28:49.990377+00:00,data/raw/master/customers.csv,customers
CUST00000343,Riley Brown 343,Consumer,Indianapolis,Midwest,11/26/2021,A,Y,Y,2026-09-11T04:28:49.990377+00:00,data/raw/master/customers.csv,customers
CUST00000344,Riley Lee 344,Small Business,Buffalo,Northeast,2018-09-30,C,N,N,2026-09-11T04:28:49.990377+00:00,data/raw/master/customers.csv,customers
CUST00000345,Jordan Garcia 345,consumer ,Dallas,Southwest,12/22/2025,C,No,Y,2026-09-11T04:28:49.990377+00:00,data/raw/master/customers.csv,customers
CUST00000346,Alex Kim 346,Small Business,Columbus,Midwest,2019-06-26,A,No,Y,2026-09-11T04:28:49.990377+00:00,data/raw/master/customers.csv,customers
CUST00000347,Jordan Garcia 347,Small Business,Albuquerque,Southwest,2025-08-07,a,0,Y,2026-09-11T04:28:49.990377+00:00,data/raw/master/customers.csv,customers
CUST00000348,Casey Garcia 348,consumer ,Jacksonville,Southeast,2023-05-03,C,1,Y,2026-09-11T04:28:49.990377+00:00,data/raw/master/customers.csv,customers
CUST00000349,Casey Smith 349,Small Business,Atlanta,Southeast,04/04/2024,A,1,N,2026-09-11T04:28:49.990377+00:00,data/raw/master/customers.csv,customers
CUST00000350,Taylor Smith 350,Government,Dallas,Southwest,08/29/2020,C,1,Y,2026-09-11T04:28:49.990377+00:00,data/raw/master/customers.csv,customers
CUST00000351,Alex Garcia 351,Government,Jacksonville,Southeast,2025-02-24,A,0,Y,2026-09-11T04:28:49.990377+00:00,data/raw/master/customers.csv,customers
CUST00000352,Jordan Kim 352,Consumer,Portland,West,2018-02-12,D,No,Y,2026-09-11T04:28:49.990377+00:00,data/raw/master/customers.csv,customers
CUST00000353,Morgan Patel 353,Small Business,Birmingham,Southeast,12/09/2024,D,No,Y,2026-09-11T04:28:49.990377+00:00,data/raw/master/customers.csv,customers
CUST00000354,Casey Lee 354,Government,Portland,West,2022-07-09,D,Yes,Y,2026-09-11T04:28:49.990377+00:00,data/raw/master/customers.csv,customers
CUST00000355,Riley Garcia 355,Government,Phoenix,Southwest,2020-10-08,A,Y,Y,2026-09-11T04:28:49.990377+00:00,data/raw/master/customers.csv,customers
CUST00000356,Alex Garcia 356,consumer ,Columbus,Midwest,2023-06-18,a,Y,Y,2026-09-11T04:28:49.990377+00:00,data/raw/master/customers.csv,customers
CUST00000357,Riley Lee 357,Small Business,Phoenix,Southwest,07/09/2023,A,1,Y,2026-09-11T04:28:49.990377+00:00,data/raw/master/customers.csv,customers
CUST00000358,Casey Smith 358,Small Business,San Diego,West,12/31/2023,A,No,N,2026-09-11T04:28:49.990377+00:00,data/raw/master/customers.csv,customers
CUST00000359,Riley Patel 359,Enterprise,Albany,Northeast,2020-01-03,D,N,Y,2026-09-11T04:28:49.990377+00:00,data/raw/master/customers.csv,customers
CUST00000360,Jordan Kim 360,Enterprise,Austin,Southwest,10/06/2023,D,N,True,2026-09-11T04:28:49.990377+00:00,data/raw/master/customers.csv,customers
CUST00000361,Riley Garcia 361,Small Business,Seattle,West,01/28/2022,D,Y,True,2026-09-11T04:28:49.990377+00:00,data/raw/master/customers.csv,customers
CUST00000362,Jordan Patel 362,Small Business,San Diego,West,08/24/2020,B,0,Y,2026-09-11T04:28:49.990377+00:00,data/raw/master/customers.csv,customers
CUST00000363,Taylor Kim 363,Consumer,Philadelphia,Northeast,04/14/2018,B,0,True,2026-09-11T04:28:49.990377+00:00,data/raw/master/customers.csv,customers
CUST00000364,Taylor Patel 364,Enterprise,Albuquerque,Southwest,2023-09-02,a,N,Y,2026-09-11T04:28:49.990377+00:00,data/raw/master/customers.csv,customers
CUST00000365,Alex Patel 365,Enterprise,Nashville,Southeast,2026-02-19,a,0,True,2026-09-11T04:28:49.990377+00:00,data/raw/master/customers.csv,customers
CUST00000366,Morgan Brown 366,Government,Albuquerque,Southwest,08/28/2024,A,Y,Y,2026-09-11T04:28:49.990377+00:00,data/raw/master/customers.csv,customers
CUST00000367,Alex Patel 367,Enterprise,Nashville,Southeast,06/18/2021,a,1,True,2026-09-11T04:28:49.990377+00:00,data/raw/master/customers.csv,customers
CUST00000368,Casey Kim 368,Government,Boston,Northeast,02/21/2021,C,Yes,N,2026-09-11T04:28:49.990377+00:00,data/raw/master/customers.csv,customers
CUST00000369,Alex Lee 369,Enterprise,Boston,Northeast,2018-03-09,D,0,Y,2026-09-11T04:28:49.990377+00:00,data/raw/master/customers.csv,customers
CUST00000370,Morgan Lee 370,Government,Nashville,Southeast,11/18/2020,a,Y,Y,2026-09-11T04:28:49.990377+00:00,data/raw/master/customers.csv,customers
CUST00000371,Alex Lee 371,Government,Denver,West,2022-05-22,D,Yes,True,2026-09-11T04:28:49.990377+00:00,data/raw/master/customers.csv,customers
CUST00000372,Alex Patel 372,Small Business,Philadelphia,Northeast,01/04/2024,B,0,True,2026-09-11T04:28:49.990377+00:00,data/raw/master/customers.csv,customers
CUST00000373,Taylor Smith 373,Consumer,Dallas,Southwest,05/24/2021,D,1,Y,2026-09-11T04:28:49.990377+00:00,data/raw/master/customers.csv,customers
CUST00000374,Riley Brown 374,Enterprise,Nashville,Southeast,2023-05-09,a,Y,Y,2026-09-11T04:28:49.990377+00:00,data/raw/master/customers.csv,customers
CUST00000375,Jordan Smith 375,Consumer,Austin,Southwest,2024-10-10,a,Y,N,2026-09-11T04:28:49.990377+00:00,data/raw/master/customers.csv,customers
CUST00000376,Alex Lee 376,Small Business,Indianapolis,Midwest,2020-11-28,C,N,Y,2026-09-11T04:28:49.990377+00:00,data/raw/master/customers.csv,customers
CUST00000377,Jordan Kim 377,Small Business,Columbus,Midwest,09/06/2019,D,Yes,Y,2026-09-11T04:28:49.990377+00:00,data/raw/master/customers.csv,customers
CUST00000378,Taylor Lee 378,Small Business,Albany,Northeast,04/27/2026,a,1,Y,2026-09-11T04:28:49.990377+00:00,data/raw/master/customers.csv,customers
CUST00000379,Taylor Smith 379,Enterprise,Indianapolis,Midwest,2024-11-28,A,0,N,2026-09-11T04:28:49.990377+00:00,data/raw/master/customers.csv,customers
CUST00000380,Jordan Brown 380,Small Business,Dallas,Southwest,2023-09-26,D,1,Y,2026-09-11T04:28:49.990377+00:00,data/raw/master/customers.csv,customers
CUST00000381,Taylor Brown 381,Consumer,Detroit,Midwest,08/25/2022,D,No,True,2026-09-11T04:28:49.990377+00:00,data/raw/master/customers.csv,customers
CUST00000382,Alex Smith 382,Government,Portland,West,2021-09-01,D,1,True,2026-09-11T04:28:49.990377+00:00,data/raw/master/customers.csv,customers
CUST00000383,Taylor Patel 383,Small Business,Birmingham,Southeast,2021-02-14,B,N,Y,2026-09-11T04:28:49.990377+00:00,data/raw/master/customers.csv,customers
CUST00000384,Riley Garcia 384,Consumer,Portland,West,2021-03-22,A,0,N,2026-09-11T04:28:49.990377+00:00,data/raw/master/customers.csv,customers
CUST00000385,Alex Brown 385,Consumer,Buffalo,Northeast,05/13/2025,D,N,Y,2026-09-11T04:28:49.990377+00:00,data/raw/master/customers.csv,customers
CUST00000386,Alex Kim 386,Enterprise,Albuquerque,Southwest,10/18/2019,D,0,Y,2026-09-11T04:28:49.990377+00:00,data/raw/master/customers.csv,customers
CUST00000387,Morgan Garcia 387,Government,Albuquerque,Southwest,2023-05-27,a,No,Y,2026-09-11T04:28:49.990377+00:00,data/raw/master/customers.csv,customers
CUST00000388,Riley Smith 388,Government,Birmingham,Southeast,08/17/2024,C,Yes,Y,2026-09-11T04:28:49.990377+00:00,data/raw/master/customers.csv,customers
CUST00000389,Riley Kim 389,Government,Portland,West,2018-04-22,B,Y,Y,2026-09-11T04:28:49.990377+00:00,data/raw/master/customers.csv,customers
CUST00000390,Taylor Lee 390,Small Business,San Diego,West,12/04/2024,B,Y,Y,2026-09-11T04:28:49.990377+00:00,data/raw/master/customers.csv,customers
CUST00000391,Morgan Patel 391,Small Business,Atlanta,Southeast,05/17/2018,B,N,N,2026-09-11T04:28:49.990377+00:00,data/raw/master/customers.csv,customers
CUST00000392,Morgan Patel 392,consumer ,Seattle,West,2022-02-20,B,No,True,2026-09-11T04:28:49.990377+00:00,data/raw/master/customers.csv,customers
CUST00000393,Taylor Brown 393,consumer ,Phoenix,Southwest,01/03/2022,C,No,N,2026-09-11T04:28:49.990377+00:00,data/raw/master/customers.csv,customers
CUST00000394,Morgan Smith 394,Government,Boston,Northeast,2018-03-17,B,No,Y,2026-09-11T04:28:49.990377+00:00,data/raw/master/customers.csv,customers
CUST00000395,Alex Garcia 395,Small Business,Buffalo,Northeast,2018-08-05,C,1,Y,2026-09-11T04:28:49.990377+00:00,data/raw/master/customers.csv,customers
CUST00000396,Taylor Garcia 396,Small Business,Portland,West,08/08/2019,a,No,Y,2026-09-11T04:28:49.990377+00:00,data/raw/master/customers.csv,customers
CUST00000397,Casey Kim 397,Consumer,Columbus,Midwest,2019-08-16,D,1,Y,2026-09-11T04:28:49.990377+00:00,data/raw/master/customers.csv,customers
CUST00000398,Taylor Lee 398,Government,Buffalo,Northeast,02/06/2025,C,No,True,2026-09-11T04:28:49.990377+00:00,data/raw/master/customers.csv,customers
CUST00000399,Riley Lee 399,Government,Phoenix,Southwest,05/29/2024,B,Y,Y,2026-09-11T04:28:49.990377+00:00,data/raw/master/customers.csv,customers
CUST00000400,Taylor Lee 400,consumer ,Albuquerque,Southwest,2026-01-22,C,No,Y,2026-09-11T04:28:49.990377+00:00,data/raw/master/customers.csv,customers
CUST00000401,Alex Patel 401,Enterprise,Austin,Southwest,02/08/2024,A,0,Y,2026-09-11T04:28:49.990377+00:00,data/raw/master/customers.csv,customers
CUST00000402,Alex Kim 402,consumer ,Columbus,Midwest,2019-09-16,C,N,Y,2026-09-11T04:28:49.990377+00:00,data/raw/master/customers.csv,customers
CUST00000403,Morgan Kim 403,Small Business,Albany,Northeast,2019-06-11,D,No,Y,2026-09-11T04:28:49.990377+00:00,data/raw/master/customers.csv,customers
CUST00000404,Taylor Smith 404,Enterprise,Atlanta,Southeast,2026-02-15,A,0,Y,2026-09-11T04:28:49.990377+00:00,data/raw/master/customers.csv,customers
CUST00000405,Taylor Lee 405,Government,Buffalo,Northeast,2023-05-30,C,No,Y,2026-09-11T04:28:49.990377+00:00,data/raw/master/customers.csv,customers
CUST00000406,Jordan Patel 406,Government,San Diego,West,11/29/2021,B,No,Y,2026-09-11T04:28:49.990377+00:00,data/raw/master/customers.csv,customers
CUST00000407,Morgan Patel 407,Enterprise,Atlanta,Southeast,2024-03-26,a,Y,True,2026-09-11T04:28:49.990377+00:00,data/raw/master/customers.csv,customers
CUST00000408,Riley Garcia 408,Government,Columbus,Midwest,2018-05-01,A,1,True,2026-09-11T04:28:49.990377+00:00,data/raw/master/customers.csv,customers
CUST00000409,Taylor Lee 409,Government,Portland,West,03/17/2018,a,0,True,2026-09-11T04:28:49.990377+00:00,data/raw/master/customers.csv,customers
CUST00000410,Taylor Patel 410,consumer ,Buffalo,Northeast,2021-04-04,B,Y,Y,2026-09-11T04:28:49.990377+00:00,data/raw/master/customers.csv,customers
CUST00000411,Riley Lee 411,consumer ,Jacksonville,Southeast,11/19/2023,B,Yes,Y,2026-09-11T04:28:49.990377+00:00,data/raw/master/customers.csv,customers
CUST00000412,Morgan Garcia 412,Government,Jacksonville,Southeast,03/30/2020,a,0,Y,2026-09-11T04:28:49.990377+00:00,data/raw/master/customers.csv,customers
CUST00000413,Alex Brown 413,consumer ,Philadelphia,Northeast,02/23/2020,A,No,Y,2026-09-11T04:28:49.990377+00:00,data/raw/master/customers.csv,customers
CUST00000414,Riley Smith 414,Government,Portland,West,11/29/2022,B,N,N,2026-09-11T04:28:49.990377+00:00,data/raw/master/customers.csv,customers
CUST00000415,Taylor Garcia 415,Small Business,Denver,West,2019-05-16,B,N,Y,2026-09-11T04:28:49.990377+00:00,data/raw/master/customers.csv,customers
CUST00000416,Casey Smith 416,Small Business,Birmingham,Southeast,08/18/2024,a,Yes,Y,2026-09-11T04:28:49.990377+00:00,data/raw/master/customers.csv,customers
CUST00000417,Jordan Smith 417,Small Business,Denver,West,2021-02-09,D,No,Y,2026-09-11T04:28:49.990377+00:00,data/raw/master/customers.csv,customers
CUST00000418,Taylor Brown 418,Consumer,Denver,West,2021-10-13,A,Yes,Y,2026-09-11T04:28:49.990377+00:00,data/raw/master/customers.csv,customers
CUST00000419,Casey Patel 419,consumer ,Chicago,Midwest,07/08/2020,B,No,Y,2026-09-11T04:28:49.990377+00:00,data/raw/master/customers.csv,customers
CUST00000420,Alex Garcia 420,Enterprise,Indianapolis,Midwest,10/31/2018,B,Yes,N,2026-09-11T04:28:49.990377+00:00,data/raw/master/customers.csv,customers
CUST00000421,Alex Garcia 421,Enterprise,Indianapolis,Midwest,11/13/2018,C,N,Y,2026-09-11T04:28:49.990377+00:00,data/raw/master/customers.csv,customers
CUST00000422,Taylor Smith 422,Enterprise,Boston,Northeast,01/01/2022,a,0,True,2026-09-11T04:28:49.990377+00:00,data/raw/master/customers.csv,customers
CUST00000423,Morgan Kim 423,Government,Albuquerque,Southwest,2023-07-07,A,N,N,2026-09-11T04:28:49.990377+00:00,data/raw/master/customers.csv,customers
CUST00000424,Casey Kim 424,Consumer,Philadelphia,Northeast,12/02/2018,a,1,Y,2026-09-11T04:28:49.990377+00:00,data/raw/master/customers.csv,customers
CUST00000425,Morgan Brown 425,Consumer,Boston,Northeast,02/11/2022,a,Y,Y,2026-09-11T04:28:49.990377+00:00,data/raw/master/customers.csv,customers
CUST00000426,Morgan Lee 426,Small Business,Albuquerque,Southwest,05/08/2024,B,1,Y,2026-09-11T04:28:49.990377+00:00,data/raw/master/customers.csv,customers
CUST00000427,Riley Smith 427,Enterprise,Austin,Southwest,2020-11-14,A,Yes,Y,2026-09-11T04:28:49.990377+00:00,data/raw/master/customers.csv,customers
CUST00000428,Jordan Garcia 428,Consumer,Seattle,West,12/14/2019,a,Y,Y,2026-09-11T04:28:49.990377+00:00,data/raw/master/customers.csv,customers
CUST00000429,Alex Kim 429,Government,Buffalo,Northeast,2024-06-19,C,N,Y,2026-09-11T04:28:49.990377+00:00,data/raw/master/customers.csv,customers
CUST00000430,Jordan Smith 430,Enterprise,Albuquerque,Southwest,08/05/2020,D,1,True,2026-09-11T04:28:49.990377+00:00,data/raw/master/customers.csv,customers
CUST00000431,Taylor Brown 431,Small Business,Birmingham,Southeast,11/09/2020,a,1,N,2026-09-11T04:28:49.990377+00:00,data/raw/master/customers.csv,customers
CUST00000432,Morgan Smith 432,consumer ,Detroit,Midwest,2022-04-14,a,Yes,Y,2026-09-11T04:28:49.990377+00:00,data/raw/master/customers.csv,customers
CUST00000433,Jordan Smith 433,consumer ,Boston,Northeast,03/08/2022,B,No,N,2026-09-11T04:28:49.990377+00:00,data/raw/master/customers.csv,customers
CUST00000434,Jordan Lee 434,Enterprise,Detroit,Midwest,05/29/2022,D,Yes,N,2026-09-11T04:28:49.990377+00:00,data/raw/master/customers.csv,customers
CUST00000435,Jordan Kim 435,Consumer,Seattle,West,2026-02-21,D,No,Y,2026-09-11T04:28:49.990377+00:00,data/raw/master/customers.csv,customers
CUST00000436,Jordan Smith 436,Consumer,Detroit,Midwest,2024-09-11,C,N,N,2026-09-11T04:28:49.990377+00:00,data/raw/master/customers.csv,customers
CUST00000437,Casey Garcia 437,Enterprise,Chicago,Midwest,2020-09-01,a,Y,Y,2026-09-11T04:28:49.990377+00:00,data/raw/master/customers.csv,customers
CUST00000438,Morgan Garcia 438,Consumer,Portland,West,12/15/2024,A,0,True,2026-09-11T04:28:49.990377+00:00,data/raw/master/customers.csv,customers
CUST00000439,Jordan Brown 439,consumer ,Atlanta,Southeast,02/24/2026,D,Y,N,2026-09-11T04:28:49.990377+00:00,data/raw/master/customers.csv,customers
CUST00000440,Casey Patel 440,Enterprise,Buffalo,Northeast,2019-08-07,C,No,N,2026-09-11T04:28:49.990377+00:00,data/raw/master/customers.csv,customers
CUST00000441,Morgan Smith 441,consumer ,Albany,Northeast,2026-01-11,a,0,Y,2026-09-11T04:28:49.990377+00:00,data/raw/master/customers.csv,customers
CUST00000442,Riley Patel 442,Government,Nashville,Southeast,08/03/2025,D,N,Y,2026-09-11T04:28:49.990377+00:00,data/raw/master/customers.csv,customers
CUST00000443,Morgan Kim 443,consumer ,Dallas,Southwest,05/28/2025,a,0,Y,2026-09-11T04:28:49.990377+00:00,data/raw/master/customers.csv,customers
CUST00000444,Alex Lee 444,Government,Atlanta,Southeast,2022-06-30,C,N,Y,2026-09-11T04:28:49.990377+00:00,data/raw/master/customers.csv,customers
CUST00000445,Taylor Kim 445,Consumer,Seattle,West,2021-09-03,C,1,Y,2026-09-11T04:28:49.990377+00:00,data/raw/master/customers.csv,customers
CUST00000446,Morgan Brown 446,Enterprise,Albuquerque,Southwest,09/14/2020,A,No,True,2026-09-11T04:28:49.990377+00:00,data/raw/master/customers.csv,customers
CUST00000447,Morgan Kim 447,Consumer,Philadelphia,Northeast,2025-12-26,C,0,N,2026-09-11T04:28:49.990377+00:00,data/raw/master/customers.csv,customers
CUST00000448,Taylor Brown 448,Government,Boston,Northeast,03/24/2019,A,Y,True,2026-09-11T04:28:49.990377+00:00,data/raw/master/customers.csv,customers
CUST00000449,Morgan Lee 449,Small Business,Albuquerque,Southwest,2018-07-22,C,Y,True,2026-09-11T04:28:49.990377+00:00,data/raw/master/customers.csv,customers
CUST00000450,Casey Lee 450,Enterprise,Boston,Northeast,12/22/2020,C,1,True,2026-09-11T04:28:49.990377+00:00,data/raw/master/customers.csv,customers
CUST00000451,Alex Kim 451,Government,Nashville,Southeast,2022-06-01,D,No,True,2026-09-11T04:28:49.990377+00:00,data/raw/master/customers.csv,customers
CUST00000452,Morgan Lee 452,Enterprise,Chicago,Midwest,2026-02-14,B,1,True,2026-09-11T04:28:49.990377+00:00,data/raw/master/customers.csv,customers
CUST00000453,Taylor Garcia 453,Consumer,Columbus,Midwest,01/23/2024,C,0,N,2026-09-11T04:28:49.990377+00:00,data/raw/master/customers.csv,customers
CUST00000454,Morgan Garcia 454,Consumer,Detroit,Midwest,2026-02-23,C,No,True,2026-09-11T04:28:49.990377+00:00,data/raw/master/customers.csv,customers
CUST00000455,Casey Smith 455,consumer ,Birmingham,Southeast,05/18/2020,a,N,True,2026-09-11T04:28:49.990377+00:00,data/raw/master/customers.csv,customers
CUST00000456,Taylor Garcia 456,Small Business,Detroit,Midwest,2023-11-14,A,No,True,2026-09-11T04:28:49.990377+00:00,data/raw/master/customers.csv,customers
CUST00000457,Alex Patel 457,consumer ,Jacksonville,Southeast,2018-08-23,D,Yes,Y,2026-09-11T04:28:49.990377+00:00,data/raw/master/customers.csv,customers
CUST00000458,Jordan Garcia 458,Consumer,Detroit,Midwest,03/31/2025,D,Y,Y,2026-09-11T04:28:49.990377+00:00,data/raw/master/customers.csv,customers
CUST00000459,Alex Brown 459,Government,Atlanta,Southeast,01/01/2018,C,No,N,2026-09-11T04:28:49.990377+00:00,data/raw/master/customers.csv,customers
CUST00000460,Jordan Kim 460,consumer ,San Diego,West,2020-09-27,a,Y,Y,2026-09-11T04:28:49.990377+00:00,data/raw/master/customers.csv,customers
CUST00000461,Alex Kim 461,Small Business,Detroit,Midwest,10/30/2019,C,1,True,2026-09-11T04:28:49.990377+00:00,data/raw/master/customers.csv,customers
CUST00000462,Casey Lee 462,Consumer,Albany,Northeast,2021-02-09,A,Y,Y,2026-09-11T04:28:49.990377+00:00,data/raw/master/customers.csv,customers
CUST00000463,Alex Brown 463,Government,Dallas,Southwest,02/06/2023,A,No,Y,2026-09-11T04:28:49.990377+00:00,data/raw/master/customers.csv,customers
CUST00000464,Alex Garcia 464,consumer ,Dallas,Southwest,2022-03-30,a,No,True,2026-09-11T04:28:49.990377+00:00,data/raw/master/customers.csv,customers
CUST00000465,Morgan Lee 465,Consumer,Buffalo,Northeast,2019-03-28,C,Y,Y,2026-09-11T04:28:49.990377+00:00,data/raw/master/customers.csv,customers
CUST00000466,Jordan Garcia 466,consumer ,Portland,West,2022-02-24,a,No,Y,2026-09-11T04:28:49.990377+00:00,data/raw/master/customers.csv,customers
CUST00000467,Taylor Lee 467,Government,Buffalo,Northeast,04/25/2019,B,1,True,2026-09-11T04:28:49.990377+00:00,data/raw/master/customers.csv,customers
CUST00000468,Taylor Kim 468,Government,Seattle,West,06/20/2024,A,Yes,Y,2026-09-11T04:28:49.990377+00:00,data/raw/master/customers.csv,customers
CUST00000469,Morgan Garcia 469,Consumer,Chicago,Midwest,2022-01-02,A,1,True,2026-09-11T04:28:49.990377+00:00,data/raw/master/customers.csv,customers
CUST00000470,Jordan Patel 470,consumer ,Portland,West,2018-04-24,a,1,Y,2026-09-11T04:28:49.990377+00:00,data/raw/master/customers.csv,customers
CUST00000471,Alex Patel 471,Enterprise,Atlanta,Southeast,05/11/2019,D,No,Y,2026-09-11T04:28:49.990377+00:00,data/raw/master/customers.csv,customers
CUST00000472,Riley Smith 472,Enterprise,Albuquerque,Southwest,2022-05-11,C,1,Y,2026-09-11T04:28:49.990377+00:00,data/raw/master/customers.csv,customers
CUST00000473,Jordan Kim 473,Government,San Diego,West,2019-06-28,B,N,Y,2026-09-11T04:28:49.990377+00:00,data/raw/master/customers.csv,customers
CUST00000474,Jordan Garcia 474,consumer ,Boston,Northeast,11/06/2018,D,Y,Y,2026-09-11T04:28:49.990377+00:00,data/raw/master/customers.csv,customers
CUST00000475,Alex Kim 475,consumer ,San Diego,West,04/27/2020,a,No,N,2026-09-11T04:28:49.990377+00:00,data/raw/master/customers.csv,customers
CUST00000476,Taylor Patel 476,Small Business,Buffalo,Northeast,2026-01-15,A,0,Y,2026-09-11T04:28:49.990377+00:00,data/raw/master/customers.csv,customers
CUST00000477,Taylor Smith 477,consumer ,Albuquerque,Southwest,2019-03-09,C,Y,N,2026-09-11T04:28:49.990377+00:00,data/raw/master/customers.csv,customers
CUST00000478,Jordan Smith 478,Government,Birmingham,Southeast,12/03/2024,B,Yes,Y,2026-09-11T04:28:49.990377+00:00,data/raw/master/customers.csv,customers
CUST00000479,Alex Lee 479,Consumer,San Diego,West,2022-03-14,A,No,Y,2026-09-11T04:28:49.990377+00:00,data/raw/master/customers.csv,customers
CUST00000480,Taylor Brown 480,consumer ,Indianapolis,Midwest,2020-05-11,a,N,N,2026-09-11T04:28:49.990377+00:00,data/raw/master/customers.csv,customers
CUST00000481,Riley Smith 481,consumer ,Detroit,Midwest,07/16/2024,D,0,True,2026-09-11T04:28:49.990377+00:00,data/raw/master/customers.csv,customers
CUST00000482,Alex Garcia 482,Enterprise,Philadelphia,Northeast,2022-09-26,D,1,Y,2026-09-11T04:28:49.990377+00:00,data/raw/master/customers.csv,customers
CUST00000483,Morgan Brown 483,Small Business,Denver,West,07/10/2023,A,Y,True,2026-09-11T04:28:49.990377+00:00,data/raw/master/customers.csv,customers
CUST00000484,Alex Kim 484,Enterprise,Boston,Northeast,03/10/2023,A,Y,N,2026-09-11T04:28:49.990377+00:00,data/raw/master/customers.csv,customers
CUST00000485,Riley Smith 485,Small Business,Austin,Southwest,11/07/2020,B,Y,Y,2026-09-11T04:28:49.990377+00:00,data/raw/master/customers.csv,customers
CUST00000486,Alex Lee 486,Consumer,Chicago,Midwest,2022-09-16,B,1,True,2026-09-11T04:28:49.990377+00:00,data/raw/master/customers.csv,customers
CUST00000487,Riley Smith 487,Enterprise,Seattle,West,2023-02-28,B,No,Y,2026-09-11T04:28:49.990377+00:00,data/raw/master/customers.csv,customers
CUST00000488,Riley Smith 488,consumer ,Indianapolis,Midwest,2024-12-03,A,N,True,2026-09-11T04:28:49.990377+00:00,data/raw/master/customers.csv,customers
CUST00000489,Casey Kim 489,Consumer,Boston,Northeast,2025-07-23,C,N,Y,2026-09-11T04:28:49.990377+00:00,data/raw/master/customers.csv,customers
CUST00000490,Jordan Patel 490,consumer ,Albuquerque,Southwest,09/30/2023,a,N,N,2026-09-11T04:28:49.990377+00:00,data/raw/master/customers.csv,customers
CUST00000491,Taylor Patel 491,Government,Indianapolis,Midwest,2021-12-17,a,Y,Y,2026-09-11T04:28:49.990377+00:00,data/raw/master/customers.csv,customers
CUST00000492,Morgan Patel 492,Small Business,Portland,West,08/04/2020,a,No,N,2026-09-11T04:28:49.990377+00:00,data/raw/master/customers.csv,customers
CUST00000493,Riley Patel 493,Small Business,Dallas,Southwest,2018-09-20,B,0,Y,2026-09-11T04:28:49.990377+00:00,data/raw/master/customers.csv,customers
CUST00000494,Taylor Kim 494,Small Business,Philadelphia,Northeast,2021-12-05,D,N,True,2026-09-11T04:28:49.990377+00:00,data/raw/master/customers.csv,customers
CUST00000495,Riley Garcia 495,consumer ,Indianapolis,Midwest,2018-03-16,A,Yes,True,2026-09-11T04:28:49.990377+00:00,data/raw/master/customers.csv,customers
CUST00000496,Jordan Brown 496,consumer ,Chicago,Midwest,2019-09-22,C,N,Y,2026-09-11T04:28:49.990377+00:00,data/raw/master/customers.csv,customers
CUST00000497,Casey Patel 497,Enterprise,Indianapolis,Midwest,04/19/2024,B,1,Y,2026-09-11T04:28:49.990377+00:00,data/raw/master/customers.csv,customers
CUST00000498,Casey Garcia 498,Government,Chicago,Midwest,10/09/2021,a,1,N,2026-09-11T04:28:49.990377+00:00,data/raw/master/customers.csv,customers
CUST00000499,Jordan Patel 499,Enterprise,Dallas,Southwest,2024-05-06,C,N,Y,2026-09-11T04:28:49.990377+00:00,data/raw/master/customers.csv,customers
CUST00000500,Alex Patel 500,Small Business,Dallas,Southwest,11/19/2025,A,N,Y,2026-09-11T04:28:49.990377+00:00,data/raw/master/customers.csv,customers
CUST00000501,Riley Garcia 501,Consumer,Chicago,Midwest,2019-11-11,B,Y,Y,2026-09-11T04:28:49.990377+00:00,data/raw/master/customers.csv,customers
CUST00000502,Casey Lee 502,consumer ,Indianapolis,Midwest,08/04/2020,a,0,N,2026-09-11T04:28:49.990377+00:00,data/raw/master/customers.csv,customers
CUST00000503,Jordan Kim 503,Enterprise,Indianapolis,Midwest,08/07/2020,a,Yes,N,2026-09-11T04:28:49.990377+00:00,data/raw/master/customers.csv,customers
CUST00000504,Riley Patel 504,consumer ,Indianapolis,Midwest,09/23/2024,C,1,N,2026-09-11T04:28:49.990377+00:00,data/raw/master/customers.csv,customers
CUST00000505,Riley Smith 505,Small Business,Seattle,West,2026-04-14,D,0,Y,2026-09-11T04:28:49.990377+00:00,data/raw/master/customers.csv,customers
CUST00000506,Jordan Lee 506,Enterprise,Albuquerque,Southwest,02/29/2024,C,0,Y,2026-09-11T04:28:49.990377+00:00,data/raw/master/customers.csv,customers
CUST00000507,Jordan Smith 507,consumer ,Austin,Southwest,2025-06-27,A,0,N,2026-09-11T04:28:49.990377+00:00,data/raw/master/customers.csv,customers
CUST00000508,Casey Smith 508,Government,Detroit,Midwest,07/28/2023,A,1,Y,2026-09-11T04:28:49.990377+00:00,data/raw/master/customers.csv,customers
CUST00000509,Casey Patel 509,Government,Birmingham,Southeast,2025-08-29,A,1,True,2026-09-11T04:28:49.990377+00:00,data/raw/master/customers.csv,customers
CUST00000510,Taylor Patel 510,Government,Atlanta,Southeast,04/16/2026,B,1,Y,2026-09-11T04:28:49.990377+00:00,data/raw/master/customers.csv,customers
CUST00000511,Jordan Smith 511,Consumer,San Diego,West,2022-07-07,a,1,True,2026-09-11T04:28:49.990377+00:00,data/raw/master/customers.csv,customers
CUST00000512,Riley Brown 512,Consumer,San Diego,West,01/17/2022,A,Y,Y,2026-09-11T04:28:49.990377+00:00,data/raw/master/customers.csv,customers
CUST00000513,Riley Brown 513,consumer ,San Diego,West,2025-06-06,D,0,Y,2026-09-11T04:28:49.990377+00:00,data/raw/master/customers.csv,customers
CUST00000514,Casey Lee 514,Enterprise,Austin,Southwest,03/02/2021,a,No,True,2026-09-11T04:28:49.990377+00:00,data/raw/master/customers.csv,customers
CUST00000515,Alex Garcia 515,consumer ,Austin,Southwest,2020-07-09,C,N,Y,2026-09-11T04:28:49.990377+00:00,data/raw/master/customers.csv,customers
CUST00000516,Casey Kim 516,Enterprise,Jacksonville,Southeast,07/19/2022,A,N,Y,2026-09-11T04:28:49.990377+00:00,data/raw/master/customers.csv,customers
CUST00000517,Riley Brown 517,consumer ,Jacksonville,Southeast,05/25/2019,A,Y,Y,2026-09-11T04:28:49.990377+00:00,data/raw/master/customers.csv,customers
CUST00000518,Riley Lee 518,Enterprise,Buffalo,Northeast,2025-08-08,D,0,True,2026-09-11T04:28:49.990377+00:00,data/raw/master/customers.csv,customers
CUST00000519,Morgan Lee 519,Small Business,Chicago,Midwest,09/20/2023,A,0,N,2026-09-11T04:28:49.990377+00:00,data/raw/master/customers.csv,customers
CUST00000520,Riley Brown 520,Consumer,San Diego,West,05/20/2019,A,No,Y,2026-09-11T04:28:49.990377+00:00,data/raw/master/customers.csv,customers
CUST00000521,Riley Smith 521,Enterprise,Albany,Northeast,2021-04-30,B,Y,True,2026-09-11T04:28:49.990377+00:00,data/raw/master/customers.csv,customers
CUST00000522,Riley Brown 522,Consumer,Nashville,Southeast,2019-04-09,B,1,Y,2026-09-11T04:28:49.990377+00:00,data/raw/master/customers.csv,customers
CUST00000523,Taylor Garcia 523,consumer ,Nashville,Southeast,09/18/2024,A,Yes,Y,2026-09-11T04:28:49.990377+00:00,data/raw/master/customers.csv,customers
CUST00000524,Alex Garcia 524,Government,Indianapolis,Midwest,2023-12-06,a,1,Y,2026-09-11T04:28:49.990377+00:00,data/raw/master/customers.csv,customers
CUST00000525,Taylor Garcia 525,consumer ,Atlanta,Southeast,2019-10-10,a,No,Y,2026-09-11T04:28:49.990377+00:00,data/raw/master/customers.csv,customers
CUST00000526,Casey Lee 526,Consumer,Denver,West,11/09/2018,D,0,True,2026-09-11T04:28:49.990377+00:00,data/raw/master/customers.csv,customers
CUST00000527,Casey Patel 527,Consumer,Detroit,Midwest,02/13/2026,D,Yes,Y,2026-09-11T04:28:49.990377+00:00,data/raw/master/customers.csv,customers
CUST00000528,Alex Kim 528,Small Business,Buffalo,Northeast,09/24/2020,A,Yes,Y,2026-09-11T04:28:49.990377+00:00,data/raw/master/customers.csv,customers
CUST00000529,Riley Lee 529,Small Business,Philadelphia,Northeast,08/24/2024,C,N,Y,2026-09-11T04:28:49.990377+00:00,data/raw/master/customers.csv,customers
CUST00000530,Riley Brown 530,Enterprise,Phoenix,Southwest,2019-12-16,D,1,Y,2026-09-11T04:28:49.990377+00:00,data/raw/master/customers.csv,customers
CUST00000531,Jordan Lee 531,Consumer,Albany,Northeast,2018-09-10,A,No,Y,2026-09-11T04:28:49.990377+00:00,data/raw/master/customers.csv,customers
CUST00000532,Taylor Brown 532,Government,Columbus,Midwest,2021-06-03,D,N,True,2026-09-11T04:28:49.990377+00:00,data/raw/master/customers.csv,customers
CUST00000533,Alex Brown 533,Enterprise,Phoenix,Southwest,2023-04-10,D,0,N,2026-09-11T04:28:49.990377+00:00,data/raw/master/customers.csv,customers
CUST00000534,Alex Kim 534,Government,Portland,West,10/22/2018,D,0,Y,2026-09-11T04:28:49.990377+00:00,data/raw/master/customers.csv,customers
CUST00000535,Jordan Patel 535,consumer ,San Diego,West,2018-07-12,C,No,True,2026-09-11T04:28:49.990377+00:00,data/raw/master/customers.csv,customers
CUST00000536,Morgan Lee 536,Government,Dallas,Southwest,2023-11-22,C,N,Y,2026-09-11T04:28:49.990377+00:00,data/raw/master/customers.csv,customers
CUST00000537,Morgan Brown 537,Consumer,Buffalo,Northeast,2020-01-17,D,1,True,2026-09-11T04:28:49.990377+00:00,data/raw/master/customers.csv,customers
CUST00000538,Riley Brown 538,Consumer,Nashville,Southeast,2020-01-27,A,Yes,N,2026-09-11T04:28:49.990377+00:00,data/raw/master/customers.csv,customers
CUST00000539,Morgan Smith 539,Government,San Diego,West,2025-01-29,B,N,Y,2026-09-11T04:28:49.990377+00:00,data/raw/master/customers.csv,customers
CUST00000540,Alex Garcia 540,Consumer,Philadelphia,Northeast,10/08/2023,C,Yes,True,2026-09-11T04:28:49.990377+00:00,data/raw/master/customers.csv,customers
CUST00000541,Jordan Kim 541,Small Business,San Diego,West,2025-08-19,a,0,Y,2026-09-11T04:28:49.990377+00:00,data/raw/master/customers.csv,customers
CUST00000542,Riley Kim 542,Enterprise,San Diego,West,05/24/2020,C,1,N,2026-09-11T04:28:49.990377+00:00,data/raw/master/customers.csv,customers
CUST00000543,Riley Lee 543,consumer ,Buffalo,Northeast,2018-07-30,C,1,N,2026-09-11T04:28:49.990377+00:00,data/raw/master/customers.csv,customers
CUST00000544,Morgan Smith 544,consumer ,Boston,Northeast,11/13/2021,B,Yes,Y,2026-09-11T04:28:49.990377+00:00,data/raw/master/customers.csv,customers
CUST00000545,Jordan Smith 545,Consumer,Denver,West,2023-12-20,A,No,N,2026-09-11T04:28:49.990377+00:00,data/raw/master/customers.csv,customers
CUST00000546,Taylor Kim 546,Government,Detroit,Midwest,08/28/2018,a,1,Y,2026-09-11T04:28:49.990377+00:00,data/raw/master/customers.csv,customers
CUST00000547,Taylor Smith 547,Enterprise,Dallas,Southwest,2026-03-18,a,0,N,2026-09-11T04:28:49.990377+00:00,data/raw/master/customers.csv,customers
CUST00000548,Alex Garcia 548,Government,Nashville,Southeast,2018-09-25,B,Yes,True,2026-09-11T04:28:49.990377+00:00,data/raw/master/customers.csv,customers
CUST00000549,Riley Lee 549,Enterprise,Boston,Northeast,2023-08-20,C,No,True,2026-09-11T04:28:49.990377+00:00,data/raw/master/customers.csv,customers
CUST00000550,Alex Brown 550,Consumer,Albany,Northeast,2020-07-17,A,No,Y,2026-09-11T04:28:49.990377+00:00,data/raw/master/customers.csv,customers
CUST00000551,Jordan Smith 551,Enterprise,Albany,Northeast,01/18/2026,a,1,Y,2026-09-11T04:28:49.990377+00:00,data/raw/master/customers.csv,customers
CUST00000552,Morgan Kim 552,Enterprise,Jacksonville,Southeast,2023-07-09,D,0,True,2026-09-11T04:28:49.990377+00:00,data/raw/master/customers.csv,customers
CUST00000553,Jordan Garcia 553,Enterprise,Phoenix,Southwest,2026-03-08,A,No,Y,2026-09-11T04:28:49.990377+00:00,data/raw/master/customers.csv,customers
CUST00000554,Morgan Garcia 554,Consumer,Birmingham,Southeast,2021-07-04,a,No,N,2026-09-11T04:28:49.990377+00:00,data/raw/master/customers.csv,customers
CUST00000555,Taylor Brown 555,Small Business,Austin,Southwest,2021-04-02,a,Y,True,2026-09-11T04:28:49.990377+00:00,data/raw/master/customers.csv,customers
CUST00000556,Casey Brown 556,consumer ,Philadelphia,Northeast,2023-11-25,D,Y,Y,2026-09-11T04:28:49.990377+00:00,data/raw/master/customers.csv,customers
CUST00000557,Riley Smith 557,Enterprise,San Diego,West,2022-12-18,B,No,Y,2026-09-11T04:28:49.990377+00:00,data/raw/master/customers.csv,customers
CUST00000558,Riley Kim 558,consumer ,Boston,Northeast,2022-07-21,a,N,Y,2026-09-11T04:28:49.990377+00:00,data/raw/master/customers.csv,customers
CUST00000559,Casey Smith 559,Small Business,Phoenix,Southwest,07/15/2023,D,N,Y,2026-09-11T04:28:49.990377+00:00,data/raw/master/customers.csv,customers
CUST00000560,Morgan Patel 560,Small Business,Boston,Northeast,2019-06-12,D,Yes,Y,2026-09-11T04:28:49.990377+00:00,data/raw/master/customers.csv,customers
CUST00000561,Alex Brown 561,Consumer,Portland,West,04/19/2019,C,0,Y,2026-09-11T04:28:49.990377+00:00,data/raw/master/customers.csv,customers
CUST00000562,Jordan Kim 562,Consumer,Nashville,Southeast,12/11/2019,a,N,Y,2026-09-11T04:28:49.990377+00:00,data/raw/master/customers.csv,customers
CUST00000563,Riley Kim 563,Enterprise,Albany,Northeast,04/25/2018,B,No,Y,2026-09-11T04:28:49.990377+00:00,data/raw/master/customers.csv,customers
CUST00000564,Morgan Smith 564,Enterprise,Jacksonville,Southeast,10/06/2023,A,Y,Y,2026-09-11T04:28:49.990377+00:00,data/raw/master/customers.csv,customers
CUST00000565,Riley Smith 565,Government,Buffalo,Northeast,07/15/2020,D,No,Y,2026-09-11T04:28:49.990377+00:00,data/raw/master/customers.csv,customers
CUST00000566,Alex Garcia 566,Government,Denver,West,2018-07-30,B,1,True,2026-09-11T04:28:49.990377+00:00,data/raw/master/customers.csv,customers
CUST00000567,Morgan Garcia 567,Small Business,Boston,Northeast,06/17/2024,D,N,Y,2026-09-11T04:28:49.990377+00:00,data/raw/master/customers.csv,customers
CUST00000568,Taylor Garcia 568,Government,Portland,West,04/08/2021,D,Yes,Y,2026-09-11T04:28:49.990377+00:00,data/raw/master/customers.csv,customers
CUST00000569,Jordan Lee 569,Small Business,Albany,Northeast,09/27/2025,D,N,Y,2026-09-11T04:28:49.990377+00:00,data/raw/master/customers.csv,customers
CUST00000570,Jordan Kim 570,Small Business,Boston,Northeast,05/01/2025,B,N,True,2026-09-11T04:28:49.990377+00:00,data/raw/master/customers.csv,customers
CUST00000571,Morgan Brown 571,Consumer,Seattle,West,05/28/2019,C,No,True,2026-09-11T04:28:49.990377+00:00,data/raw/master/customers.csv,customers
CUST00000572,Taylor Brown 572,Consumer,Seattle,West,04/30/2024,D,No,Y,2026-09-11T04:28:49.990377+00:00,data/raw/master/customers.csv,customers
CUST00000573,Jordan Brown 573,Government,Indianapolis,Midwest,2020-01-21,A,Yes,Y,2026-09-11T04:28:49.990377+00:00,data/raw/master/customers.csv,customers
CUST00000574,Jordan Lee 574,Consumer,Albuquerque,Southwest,2024-03-07,C,1,Y,2026-09-11T04:28:49.990377+00:00,data/raw/master/customers.csv,customers
CUST00000575,Casey Lee 575,consumer ,Portland,West,04/09/2020,C,1,True,2026-09-11T04:28:49.990377+00:00,data/raw/master/customers.csv,customers
CUST00000576,Casey Garcia 576,consumer ,Buffalo,Northeast,04/10/2020,C,Y,True,2026-09-11T04:28:49.990377+00:00,data/raw/master/customers.csv,customers
CUST00000577,Alex Lee 577,Government,Birmingham,Southeast,03/03/2020,D,1,True,2026-09-11T04:28:49.990377+00:00,data/raw/master/customers.csv,customers
CUST00000578,Riley Smith 578,Enterprise,Seattle,West,09/07/2022,A,0,Y,2026-09-11T04:28:49.990377+00:00,data/raw/master/customers.csv,customers
CUST00000579,Jordan Brown 579,Consumer,Phoenix,Southwest,04/19/2025,D,No,Y,2026-09-11T04:28:49.990377+00:00,data/raw/master/customers.csv,customers
CUST00000580,Riley Garcia 580,Government,Phoenix,Southwest,08/30/2021,C,0,Y,2026-09-11T04:28:49.990377+00:00,data/raw/master/customers.csv,customers
CUST00000581,Alex Brown 581,consumer ,Albany,Northeast,2024-05-11,C,Y,Y,2026-09-11T04:28:49.990377+00:00,data/raw/master/customers.csv,customers
CUST00000582,Jordan Brown 582,Enterprise,Denver,West,2023-02-14,C,Yes,Y,2026-09-11T04:28:49.990377+00:00,data/raw/master/customers.csv,customers
CUST00000583,Taylor Kim 583,Enterprise,Chicago,Midwest,2018-07-16,a,0,True,2026-09-11T04:28:49.990377+00:00,data/raw/master/customers.csv,customers
CUST00000584,Casey Patel 584,Government,Birmingham,Southeast,04/12/2026,A,0,Y,2026-09-11T04:28:49.990377+00:00,data/raw/master/customers.csv,customers
CUST00000585,Alex Kim 585,consumer ,Denver,West,03/21/2022,a,1,Y,2026-09-11T04:28:49.990377+00:00,data/raw/master/customers.csv,customers
CUST00000586,Alex Lee 586,Enterprise,Dallas,Southwest,04/29/2026,D,N,Y,2026-09-11T04:28:49.990377+00:00,data/raw/master/customers.csv,customers
CUST00000587,Morgan Brown 587,consumer ,Albuquerque,Southwest,08/20/2022,C,Y,True,2026-09-11T04:28:49.990377+00:00,data/raw/master/customers.csv,customers
CUST00000588,Riley Garcia 588,Government,Austin,Southwest,04/14/2019,A,N,True,2026-09-11T04:28:49.990377+00:00,data/raw/master/customers.csv,customers
CUST00000589,Riley Smith 589,Government,San Diego,West,2022-02-18,D,1,Y,2026-09-11T04:28:49.990377+00:00,data/raw/master/customers.csv,customers
CUST00000590,Alex Lee 590,Small Business,Columbus,Midwest,04/29/2026,D,Y,N,2026-09-11T04:28:49.990377+00:00,data/raw/master/customers.csv,customers
CUST00000591,Alex Patel 591,Enterprise,Philadelphia,Northeast,2018-12-25,D,0,Y,2026-09-11T04:28:49.990377+00:00,data/raw/master/customers.csv,customers
CUST00000592,Riley Garcia 592,Enterprise,Phoenix,Southwest,04/02/2023,C,0,True,2026-09-11T04:28:49.990377+00:00,data/raw/master/customers.csv,customers
CUST00000593,Casey Garcia 593,Enterprise,San Diego,West,06/26/2023,a,Yes,Y,2026-09-11T04:28:49.990377+00:00,data/raw/master/customers.csv,customers
CUST00000594,Jordan Garcia 594,consumer ,Indianapolis,Midwest,2020-03-25,C,N,Y,2026-09-11T04:28:49.990377+00:00,data/raw/master/customers.csv,customers
CUST00000595,Taylor Brown 595,Small Business,Chicago,Midwest,2022-07-12,a,Yes,Y,2026-09-11T04:28:49.990377+00:00,data/raw/master/customers.csv,customers
CUST00000596,Alex Garcia 596,consumer ,Austin,Southwest,11/12/2025,B,N,N,2026-09-11T04:28:49.990377+00:00,data/raw/master/customers.csv,customers
CUST00000597,Alex Garcia 597,Small Business,Birmingham,Southeast,01/24/2019,C,N,True,2026-09-11T04:28:49.990377+00:00,data/raw/master/customers.csv,customers
CUST00000598,Taylor Brown 598,Government,Chicago,Midwest,2025-06-11,D,Y,Y,2026-09-11T04:28:49.990377+00:00,data/raw/master/customers.csv,customers
CUST00000599,Morgan Lee 599,Enterprise,Jacksonville,Southeast,05/10/2023,D,Y,True,2026-09-11T04:28:49.990377+00:00,data/raw/master/customers.csv,customers
CUST00000600,Jordan Kim 600,consumer ,Phoenix,Southwest,07/23/2025,B,0,Y,2026-09-11T04:28:49.990377+00:00,data/raw/master/customers.csv,customers
CUST00000601,Alex Garcia 601,Enterprise,Portland,West,2020-07-12,D,0,True,2026-09-11T04:28:49.990377+00:00,data/raw/master/customers.csv,customers
CUST00000602,Morgan Kim 602,Government,Austin,Southwest,10/13/2025,a,0,Y,2026-09-11T04:28:49.990377+00:00,data/raw/master/customers.csv,customers
CUST00000603,Riley Lee 603,Enterprise,Detroit,Midwest,2022-12-19,C,Y,Y,2026-09-11T04:28:49.990377+00:00,data/raw/master/customers.csv,customers
CUST00000604,Alex Smith 604,consumer ,Austin,Southwest,2022-12-05,A,Y,Y,2026-09-11T04:28:49.990377+00:00,data/raw/master/customers.csv,customers
CUST00000605,Riley Lee 605,Consumer,Dallas,Southwest,01/24/2021,D,N,Y,2026-09-11T04:28:49.990377+00:00,data/raw/master/customers.csv,customers
CUST00000606,Morgan Garcia 606,Enterprise,Detroit,Midwest,2018-10-11,C,N,N,2026-09-11T04:28:49.990377+00:00,data/raw/master/customers.csv,customers
CUST00000607,Alex Garcia 607,consumer ,Indianapolis,Midwest,2020-11-11,C,1,True,2026-09-11T04:28:49.990377+00:00,data/raw/master/customers.csv,customers
CUST00000608,Riley Kim 608,Government,Indianapolis,Midwest,08/31/2025,a,N,True,2026-09-11T04:28:49.990377+00:00,data/raw/master/customers.csv,customers
CUST00000609,Casey Patel 609,Small Business,Philadelphia,Northeast,2023-07-25,a,Yes,Y,2026-09-11T04:28:49.990377+00:00,data/raw/master/customers.csv,customers
CUST00000610,Jordan Garcia 610,Consumer,Atlanta,Southeast,2021-11-29,B,No,True,2026-09-11T04:28:49.990377+00:00,data/raw/master/customers.csv,customers
CUST00000611,Jordan Kim 611,Enterprise,Birmingham,Southeast,08/02/2024,D,1,True,2026-09-11T04:28:49.990377+00:00,data/raw/master/customers.csv,customers
CUST00000612,Taylor Patel 612,Government,Birmingham,Southeast,04/10/2023,A,No,Y,2026-09-11T04:28:49.990377+00:00,data/raw/master/customers.csv,customers
CUST00000613,Casey Patel 613,consumer ,Seattle,West,2019-03-04,A,No,Y,2026-09-11T04:28:49.990377+00:00,data/raw/master/customers.csv,customers
CUST00000614,Morgan Garcia 614,Small Business,Indianapolis,Midwest,2021-01-13,C,1,Y,2026-09-11T04:28:49.990377+00:00,data/raw/master/customers.csv,customers
CUST00000615,Morgan Brown 615,Enterprise,Columbus,Midwest,09/28/2024,B,No,Y,2026-09-11T04:28:49.990377+00:00,data/raw/master/customers.csv,customers
CUST00000616,Morgan Brown 616,Government,Columbus,Midwest,2022-09-13,a,N,Y,2026-09-11T04:28:49.990377+00:00,data/raw/master/customers.csv,customers
CUST00000617,Riley Brown 617,consumer ,Seattle,West,08/21/2024,B,Yes,Y,2026-09-11T04:28:49.990377+00:00,data/raw/master/customers.csv,customers
CUST00000618,Morgan Kim 618,Government,Chicago,Midwest,2025-04-13,a,Y,N,2026-09-11T04:28:49.990377+00:00,data/raw/master/customers.csv,customers
CUST00000619,Taylor Garcia 619,Consumer,Indianapolis,Midwest,03/05/2019,D,No,Y,2026-09-11T04:28:49.990377+00:00,data/raw/master/customers.csv,customers
CUST00000620,Taylor Smith 620,consumer ,Indianapolis,Midwest,04/29/2026,C,N,True,2026-09-11T04:28:49.990377+00:00,data/raw/master/customers.csv,customers
CUST00000621,Casey Smith 621,Small Business,Dallas,Southwest,2019-03-20,a,No,Y,2026-09-11T04:28:49.990377+00:00,data/raw/master/customers.csv,customers
CUST00000622,Riley Patel 622,Consumer,Chicago,Midwest,2020-04-04,C,0,Y,2026-09-11T04:28:49.990377+00:00,data/raw/master/customers.csv,customers
CUST00000623,Casey Lee 623,Small Business,Birmingham,Southeast,08/03/2019,a,N,Y,2026-09-11T04:28:49.990377+00:00,data/raw/master/customers.csv,customers
CUST00000624,Taylor Patel 624,consumer ,Indianapolis,Midwest,04/16/2019,A,Y,Y,2026-09-11T04:28:49.990377+00:00,data/raw/master/customers.csv,customers
CUST00000625,Taylor Smith 625,Government,Albany,Northeast,2025-11-18,B,N,N,2026-09-11T04:28:49.990377+00:00,data/raw/master/customers.csv,customers
CUST00000626,Jordan Lee 626,consumer ,Indianapolis,Midwest,07/26/2019,a,Y,Y,2026-09-11T04:28:49.990377+00:00,data/raw/master/customers.csv,customers
CUST00000627,Alex Kim 627,Enterprise,Philadelphia,Northeast,01/15/2026,C,N,Y,2026-09-11T04:28:49.990377+00:00,data/raw/master/customers.csv,customers
CUST00000628,Jordan Patel 628,consumer ,Indianapolis,Midwest,2024-10-27,a,No,Y,2026-09-11T04:28:49.990377+00:00,data/raw/master/customers.csv,customers
CUST00000629,Alex Lee 629,consumer ,Chicago,Midwest,2024-03-13,C,1,True,2026-09-11T04:28:49.990377+00:00,data/raw/master/customers.csv,customers
CUST00000630,Casey Garcia 630,consumer ,Detroit,Midwest,2020-09-08,B,N,N,2026-09-11T04:28:49.990377+00:00,data/raw/master/customers.csv,customers
CUST00000631,Taylor Kim 631,Enterprise,Portland,West,01/27/2024,C,Yes,Y,2026-09-11T04:28:49.990377+00:00,data/raw/master/customers.csv,customers
CUST00000632,Jordan Garcia 632,Consumer,Albany,Northeast,08/25/2021,D,N,N,2026-09-11T04:28:49.990377+00:00,data/raw/master/customers.csv,customers
CUST00000633,Morgan Lee 633,Government,Nashville,Southeast,2019-01-16,C,N,Y,2026-09-11T04:28:49.990377+00:00,data/raw/master/customers.csv,customers
CUST00000634,Morgan Kim 634,consumer ,San Diego,West,10/11/2021,B,Y,N,2026-09-11T04:28:49.990377+00:00,data/raw/master/customers.csv,customers
CUST00000635,Riley Garcia 635,Government,Chicago,Midwest,2019-11-03,a,0,Y,2026-09-11T04:28:49.990377+00:00,data/raw/master/customers.csv,customers
CUST00000636,Morgan Brown 636,Consumer,Jacksonville,Southeast,09/12/2020,A,N,N,2026-09-11T04:28:49.990377+00:00,data/raw/master/customers.csv,customers
CUST00000637,Jordan Lee 637,Government,Denver,West,10/08/2020,B,Y,Y,2026-09-11T04:28:49.990377+00:00,data/raw/master/customers.csv,customers
CUST00000638,Riley Lee 638,Consumer,Seattle,West,2022-06-19,a,Yes,True,2026-09-11T04:28:49.990377+00:00,data/raw/master/customers.csv,customers
CUST00000639,Taylor Kim 639,Enterprise,San Diego,West,10/19/2020,A,Y,True,2026-09-11T04:28:49.990377+00:00,data/raw/master/customers.csv,customers
CUST00000640,Casey Garcia 640,Government,Portland,West,2026-03-13,B,Y,Y,2026-09-11T04:28:49.990377+00:00,data/raw/master/customers.csv,customers
CUST00000641,Riley Kim 641,Consumer,Indianapolis,Midwest,07/20/2022,D,Y,Y,2026-09-11T04:28:49.990377+00:00,data/raw/master/customers.csv,customers
CUST00000642,Taylor Smith 642,Government,Phoenix,Southwest,08/15/2024,a,1,Y,2026-09-11T04:28:49.990377+00:00,data/raw/master/customers.csv,customers
CUST00000643,Casey Lee 643,Government,Detroit,Midwest,06/21/2022,C,1,N,2026-09-11T04:28:49.990377+00:00,data/raw/master/customers.csv,customers
CUST00000644,Riley Garcia 644,consumer ,Detroit,Midwest,03/16/2021,a,Yes,N,2026-09-11T04:28:49.990377+00:00,data/raw/master/customers.csv,customers
CUST00000645,Taylor Patel 645,consumer ,Albany,Northeast,02/12/2021,C,Yes,True,2026-09-11T04:28:49.990377+00:00,data/raw/master/customers.csv,customers
CUST00000646,Taylor Brown 646,Enterprise,Austin,Southwest,11/13/2021,B,Yes,Y,2026-09-11T04:28:49.990377+00:00,data/raw/master/customers.csv,customers
CUST00000647,Taylor Lee 647,Consumer,Indianapolis,Midwest,03/03/2026,A,1,Y,2026-09-11T04:28:49.990377+00:00,data/raw/master/customers.csv,customers
CUST00000648,Riley Brown 648,Government,Albany,Northeast,09/26/2023,A,N,Y,2026-09-11T04:28:49.990377+00:00,data/raw/master/customers.csv,customers
CUST00000649,Morgan Garcia 649,consumer ,Seattle,West,07/07/2024,D,N,N,2026-09-11T04:28:49.990377+00:00,data/raw/master/customers.csv,customers
CUST00000650,Jordan Brown 650,Consumer,Jacksonville,Southeast,2022-09-23,C,1,N,2026-09-11T04:28:49.990377+00:00,data/raw/master/customers.csv,customers
CUST00000651,Jordan Kim 651,Government,Birmingham,Southeast,05/06/2023,C,0,Y,2026-09-11T04:28:49.990377+00:00,data/raw/master/customers.csv,customers
CUST00000652,Alex Lee 652,Government,Indianapolis,Midwest,2021-11-14,C,0,Y,2026-09-11T04:28:49.990377+00:00,data/raw/master/customers.csv,customers
CUST00000653,Taylor Brown 653,Government,Boston,Northeast,2020-10-27,a,1,N,2026-09-11T04:28:49.990377+00:00,data/raw/master/customers.csv,customers
CUST00000654,Jordan Smith 654,Consumer,Portland,West,06/03/2019,A,Y,Y,2026-09-11T04:28:49.990377+00:00,data/raw/master/customers.csv,customers
CUST00000655,Alex Smith 655,Consumer,Jacksonville,Southeast,2022-05-15,C,0,Y,2026-09-11T04:28:49.990377+00:00,data/raw/master/customers.csv,customers
CUST00000656,Morgan Smith 656,Small Business,Buffalo,Northeast,2018-03-08,B,0,Y,2026-09-11T04:28:49.990377+00:00,data/raw/master/customers.csv,customers
CUST00000657,Riley Brown 657,Government,San Diego,West,2020-09-26,B,0,Y,2026-09-11T04:28:49.990377+00:00,data/raw/master/customers.csv,customers
CUST00000658,Jordan Lee 658,Enterprise,Chicago,Midwest,2024-04-19,B,Y,N,2026-09-11T04:28:49.990377+00:00,data/raw/master/customers.csv,customers
CUST00000659,Alex Brown 659,consumer ,Philadelphia,Northeast,2018-03-01,C,N,Y,2026-09-11T04:28:49.990377+00:00,data/raw/master/customers.csv,customers
CUST00000660,Alex Lee 660,Enterprise,Atlanta,Southeast,06/26/2019,D,N,True,2026-09-11T04:28:49.990377+00:00,data/raw/master/customers.csv,customers
CUST00000661,Taylor Kim 661,Enterprise,Buffalo,Northeast,2021-11-11,a,No,True,2026-09-11T04:28:49.990377+00:00,data/raw/master/customers.csv,customers
CUST00000662,Morgan Lee 662,Enterprise,Buffalo,Northeast,2018-10-15,D,0,N,2026-09-11T04:28:49.990377+00:00,data/raw/master/customers.csv,customers
CUST00000663,Taylor Smith 663,Government,Detroit,Midwest,2020-09-16,a,No,Y,2026-09-11T04:28:49.990377+00:00,data/raw/master/customers.csv,customers
CUST00000664,Taylor Patel 664,Government,Columbus,Midwest,03/08/2026,B,N,Y,2026-09-11T04:28:49.990377+00:00,data/raw/master/customers.csv,customers
CUST00000665,Riley Lee 665,Small Business,Chicago,Midwest,2025-08-20,C,Yes,N,2026-09-11T04:28:49.990377+00:00,data/raw/master/customers.csv,customers
CUST00000666,Morgan Smith 666,Small Business,Austin,Southwest,2023-01-01,D,N,Y,2026-09-11T04:28:49.990377+00:00,data/raw/master/customers.csv,customers
CUST00000667,Alex Brown 667,Enterprise,Portland,West,05/18/2018,B,N,Y,2026-09-11T04:28:49.990377+00:00,data/raw/master/customers.csv,customers
CUST00000668,Casey Kim 668,Small Business,Denver,West,10/03/2019,a,Y,N,2026-09-11T04:28:49.990377+00:00,data/raw/master/customers.csv,customers
CUST00000669,Riley Patel 669,consumer ,Seattle,West,04/01/2021,a,0,True,2026-09-11T04:28:49.990377+00:00,data/raw/master/customers.csv,customers
CUST00000670,Casey Garcia 670,consumer ,Chicago,Midwest,08/29/2019,A,Y,N,2026-09-11T04:28:49.990377+00:00,data/raw/master/customers.csv,customers
CUST00000671,Morgan Lee 671,Enterprise,Atlanta,Southeast,01/08/2022,A,No,True,2026-09-11T04:28:49.990377+00:00,data/raw/master/customers.csv,customers
CUST00000672,Alex Smith 672,consumer ,Austin,Southwest,02/11/2023,A,0,N,2026-09-11T04:28:49.990377+00:00,data/raw/master/customers.csv,customers
CUST00000673,Casey Patel 673,consumer ,Atlanta,Southeast,03/10/2021,B,1,Y,2026-09-11T04:28:49.990377+00:00,data/raw/master/customers.csv,customers
CUST00000674,Riley Kim 674,Government,Detroit,Midwest,2026-01-11,a,Y,N,2026-09-11T04:28:49.990377+00:00,data/raw/master/customers.csv,customers
CUST00000675,Riley Smith 675,Government,Buffalo,Northeast,05/01/2020,D,1,True,2026-09-11T04:28:49.990377+00:00,data/raw/master/customers.csv,customers
CUST00000676,Casey Kim 676,consumer ,Indianapolis,Midwest,07/19/2020,a,Yes,True,2026-09-11T04:28:49.990377+00:00,data/raw/master/customers.csv,customers
CUST00000677,Jordan Garcia 677,Government,Indianapolis,Midwest,10/07/2024,a,1,Y,2026-09-11T04:28:49.990377+00:00,data/raw/master/customers.csv,customers
CUST00000678,Casey Lee 678,Consumer,Birmingham,Southeast,2020-01-04,C,No,Y,2026-09-11T04:28:49.990377+00:00,data/raw/master/customers.csv,customers
CUST00000679,Taylor Brown 679,consumer ,Seattle,West,11/23/2020,C,Yes,N,2026-09-11T04:28:49.990377+00:00,data/raw/master/customers.csv,customers
CUST00000680,Riley Garcia 680,Government,Philadelphia,Northeast,2018-11-28,C,0,Y,2026-09-11T04:28:49.990377+00:00,data/raw/master/customers.csv,customers
CUST00000681,Taylor Patel 681,Small Business,Philadelphia,Northeast,2019-04-28,D,Y,True,2026-09-11T04:28:49.990377+00:00,data/raw/master/customers.csv,customers
CUST00000682,Alex Lee 682,Government,Philadelphia,Northeast,2022-09-13,B,Y,True,2026-09-11T04:28:49.990377+00:00,data/raw/master/customers.csv,customers
CUST00000683,Riley Smith 683,consumer ,Phoenix,Southwest,10/25/2022,C,Y,Y,2026-09-11T04:28:49.990377+00:00,data/raw/master/customers.csv,customers
CUST00000684,Jordan Smith 684,Consumer,Nashville,Southeast,06/11/2024,C,N,N,2026-09-11T04:28:49.990377+00:00,data/raw/master/customers.csv,customers
CUST00000685,Casey Kim 685,Enterprise,Atlanta,Southeast,2025-04-23,A,Yes,N,2026-09-11T04:28:49.990377+00:00,data/raw/master/customers.csv,customers
CUST00000686,Jordan Lee 686,Consumer,Nashville,Southeast,2020-09-07,C,Y,Y,2026-09-11T04:28:49.990377+00:00,data/raw/master/customers.csv,customers
CUST00000687,Casey Lee 687,Consumer,Portland,West,05/21/2019,C,No,True,2026-09-11T04:28:49.990377+00:00,data/raw/master/customers.csv,customers
CUST00000688,Casey Lee 688,Small Business,Jacksonville,Southeast,02/05/2022,A,Y,Y,2026-09-11T04:28:49.990377+00:00,data/raw/master/customers.csv,customers
CUST00000689,Alex Kim 689,Government,Philadelphia,Northeast,01/14/2020,D,Yes,Y,2026-09-11T04:28:49.990377+00:00,data/raw/master/customers.csv,customers
CUST00000690,Riley Smith 690,Enterprise,Birmingham,Southeast,2020-03-31,B,No,Y,2026-09-11T04:28:49.990377+00:00,data/raw/master/customers.csv,customers
CUST00000691,Alex Patel 691,Enterprise,Jacksonville,Southeast,10/11/2018,C,Y,Y,2026-09-11T04:28:49.990377+00:00,data/raw/master/customers.csv,customers
CUST00000692,Alex Patel 692,consumer ,Boston,Northeast,2022-05-20,D,Yes,Y,2026-09-11T04:28:49.990377+00:00,data/raw/master/customers.csv,customers
CUST00000693,Casey Kim 693,Government,Atlanta,Southeast,2018-09-23,B,0,True,2026-09-11T04:28:49.990377+00:00,data/raw/master/customers.csv,customers
CUST00000694,Taylor Patel 694,Small Business,Buffalo,Northeast,11/07/2019,B,No,Y,2026-09-11T04:28:49.990377+00:00,data/raw/master/customers.csv,customers
CUST00000695,Riley Smith 695,consumer ,San Diego,West,2020-01-22,a,No,Y,2026-09-11T04:28:49.990377+00:00,data/raw/master/customers.csv,customers
CUST00000696,Morgan Smith 696,Consumer,Albany,Northeast,2025-05-30,C,Y,Y,2026-09-11T04:28:49.990377+00:00,data/raw/master/customers.csv,customers
CUST00000697,Jordan Lee 697,Consumer,Albuquerque,Southwest,2024-10-16,B,No,Y,2026-09-11T04:28:49.990377+00:00,data/raw/master/customers.csv,customers
CUST00000698,Taylor Kim 698,Government,Phoenix,Southwest,2021-10-19,A,1,Y,2026-09-11T04:28:49.990377+00:00,data/raw/master/customers.csv,customers
CUST00000699,Alex Lee 699,consumer ,Albany,Northeast,10/20/2020,B,Yes,Y,2026-09-11T04:28:49.990377+00:00,data/raw/master/customers.csv,customers
CUST00000700,Taylor Lee 700,Enterprise,San Diego,West,10/05/2025,B,No,N,2026-09-11T04:28:49.990377+00:00,data/raw/master/customers.csv,customers
CUST00000701,Casey Brown 701,Consumer,Atlanta,Southeast,2018-05-21,B,No,True,2026-09-11T04:28:49.990377+00:00,data/raw/master/customers.csv,customers
CUST00000702,Jordan Brown 702,Enterprise,Albany,Northeast,10/23/2021,B,1,Y,2026-09-11T04:28:49.990377+00:00,data/raw/master/customers.csv,customers
CUST00000703,Taylor Lee 703,Enterprise,Albany,Northeast,03/05/2020,a,1,Y,2026-09-11T04:28:49.990377+00:00,data/raw/master/customers.csv,customers
CUST00000704,Morgan Lee 704,Enterprise,Dallas,Southwest,07/30/2021,A,0,Y,2026-09-11T04:28:49.990377+00:00,data/raw/master/customers.csv,customers
CUST00000705,Riley Garcia 705,consumer ,Austin,Southwest,09/28/2020,C,No,Y,2026-09-11T04:28:49.990377+00:00,data/raw/master/customers.csv,customers
CUST00000706,Morgan Garcia 706,Government,Indianapolis,Midwest,10/07/2021,C,Y,Y,2026-09-11T04:28:49.990377+00:00,data/raw/master/customers.csv,customers
CUST00000707,Taylor Brown 707,Consumer,Jacksonville,Southeast,2023-11-05,C,No,True,2026-09-11T04:28:49.990377+00:00,data/raw/master/customers.csv,customers
CUST00000708,Alex Lee 708,Enterprise,Austin,Southwest,06/07/2019,D,0,N,2026-09-11T04:28:49.990377+00:00,data/raw/master/customers.csv,customers
CUST00000709,Morgan Patel 709,Government,Indianapolis,Midwest,01/04/2026,D,Yes,Y,2026-09-11T04:28:49.990377+00:00,data/raw/master/customers.csv,customers
CUST00000710,Taylor Smith 710,Enterprise,Columbus,Midwest,2020-01-05,C,0,Y,2026-09-11T04:28:49.990377+00:00,data/raw/master/customers.csv,customers
CUST00000711,Morgan Kim 711,Consumer,Birmingham,Southeast,2023-09-29,D,Y,Y,2026-09-11T04:28:49.990377+00:00,data/raw/master/customers.csv,customers
CUST00000712,Taylor Brown 712,Government,Buffalo,Northeast,02/20/2018,C,No,Y,2026-09-11T04:28:49.990377+00:00,data/raw/master/customers.csv,customers
CUST00000713,Taylor Brown 713,Small Business,Chicago,Midwest,05/31/2019,C,No,Y,2026-09-11T04:28:49.990377+00:00,data/raw/master/customers.csv,customers
CUST00000714,Taylor Lee 714,consumer ,Philadelphia,Northeast,10/12/2022,a,1,Y,2026-09-11T04:28:49.990377+00:00,data/raw/master/customers.csv,customers
CUST00000715,Jordan Patel 715,consumer ,Portland,West,07/10/2022,B,Y,Y,2026-09-11T04:28:49.990377+00:00,data/raw/master/customers.csv,customers
CUST00000716,Taylor Patel 716,Consumer,Boston,Northeast,09/28/2019,a,No,N,2026-09-11T04:28:49.990377+00:00,data/raw/master/customers.csv,customers
CUST00000717,Taylor Brown 717,Government,Buffalo,Northeast,09/09/2024,D,1,True,2026-09-11T04:28:49.990377+00:00,data/raw/master/customers.csv,customers
CUST00000718,Alex Garcia 718,Enterprise,Jacksonville,Southeast,2025-04-27,A,Yes,N,2026-09-11T04:28:49.990377+00:00,data/raw/master/customers.csv,customers
CUST00000719,Morgan Smith 719,consumer ,Phoenix,Southwest,2025-12-05,C,Y,N,2026-09-11T04:28:49.990377+00:00,data/raw/master/customers.csv,customers
CUST00000720,Taylor Lee 720,Government,Seattle,West,11/08/2019,B,N,True,2026-09-11T04:28:49.990377+00:00,data/raw/master/customers.csv,customers
CUST00000721,Alex Smith 721,Enterprise,Seattle,West,07/26/2020,B,N,N,2026-09-11T04:28:49.990377+00:00,data/raw/master/customers.csv,customers
CUST00000722,Morgan Brown 722,Consumer,Phoenix,Southwest,11/06/2018,B,Y,N,2026-09-11T04:28:49.990377+00:00,data/raw/master/customers.csv,customers
CUST00000723,Alex Garcia 723,consumer ,Albuquerque,Southwest,12/05/2018,D,Yes,True,2026-09-11T04:28:49.990377+00:00,data/raw/master/customers.csv,customers
CUST00000724,Morgan Smith 724,consumer ,Albany,Northeast,08/21/2018,D,0,Y,2026-09-11T04:28:49.990377+00:00,data/raw/master/customers.csv,customers
CUST00000725,Riley Kim 725,Government,Seattle,West,10/26/2024,C,0,Y,2026-09-11T04:28:49.990377+00:00,data/raw/master/customers.csv,customers
CUST00000726,Morgan Smith 726,Enterprise,Columbus,Midwest,04/14/2023,C,Yes,Y,2026-09-11T04:28:49.990377+00:00,data/raw/master/customers.csv,customers
CUST00000727,Taylor Smith 727,consumer ,Jacksonville,Southeast,03/06/2025,C,Yes,Y,2026-09-11T04:28:49.990377+00:00,data/raw/master/customers.csv,customers
CUST00000728,Casey Smith 728,Government,Columbus,Midwest,2018-12-03,B,0,Y,2026-09-11T04:28:49.990377+00:00,data/raw/master/customers.csv,customers
CUST00000729,Casey Patel 729,Enterprise,Birmingham,Southeast,2022-09-22,C,Y,True,2026-09-11T04:28:49.990377+00:00,data/raw/master/customers.csv,customers
CUST00000730,Riley Brown 730,Enterprise,Buffalo,Northeast,2020-11-18,B,0,True,2026-09-11T04:28:49.990377+00:00,data/raw/master/customers.csv,customers
CUST00000731,Taylor Garcia 731,Consumer,Jacksonville,Southeast,2018-05-08,C,No,Y,2026-09-11T04:28:49.990377+00:00,data/raw/master/customers.csv,customers
CUST00000732,Taylor Patel 732,Small Business,Dallas,Southwest,05/08/2024,D,Yes,Y,2026-09-11T04:28:49.990377+00:00,data/raw/master/customers.csv,customers
CUST00000733,Casey Garcia 733,consumer ,Dallas,Southwest,2022-11-28,A,No,Y,2026-09-11T04:28:49.990377+00:00,data/raw/master/customers.csv,customers
CUST00000734,Morgan Lee 734,Consumer,Columbus,Midwest,2021-07-17,B,No,N,2026-09-11T04:28:49.990377+00:00,data/raw/master/customers.csv,customers
CUST00000735,Jordan Kim 735,Enterprise,Buffalo,Northeast,07/21/2025,A,Y,Y,2026-09-11T04:28:49.990377+00:00,data/raw/master/customers.csv,customers
CUST00000736,Riley Lee 736,consumer ,Boston,Northeast,2022-05-12,a,N,True,2026-09-11T04:28:49.990377+00:00,data/raw/master/customers.csv,customers
CUST00000737,Riley Smith 737,Enterprise,San Diego,West,11/25/2022,B,N,Y,2026-09-11T04:28:49.990377+00:00,data/raw/master/customers.csv,customers
CUST00000738,Riley Smith 738,consumer ,Columbus,Midwest,07/28/2022,a,No,N,2026-09-11T04:28:49.990377+00:00,data/raw/master/customers.csv,customers
CUST00000739,Jordan Patel 739,consumer ,Columbus,Midwest,11/14/2025,C,N,True,2026-09-11T04:28:49.990377+00:00,data/raw/master/customers.csv,customers
CUST00000740,Taylor Patel 740,Small Business,San Diego,West,04/05/2021,A,Y,Y,2026-09-11T04:28:49.990377+00:00,data/raw/master/customers.csv,customers
CUST00000741,Casey Brown 741,Enterprise,Austin,Southwest,06/01/2021,B,0,Y,2026-09-11T04:28:49.990377+00:00,data/raw/master/customers.csv,customers
CUST00000742,Morgan Garcia 742,Government,Albany,Northeast,2021-04-05,a,0,True,2026-09-11T04:28:49.990377+00:00,data/raw/master/customers.csv,customers
CUST00000743,Jordan Patel 743,Consumer,Atlanta,Southeast,2020-10-21,B,No,Y,2026-09-11T04:28:49.990377+00:00,data/raw/master/customers.csv,customers
CUST00000744,Taylor Lee 744,Enterprise,Dallas,Southwest,2024-10-04,A,0,Y,2026-09-11T04:28:49.990377+00:00,data/raw/master/customers.csv,customers
CUST00000745,Casey Smith 745,Enterprise,Columbus,Midwest,07/28/2023,B,0,True,2026-09-11T04:28:49.990377+00:00,data/raw/master/customers.csv,customers
CUST00000746,Taylor Brown 746,consumer ,Buffalo,Northeast,09/08/2020,a,1,Y,2026-09-11T04:28:49.990377+00:00,data/raw/master/customers.csv,customers
CUST00000747,Riley Garcia 747,Government,Albany,Northeast,2018-11-01,B,Y,True,2026-09-11T04:28:49.990377+00:00,data/raw/master/customers.csv,customers
CUST00000748,Riley Lee 748,Consumer,Birmingham,Southeast,2018-01-31,D,No,Y,2026-09-11T04:28:49.990377+00:00,data/raw/master/customers.csv,customers
CUST00000749,Riley Patel 749,consumer ,Austin,Southwest,2024-10-06,A,0,Y,2026-09-11T04:28:49.990377+00:00,data/raw/master/customers.csv,customers
CUST00000750,Jordan Smith 750,Enterprise,Jacksonville,Southeast,2023-01-09,D,No,True,2026-09-11T04:28:49.990377+00:00,data/raw/master/customers.csv,customers
CUST00000751,Jordan Brown 751,Consumer,Buffalo,Northeast,11/18/2024,B,N,Y,2026-09-11T04:28:49.990377+00:00,data/raw/master/customers.csv,customers
CUST00000752,Jordan Kim 752,Enterprise,Albuquerque,Southwest,2025-07-29,D,Y,Y,2026-09-11T04:28:49.990377+00:00,data/raw/master/customers.csv,customers
CUST00000753,Casey Patel 753,Consumer,Boston,Northeast,2024-08-27,B,N,Y,2026-09-11T04:28:49.990377+00:00,data/raw/master/customers.csv,customers
CUST00000754,Alex Kim 754,Enterprise,Jacksonville,Southeast,10/29/2020,A,Y,N,2026-09-11T04:28:49.990377+00:00,data/raw/master/customers.csv,customers
CUST00000755,Morgan Patel 755,Enterprise,Albany,Northeast,02/05/2018,B,1,Y,2026-09-11T04:28:49.990377+00:00,data/raw/master/customers.csv,customers
CUST00000756,Jordan Brown 756,Government,Indianapolis,Midwest,06/13/2020,B,0,True,2026-09-11T04:28:49.990377+00:00,data/raw/master/customers.csv,customers
CUST00000757,Jordan Brown 757,Government,Boston,Northeast,2023-06-10,C,Y,Y,2026-09-11T04:28:49.990377+00:00,data/raw/master/customers.csv,customers
CUST00000758,Riley Smith 758,Enterprise,Jacksonville,Southeast,2022-05-21,a,N,True,2026-09-11T04:28:49.990377+00:00,data/raw/master/customers.csv,customers
CUST00000759,Riley Patel 759,Consumer,Buffalo,Northeast,2025-02-27,a,Y,Y,2026-09-11T04:28:49.990377+00:00,data/raw/master/customers.csv,customers
CUST00000760,Morgan Garcia 760,Government,Nashville,Southeast,2023-08-20,D,Y,Y,2026-09-11T04:28:49.990377+00:00,data/raw/master/customers.csv,customers
CUST00000761,Jordan Patel 761,Enterprise,Nashville,Southeast,03/17/2019,a,Y,N,2026-09-11T04:28:49.990377+00:00,data/raw/master/customers.csv,customers
CUST00000762,Casey Lee 762,Consumer,Boston,Northeast,07/12/2019,B,1,True,2026-09-11T04:28:49.990377+00:00,data/raw/master/customers.csv,customers
CUST00000763,Jordan Smith 763,consumer ,Chicago,Midwest,2018-05-16,D,N,Y,2026-09-11T04:28:49.990377+00:00,data/raw/master/customers.csv,customers
CUST00000764,Casey Garcia 764,Enterprise,Jacksonville,Southeast,2018-08-15,C,No,Y,2026-09-11T04:28:49.990377+00:00,data/raw/master/customers.csv,customers
CUST00000765,Morgan Lee 765,Enterprise,Columbus,Midwest,2023-01-05,a,No,Y,2026-09-11T04:28:49.990377+00:00,data/raw/master/customers.csv,customers
CUST00000766,Jordan Patel 766,Consumer,San Diego,West,2025-03-16,a,0,N,2026-09-11T04:28:49.990377+00:00,data/raw/master/customers.csv,customers
CUST00000767,Alex Garcia 767,Consumer,Indianapolis,Midwest,02/01/2023,B,Y,True,2026-09-11T04:28:49.990377+00:00,data/raw/master/customers.csv,customers
CUST00000768,Taylor Smith 768,Government,Columbus,Midwest,2022-10-28,C,No,Y,2026-09-11T04:28:49.990377+00:00,data/raw/master/customers.csv,customers
CUST00000769,Alex Lee 769,Consumer,Buffalo,Northeast,2023-10-01,B,1,Y,2026-09-11T04:28:49.990377+00:00,data/raw/master/customers.csv,customers
CUST00000770,Riley Kim 770,Government,Boston,Northeast,12/05/2024,D,Y,Y,2026-09-11T04:28:49.990377+00:00,data/raw/master/customers.csv,customers
CUST00000771,Riley Brown 771,consumer ,Atlanta,Southeast,2021-06-03,A,Yes,Y,2026-09-11T04:28:49.990377+00:00,data/raw/master/customers.csv,customers
CUST00000772,Taylor Brown 772,Consumer,Boston,Northeast,2018-10-11,C,Yes,Y,2026-09-11T04:28:49.990377+00:00,data/raw/master/customers.csv,customers
CUST00000773,Taylor Lee 773,Enterprise,Nashville,Southeast,12/13/2020,a,0,Y,2026-09-11T04:28:49.990377+00:00,data/raw/master/customers.csv,customers
CUST00000774,Morgan Lee 774,Small Business,Detroit,Midwest,2019-01-05,B,1,Y,2026-09-11T04:28:49.990377+00:00,data/raw/master/customers.csv,customers
CUST00000775,Morgan Brown 775,consumer ,Seattle,West,2022-01-31,D,1,Y,2026-09-11T04:28:49.990377+00:00,data/raw/master/customers.csv,customers
CUST00000776,Taylor Patel 776,Government,Philadelphia,Northeast,02/01/2018,C,1,Y,2026-09-11T04:28:49.990377+00:00,data/raw/master/customers.csv,customers
CUST00000777,Casey Garcia 777,consumer ,Dallas,Southwest,2026-04-27,A,N,N,2026-09-11T04:28:49.990377+00:00,data/raw/master/customers.csv,customers
CUST00000778,Morgan Smith 778,consumer ,Phoenix,Southwest,2021-09-22,a,1,Y,2026-09-11T04:28:49.990377+00:00,data/raw/master/customers.csv,customers
CUST00000779,Alex Kim 779,Enterprise,Nashville,Southeast,2019-11-02,D,Yes,N,2026-09-11T04:28:49.990377+00:00,data/raw/master/customers.csv,customers
CUST00000780,Alex Kim 780,Enterprise,Austin,Southwest,08/29/2025,a,Yes,Y,2026-09-11T04:28:49.990377+00:00,data/raw/master/customers.csv,customers
CUST00000781,Morgan Brown 781,Consumer,Austin,Southwest,2023-07-26,B,0,N,2026-09-11T04:28:49.990377+00:00,data/raw/master/customers.csv,customers
CUST00000782,Casey Smith 782,Small Business,Albuquerque,Southwest,03/28/2023,D,Y,Y,2026-09-11T04:28:49.990377+00:00,data/raw/master/customers.csv,customers
CUST00000783,Jordan Lee 783,Government,Chicago,Midwest,2023-06-04,D,1,N,2026-09-11T04:28:49.990377+00:00,data/raw/master/customers.csv,customers
CUST00000784,Casey Smith 784,Small Business,Boston,Northeast,2023-01-28,a,Yes,Y,2026-09-11T04:28:49.990377+00:00,data/raw/master/customers.csv,customers
CUST00000785,Taylor Kim 785,Consumer,Albany,Northeast,2019-05-29,D,No,Y,2026-09-11T04:28:49.990377+00:00,data/raw/master/customers.csv,customers
CUST00000786,Jordan Kim 786,Small Business,Chicago,Midwest,2020-04-15,A,1,Y,2026-09-11T04:28:49.990377+00:00,data/raw/master/customers.csv,customers
CUST00000787,Riley Lee 787,Small Business,Nashville,Southeast,2025-04-29,B,1,Y,2026-09-11T04:28:49.990377+00:00,data/raw/master/customers.csv,customers
CUST00000788,Morgan Brown 788,Small Business,Buffalo,Northeast,2023-05-18,C,Y,Y,2026-09-11T04:28:49.990377+00:00,data/raw/master/customers.csv,customers
CUST00000789,Alex Smith 789,consumer ,Portland,West,02/08/2018,D,N,N,2026-09-11T04:28:49.990377+00:00,data/raw/master/customers.csv,customers
CUST00000790,Casey Brown 790,Enterprise,Chicago,Midwest,2023-02-25,D,N,True,2026-09-11T04:28:49.990377+00:00,data/raw/master/customers.csv,customers
CUST00000791,Alex Kim 791,Small Business,Dallas,Southwest,12/15/2025,A,N,Y,2026-09-11T04:28:49.990377+00:00,data/raw/master/customers.csv,customers
CUST00000792,Morgan Smith 792,Consumer,Albuquerque,Southwest,2021-05-31,D,No,N,2026-09-11T04:28:49.990377+00:00,data/raw/master/customers.csv,customers
CUST00000793,Alex Smith 793,Consumer,Indianapolis,Midwest,04/18/2019,a,N,Y,2026-09-11T04:28:49.990377+00:00,data/raw/master/customers.csv,customers
CUST00000794,Alex Lee 794,Enterprise,Seattle,West,2024-08-21,C,0,N,2026-09-11T04:28:49.990377+00:00,data/raw/master/customers.csv,customers
CUST00000795,Morgan Garcia 795,consumer ,Columbus,Midwest,04/04/2019,A,Y,True,2026-09-11T04:28:49.990377+00:00,data/raw/master/customers.csv,customers
CUST00000796,Jordan Garcia 796,Consumer,Indianapolis,Midwest,2018-08-31,A,N,Y,2026-09-11T04:28:49.990377+00:00,data/raw/master/customers.csv,customers
CUST00000797,Riley Smith 797,Small Business,Seattle,West,2023-06-01,a,Yes,Y,2026-09-11T04:28:49.990377+00:00,data/raw/master/customers.csv,customers
CUST00000798,Morgan Kim 798,Small Business,Portland,West,2019-12-09,D,N,Y,2026-09-11T04:28:49.990377+00:00,data/raw/master/customers.csv,customers
CUST00000799,Riley Kim 799,Consumer,Atlanta,Southeast,04/15/2021,A,1,Y,2026-09-11T04:28:49.990377+00:00,data/raw/master/customers.csv,customers
CUST00000800,Morgan Lee 800,Government,Buffalo,Northeast,04/23/2021,B,Yes,Y,2026-09-11T04:28:49.990377+00:00,data/raw/master/customers.csv,customers
CUST00000801,Jordan Garcia 801,Consumer,Jacksonville,Southeast,2019-12-01,D,No,Y,2026-09-11T04:28:49.990377+00:00,data/raw/master/customers.csv,customers
CUST00000802,Alex Garcia 802,Small Business,Atlanta,Southeast,09/24/2019,B,Y,True,2026-09-11T04:28:49.990377+00:00,data/raw/master/customers.csv,customers
CUST00000803,Jordan Garcia 803,consumer ,San Diego,West,2024-09-30,a,1,N,2026-09-11T04:28:49.990377+00:00,data/raw/master/customers.csv,customers
CUST00000804,Jordan Garcia 804,Consumer,Buffalo,Northeast,12/03/2022,C,Y,Y,2026-09-11T04:28:49.990377+00:00,data/raw/master/customers.csv,customers
CUST00000805,Taylor Garcia 805,Enterprise,Albuquerque,Southwest,10/08/2025,a,Y,Y,2026-09-11T04:28:49.990377+00:00,data/raw/master/customers.csv,customers
CUST00000806,Riley Smith 806,Government,Atlanta,Southeast,10/01/2024,B,N,Y,2026-09-11T04:28:49.990377+00:00,data/raw/master/customers.csv,customers
CUST00000807,Morgan Patel 807,Enterprise,Austin,Southwest,11/14/2024,A,Y,Y,2026-09-11T04:28:49.990377+00:00,data/raw/master/customers.csv,customers
CUST00000808,Morgan Smith 808,consumer ,Phoenix,Southwest,02/27/2026,A,Yes,Y,2026-09-11T04:28:49.990377+00:00,data/raw/master/customers.csv,customers
CUST00000809,Riley Patel 809,Enterprise,Columbus,Midwest,2020-04-24,D,No,N,2026-09-11T04:28:49.990377+00:00,data/raw/master/customers.csv,customers
CUST00000810,Taylor Smith 810,Enterprise,Birmingham,Southeast,07/13/2022,A,0,Y,2026-09-11T04:28:49.990377+00:00,data/raw/master/customers.csv,customers
CUST00000811,Riley Smith 811,consumer ,Birmingham,Southeast,03/16/2024,a,0,N,2026-09-11T04:28:49.990377+00:00,data/raw/master/customers.csv,customers
CUST00000812,Jordan Smith 812,Government,Jacksonville,Southeast,2019-03-02,a,No,N,2026-09-11T04:28:49.990377+00:00,data/raw/master/customers.csv,customers
CUST00000813,Casey Lee 813,Government,Atlanta,Southeast,2024-12-21,A,1,Y,2026-09-11T04:28:49.990377+00:00,data/raw/master/customers.csv,customers
CUST00000814,Riley Kim 814,Government,Detroit,Midwest,06/29/2020,A,Yes,Y,2026-09-11T04:28:49.990377+00:00,data/raw/master/customers.csv,customers
CUST00000815,Taylor Smith 815,Government,San Diego,West,2021-04-03,A,1,Y,2026-09-11T04:28:49.990377+00:00,data/raw/master/customers.csv,customers
CUST00000816,Riley Garcia 816,Enterprise,Birmingham,Southeast,2019-10-28,D,Yes,N,2026-09-11T04:28:49.990377+00:00,data/raw/master/customers.csv,customers
CUST00000817,Morgan Brown 817,Enterprise,Nashville,Southeast,2025-04-03,a,1,True,2026-09-11T04:28:49.990377+00:00,data/raw/master/customers.csv,customers
CUST00000818,Jordan Brown 818,Small Business,Denver,West,2021-12-20,B,0,Y,2026-09-11T04:28:49.990377+00:00,data/raw/master/customers.csv,customers
CUST00000819,Casey Brown 819,Small Business,Seattle,West,08/03/2019,C,1,Y,2026-09-11T04:28:49.990377+00:00,data/raw/master/customers.csv,customers
CUST00000820,Riley Brown 820,Consumer,Atlanta,Southeast,2019-09-14,B,0,Y,2026-09-11T04:28:49.990377+00:00,data/raw/master/customers.csv,customers
CUST00000821,Taylor Lee 821,Government,Indianapolis,Midwest,2021-10-14,C,Yes,Y,2026-09-11T04:28:49.990377+00:00,data/raw/master/customers.csv,customers
CUST00000822,Morgan Kim 822,Enterprise,Jacksonville,Southeast,2024-11-25,A,Yes,Y,2026-09-11T04:28:49.990377+00:00,data/raw/master/customers.csv,customers
CUST00000823,Taylor Brown 823,Government,Chicago,Midwest,2021-03-24,D,Yes,Y,2026-09-11T04:28:49.990377+00:00,data/raw/master/customers.csv,customers
CUST00000824,Riley Brown 824,consumer ,San Diego,West,04/03/2026,A,Y,Y,2026-09-11T04:28:49.990377+00:00,data/raw/master/customers.csv,customers
CUST00000825,Casey Brown 825,Enterprise,Atlanta,Southeast,2022-09-03,A,0,Y,2026-09-11T04:28:49.990377+00:00,data/raw/master/customers.csv,customers
CUST00000826,Alex Brown 826,Enterprise,Albany,Northeast,06/28/2019,C,Yes,N,2026-09-11T04:28:49.990377+00:00,data/raw/master/customers.csv,customers
CUST00000827,Morgan Kim 827,Consumer,Nashville,Southeast,2024-08-03,C,Y,Y,2026-09-11T04:28:49.990377+00:00,data/raw/master/customers.csv,customers
CUST00000828,Casey Smith 828,Small Business,Austin,Southwest,06/23/2019,D,Y,True,2026-09-11T04:28:49.990377+00:00,data/raw/master/customers.csv,customers
CUST00000829,Alex Garcia 829,Enterprise,Denver,West,2022-05-10,A,Yes,Y,2026-09-11T04:28:49.990377+00:00,data/raw/master/customers.csv,customers
CUST00000830,Riley Brown 830,Small Business,Chicago,Midwest,2022-05-15,A,No,True,2026-09-11T04:28:49.990377+00:00,data/raw/master/customers.csv,customers
CUST00000831,Morgan Patel 831,Consumer,Buffalo,Northeast,03/25/2019,B,No,Y,2026-09-11T04:28:49.990377+00:00,data/raw/master/customers.csv,customers
CUST00000832,Casey Kim 832,Small Business,Philadelphia,Northeast,06/08/2021,a,Y,Y,2026-09-11T04:28:49.990377+00:00,data/raw/master/customers.csv,customers
CUST00000833,Alex Brown 833,Government,Portland,West,2018-10-15,A,1,N,2026-09-11T04:28:49.990377+00:00,data/raw/master/customers.csv,customers
CUST00000834,Jordan Lee 834,Government,Indianapolis,Midwest,2023-01-05,B,0,N,2026-09-11T04:28:49.990377+00:00,data/raw/master/customers.csv,customers
CUST00000835,Alex Smith 835,Enterprise,Portland,West,02/14/2023,a,Y,Y,2026-09-11T04:28:49.990377+00:00,data/raw/master/customers.csv,customers
CUST00000836,Morgan Patel 836,Government,Nashville,Southeast,2026-01-29,a,Yes,Y,2026-09-11T04:28:49.990377+00:00,data/raw/master/customers.csv,customers
CUST00000837,Taylor Kim 837,Enterprise,Philadelphia,Northeast,11/06/2018,B,No,N,2026-09-11T04:28:49.990377+00:00,data/raw/master/customers.csv,customers
CUST00000838,Morgan Kim 838,Government,Buffalo,Northeast,09/30/2018,D,Yes,Y,2026-09-11T04:28:49.990377+00:00,data/raw/master/customers.csv,customers
CUST00000839,Casey Brown 839,Small Business,Albany,Northeast,2021-06-29,C,0,N,2026-09-11T04:28:49.990377+00:00,data/raw/master/customers.csv,customers
CUST00000840,Morgan Garcia 840,Enterprise,Jacksonville,Southeast,05/27/2020,B,N,Y,2026-09-11T04:28:49.990377+00:00,data/raw/master/customers.csv,customers
CUST00000841,Jordan Garcia 841,Government,Columbus,Midwest,2022-01-19,a,1,Y,2026-09-11T04:28:49.990377+00:00,data/raw/master/customers.csv,customers
CUST00000842,Casey Lee 842,Government,Boston,Northeast,01/13/2024,C,0,Y,2026-09-11T04:28:49.990377+00:00,data/raw/master/customers.csv,customers
CUST00000843,Taylor Brown 843,Enterprise,Atlanta,Southeast,2024-06-18,B,N,True,2026-09-11T04:28:49.990377+00:00,data/raw/master/customers.csv,customers
CUST00000844,Taylor Patel 844,consumer ,Portland,West,07/06/2025,B,N,True,2026-09-11T04:28:49.990377+00:00,data/raw/master/customers.csv,customers
CUST00000845,Alex Smith 845,Small Business,Jacksonville,Southeast,2024-10-16,D,Y,Y,2026-09-11T04:28:49.990377+00:00,data/raw/master/customers.csv,customers
CUST00000846,Taylor Lee 846,consumer ,Dallas,Southwest,11/07/2022,C,1,Y,2026-09-11T04:28:49.990377+00:00,data/raw/master/customers.csv,customers
CUST00000847,Morgan Garcia 847,Government,Austin,Southwest,06/01/2023,B,0,Y,2026-09-11T04:28:49.990377+00:00,data/raw/master/customers.csv,customers
CUST00000848,Taylor Lee 848,Government,Albuquerque,Southwest,12/15/2023,a,No,Y,2026-09-11T04:28:49.990377+00:00,data/raw/master/customers.csv,customers
CUST00000849,Taylor Patel 849,consumer ,Boston,Northeast,2025-07-24,C,No,Y,2026-09-11T04:28:49.990377+00:00,data/raw/master/customers.csv,customers
CUST00000850,Casey Smith 850,Consumer,Detroit,Midwest,08/04/2024,C,0,Y,2026-09-11T04:28:49.990377+00:00,data/raw/master/customers.csv,customers
CUST00000851,Casey Kim 851,Small Business,Jacksonville,Southeast,10/17/2018,A,N,Y,2026-09-11T04:28:49.990377+00:00,data/raw/master/customers.csv,customers
CUST00000852,Morgan Garcia 852,consumer ,Albuquerque,Southwest,2022-02-03,C,N,Y,2026-09-11T04:28:49.990377+00:00,data/raw/master/customers.csv,customers
CUST00000853,Alex Smith 853,Small Business,Portland,West,2020-07-12,A,N,Y,2026-09-11T04:28:49.990377+00:00,data/raw/master/customers.csv,customers
CUST00000854,Jordan Patel 854,Consumer,Austin,Southwest,2022-10-05,D,Y,Y,2026-09-11T04:28:49.990377+00:00,data/raw/master/customers.csv,customers
CUST00000855,Riley Smith 855,consumer ,Phoenix,Southwest,07/17/2021,a,1,N,2026-09-11T04:28:49.990377+00:00,data/raw/master/customers.csv,customers
CUST00000856,Alex Kim 856,Enterprise,Seattle,West,03/11/2018,A,No,N,2026-09-11T04:28:49.990377+00:00,data/raw/master/customers.csv,customers
CUST00000857,Casey Smith 857,Enterprise,Albuquerque,Southwest,2023-03-10,B,No,Y,2026-09-11T04:28:49.990377+00:00,data/raw/master/customers.csv,customers
CUST00000858,Alex Brown 858,Consumer,Detroit,Midwest,10/26/2023,A,No,N,2026-09-11T04:28:49.990377+00:00,data/raw/master/customers.csv,customers
CUST00000859,Jordan Lee 859,Enterprise,Dallas,Southwest,2024-11-09,A,0,Y,2026-09-11T04:28:49.990377+00:00,data/raw/master/customers.csv,customers
CUST00000860,Morgan Kim 860,Government,Albuquerque,Southwest,2019-02-04,a,N,Y,2026-09-11T04:28:49.990377+00:00,data/raw/master/customers.csv,customers
CUST00000861,Morgan Kim 861,Government,Denver,West,2019-09-08,D,Yes,Y,2026-09-11T04:28:49.990377+00:00,data/raw/master/customers.csv,customers
CUST00000862,Casey Kim 862,Enterprise,Philadelphia,Northeast,2021-01-19,D,Y,N,2026-09-11T04:28:49.990377+00:00,data/raw/master/customers.csv,customers
CUST00000863,Jordan Brown 863,Government,Portland,West,2019-09-03,D,No,Y,2026-09-11T04:28:49.990377+00:00,data/raw/master/customers.csv,customers
CUST00000864,Alex Lee 864,Government,Austin,Southwest,2018-03-04,C,Y,Y,2026-09-11T04:28:49.990377+00:00,data/raw/master/customers.csv,customers
CUST00000865,Jordan Patel 865,consumer ,Buffalo,Northeast,08/29/2025,C,0,Y,2026-09-11T04:28:49.990377+00:00,data/raw/master/customers.csv,customers
CUST00000866,Morgan Kim 866,Consumer,Detroit,Midwest,01/06/2019,C,N,True,2026-09-11T04:28:49.990377+00:00,data/raw/master/customers.csv,customers
CUST00000867,Casey Brown 867,Consumer,Nashville,Southeast,2025-10-25,D,Yes,N,2026-09-11T04:28:49.990377+00:00,data/raw/master/customers.csv,customers
CUST00000868,Casey Smith 868,Government,Philadelphia,Northeast,2026-04-11,a,No,True,2026-09-11T04:28:49.990377+00:00,data/raw/master/customers.csv,customers
CUST00000869,Taylor Smith 869,Small Business,Birmingham,Southeast,12/08/2025,D,Y,True,2026-09-11T04:28:49.990377+00:00,data/raw/master/customers.csv,customers
CUST00000870,Taylor Brown 870,Enterprise,Phoenix,Southwest,2020-12-07,a,1,Y,2026-09-11T04:28:49.990377+00:00,data/raw/master/customers.csv,customers
CUST00000871,Casey Patel 871,Enterprise,San Diego,West,04/07/2022,A,Y,N,2026-09-11T04:28:49.990377+00:00,data/raw/master/customers.csv,customers
CUST00000872,Riley Garcia 872,Consumer,Portland,West,2020-06-13,D,Y,Y,2026-09-11T04:28:49.990377+00:00,data/raw/master/customers.csv,customers
CUST00000873,Casey Patel 873,Small Business,Chicago,Midwest,2018-01-15,B,0,Y,2026-09-11T04:28:49.990377+00:00,data/raw/master/customers.csv,customers
CUST00000874,Riley Patel 874,consumer ,Portland,West,01/02/2024,B,Y,Y,2026-09-11T04:28:49.990377+00:00,data/raw/master/customers.csv,customers
CUST00000875,Alex Brown 875,Consumer,Jacksonville,Southeast,03/20/2020,a,No,Y,2026-09-11T04:28:49.990377+00:00,data/raw/master/customers.csv,customers
CUST00000876,Riley Kim 876,Small Business,Philadelphia,Northeast,12/02/2024,C,No,N,2026-09-11T04:28:49.990377+00:00,data/raw/master/customers.csv,customers
CUST00000877,Alex Lee 877,Consumer,Phoenix,Southwest,11/15/2020,D,Y,Y,2026-09-11T04:28:49.990377+00:00,data/raw/master/customers.csv,customers
CUST00000878,Alex Lee 878,Consumer,Albany,Northeast,01/15/2026,D,1,Y,2026-09-11T04:28:49.990377+00:00,data/raw/master/customers.csv,customers
CUST00000879,Jordan Garcia 879,consumer ,Chicago,Midwest,2024-03-04,a,Y,Y,2026-09-11T04:28:49.990377+00:00,data/raw/master/customers.csv,customers
CUST00000880,Taylor Kim 880,Consumer,Buffalo,Northeast,09/05/2023,A,Yes,N,2026-09-11T04:28:49.990377+00:00,data/raw/master/customers.csv,customers
CUST00000881,Morgan Brown 881,Government,Dallas,Southwest,2023-11-22,B,0,Y,2026-09-11T04:28:49.990377+00:00,data/raw/master/customers.csv,customers
CUST00000882,Jordan Kim 882,Government,Jacksonville,Southeast,2019-01-16,C,0,Y,2026-09-11T04:28:49.990377+00:00,data/raw/master/customers.csv,customers
CUST00000883,Alex Lee 883,Government,Jacksonville,Southeast,06/26/2024,C,N,Y,2026-09-11T04:28:49.990377+00:00,data/raw/master/customers.csv,customers
CUST00000884,Riley Garcia 884,consumer ,Phoenix,Southwest,02/26/2023,D,Yes,Y,2026-09-11T04:28:49.990377+00:00,data/raw/master/customers.csv,customers
CUST00000885,Morgan Brown 885,Consumer,Seattle,West,01/14/2025,A,1,Y,2026-09-11T04:28:49.990377+00:00,data/raw/master/customers.csv,customers
CUST00000886,Taylor Garcia 886,Consumer,Chicago,Midwest,2018-06-29,a,1,N,2026-09-11T04:28:49.990377+00:00,data/raw/master/customers.csv,customers
CUST00000887,Riley Patel 887,Consumer,Detroit,Midwest,07/24/2024,B,0,True,2026-09-11T04:28:49.990377+00:00,data/raw/master/customers.csv,customers
CUST00000888,Morgan Garcia 888,Small Business,Phoenix,Southwest,2022-01-16,B,0,Y,2026-09-11T04:28:49.990377+00:00,data/raw/master/customers.csv,customers
CUST00000889,Taylor Smith 889,Small Business,Buffalo,Northeast,2025-10-30,A,0,N,2026-09-11T04:28:49.990377+00:00,data/raw/master/customers.csv,customers
CUST00000890,Jordan Kim 890,consumer ,Indianapolis,Midwest,2022-07-11,B,N,Y,2026-09-11T04:28:49.990377+00:00,data/raw/master/customers.csv,customers
CUST00000891,Morgan Garcia 891,Small Business,Chicago,Midwest,2020-05-28,C,Yes,True,2026-09-11T04:28:49.990377+00:00,data/raw/master/customers.csv,customers
CUST00000892,Morgan Smith 892,Government,Boston,Northeast,2019-08-27,C,Y,Y,2026-09-11T04:28:49.990377+00:00,data/raw/master/customers.csv,customers
CUST00000893,Alex Lee 893,Enterprise,Phoenix,Southwest,2019-01-16,B,N,True,2026-09-11T04:28:49.990377+00:00,data/raw/master/customers.csv,customers
CUST00000894,Morgan Patel 894,Government,Birmingham,Southeast,09/23/2025,B,N,Y,2026-09-11T04:28:49.990377+00:00,data/raw/master/customers.csv,customers
CUST00000895,Casey Patel 895,Consumer,Portland,West,2023-08-28,a,Y,Y,2026-09-11T04:28:49.990377+00:00,data/raw/master/customers.csv,customers
CUST00000896,Riley Kim 896,Enterprise,Birmingham,Southeast,2019-10-25,C,Yes,N,2026-09-11T04:28:49.990377+00:00,data/raw/master/customers.csv,customers
CUST00000897,Casey Garcia 897,consumer ,Albany,Northeast,03/31/2019,B,1,Y,2026-09-11T04:28:49.990377+00:00,data/raw/master/customers.csv,customers
CUST00000898,Taylor Lee 898,Small Business,Albuquerque,Southwest,06/13/2022,C,No,Y,2026-09-11T04:28:49.990377+00:00,data/raw/master/customers.csv,customers
CUST00000899,Morgan Lee 899,Enterprise,Jacksonville,Southeast,01/31/2019,a,Y,True,2026-09-11T04:28:49.990377+00:00,data/raw/master/customers.csv,customers
CUST00000900,Taylor Kim 900,Consumer,Birmingham,Southeast,2023-07-31,A,1,N,2026-09-11T04:28:49.990377+00:00,data/raw/master/customers.csv,customers
CUST00000901,Morgan Lee 901,Enterprise,Albany,Northeast,02/24/2019,a,Yes,True,2026-09-11T04:28:49.990377+00:00,data/raw/master/customers.csv,customers
CUST00000902,Taylor Brown 902,Government,Portland,West,11/19/2025,a,1,Y,2026-09-11T04:28:49.990377+00:00,data/raw/master/customers.csv,customers
CUST00000903,Riley Kim 903,Enterprise,Portland,West,2018-01-28,C,0,N,2026-09-11T04:28:49.990377+00:00,data/raw/master/customers.csv,customers
CUST00000904,Riley Lee 904,Small Business,Seattle,West,2023-09-26,A,Yes,True,2026-09-11T04:28:49.990377+00:00,data/raw/master/customers.csv,customers
CUST00000905,Taylor Smith 905,consumer ,Boston,Northeast,2023-07-16,A,Yes,True,2026-09-11T04:28:49.990377+00:00,data/raw/master/customers.csv,customers
CUST00000906,Alex Lee 906,Government,Seattle,West,2019-03-31,A,0,Y,2026-09-11T04:28:49.990377+00:00,data/raw/master/customers.csv,customers
CUST00000907,Riley Brown 907,Small Business,Chicago,Midwest,2021-09-07,a,Yes,True,2026-09-11T04:28:49.990377+00:00,data/raw/master/customers.csv,customers
CUST00000908,Riley Lee 908,Government,Dallas,Southwest,04/21/2020,D,Y,Y,2026-09-11T04:28:49.990377+00:00,data/raw/master/customers.csv,customers
CUST00000909,Morgan Smith 909,Small Business,Detroit,Midwest,04/28/2025,A,N,Y,2026-09-11T04:28:49.990377+00:00,data/raw/master/customers.csv,customers
CUST00000910,Morgan Smith 910,Small Business,Detroit,Midwest,12/24/2019,D,Y,Y,2026-09-11T04:28:49.990377+00:00,data/raw/master/customers.csv,customers
CUST00000911,Morgan Brown 911,Consumer,Columbus,Midwest,12/25/2024,A,1,True,2026-09-11T04:28:49.990377+00:00,data/raw/master/customers.csv,customers
CUST00000912,Morgan Kim 912,Small Business,Birmingham,Southeast,01/14/2024,C,No,True,2026-09-11T04:28:49.990377+00:00,data/raw/master/customers.csv,customers
CUST00000913,Alex Patel 913,Small Business,Albuquerque,Southwest,05/21/2020,C,No,N,2026-09-11T04:28:49.990377+00:00,data/raw/master/customers.csv,customers
CUST00000914,Taylor Kim 914,Enterprise,Boston,Northeast,2019-08-19,A,0,Y,2026-09-11T04:28:49.990377+00:00,data/raw/master/customers.csv,customers
CUST00000915,Taylor Garcia 915,Government,San Diego,West,02/24/2019,B,N,Y,2026-09-11T04:28:49.990377+00:00,data/raw/master/customers.csv,customers
CUST00000916,Riley Smith 916,Enterprise,Buffalo,Northeast,2021-08-29,A,0,Y,2026-09-11T04:28:49.990377+00:00,data/raw/master/customers.csv,customers
CUST00000917,Alex Smith 917,Government,Indianapolis,Midwest,06/05/2022,a,N,Y,2026-09-11T04:28:49.990377+00:00,data/raw/master/customers.csv,customers
CUST00000918,Alex Lee 918,Government,Detroit,Midwest,08/06/2018,A,Y,Y,2026-09-11T04:28:49.990377+00:00,data/raw/master/customers.csv,customers
CUST00000919,Casey Garcia 919,consumer ,Atlanta,Southeast,09/15/2021,a,0,N,2026-09-11T04:28:49.990377+00:00,data/raw/master/customers.csv,customers
CUST00000920,Alex Brown 920,Small Business,Albany,Northeast,2025-10-08,B,No,Y,2026-09-11T04:28:49.990377+00:00,data/raw/master/customers.csv,customers
CUST00000921,Riley Brown 921,consumer ,Dallas,Southwest,2023-10-12,A,N,Y,2026-09-11T04:28:49.990377+00:00,data/raw/master/customers.csv,customers
CUST00000922,Riley Patel 922,Consumer,Boston,Northeast,11/06/2025,A,0,True,2026-09-11T04:28:49.990377+00:00,data/raw/master/customers.csv,customers
CUST00000923,Alex Smith 923,Consumer,Jacksonville,Southeast,2018-02-23,C,1,Y,2026-09-11T04:28:49.990377+00:00,data/raw/master/customers.csv,customers
CUST00000924,Jordan Kim 924,Government,Portland,West,2021-09-03,A,Yes,Y,2026-09-11T04:28:49.990377+00:00,data/raw/master/customers.csv,customers
CUST00000925,Taylor Garcia 925,Consumer,Albuquerque,Southwest,12/06/2024,B,0,Y,2026-09-11T04:28:49.990377+00:00,data/raw/master/customers.csv,customers
CUST00000926,Morgan Brown 926,Consumer,Birmingham,Southeast,09/09/2025,D,1,True,2026-09-11T04:28:49.990377+00:00,data/raw/master/customers.csv,customers
CUST00000927,Jordan Garcia 927,Consumer,Jacksonville,Southeast,2020-02-04,a,1,True,2026-09-11T04:28:49.990377+00:00,data/raw/master/customers.csv,customers
CUST00000928,Casey Patel 928,consumer ,Albuquerque,Southwest,12/10/2022,D,N,N,2026-09-11T04:28:49.990377+00:00,data/raw/master/customers.csv,customers
CUST00000929,Jordan Smith 929,Consumer,Detroit,Midwest,08/30/2022,A,0,Y,2026-09-11T04:28:49.990377+00:00,data/raw/master/customers.csv,customers
CUST00000930,Taylor Lee 930,Consumer,Boston,Northeast,2024-10-22,a,Yes,True,2026-09-11T04:28:49.990377+00:00,data/raw/master/customers.csv,customers
CUST00000931,Taylor Patel 931,Consumer,Boston,Northeast,2021-11-03,A,Yes,Y,2026-09-11T04:28:49.990377+00:00,data/raw/master/customers.csv,customers
CUST00000932,Taylor Lee 932,Consumer,Indianapolis,Midwest,2025-02-12,D,Yes,N,2026-09-11T04:28:49.990377+00:00,data/raw/master/customers.csv,customers
CUST00000933,Riley Smith 933,Government,Indianapolis,Midwest,07/06/2023,D,1,Y,2026-09-11T04:28:49.990377+00:00,data/raw/master/customers.csv,customers
CUST00000934,Morgan Kim 934,Consumer,Atlanta,Southeast,2023-09-20,B,Y,True,2026-09-11T04:28:49.990377+00:00,data/raw/master/customers.csv,customers
CUST00000935,Alex Patel 935,Small Business,Buffalo,Northeast,03/21/2026,C,Y,Y,2026-09-11T04:28:49.990377+00:00,data/raw/master/customers.csv,customers
CUST00000936,Alex Brown 936,Small Business,Philadelphia,Northeast,2020-02-26,B,N,N,2026-09-11T04:28:49.990377+00:00,data/raw/master/customers.csv,customers
CUST00000937,Riley Lee 937,Enterprise,Phoenix,Southwest,2018-11-22,A,N,Y,2026-09-11T04:28:49.990377+00:00,data/raw/master/customers.csv,customers
CUST00000938,Taylor Smith 938,Small Business,Portland,West,04/23/2019,C,Y,N,2026-09-11T04:28:49.990377+00:00,data/raw/master/customers.csv,customers
CUST00000939,Jordan Brown 939,Government,Nashville,Southeast,05/17/2018,C,Yes,Y,2026-09-11T04:28:49.990377+00:00,data/raw/master/customers.csv,customers
CUST00000940,Morgan Lee 940,Government,Birmingham,Southeast,07/27/2025,A,Yes,Y,2026-09-11T04:28:49.990377+00:00,data/raw/master/customers.csv,customers
CUST00000941,Jordan Brown 941,Consumer,Atlanta,Southeast,2021-09-25,C,N,Y,2026-09-11T04:28:49.990377+00:00,data/raw/master/customers.csv,customers
CUST00000942,Taylor Patel 942,Consumer,Jacksonville,Southeast,2023-11-02,A,0,True,2026-09-11T04:28:49.990377+00:00,data/raw/master/customers.csv,customers
CUST00000943,Riley Smith 943,Small Business,Detroit,Midwest,07/02/2025,C,Yes,Y,2026-09-11T04:28:49.990377+00:00,data/raw/master/customers.csv,customers
CUST00000944,Jordan Patel 944,Enterprise,Albuquerque,Southwest,10/16/2018,B,N,Y,2026-09-11T04:28:49.990377+00:00,data/raw/master/customers.csv,customers
CUST00000945,Casey Patel 945,Small Business,Dallas,Southwest,05/28/2025,A,No,N,2026-09-11T04:28:49.990377+00:00,data/raw/master/customers.csv,customers
CUST00000946,Alex Patel 946,consumer ,Birmingham,Southeast,11/19/2022,A,Y,Y,2026-09-11T04:28:49.990377+00:00,data/raw/master/customers.csv,customers
CUST00000947,Casey Garcia 947,consumer ,San Diego,West,08/10/2024,a,No,True,2026-09-11T04:28:49.990377+00:00,data/raw/master/customers.csv,customers
CUST00000948,Jordan Garcia 948,consumer ,Portland,West,2018-01-13,a,Yes,Y,2026-09-11T04:28:49.990377+00:00,data/raw/master/customers.csv,customers
CUST00000949,Morgan Garcia 949,Small Business,Boston,Northeast,2022-04-01,a,Y,N,2026-09-11T04:28:49.990377+00:00,data/raw/master/customers.csv,customers
CUST00000950,Casey Brown 950,consumer ,Atlanta,Southeast,2023-08-17,a,Y,Y,2026-09-11T04:28:49.990377+00:00,data/raw/master/customers.csv,customers
CUST00000951,Alex Smith 951,Consumer,Albany,Northeast,10/31/2021,A,Yes,Y,2026-09-11T04:28:49.990377+00:00,data/raw/master/customers.csv,customers
CUST00000952,Morgan Smith 952,Consumer,Jacksonville,Southeast,2024-09-06,B,Yes,Y,2026-09-11T04:28:49.990377+00:00,data/raw/master/customers.csv,customers
CUST00000953,Casey Lee 953,Small Business,Detroit,Midwest,2024-12-05,A,1,Y,2026-09-11T04:28:49.990377+00:00,data/raw/master/customers.csv,customers
CUST00000954,Jordan Kim 954,Small Business,Atlanta,Southeast,12/15/2024,B,0,True,2026-09-11T04:28:49.990377+00:00,data/raw/master/customers.csv,customers
CUST00000955,Taylor Smith 955,Consumer,Boston,Northeast,01/03/2024,D,Yes,Y,2026-09-11T04:28:49.990377+00:00,data/raw/master/customers.csv,customers
CUST00000956,Alex Smith 956,Government,Jacksonville,Southeast,2018-09-22,C,0,Y,2026-09-11T04:28:49.990377+00:00,data/raw/master/customers.csv,customers
CUST00000957,Casey Kim 957,Small Business,Albuquerque,Southwest,2025-07-01,D,Yes,Y,2026-09-11T04:28:49.990377+00:00,data/raw/master/customers.csv,customers
CUST00000958,Casey Lee 958,Enterprise,Portland,West,2023-12-25,C,No,Y,2026-09-11T04:28:49.990377+00:00,data/raw/master/customers.csv,customers
CUST00000959,Casey Garcia 959,Small Business,Seattle,West,2023-07-19,C,Y,Y,2026-09-11T04:28:49.990377+00:00,data/raw/master/customers.csv,customers
CUST00000960,Morgan Smith 960,Enterprise,Birmingham,Southeast,04/04/2024,D,1,Y,2026-09-11T04:28:49.990377+00:00,data/raw/master/customers.csv,customers
CUST00000961,Morgan Patel 961,Small Business,Buffalo,Northeast,06/19/2022,A,Yes,Y,2026-09-11T04:28:49.990377+00:00,data/raw/master/customers.csv,customers
CUST00000962,Riley Garcia 962,Consumer,Birmingham,Southeast,06/18/2022,a,Y,True,2026-09-11T04:28:49.990377+00:00,data/raw/master/customers.csv,customers
CUST00000963,Alex Smith 963,Government,Philadelphia,Northeast,2020-08-29,A,0,True,2026-09-11T04:28:49.990377+00:00,data/raw/master/customers.csv,customers
CUST00000964,Alex Lee 964,Consumer,Columbus,Midwest,2018-08-16,C,No,N,2026-09-11T04:28:49.990377+00:00,data/raw/master/customers.csv,customers
CUST00000965,Alex Brown 965,Consumer,Austin,Southwest,2023-02-10,a,1,Y,2026-09-11T04:28:49.990377+00:00,data/raw/master/customers.csv,customers
CUST00000966,Morgan Patel 966,Enterprise,Philadelphia,Northeast,09/29/2023,A,No,True,2026-09-11T04:28:49.990377+00:00,data/raw/master/customers.csv,customers
CUST00000967,Riley Lee 967,Small Business,Chicago,Midwest,2026-03-06,D,0,N,2026-09-11T04:28:49.990377+00:00,data/raw/master/customers.csv,customers
CUST00000968,Alex Garcia 968,Small Business,Birmingham,Southeast,04/08/2023,C,Yes,Y,2026-09-11T04:28:49.990377+00:00,data/raw/master/customers.csv,customers
CUST00000969,Morgan Smith 969,Enterprise,Denver,West,2025-04-01,a,No,True,2026-09-11T04:28:49.990377+00:00,data/raw/master/customers.csv,customers
CUST00000970,Taylor Brown 970,consumer ,San Diego,West,2023-02-24,B,No,N,2026-09-11T04:28:49.990377+00:00,data/raw/master/customers.csv,customers
CUST00000971,Casey Kim 971,Consumer,Denver,West,2022-10-13,A,0,True,2026-09-11T04:28:49.990377+00:00,data/raw/master/customers.csv,customers
CUST00000972,Taylor Kim 972,consumer ,Detroit,Midwest,11/19/2023,A,No,True,2026-09-11T04:28:49.990377+00:00,data/raw/master/customers.csv,customers
CUST00000973,Jordan Patel 973,Consumer,Portland,West,2020-04-13,B,1,Y,2026-09-11T04:28:49.990377+00:00,data/raw/master/customers.csv,customers
CUST00000974,Taylor Lee 974,Government,Chicago,Midwest,11/27/2025,a,0,Y,2026-09-11T04:28:49.990377+00:00,data/raw/master/customers.csv,customers
CUST00000975,Casey Smith 975,Small Business,Detroit,Midwest,07/27/2022,B,Yes,N,2026-09-11T04:28:49.990377+00:00,data/raw/master/customers.csv,customers
CUST00000976,Taylor Garcia 976,Enterprise,Columbus,Midwest,12/13/2022,B,No,Y,2026-09-11T04:28:49.990377+00:00,data/raw/master/customers.csv,customers
CUST00000977,Casey Patel 977,consumer ,Detroit,Midwest,05/12/2020,D,N,Y,2026-09-11T04:28:49.990377+00:00,data/raw/master/customers.csv,customers
CUST00000978,Morgan Brown 978,consumer ,Indianapolis,Midwest,2020-08-23,a,No,N,2026-09-11T04:28:49.990377+00:00,data/raw/master/customers.csv,customers
CUST00000979,Morgan Lee 979,Small Business,Denver,West,2023-02-21,A,Y,N,2026-09-11T04:28:49.990377+00:00,data/raw/master/customers.csv,customers
CUST00000980,Taylor Kim 980,Consumer,Columbus,Midwest,2022-12-15,A,Yes,Y,2026-09-11T04:28:49.990377+00:00,data/raw/master/customers.csv,customers
CUST00000981,Jordan Lee 981,Enterprise,Birmingham,Southeast,2025-01-24,B,0,Y,2026-09-11T04:28:49.990377+00:00,data/raw/master/customers.csv,customers
CUST00000982,Alex Lee 982,Government,Seattle,West,02/26/2026,a,0,Y,2026-09-11T04:28:49.990377+00:00,data/raw/master/customers.csv,customers
CUST00000983,Morgan Patel 983,Government,Birmingham,Southeast,2024-04-25,C,1,Y,2026-09-11T04:28:49.990377+00:00,data/raw/master/customers.csv,customers
CUST00000984,Riley Garcia 984,Government,Austin,Southwest,06/29/2025,D,N,N,2026-09-11T04:28:49.990377+00:00,data/raw/master/customers.csv,customers
CUST00000985,Alex Smith 985,Consumer,Boston,Northeast,02/06/2021,B,Yes,Y,2026-09-11T04:28:49.990377+00:00,data/raw/master/customers.csv,customers
CUST00000986,Riley Patel 986,consumer ,Detroit,Midwest,2018-10-22,a,0,True,2026-09-11T04:28:49.990377+00:00,data/raw/master/customers.csv,customers
CUST00000987,Alex Brown 987,Government,Seattle,West,02/04/2022,D,0,Y,2026-09-11T04:28:49.990377+00:00,data/raw/master/customers.csv,customers
CUST00000988,Alex Smith 988,Consumer,Detroit,Midwest,2026-03-28,a,No,Y,2026-09-11T04:28:49.990377+00:00,data/raw/master/customers.csv,customers
CUST00000989,Taylor Kim 989,Government,Portland,West,06/27/2022,A,1,Y,2026-09-11T04:28:49.990377+00:00,data/raw/master/customers.csv,customers
CUST00000990,Morgan Lee 990,Enterprise,Dallas,Southwest,2023-01-13,C,No,Y,2026-09-11T04:28:49.990377+00:00,data/raw/master/customers.csv,customers
CUST00000991,Alex Patel 991,Government,Boston,Northeast,07/03/2024,A,Yes,Y,2026-09-11T04:28:49.990377+00:00,data/raw/master/customers.csv,customers
CUST00000992,Riley Lee 992,Small Business,Columbus,Midwest,2018-12-18,a,No,Y,2026-09-11T04:28:49.990377+00:00,data/raw/master/customers.csv,customers
CUST00000993,Casey Brown 993,Enterprise,Phoenix,Southwest,2025-04-09,a,1,N,2026-09-11T04:28:49.990377+00:00,data/raw/master/customers.csv,customers
CUST00000994,Riley Lee 994,consumer ,Nashville,Southeast,05/05/2024,C,0,Y,2026-09-11T04:28:49.990377+00:00,data/raw/master/customers.csv,customers
CUST00000995,Casey Garcia 995,Consumer,Portland,West,2023-08-18,a,Y,Y,2026-09-11T04:28:49.990377+00:00,data/raw/master/customers.csv,customers
CUST00000996,Morgan Brown 996,Small Business,Austin,Southwest,10/04/2020,a,0,N,2026-09-11T04:28:49.990377+00:00,data/raw/master/customers.csv,customers
CUST00000997,Jordan Kim 997,consumer ,Buffalo,Northeast,2024-06-06,A,Yes,Y,2026-09-11T04:28:49.990377+00:00,data/raw/master/customers.csv,customers
CUST00000998,Alex Garcia 998,consumer ,Birmingham,Southeast,10/20/2021,A,N,True,2026-09-11T04:28:49.990377+00:00,data/raw/master/customers.csv,customers
CUST00000999,Jordan Kim 999,Government,Nashville,Southeast,2023-10-05,B,0,True,2026-09-11T04:28:49.990377+00:00,data/raw/master/customers.csv,customers
CUST00001000,Taylor Garcia 1000,Enterprise,Portland,West,01/21/2025,A,Y,Y,2026-09-11T04:28:49.990377+00:00,data/raw/master/customers.csv,customers
CUST00001001,Jordan Smith 1001,Small Business,Indianapolis,Midwest,2023-10-30,a,Yes,Y,2026-09-11T04:28:49.990377+00:00,data/raw/master/customers.csv,customers
CUST00001002,Casey Brown 1002,Government,Columbus,Midwest,2021-09-21,A,No,Y,2026-09-11T04:28:49.990377+00:00,data/raw/master/customers.csv,customers
CUST00001003,Morgan Brown 1003,Government,Portland,West,05/03/2018,C,Yes,True,2026-09-11T04:28:49.990377+00:00,data/raw/master/customers.csv,customers
CUST00001004,Jordan Kim 1004,consumer ,San Diego,West,07/21/2022,B,1,Y,2026-09-11T04:28:49.990377+00:00,data/raw/master/customers.csv,customers
CUST00001005,Jordan Kim 1005,Enterprise,Birmingham,Southeast,2018-08-21,D,N,True,2026-09-11T04:28:49.990377+00:00,data/raw/master/customers.csv,customers
CUST00001006,Jordan Brown 1006,Government,Boston,Northeast,10/15/2025,C,0,N,2026-09-11T04:28:49.990377+00:00,data/raw/master/customers.csv,customers
CUST00001007,Alex Lee 1007,Consumer,Atlanta,Southeast,2022-06-23,D,1,True,2026-09-11T04:28:49.990377+00:00,data/raw/master/customers.csv,customers
CUST00001008,Morgan Lee 1008,Consumer,Atlanta,Southeast,2018-02-18,D,Yes,True,2026-09-11T04:28:49.990377+00:00,data/raw/master/customers.csv,customers
CUST00001009,Riley Brown 1009,consumer ,Seattle,West,2020-07-13,D,N,Y,2026-09-11T04:28:49.990377+00:00,data/raw/master/customers.csv,customers
CUST00001010,Riley Garcia 1010,Government,Buffalo,Northeast,2019-08-20,D,No,Y,2026-09-11T04:28:49.990377+00:00,data/raw/master/customers.csv,customers
CUST00001011,Riley Kim 1011,Small Business,Albany,Northeast,2024-08-25,C,Y,True,2026-09-11T04:28:49.990377+00:00,data/raw/master/customers.csv,customers
CUST00001012,Jordan Brown 1012,Consumer,Detroit,Midwest,2021-06-12,D,Y,Y,2026-09-11T04:28:49.990377+00:00,data/raw/master/customers.csv,customers
CUST00001013,Jordan Smith 1013,Enterprise,Austin,Southwest,2020-04-24,A,1,N,2026-09-11T04:28:49.990377+00:00,data/raw/master/customers.csv,customers
CUST00001014,Casey Kim 1014,consumer ,Philadelphia,Northeast,10/04/2022,a,N,Y,2026-09-11T04:28:49.990377+00:00,data/raw/master/customers.csv,customers
CUST00001015,Morgan Patel 1015,Small Business,Columbus,Midwest,2023-07-09,D,Y,Y,2026-09-11T04:28:49.990377+00:00,data/raw/master/customers.csv,customers
CUST00001016,Morgan Lee 1016,Small Business,Boston,Northeast,2025-11-15,B,Y,Y,2026-09-11T04:28:49.990377+00:00,data/raw/master/customers.csv,customers
CUST00001017,Jordan Brown 1017,consumer ,Birmingham,Southeast,08/14/2018,C,No,Y,2026-09-11T04:28:49.990377+00:00,data/raw/master/customers.csv,customers
CUST00001018,Morgan Smith 1018,Enterprise,Atlanta,Southeast,06/23/2018,C,N,N,2026-09-11T04:28:49.990377+00:00,data/raw/master/customers.csv,customers
CUST00001019,Riley Patel 1019,consumer ,Boston,Northeast,2018-09-28,a,No,Y,2026-09-11T04:28:49.990377+00:00,data/raw/master/customers.csv,customers
CUST00001020,Morgan Brown 1020,Consumer,Chicago,Midwest,11/20/2019,B,Y,Y,2026-09-11T04:28:49.990377+00:00,data/raw/master/customers.csv,customers
CUST00001021,Taylor Brown 1021,consumer ,Buffalo,Northeast,2018-07-28,C,1,Y,2026-09-11T04:28:49.990377+00:00,data/raw/master/customers.csv,customers
CUST00001022,Alex Smith 1022,Consumer,Albany,Northeast,06/24/2020,B,Yes,Y,2026-09-11T04:28:49.990377+00:00,data/raw/master/customers.csv,customers
CUST00001023,Casey Lee 1023,Enterprise,Atlanta,Southeast,07/18/2021,a,0,True,2026-09-11T04:28:49.990377+00:00,data/raw/master/customers.csv,customers
CUST00001024,Riley Brown 1024,consumer ,Albuquerque,Southwest,2020-11-10,C,0,True,2026-09-11T04:28:49.990377+00:00,data/raw/master/customers.csv,customers
CUST00001025,Riley Patel 1025,Consumer,Austin,Southwest,2020-05-29,a,0,True,2026-09-11T04:28:49.990377+00:00,data/raw/master/customers.csv,customers
CUST00001026,Riley Brown 1026,Consumer,Phoenix,Southwest,2024-12-26,a,Y,True,2026-09-11T04:28:49.990377+00:00,data/raw/master/customers.csv,customers
CUST00001027,Alex Kim 1027,Consumer,Indianapolis,Midwest,2025-09-13,a,1,N,2026-09-11T04:28:49.990377+00:00,data/raw/master/customers.csv,customers
CUST00001028,Alex Patel 1028,Small Business,Jacksonville,Southeast,07/13/2020,D,Y,Y,2026-09-11T04:28:49.990377+00:00,data/raw/master/customers.csv,customers
CUST00001029,Riley Patel 1029,Consumer,Philadelphia,Northeast,2020-02-03,D,1,Y,2026-09-11T04:28:49.990377+00:00,data/raw/master/customers.csv,customers
CUST00001030,Alex Smith 1030,Enterprise,Columbus,Midwest,2020-07-12,A,Y,Y,2026-09-11T04:28:49.990377+00:00,data/raw/master/customers.csv,customers
CUST00001031,Morgan Lee 1031,consumer ,Austin,Southwest,2023-07-24,A,Yes,N,2026-09-11T04:28:49.990377+00:00,data/raw/master/customers.csv,customers
CUST00001032,Morgan Kim 1032,Consumer,Denver,West,01/03/2018,B,Y,Y,2026-09-11T04:28:49.990377+00:00,data/raw/master/customers.csv,customers
CUST00001033,Taylor Brown 1033,consumer ,Buffalo,Northeast,02/08/2022,D,0,N,2026-09-11T04:28:49.990377+00:00,data/raw/master/customers.csv,customers
CUST00001034,Morgan Lee 1034,Small Business,Philadelphia,Northeast,2019-02-03,C,Yes,Y,2026-09-11T04:28:49.990377+00:00,data/raw/master/customers.csv,customers
CUST00001035,Jordan Patel 1035,Consumer,Jacksonville,Southeast,07/18/2023,B,N,Y,2026-09-11T04:28:49.990377+00:00,data/raw/master/customers.csv,customers
CUST00001036,Morgan Patel 1036,Small Business,Philadelphia,Northeast,11/09/2024,C,Y,Y,2026-09-11T04:28:49.990377+00:00,data/raw/master/customers.csv,customers
CUST00001037,Jordan Brown 1037,Consumer,Nashville,Southeast,2019-01-06,a,Yes,Y,2026-09-11T04:28:49.990377+00:00,data/raw/master/customers.csv,customers
CUST00001038,Taylor Garcia 1038,Consumer,Denver,West,11/05/2019,a,1,True,2026-09-11T04:28:49.990377+00:00,data/raw/master/customers.csv,customers
CUST00001039,Casey Garcia 1039,consumer ,Austin,Southwest,06/08/2018,D,N,Y,2026-09-11T04:28:49.990377+00:00,data/raw/master/customers.csv,customers
CUST00001040,Jordan Kim 1040,Consumer,Dallas,Southwest,2024-04-06,a,Yes,Y,2026-09-11T04:28:49.990377+00:00,data/raw/master/customers.csv,customers
CUST00001041,Alex Garcia 1041,Enterprise,Dallas,Southwest,07/21/2020,C,1,True,2026-09-11T04:28:49.990377+00:00,data/raw/master/customers.csv,customers
CUST00001042,Riley Kim 1042,Consumer,Austin,Southwest,10/31/2024,A,N,True,2026-09-11T04:28:49.990377+00:00,data/raw/master/customers.csv,customers
CUST00001043,Casey Kim 1043,Enterprise,Denver,West,2021-12-28,C,No,True,2026-09-11T04:28:49.990377+00:00,data/raw/master/customers.csv,customers
CUST00001044,Riley Brown 1044,consumer ,Chicago,Midwest,02/15/2023,D,N,Y,2026-09-11T04:28:49.990377+00:00,data/raw/master/customers.csv,customers
CUST00001045,Alex Brown 1045,consumer ,Boston,Northeast,2018-01-10,A,N,Y,2026-09-11T04:28:49.990377+00:00,data/raw/master/customers.csv,customers
CUST00001046,Casey Brown 1046,Small Business,Birmingham,Southeast,03/17/2023,C,No,True,2026-09-11T04:28:49.990377+00:00,data/raw/master/customers.csv,customers
CUST00001047,Jordan Patel 1047,Small Business,Albuquerque,Southwest,2022-05-21,a,0,Y,2026-09-11T04:28:49.990377+00:00,data/raw/master/customers.csv,customers
CUST00001048,Casey Patel 1048,Small Business,Indianapolis,Midwest,03/28/2018,C,1,True,2026-09-11T04:28:49.990377+00:00,data/raw/master/customers.csv,customers
CUST00001049,Taylor Kim 1049,consumer ,Detroit,Midwest,2021-12-14,D,1,Y,2026-09-11T04:28:49.990377+00:00,data/raw/master/customers.csv,customers
CUST00001050,Morgan Patel 1050,consumer ,Indianapolis,Midwest,11/11/2023,a,Y,N,2026-09-11T04:28:49.990377+00:00,data/raw/master/customers.csv,customers
CUST00001051,Morgan Brown 1051,Small Business,Chicago,Midwest,2023-12-04,A,N,Y,2026-09-11T04:28:49.990377+00:00,data/raw/master/customers.csv,customers
CUST00001052,Taylor Smith 1052,Enterprise,Austin,Southwest,2025-11-15,D,Yes,Y,2026-09-11T04:28:49.990377+00:00,data/raw/master/customers.csv,customers
CUST00001053,Casey Smith 1053,Consumer,Albany,Northeast,2024-02-12,B,1,N,2026-09-11T04:28:49.990377+00:00,data/raw/master/customers.csv,customers
CUST00001054,Casey Kim 1054,Government,Columbus,Midwest,2021-03-30,B,Y,Y,2026-09-11T04:28:49.990377+00:00,data/raw/master/customers.csv,customers
CUST00001055,Alex Smith 1055,Small Business,Detroit,Midwest,08/18/2021,A,No,Y,2026-09-11T04:28:49.990377+00:00,data/raw/master/customers.csv,customers
CUST00001056,Taylor Patel 1056,Enterprise,Phoenix,Southwest,05/30/2022,B,Y,Y,2026-09-11T04:28:49.990377+00:00,data/raw/master/customers.csv,customers
CUST00001057,Jordan Patel 1057,Small Business,Dallas,Southwest,12/21/2019,D,1,Y,2026-09-11T04:28:49.990377+00:00,data/raw/master/customers.csv,customers
CUST00001058,Taylor Brown 1058,Government,Indianapolis,Midwest,01/08/2024,a,No,Y,2026-09-11T04:28:49.990377+00:00,data/raw/master/customers.csv,customers
CUST00001059,Alex Patel 1059,Small Business,Buffalo,Northeast,01/06/2018,C,0,N,2026-09-11T04:28:49.990377+00:00,data/raw/master/customers.csv,customers
CUST00001060,Casey Brown 1060,Enterprise,Buffalo,Northeast,2024-06-09,C,Y,N,2026-09-11T04:28:49.990377+00:00,data/raw/master/customers.csv,customers
CUST00001061,Morgan Smith 1061,Consumer,Philadelphia,Northeast,2021-11-01,a,No,True,2026-09-11T04:28:49.990377+00:00,data/raw/master/customers.csv,customers
CUST00001062,Taylor Brown 1062,consumer ,Columbus,Midwest,2021-11-13,D,No,Y,2026-09-11T04:28:49.990377+00:00,data/raw/master/customers.csv,customers
CUST00001063,Morgan Smith 1063,consumer ,Boston,Northeast,01/02/2018,B,No,Y,2026-09-11T04:28:49.990377+00:00,data/raw/master/customers.csv,customers
CUST00001064,Morgan Brown 1064,Small Business,Detroit,Midwest,02/02/2018,B,1,Y,2026-09-11T04:28:49.990377+00:00,data/raw/master/customers.csv,customers
CUST00001065,Taylor Kim 1065,Small Business,Birmingham,Southeast,07/22/2018,A,Yes,True,2026-09-11T04:28:49.990377+00:00,data/raw/master/customers.csv,customers
CUST00001066,Morgan Patel 1066,Government,Denver,West,10/25/2025,C,1,Y,2026-09-11T04:28:49.990377+00:00,data/raw/master/customers.csv,customers
CUST00001067,Morgan Patel 1067,Small Business,Albuquerque,Southwest,2019-08-04,D,1,True,2026-09-11T04:28:49.990377+00:00,data/raw/master/customers.csv,customers
CUST00001068,Alex Lee 1068,Enterprise,Boston,Northeast,10/23/2024,a,1,N,2026-09-11T04:28:49.990377+00:00,data/raw/master/customers.csv,customers
CUST00001069,Alex Smith 1069,Small Business,Albuquerque,Southwest,07/25/2025,a,1,Y,2026-09-11T04:28:49.990377+00:00,data/raw/master/customers.csv,customers
CUST00001070,Casey Patel 1070,Small Business,Portland,West,05/14/2022,D,Y,Y,2026-09-11T04:28:49.990377+00:00,data/raw/master/customers.csv,customers
CUST00001071,Riley Garcia 1071,Small Business,Philadelphia,Northeast,08/31/2024,D,Y,True,2026-09-11T04:28:49.990377+00:00,data/raw/master/customers.csv,customers
CUST00001072,Taylor Smith 1072,Consumer,San Diego,West,2024-03-11,A,No,Y,2026-09-11T04:28:49.990377+00:00,data/raw/master/customers.csv,customers
CUST00001073,Jordan Smith 1073,Government,Birmingham,Southeast,2021-08-14,a,Y,N,2026-09-11T04:28:49.990377+00:00,data/raw/master/customers.csv,customers
CUST00001074,Jordan Lee 1074,Consumer,Albany,Northeast,2020-09-23,A,N,Y,2026-09-11T04:28:49.990377+00:00,data/raw/master/customers.csv,customers
CUST00001075,Riley Garcia 1075,Government,Chicago,Midwest,2024-04-06,D,1,Y,2026-09-11T04:28:49.990377+00:00,data/raw/master/customers.csv,customers
CUST00001076,Jordan Kim 1076,Enterprise,Jacksonville,Southeast,2024-01-01,D,Yes,Y,2026-09-11T04:28:49.990377+00:00,data/raw/master/customers.csv,customers
CUST00001077,Taylor Smith 1077,Government,Seattle,West,2025-08-25,C,1,Y,2026-09-11T04:28:49.990377+00:00,data/raw/master/customers.csv,customers
CUST00001078,Casey Patel 1078,consumer ,Chicago,Midwest,2020-09-21,a,Yes,Y,2026-09-11T04:28:49.990377+00:00,data/raw/master/customers.csv,customers
CUST00001079,Casey Patel 1079,Consumer,Albany,Northeast,2022-03-15,C,0,Y,2026-09-11T04:28:49.990377+00:00,data/raw/master/customers.csv,customers
CUST00001080,Morgan Garcia 1080,Small Business,Nashville,Southeast,07/02/2023,C,No,Y,2026-09-11T04:28:49.990377+00:00,data/raw/master/customers.csv,customers
CUST00001081,Taylor Patel 1081,Government,Albuquerque,Southwest,07/03/2025,B,0,Y,2026-09-11T04:28:49.990377+00:00,data/raw/master/customers.csv,customers
CUST00001082,Taylor Kim 1082,Consumer,Columbus,Midwest,2025-01-07,D,Y,Y,2026-09-11T04:28:49.990377+00:00,data/raw/master/customers.csv,customers
CUST00001083,Morgan Lee 1083,Small Business,Denver,West,02/29/2020,B,Y,Y,2026-09-11T04:28:49.990377+00:00,data/raw/master/customers.csv,customers
CUST00001084,Riley Kim 1084,Small Business,Dallas,Southwest,04/11/2021,B,Y,Y,2026-09-11T04:28:49.990377+00:00,data/raw/master/customers.csv,customers
CUST00001085,Riley Garcia 1085,consumer ,San Diego,West,2023-07-29,C,Y,Y,2026-09-11T04:28:49.990377+00:00,data/raw/master/customers.csv,customers
CUST00001086,Alex Kim 1086,Government,Columbus,Midwest,05/09/2021,a,0,N,2026-09-11T04:28:49.990377+00:00,data/raw/master/customers.csv,customers
CUST00001087,Jordan Patel 1087,Small Business,Atlanta,Southeast,2024-11-15,C,No,True,2026-09-11T04:28:49.990377+00:00,data/raw/master/customers.csv,customers
CUST00001088,Jordan Brown 1088,Small Business,Atlanta,Southeast,09/29/2025,C,1,Y,2026-09-11T04:28:49.990377+00:00,data/raw/master/customers.csv,customers
CUST00001089,Riley Kim 1089,Enterprise,Austin,Southwest,2019-09-15,A,0,Y,2026-09-11T04:28:49.990377+00:00,data/raw/master/customers.csv,customers
CUST00001090,Morgan Lee 1090,consumer ,Boston,Northeast,05/09/2023,B,Yes,Y,2026-09-11T04:28:49.990377+00:00,data/raw/master/customers.csv,customers
CUST00001091,Riley Patel 1091,Small Business,Jacksonville,Southeast,2019-09-28,A,No,Y,2026-09-11T04:28:49.990377+00:00,data/raw/master/customers.csv,customers
CUST00001092,Jordan Brown 1092,consumer ,Albany,Northeast,01/16/2018,C,Y,N,2026-09-11T04:28:49.990377+00:00,data/raw/master/customers.csv,customers
CUST00001093,Taylor Kim 1093,Government,Austin,Southwest,2022-09-21,A,1,True,2026-09-11T04:28:49.990377+00:00,data/raw/master/customers.csv,customers
CUST00001094,Alex Brown 1094,consumer ,Seattle,West,2018-10-13,A,1,Y,2026-09-11T04:28:49.990377+00:00,data/raw/master/customers.csv,customers
CUST00001095,Taylor Lee 1095,Enterprise,San Diego,West,2022-09-20,C,1,Y,2026-09-11T04:28:49.990377+00:00,data/raw/master/customers.csv,customers
CUST00001096,Taylor Brown 1096,consumer ,Atlanta,Southeast,2026-03-01,a,Yes,Y,2026-09-11T04:28:49.990377+00:00,data/raw/master/customers.csv,customers
CUST00001097,Riley Garcia 1097,Government,Columbus,Midwest,2019-06-11,C,Yes,Y,2026-09-11T04:28:49.990377+00:00,data/raw/master/customers.csv,customers
CUST00001098,Taylor Smith 1098,Consumer,Austin,Southwest,02/25/2020,C,Yes,Y,2026-09-11T04:28:49.990377+00:00,data/raw/master/customers.csv,customers
CUST00001099,Alex Garcia 1099,Government,Portland,West,02/18/2018,D,No,N,2026-09-11T04:28:49.990377+00:00,data/raw/master/customers.csv,customers
CUST00001100,Alex Kim 1100,Small Business,Seattle,West,2023-10-16,B,1,True,2026-09-11T04:28:49.990377+00:00,data/raw/master/customers.csv,customers
CUST00001101,Riley Brown 1101,Enterprise,Albany,Northeast,04/20/2019,C,No,Y,2026-09-11T04:28:49.990377+00:00,data/raw/master/customers.csv,customers
CUST00001102,Jordan Brown 1102,Small Business,Columbus,Midwest,02/14/2025,a,0,Y,2026-09-11T04:28:49.990377+00:00,data/raw/master/customers.csv,customers
CUST00001103,Riley Garcia 1103,Enterprise,Denver,West,2023-06-01,A,N,Y,2026-09-11T04:28:49.990377+00:00,data/raw/master/customers.csv,customers
CUST00001104,Morgan Patel 1104,Government,Atlanta,Southeast,2021-01-17,A,0,Y,2026-09-11T04:28:49.990377+00:00,data/raw/master/customers.csv,customers
CUST00001105,Taylor Garcia 1105,Small Business,Phoenix,Southwest,07/30/2021,C,Y,Y,2026-09-11T04:28:49.990377+00:00,data/raw/master/customers.csv,customers
CUST00001106,Taylor Garcia 1106,Small Business,Philadelphia,Northeast,01/15/2018,A,N,Y,2026-09-11T04:28:49.990377+00:00,data/raw/master/customers.csv,customers
CUST00001107,Alex Kim 1107,consumer ,Nashville,Southeast,09/08/2022,C,Yes,Y,2026-09-11T04:28:49.990377+00:00,data/raw/master/customers.csv,customers
CUST00001108,Taylor Brown 1108,Government,Phoenix,Southwest,01/28/2021,C,Yes,N,2026-09-11T04:28:49.990377+00:00,data/raw/master/customers.csv,customers
CUST00001109,Jordan Lee 1109,Small Business,Seattle,West,2025-07-29,B,1,N,2026-09-11T04:28:49.990377+00:00,data/raw/master/customers.csv,customers
CUST00001110,Taylor Brown 1110,Consumer,Denver,West,2019-09-19,A,1,N,2026-09-11T04:28:49.990377+00:00,data/raw/master/customers.csv,customers
CUST00001111,Casey Smith 1111,Small Business,Dallas,Southwest,03/17/2019,A,1,Y,2026-09-11T04:28:49.990377+00:00,data/raw/master/customers.csv,customers
CUST00001112,Taylor Smith 1112,consumer ,Albany,Northeast,07/06/2022,a,Yes,True,2026-09-11T04:28:49.990377+00:00,data/raw/master/customers.csv,customers
CUST00001113,Morgan Kim 1113,consumer ,Denver,West,2023-01-18,D,1,Y,2026-09-11T04:28:49.990377+00:00,data/raw/master/customers.csv,customers
CUST00001114,Taylor Garcia 1114,Small Business,Austin,Southwest,04/11/2021,C,1,Y,2026-09-11T04:28:49.990377+00:00,data/raw/master/customers.csv,customers
CUST00001115,Jordan Patel 1115,Enterprise,Denver,West,07/28/2022,C,0,Y,2026-09-11T04:28:49.990377+00:00,data/raw/master/customers.csv,customers
CUST00001116,Alex Smith 1116,consumer ,Austin,Southwest,2022-02-11,a,1,True,2026-09-11T04:28:49.990377+00:00,data/raw/master/customers.csv,customers
CUST00001117,Riley Lee 1117,Small Business,Atlanta,Southeast,2021-05-18,C,1,True,2026-09-11T04:28:49.990377+00:00,data/raw/master/customers.csv,customers
CUST00001118,Taylor Smith 1118,Consumer,Birmingham,Southeast,01/21/2022,D,1,Y,2026-09-11T04:28:49.990377+00:00,data/raw/master/customers.csv,customers
CUST00001119,Morgan Kim 1119,Government,Atlanta,Southeast,2020-01-12,B,1,Y,2026-09-11T04:28:49.990377+00:00,data/raw/master/customers.csv,customers
CUST00001120,Casey Patel 1120,Enterprise,Columbus,Midwest,2024-09-13,a,Y,N,2026-09-11T04:28:49.990377+00:00,data/raw/master/customers.csv,customers
CUST00001121,Casey Kim 1121,Consumer,Detroit,Midwest,2022-07-18,C,N,N,2026-09-11T04:28:49.990377+00:00,data/raw/master/customers.csv,customers
CUST00001122,Morgan Kim 1122,Small Business,Chicago,Midwest,09/05/2020,B,1,Y,2026-09-11T04:28:49.990377+00:00,data/raw/master/customers.csv,customers
CUST00001123,Taylor Lee 1123,Enterprise,Dallas,Southwest,02/18/2019,D,Y,True,2026-09-11T04:28:49.990377+00:00,data/raw/master/customers.csv,customers
CUST00001124,Alex Kim 1124,Enterprise,Dallas,Southwest,11/16/2021,D,1,Y,2026-09-11T04:28:49.990377+00:00,data/raw/master/customers.csv,customers
CUST00001125,Riley Kim 1125,Enterprise,Albuquerque,Southwest,02/11/2025,B,No,Y,2026-09-11T04:28:49.990377+00:00,data/raw/master/customers.csv,customers
CUST00001126,Riley Patel 1126,consumer ,Phoenix,Southwest,2026-01-16,B,No,N,2026-09-11T04:28:49.990377+00:00,data/raw/master/customers.csv,customers
CUST00001127,Jordan Garcia 1127,Government,Denver,West,04/07/2025,D,Yes,N,2026-09-11T04:28:49.990377+00:00,data/raw/master/customers.csv,customers
CUST00001128,Riley Smith 1128,Small Business,Boston,Northeast,08/14/2022,A,N,Y,2026-09-11T04:28:49.990377+00:00,data/raw/master/customers.csv,customers
CUST00001129,Casey Garcia 1129,Government,Chicago,Midwest,01/22/2018,a,N,Y,2026-09-11T04:28:49.990377+00:00,data/raw/master/customers.csv,customers
CUST00001130,Jordan Brown 1130,consumer ,Indianapolis,Midwest,2022-06-28,C,N,Y,2026-09-11T04:28:49.990377+00:00,data/raw/master/customers.csv,customers
CUST00001131,Jordan Smith 1131,Small Business,Portland,West,05/15/2025,a,Yes,Y,2026-09-11T04:28:49.990377+00:00,data/raw/master/customers.csv,customers
CUST00001132,Alex Brown 1132,Consumer,San Diego,West,2022-01-05,A,N,Y,2026-09-11T04:28:49.990377+00:00,data/raw/master/customers.csv,customers
CUST00001133,Riley Brown 1133,Government,Atlanta,Southeast,2020-01-17,C,0,Y,2026-09-11T04:28:49.990377+00:00,data/raw/master/customers.csv,customers
CUST00001134,Taylor Lee 1134,Small Business,Dallas,Southwest,07/25/2018,D,Y,Y,2026-09-11T04:28:49.990377+00:00,data/raw/master/customers.csv,customers
CUST00001135,Casey Kim 1135,Enterprise,Portland,West,02/18/2021,A,Y,N,2026-09-11T04:28:49.990377+00:00,data/raw/master/customers.csv,customers
CUST00001136,Jordan Garcia 1136,Enterprise,Jacksonville,Southeast,09/29/2022,C,1,N,2026-09-11T04:28:49.990377+00:00,data/raw/master/customers.csv,customers
CUST00001137,Jordan Brown 1137,Government,Detroit,Midwest,02/24/2019,A,0,Y,2026-09-11T04:28:49.990377+00:00,data/raw/master/customers.csv,customers
CUST00001138,Jordan Garcia 1138,Government,Detroit,Midwest,2022-04-13,a,Yes,True,2026-09-11T04:28:49.990377+00:00,data/raw/master/customers.csv,customers
CUST00001139,Casey Lee 1139,Small Business,Denver,West,03/10/2024,C,Yes,N,2026-09-11T04:28:49.990377+00:00,data/raw/master/customers.csv,customers
CUST00001140,Alex Patel 1140,consumer ,Dallas,Southwest,12/27/2020,B,No,True,2026-09-11T04:28:49.990377+00:00,data/raw/master/customers.csv,customers
CUST00001141,Alex Patel 1141,Enterprise,San Diego,West,2023-06-03,C,1,N,2026-09-11T04:28:49.990377+00:00,data/raw/master/customers.csv,customers
CUST00001142,Morgan Garcia 1142,Enterprise,Phoenix,Southwest,12/03/2022,D,No,N,2026-09-11T04:28:49.990377+00:00,data/raw/master/customers.csv,customers
CUST00001143,Taylor Brown 1143,Small Business,Philadelphia,Northeast,2019-09-15,B,N,Y,2026-09-11T04:28:49.990377+00:00,data/raw/master/customers.csv,customers
CUST00001144,Taylor Kim 1144,Government,Philadelphia,Northeast,01/30/2018,B,Yes,Y,2026-09-11T04:28:49.990377+00:00,data/raw/master/customers.csv,customers
CUST00001145,Jordan Lee 1145,Government,Portland,West,11/05/2021,B,0,Y,2026-09-11T04:28:49.990377+00:00,data/raw/master/customers.csv,customers
CUST00001146,Taylor Garcia 1146,Consumer,Portland,West,2021-04-07,B,N,N,2026-09-11T04:28:49.990377+00:00,data/raw/master/customers.csv,customers
CUST00001147,Jordan Smith 1147,Enterprise,Indianapolis,Midwest,11/19/2018,B,N,Y,2026-09-11T04:28:49.990377+00:00,data/raw/master/customers.csv,customers
CUST00001148,Casey Garcia 1148,Consumer,Dallas,Southwest,2018-07-09,D,1,Y,2026-09-11T04:28:49.990377+00:00,data/raw/master/customers.csv,customers
CUST00001149,Alex Brown 1149,Consumer,Indianapolis,Midwest,04/27/2022,D,0,N,2026-09-11T04:28:49.990377+00:00,data/raw/master/customers.csv,customers
CUST00001150,Taylor Lee 1150,consumer ,Chicago,Midwest,2021-08-13,D,Y,Y,2026-09-11T04:28:49.990377+00:00,data/raw/master/customers.csv,customers
CUST00001151,Jordan Kim 1151,consumer ,Columbus,Midwest,11/29/2020,C,Yes,Y,2026-09-11T04:28:49.990377+00:00,data/raw/master/customers.csv,customers
CUST00001152,Alex Brown 1152,Government,Seattle,West,2025-11-05,A,N,Y,2026-09-11T04:28:49.990377+00:00,data/raw/master/customers.csv,customers
CUST00001153,Taylor Kim 1153,Enterprise,Denver,West,2024-09-16,C,N,Y,2026-09-11T04:28:49.990377+00:00,data/raw/master/customers.csv,customers
CUST00001154,Jordan Lee 1154,consumer ,Detroit,Midwest,2019-02-19,B,1,Y,2026-09-11T04:28:49.990377+00:00,data/raw/master/customers.csv,customers
CUST00001155,Alex Patel 1155,Enterprise,Indianapolis,Midwest,07/13/2018,B,Yes,True,2026-09-11T04:28:49.990377+00:00,data/raw/master/customers.csv,customers
CUST00001156,Alex Kim 1156,Enterprise,Buffalo,Northeast,2018-03-17,C,Y,Y,2026-09-11T04:28:49.990377+00:00,data/raw/master/customers.csv,customers
CUST00001157,Morgan Lee 1157,Small Business,Buffalo,Northeast,2025-07-19,B,Yes,Y,2026-09-11T04:28:49.990377+00:00,data/raw/master/customers.csv,customers
CUST00001158,Casey Smith 1158,Consumer,San Diego,West,05/02/2019,B,Yes,Y,2026-09-11T04:28:49.990377+00:00,data/raw/master/customers.csv,customers
CUST00001159,Casey Patel 1159,consumer ,San Diego,West,2024-09-01,B,0,N,2026-09-11T04:28:49.990377+00:00,data/raw/master/customers.csv,customers
CUST00001160,Morgan Garcia 1160,Consumer,Philadelphia,Northeast,06/05/2024,A,Y,Y,2026-09-11T04:28:49.990377+00:00,data/raw/master/customers.csv,customers
CUST00001161,Casey Kim 1161,Government,Atlanta,Southeast,01/30/2022,B,Yes,Y,2026-09-11T04:28:49.990377+00:00,data/raw/master/customers.csv,customers
CUST00001162,Taylor Brown 1162,Small Business,Atlanta,Southeast,2020-05-13,C,Y,True,2026-09-11T04:28:49.990377+00:00,data/raw/master/customers.csv,customers
CUST00001163,Riley Patel 1163,Consumer,Albany,Northeast,2021-02-01,a,Yes,Y,2026-09-11T04:28:49.990377+00:00,data/raw/master/customers.csv,customers
CUST00001164,Riley Lee 1164,Enterprise,Denver,West,2022-12-25,C,N,True,2026-09-11T04:28:49.990377+00:00,data/raw/master/customers.csv,customers
CUST00001165,Jordan Smith 1165,Small Business,Austin,Southwest,2019-09-25,a,1,Y,2026-09-11T04:28:49.990377+00:00,data/raw/master/customers.csv,customers
CUST00001166,Riley Brown 1166,Small Business,Dallas,Southwest,2026-01-22,D,Y,Y,2026-09-11T04:28:49.990377+00:00,data/raw/master/customers.csv,customers
CUST00001167,Riley Smith 1167,Enterprise,San Diego,West,10/29/2022,C,0,N,2026-09-11T04:28:49.990377+00:00,data/raw/master/customers.csv,customers
CUST00001168,Morgan Garcia 1168,Government,Phoenix,Southwest,07/07/2020,a,N,Y,2026-09-11T04:28:49.990377+00:00,data/raw/master/customers.csv,customers
CUST00001169,Alex Lee 1169,consumer ,Albuquerque,Southwest,10/29/2025,A,No,True,2026-09-11T04:28:49.990377+00:00,data/raw/master/customers.csv,customers
CUST00001170,Taylor Smith 1170,Enterprise,Albany,Northeast,2018-06-22,D,No,True,2026-09-11T04:28:49.990377+00:00,data/raw/master/customers.csv,customers
CUST00001171,Riley Smith 1171,Small Business,Boston,Northeast,2019-05-20,A,Y,Y,2026-09-11T04:28:49.990377+00:00,data/raw/master/customers.csv,customers
CUST00001172,Taylor Lee 1172,Consumer,Birmingham,Southeast,2020-02-20,a,No,Y,2026-09-11T04:28:49.990377+00:00,data/raw/master/customers.csv,customers
CUST00001173,Riley Kim 1173,consumer ,Albany,Northeast,2021-07-06,A,0,Y,2026-09-11T04:28:49.990377+00:00,data/raw/master/customers.csv,customers
CUST00001174,Morgan Patel 1174,Small Business,Chicago,Midwest,08/12/2021,C,1,Y,2026-09-11T04:28:49.990377+00:00,data/raw/master/customers.csv,customers
CUST00001175,Morgan Smith 1175,Enterprise,San Diego,West,2021-04-21,D,Y,N,2026-09-11T04:28:49.990377+00:00,data/raw/master/customers.csv,customers
CUST00001176,Morgan Patel 1176,consumer ,Detroit,Midwest,09/26/2025,a,Y,Y,2026-09-11T04:28:49.990377+00:00,data/raw/master/customers.csv,customers
CUST00001177,Riley Patel 1177,Consumer,Birmingham,Southeast,2021-11-12,a,1,Y,2026-09-11T04:28:49.990377+00:00,data/raw/master/customers.csv,customers
CUST00001178,Taylor Garcia 1178,Enterprise,Boston,Northeast,2019-06-11,C,1,Y,2026-09-11T04:28:49.990377+00:00,data/raw/master/customers.csv,customers
CUST00001179,Riley Brown 1179,consumer ,Boston,Northeast,06/28/2022,B,0,True,2026-09-11T04:28:49.990377+00:00,data/raw/master/customers.csv,customers
CUST00001180,Alex Lee 1180,Government,Phoenix,Southwest,2018-05-27,C,0,Y,2026-09-11T04:28:49.990377+00:00,data/raw/master/customers.csv,customers
CUST00001181,Morgan Brown 1181,Small Business,Indianapolis,Midwest,2021-11-02,A,N,N,2026-09-11T04:28:49.990377+00:00,data/raw/master/customers.csv,customers
CUST00001182,Jordan Kim 1182,consumer ,Phoenix,Southwest,2019-01-29,B,0,True,2026-09-11T04:28:49.990377+00:00,data/raw/master/customers.csv,customers
CUST00001183,Riley Brown 1183,Consumer,Phoenix,Southwest,2021-08-25,B,N,N,2026-09-11T04:28:49.990377+00:00,data/raw/master/customers.csv,customers
CUST00001184,Casey Lee 1184,Consumer,Albuquerque,Southwest,08/14/2025,C,N,Y,2026-09-11T04:28:49.990377+00:00,data/raw/master/customers.csv,customers
CUST00001185,Riley Lee 1185,Government,Jacksonville,Southeast,02/24/2020,C,Yes,Y,2026-09-11T04:28:49.990377+00:00,data/raw/master/customers.csv,customers
CUST00001186,Alex Brown 1186,Small Business,Philadelphia,Northeast,2025-06-19,a,No,Y,2026-09-11T04:28:49.990377+00:00,data/raw/master/customers.csv,customers
CUST00001187,Morgan Brown 1187,Small Business,Dallas,Southwest,2021-06-20,D,N,Y,2026-09-11T04:28:49.990377+00:00,data/raw/master/customers.csv,customers
CUST00001188,Casey Lee 1188,Consumer,Albany,Northeast,2021-10-07,a,0,N,2026-09-11T04:28:49.990377+00:00,data/raw/master/customers.csv,customers
CUST00001189,Jordan Brown 1189,Government,Denver,West,03/28/2022,a,Yes,True,2026-09-11T04:28:49.990377+00:00,data/raw/master/customers.csv,customers
CUST00001190,Morgan Lee 1190,Government,Austin,Southwest,2018-12-26,B,0,True,2026-09-11T04:28:49.990377+00:00,data/raw/master/customers.csv,customers
CUST00001191,Casey Lee 1191,Small Business,Albuquerque,Southwest,2025-11-21,C,Yes,Y,2026-09-11T04:28:49.990377+00:00,data/raw/master/customers.csv,customers
CUST00001192,Riley Smith 1192,Consumer,Boston,Northeast,08/02/2022,A,1,N,2026-09-11T04:28:49.990377+00:00,data/raw/master/customers.csv,customers
CUST00001193,Alex Lee 1193,consumer ,Indianapolis,Midwest,11/16/2024,A,N,True,2026-09-11T04:28:49.990377+00:00,data/raw/master/customers.csv,customers
CUST00001194,Jordan Patel 1194,consumer ,Austin,Southwest,12/17/2018,A,1,Y,2026-09-11T04:28:49.990377+00:00,data/raw/master/customers.csv,customers
CUST00001195,Morgan Garcia 1195,Small Business,Indianapolis,Midwest,03/22/2021,B,N,N,2026-09-11T04:28:49.990377+00:00,data/raw/master/customers.csv,customers
CUST00001196,Morgan Brown 1196,Enterprise,Dallas,Southwest,2025-05-16,D,1,True,2026-09-11T04:28:49.990377+00:00,data/raw/master/customers.csv,customers
CUST00001197,Taylor Garcia 1197,consumer ,Austin,Southwest,06/15/2023,B,1,Y,2026-09-11T04:28:49.990377+00:00,data/raw/master/customers.csv,customers
CUST00001198,Taylor Smith 1198,Consumer,Seattle,West,2023-03-09,B,0,Y,2026-09-11T04:28:49.990377+00:00,data/raw/master/customers.csv,customers
CUST00001199,Morgan Smith 1199,Enterprise,Chicago,Midwest,10/12/2021,A,0,True,2026-09-11T04:28:49.990377+00:00,data/raw/master/customers.csv,customers
CUST00001200,Riley Kim 1200,Consumer,Birmingham,Southeast,2020-04-14,D,0,True,2026-09-11T04:28:49.990377+00:00,data/raw/master/customers.csv,customers
CUST00001201,Taylor Patel 1201,Government,Albuquerque,Southwest,2022-08-04,C,Yes,True,2026-09-11T04:28:49.990377+00:00,data/raw/master/customers.csv,customers
CUST00001202,Riley Brown 1202,consumer ,Austin,Southwest,06/23/2023,B,N,N,2026-09-11T04:28:49.990377+00:00,data/raw/master/customers.csv,customers
CUST00001203,Casey Patel 1203,Small Business,Columbus,Midwest,2021-04-16,A,No,True,2026-09-11T04:28:49.990377+00:00,data/raw/master/customers.csv,customers
CUST00001204,Riley Lee 1204,consumer ,Portland,West,2018-06-25,B,Y,Y,2026-09-11T04:28:49.990377+00:00,data/raw/master/customers.csv,customers
CUST00001205,Casey Patel 1205,Enterprise,Dallas,Southwest,2018-06-13,C,1,N,2026-09-11T04:28:49.990377+00:00,data/raw/master/customers.csv,customers
CUST00001206,Morgan Smith 1206,Consumer,Chicago,Midwest,2020-09-01,A,1,Y,2026-09-11T04:28:49.990377+00:00,data/raw/master/customers.csv,customers
CUST00001207,Alex Brown 1207,Enterprise,Austin,Southwest,2019-03-07,A,0,Y,2026-09-11T04:28:49.990377+00:00,data/raw/master/customers.csv,customers
CUST00001208,Morgan Patel 1208,Consumer,Columbus,Midwest,04/17/2021,a,Y,Y,2026-09-11T04:28:49.990377+00:00,data/raw/master/customers.csv,customers
CUST00001209,Alex Brown 1209,consumer ,Philadelphia,Northeast,2022-07-19,D,1,N,2026-09-11T04:28:49.990377+00:00,data/raw/master/customers.csv,customers
CUST00001210,Casey Brown 1210,Small Business,Jacksonville,Southeast,04/12/2024,C,Y,N,2026-09-11T04:28:49.990377+00:00,data/raw/master/customers.csv,customers
CUST00001211,Casey Kim 1211,Enterprise,Columbus,Midwest,02/25/2019,D,Y,Y,2026-09-11T04:28:49.990377+00:00,data/raw/master/customers.csv,customers
CUST00001212,Riley Lee 1212,consumer ,Philadelphia,Northeast,07/27/2021,C,No,N,2026-09-11T04:28:49.990377+00:00,data/raw/master/customers.csv,customers
CUST00001213,Jordan Kim 1213,Government,San Diego,West,09/29/2020,a,1,Y,2026-09-11T04:28:49.990377+00:00,data/raw/master/customers.csv,customers
CUST00001214,Morgan Garcia 1214,Enterprise,Austin,Southwest,04/02/2023,C,1,True,2026-09-11T04:28:49.990377+00:00,data/raw/master/customers.csv,customers
CUST00001215,Riley Lee 1215,Enterprise,Boston,Northeast,03/17/2022,C,Yes,Y,2026-09-11T04:28:49.990377+00:00,data/raw/master/customers.csv,customers
CUST00001216,Taylor Patel 1216,Small Business,Dallas,Southwest,07/25/2025,A,0,Y,2026-09-11T04:28:49.990377+00:00,data/raw/master/customers.csv,customers
CUST00001217,Taylor Patel 1217,Enterprise,Denver,West,12/01/2025,D,1,True,2026-09-11T04:28:49.990377+00:00,data/raw/master/customers.csv,customers
CUST00001218,Riley Garcia 1218,Small Business,Atlanta,Southeast,2024-04-21,C,N,Y,2026-09-11T04:28:49.990377+00:00,data/raw/master/customers.csv,customers
CUST00001219,Riley Smith 1219,consumer ,Philadelphia,Northeast,01/29/2021,A,Y,N,2026-09-11T04:28:49.990377+00:00,data/raw/master/customers.csv,customers
CUST00001220,Jordan Smith 1220,Enterprise,San Diego,West,2022-11-16,C,0,Y,2026-09-11T04:28:49.990377+00:00,data/raw/master/customers.csv,customers
CUST00001221,Riley Lee 1221,Consumer,Philadelphia,Northeast,2018-08-05,a,Yes,Y,2026-09-11T04:28:49.990377+00:00,data/raw/master/customers.csv,customers
CUST00001222,Alex Kim 1222,Small Business,Denver,West,12/18/2021,D,Y,True,2026-09-11T04:28:49.990377+00:00,data/raw/master/customers.csv,customers
CUST00001223,Casey Patel 1223,Consumer,Jacksonville,Southeast,03/23/2020,A,No,Y,2026-09-11T04:28:49.990377+00:00,data/raw/master/customers.csv,customers
CUST00001224,Alex Garcia 1224,Enterprise,Jacksonville,Southeast,2023-03-26,B,Yes,Y,2026-09-11T04:28:49.990377+00:00,data/raw/master/customers.csv,customers
CUST00001225,Morgan Brown 1225,Small Business,Phoenix,Southwest,10/01/2019,C,1,True,2026-09-11T04:28:49.990377+00:00,data/raw/master/customers.csv,customers
CUST00001226,Morgan Smith 1226,Consumer,Nashville,Southeast,2022-07-18,C,Y,Y,2026-09-11T04:28:49.990377+00:00,data/raw/master/customers.csv,customers
CUST00001227,Taylor Garcia 1227,consumer ,Seattle,West,06/23/2018,C,1,N,2026-09-11T04:28:49.990377+00:00,data/raw/master/customers.csv,customers
CUST00001228,Casey Brown 1228,Enterprise,Nashville,Southeast,2023-10-16,B,0,Y,2026-09-11T04:28:49.990377+00:00,data/raw/master/customers.csv,customers
CUST00001229,Riley Patel 1229,Government,Jacksonville,Southeast,2020-06-13,a,1,Y,2026-09-11T04:28:49.990377+00:00,data/raw/master/customers.csv,customers
CUST00001230,Casey Garcia 1230,Enterprise,Dallas,Southwest,09/29/2019,A,Yes,Y,2026-09-11T04:28:49.990377+00:00,data/raw/master/customers.csv,customers
CUST00001231,Riley Brown 1231,Government,Portland,West,2018-09-20,C,N,N,2026-09-11T04:28:49.990377+00:00,data/raw/master/customers.csv,customers
CUST00001232,Morgan Lee 1232,Government,Indianapolis,Midwest,2019-02-12,D,No,Y,2026-09-11T04:28:49.990377+00:00,data/raw/master/customers.csv,customers
CUST00001233,Casey Kim 1233,Government,Atlanta,Southeast,2018-06-02,D,Y,Y,2026-09-11T04:28:49.990377+00:00,data/raw/master/customers.csv,customers
CUST00001234,Alex Brown 1234,Government,Chicago,Midwest,2020-09-17,C,No,True,2026-09-11T04:28:49.990377+00:00,data/raw/master/customers.csv,customers
CUST00001235,Jordan Lee 1235,Consumer,Boston,Northeast,2019-11-21,a,Yes,Y,2026-09-11T04:28:49.990377+00:00,data/raw/master/customers.csv,customers
CUST00001236,Casey Patel 1236,Enterprise,Chicago,Midwest,2024-10-02,B,Y,N,2026-09-11T04:28:49.990377+00:00,data/raw/master/customers.csv,customers
CUST00001237,Taylor Garcia 1237,Government,Seattle,West,05/04/2023,C,Yes,Y,2026-09-11T04:28:49.990377+00:00,data/raw/master/customers.csv,customers
CUST00001238,Jordan Lee 1238,Small Business,Denver,West,05/09/2021,a,1,Y,2026-09-11T04:28:49.990377+00:00,data/raw/master/customers.csv,customers
CUST00001239,Riley Kim 1239,Consumer,Boston,Northeast,07/20/2022,A,No,Y,2026-09-11T04:28:49.990377+00:00,data/raw/master/customers.csv,customers
CUST00001240,Taylor Smith 1240,Small Business,Buffalo,Northeast,2025-06-06,A,1,Y,2026-09-11T04:28:49.990377+00:00,data/raw/master/customers.csv,customers
CUST00001241,Riley Patel 1241,consumer ,Detroit,Midwest,02/04/2022,B,1,Y,2026-09-11T04:28:49.990377+00:00,data/raw/master/customers.csv,customers
CUST00001242,Casey Patel 1242,Consumer,San Diego,West,11/02/2025,a,No,Y,2026-09-11T04:28:49.990377+00:00,data/raw/master/customers.csv,customers
CUST00001243,Morgan Lee 1243,Small Business,Austin,Southwest,03/21/2024,B,1,N,2026-09-11T04:28:49.990377+00:00,data/raw/master/customers.csv,customers
CUST00001244,Alex Patel 1244,Small Business,Detroit,Midwest,2021-08-23,B,0,Y,2026-09-11T04:28:49.990377+00:00,data/raw/master/customers.csv,customers
CUST00001245,Alex Patel 1245,consumer ,Albuquerque,Southwest,12/11/2020,B,Yes,Y,2026-09-11T04:28:49.990377+00:00,data/raw/master/customers.csv,customers
CUST00001246,Taylor Patel 1246,Small Business,Albuquerque,Southwest,2022-10-16,A,Y,Y,2026-09-11T04:28:49.990377+00:00,data/raw/master/customers.csv,customers
CUST00001247,Alex Lee 1247,Government,Austin,Southwest,02/12/2022,a,1,N,2026-09-11T04:28:49.990377+00:00,data/raw/master/customers.csv,customers
CUST00001248,Riley Smith 1248,Consumer,Detroit,Midwest,2025-08-23,B,Y,Y,2026-09-11T04:28:49.990377+00:00,data/raw/master/customers.csv,customers
CUST00001249,Jordan Lee 1249,consumer ,Buffalo,Northeast,2025-07-16,A,0,N,2026-09-11T04:28:49.990377+00:00,data/raw/master/customers.csv,customers
CUST00001250,Morgan Brown 1250,Small Business,Atlanta,Southeast,2023-11-09,C,Y,Y,2026-09-11T04:28:49.990377+00:00,data/raw/master/customers.csv,customers
CUST00001251,Riley Brown 1251,Government,Phoenix,Southwest,11/11/2020,B,0,Y,2026-09-11T04:28:49.990377+00:00,data/raw/master/customers.csv,customers
CUST00001252,Casey Patel 1252,Consumer,Birmingham,Southeast,2018-12-24,C,Yes,Y,2026-09-11T04:28:49.990377+00:00,data/raw/master/customers.csv,customers
CUST00001253,Alex Kim 1253,Enterprise,Denver,West,04/08/2022,A,N,Y,2026-09-11T04:28:49.990377+00:00,data/raw/master/customers.csv,customers
CUST00001254,Riley Patel 1254,Enterprise,Albany,Northeast,2020-09-20,B,Yes,Y,2026-09-11T04:28:49.990377+00:00,data/raw/master/customers.csv,customers
CUST00001255,Jordan Garcia 1255,consumer ,Chicago,Midwest,01/01/2023,C,Y,Y,2026-09-11T04:28:49.990377+00:00,data/raw/master/customers.csv,customers
CUST00001256,Taylor Garcia 1256,Government,Detroit,Midwest,2024-10-01,B,1,N,2026-09-11T04:28:49.990377+00:00,data/raw/master/customers.csv,customers
CUST00001257,Alex Garcia 1257,Consumer,Columbus,Midwest,2021-06-27,D,N,Y,2026-09-11T04:28:49.990377+00:00,data/raw/master/customers.csv,customers
CUST00001258,Riley Garcia 1258,Small Business,Nashville,Southeast,2023-11-15,a,Y,Y,2026-09-11T04:28:49.990377+00:00,data/raw/master/customers.csv,customers
CUST00001259,Jordan Brown 1259,Enterprise,Atlanta,Southeast,05/20/2019,D,N,Y,2026-09-11T04:28:49.990377+00:00,data/raw/master/customers.csv,customers
CUST00001260,Casey Patel 1260,consumer ,Albuquerque,Southwest,2018-08-24,C,Yes,Y,2026-09-11T04:28:49.990377+00:00,data/raw/master/customers.csv,customers
CUST00001261,Jordan Brown 1261,Government,Seattle,West,2025-04-05,D,0,Y,2026-09-11T04:28:49.990377+00:00,data/raw/master/customers.csv,customers
CUST00001262,Alex Patel 1262,Small Business,Nashville,Southeast,04/20/2024,C,0,Y,2026-09-11T04:28:49.990377+00:00,data/raw/master/customers.csv,customers
CUST00001263,Taylor Smith 1263,consumer ,Austin,Southwest,2019-07-20,C,0,Y,2026-09-11T04:28:49.990377+00:00,data/raw/master/customers.csv,customers
CUST00001264,Casey Smith 1264,Small Business,Atlanta,Southeast,2018-04-16,D,Yes,True,2026-09-11T04:28:49.990377+00:00,data/raw/master/customers.csv,customers
CUST00001265,Jordan Kim 1265,consumer ,Boston,Northeast,2021-08-14,a,0,Y,2026-09-11T04:28:49.990377+00:00,data/raw/master/customers.csv,customers
CUST00001266,Casey Patel 1266,consumer ,Phoenix,Southwest,08/13/2019,A,Yes,Y,2026-09-11T04:28:49.990377+00:00,data/raw/master/customers.csv,customers
CUST00001267,Jordan Lee 1267,Small Business,Detroit,Midwest,2023-09-06,A,1,Y,2026-09-11T04:28:49.990377+00:00,data/raw/master/customers.csv,customers
CUST00001268,Taylor Smith 1268,Enterprise,Albuquerque,Southwest,04/25/2019,A,1,Y,2026-09-11T04:28:49.990377+00:00,data/raw/master/customers.csv,customers
CUST00001269,Riley Smith 1269,consumer ,Phoenix,Southwest,2023-01-27,C,Y,Y,2026-09-11T04:28:49.990377+00:00,data/raw/master/customers.csv,customers
CUST00001270,Taylor Kim 1270,Consumer,Philadelphia,Northeast,2024-06-23,C,Yes,Y,2026-09-11T04:28:49.990377+00:00,data/raw/master/customers.csv,customers
CUST00001271,Alex Smith 1271,Government,Seattle,West,11/30/2024,C,1,True,2026-09-11T04:28:49.990377+00:00,data/raw/master/customers.csv,customers
CUST00001272,Morgan Smith 1272,Small Business,Albuquerque,Southwest,07/20/2020,C,1,Y,2026-09-11T04:28:49.990377+00:00,data/raw/master/customers.csv,customers
CUST00001273,Taylor Kim 1273,Consumer,Austin,Southwest,08/17/2024,A,Yes,Y,2026-09-11T04:28:49.990377+00:00,data/raw/master/customers.csv,customers
CUST00001274,Alex Smith 1274,consumer ,Indianapolis,Midwest,10/17/2022,a,1,Y,2026-09-11T04:28:49.990377+00:00,data/raw/master/customers.csv,customers
CUST00001275,Morgan Kim 1275,Consumer,Columbus,Midwest,03/01/2026,C,Yes,Y,2026-09-11T04:28:49.990377+00:00,data/raw/master/customers.csv,customers
CUST00001276,Alex Patel 1276,Small Business,Chicago,Midwest,2026-04-07,D,1,Y,2026-09-11T04:28:49.990377+00:00,data/raw/master/customers.csv,customers
CUST00001277,Morgan Lee 1277,Government,Seattle,West,11/07/2020,C,N,N,2026-09-11T04:28:49.990377+00:00,data/raw/master/customers.csv,customers
CUST00001278,Jordan Kim 1278,Small Business,Chicago,Midwest,12/17/2023,C,0,Y,2026-09-11T04:28:49.990377+00:00,data/raw/master/customers.csv,customers
CUST00001279,Morgan Garcia 1279,Enterprise,Albuquerque,Southwest,04/13/2024,a,N,N,2026-09-11T04:28:49.990377+00:00,data/raw/master/customers.csv,customers
CUST00001280,Riley Brown 1280,Consumer,Nashville,Southeast,09/10/2025,A,No,Y,2026-09-11T04:28:49.990377+00:00,data/raw/master/customers.csv,customers
CUST00001281,Casey Kim 1281,Consumer,Birmingham,Southeast,02/02/2023,A,Yes,Y,2026-09-11T04:28:49.990377+00:00,data/raw/master/customers.csv,customers
CUST00001282,Taylor Kim 1282,Small Business,Atlanta,Southeast,2021-05-31,B,0,Y,2026-09-11T04:28:49.990377+00:00,data/raw/master/customers.csv,customers
CUST00001283,Casey Lee 1283,Consumer,Albany,Northeast,2022-09-16,a,1,Y,2026-09-11T04:28:49.990377+00:00,data/raw/master/customers.csv,customers
CUST00001284,Taylor Patel 1284,Small Business,Philadelphia,Northeast,2018-07-19,C,Y,N,2026-09-11T04:28:49.990377+00:00,data/raw/master/customers.csv,customers
CUST00001285,Riley Smith 1285,consumer ,Austin,Southwest,2025-03-23,A,0,Y,2026-09-11T04:28:49.990377+00:00,data/raw/master/customers.csv,customers
CUST00001286,Alex Kim 1286,consumer ,Denver,West,2024-11-21,a,N,N,2026-09-11T04:28:49.990377+00:00,data/raw/master/customers.csv,customers
CUST00001287,Riley Patel 1287,Small Business,San Diego,West,2024-06-21,D,Y,Y,2026-09-11T04:28:49.990377+00:00,data/raw/master/customers.csv,customers
CUST00001288,Casey Patel 1288,Government,Denver,West,2020-09-22,A,Yes,True,2026-09-11T04:28:49.990377+00:00,data/raw/master/customers.csv,customers
CUST00001289,Casey Lee 1289,Government,Albany,Northeast,2023-09-22,a,No,Y,2026-09-11T04:28:49.990377+00:00,data/raw/master/customers.csv,customers
CUST00001290,Casey Patel 1290,Consumer,Austin,Southwest,2022-07-18,C,Y,True,2026-09-11T04:28:49.990377+00:00,data/raw/master/customers.csv,customers
CUST00001291,Casey Kim 1291,Government,Indianapolis,Midwest,04/22/2021,D,1,True,2026-09-11T04:28:49.990377+00:00,data/raw/master/customers.csv,customers
CUST00001292,Morgan Patel 1292,Enterprise,Indianapolis,Midwest,2023-06-28,a,1,True,2026-09-11T04:28:49.990377+00:00,data/raw/master/customers.csv,customers
CUST00001293,Jordan Smith 1293,Small Business,Atlanta,Southeast,2024-06-04,D,Yes,N,2026-09-11T04:28:49.990377+00:00,data/raw/master/customers.csv,customers
CUST00001294,Riley Garcia 1294,Small Business,Jacksonville,Southeast,2024-10-09,C,Y,True,2026-09-11T04:28:49.990377+00:00,data/raw/master/customers.csv,customers
CUST00001295,Alex Brown 1295,consumer ,Phoenix,Southwest,04/07/2023,D,1,N,2026-09-11T04:28:49.990377+00:00,data/raw/master/customers.csv,customers
CUST00001296,Riley Kim 1296,Enterprise,Denver,West,08/29/2025,A,N,Y,2026-09-11T04:28:49.990377+00:00,data/raw/master/customers.csv,customers
CUST00001297,Jordan Garcia 1297,Consumer,Boston,Northeast,09/27/2022,C,1,Y,2026-09-11T04:28:49.990377+00:00,data/raw/master/customers.csv,customers
CUST00001298,Riley Patel 1298,Consumer,San Diego,West,2025-08-22,C,N,True,2026-09-11T04:28:49.990377+00:00,data/raw/master/customers.csv,customers
CUST00001299,Riley Patel 1299,consumer ,Philadelphia,Northeast,12/26/2021,A,Yes,N,2026-09-11T04:28:49.990377+00:00,data/raw/master/customers.csv,customers
CUST00001300,Taylor Kim 1300,Consumer,Albany,Northeast,09/21/2021,D,No,Y,2026-09-11T04:28:49.990377+00:00,data/raw/master/customers.csv,customers
CUST00001301,Alex Patel 1301,Consumer,Nashville,Southeast,2023-08-03,B,1,Y,2026-09-11T04:28:49.990377+00:00,data/raw/master/customers.csv,customers
CUST00001302,Taylor Garcia 1302,Small Business,Denver,West,08/05/2025,C,1,Y,2026-09-11T04:28:49.990377+00:00,data/raw/master/customers.csv,customers
CUST00001303,Alex Brown 1303,Enterprise,Columbus,Midwest,2019-12-30,C,0,Y,2026-09-11T04:28:49.990377+00:00,data/raw/master/customers.csv,customers
CUST00001304,Jordan Brown 1304,Consumer,Philadelphia,Northeast,08/08/2021,A,N,N,2026-09-11T04:28:49.990377+00:00,data/raw/master/customers.csv,customers
CUST00001305,Jordan Kim 1305,Enterprise,Chicago,Midwest,2018-04-06,C,Y,True,2026-09-11T04:28:49.990377+00:00,data/raw/master/customers.csv,customers
CUST00001306,Alex Patel 1306,Enterprise,Birmingham,Southeast,01/18/2021,a,1,Y,2026-09-11T04:28:49.990377+00:00,data/raw/master/customers.csv,customers
CUST00001307,Jordan Smith 1307,consumer ,San Diego,West,11/01/2024,A,0,True,2026-09-11T04:28:49.990377+00:00,data/raw/master/customers.csv,customers
CUST00001308,Taylor Garcia 1308,Government,Denver,West,05/02/2023,a,Yes,Y,2026-09-11T04:28:49.990377+00:00,data/raw/master/customers.csv,customers
CUST00001309,Alex Lee 1309,consumer ,Boston,Northeast,09/07/2022,B,No,Y,2026-09-11T04:28:49.990377+00:00,data/raw/master/customers.csv,customers
CUST00001310,Casey Kim 1310,consumer ,Portland,West,2021-01-15,B,No,Y,2026-09-11T04:28:49.990377+00:00,data/raw/master/customers.csv,customers
CUST00001311,Taylor Lee 1311,Small Business,Dallas,Southwest,04/13/2026,a,Y,N,2026-09-11T04:28:49.990377+00:00,data/raw/master/customers.csv,customers
CUST00001312,Jordan Garcia 1312,Government,Buffalo,Northeast,2018-01-16,C,Yes,Y,2026-09-11T04:28:49.990377+00:00,data/raw/master/customers.csv,customers
CUST00001313,Morgan Brown 1313,Government,Denver,West,07/11/2020,D,Yes,Y,2026-09-11T04:28:49.990377+00:00,data/raw/master/customers.csv,customers
CUST00001314,Alex Smith 1314,consumer ,Indianapolis,Midwest,04/19/2021,D,Yes,N,2026-09-11T04:28:49.990377+00:00,data/raw/master/customers.csv,customers
CUST00001315,Jordan Lee 1315,Government,Denver,West,2024-10-27,A,No,True,2026-09-11T04:28:49.990377+00:00,data/raw/master/customers.csv,customers
CUST00001316,Casey Patel 1316,Consumer,Atlanta,Southeast,2025-05-19,C,N,Y,2026-09-11T04:28:49.990377+00:00,data/raw/master/customers.csv,customers
CUST00001317,Alex Garcia 1317,Small Business,Birmingham,Southeast,2022-10-28,A,1,Y,2026-09-11T04:28:49.990377+00:00,data/raw/master/customers.csv,customers
CUST00001318,Morgan Smith 1318,Small Business,Nashville,Southeast,10/01/2021,A,0,Y,2026-09-11T04:28:49.990377+00:00,data/raw/master/customers.csv,customers
CUST00001319,Morgan Kim 1319,Small Business,Phoenix,Southwest,02/06/2026,D,No,Y,2026-09-11T04:28:49.990377+00:00,data/raw/master/customers.csv,customers
CUST00001320,Morgan Smith 1320,Small Business,Portland,West,2025-10-29,D,N,Y,2026-09-11T04:28:49.990377+00:00,data/raw/master/customers.csv,customers
CUST00001321,Morgan Brown 1321,Enterprise,Albany,Northeast,09/09/2024,a,N,Y,2026-09-11T04:28:49.990377+00:00,data/raw/master/customers.csv,customers
CUST00001322,Riley Kim 1322,Small Business,Chicago,Midwest,2026-02-02,a,0,Y,2026-09-11T04:28:49.990377+00:00,data/raw/master/customers.csv,customers
CUST00001323,Alex Lee 1323,Enterprise,Columbus,Midwest,2018-12-22,A,Yes,Y,2026-09-11T04:28:49.990377+00:00,data/raw/master/customers.csv,customers
CUST00001324,Jordan Garcia 1324,consumer ,Portland,West,2020-03-24,C,Yes,Y,2026-09-11T04:28:49.990377+00:00,data/raw/master/customers.csv,customers
CUST00001325,Morgan Brown 1325,consumer ,Nashville,Southeast,08/16/2025,A,No,Y,2026-09-11T04:28:49.990377+00:00,data/raw/master/customers.csv,customers
CUST00001326,Riley Kim 1326,Government,Indianapolis,Midwest,10/16/2022,a,1,Y,2026-09-11T04:28:49.990377+00:00,data/raw/master/customers.csv,customers
CUST00001327,Casey Garcia 1327,Enterprise,Portland,West,2025-03-20,a,Yes,Y,2026-09-11T04:28:49.990377+00:00,data/raw/master/customers.csv,customers
CUST00001328,Casey Patel 1328,Small Business,Albany,Northeast,2022-10-27,C,No,Y,2026-09-11T04:28:49.990377+00:00,data/raw/master/customers.csv,customers
CUST00001329,Jordan Lee 1329,Consumer,Boston,Northeast,2020-02-23,a,Yes,True,2026-09-11T04:28:49.990377+00:00,data/raw/master/customers.csv,customers
CUST00001330,Morgan Kim 1330,Enterprise,Portland,West,09/10/2021,a,No,Y,2026-09-11T04:28:49.990377+00:00,data/raw/master/customers.csv,customers
CUST00001331,Morgan Garcia 1331,Government,Detroit,Midwest,2019-02-26,A,Y,True,2026-09-11T04:28:49.990377+00:00,data/raw/master/customers.csv,customers
CUST00001332,Riley Patel 1332,Small Business,Philadelphia,Northeast,2021-11-11,A,Y,True,2026-09-11T04:28:49.990377+00:00,data/raw/master/customers.csv,customers
CUST00001333,Jordan Patel 1333,Enterprise,Detroit,Midwest,06/09/2019,a,Yes,Y,2026-09-11T04:28:49.990377+00:00,data/raw/master/customers.csv,customers
CUST00001334,Morgan Garcia 1334,Consumer,Albuquerque,Southwest,05/30/2022,B,No,True,2026-09-11T04:28:49.990377+00:00,data/raw/master/customers.csv,customers
CUST00001335,Jordan Patel 1335,Enterprise,Indianapolis,Midwest,08/19/2024,a,N,N,2026-09-11T04:28:49.990377+00:00,data/raw/master/customers.csv,customers
CUST00001336,Morgan Smith 1336,Enterprise,Albuquerque,Southwest,2020-07-12,A,0,Y,2026-09-11T04:28:49.990377+00:00,data/raw/master/customers.csv,customers
CUST00001337,Casey Brown 1337,consumer ,Seattle,West,07/22/2021,A,N,Y,2026-09-11T04:28:49.990377+00:00,data/raw/master/customers.csv,customers
CUST00001338,Riley Smith 1338,Small Business,Seattle,West,2025-12-14,a,No,Y,2026-09-11T04:28:49.990377+00:00,data/raw/master/customers.csv,customers
CUST00001339,Morgan Brown 1339,Government,Portland,West,06/05/2022,a,No,Y,2026-09-11T04:28:49.990377+00:00,data/raw/master/customers.csv,customers
CUST00001340,Taylor Lee 1340,Government,Chicago,Midwest,09/11/2018,a,Yes,Y,2026-09-11T04:28:49.990377+00:00,data/raw/master/customers.csv,customers
CUST00001341,Morgan Lee 1341,Consumer,Philadelphia,Northeast,07/20/2025,D,0,True,2026-09-11T04:28:49.990377+00:00,data/raw/master/customers.csv,customers
CUST00001342,Riley Lee 1342,Consumer,Birmingham,Southeast,09/11/2021,D,Y,Y,2026-09-11T04:28:49.990377+00:00,data/raw/master/customers.csv,customers
CUST00001343,Morgan Smith 1343,Small Business,San Diego,West,09/09/2019,B,Y,Y,2026-09-11T04:28:49.990377+00:00,data/raw/master/customers.csv,customers
CUST00001344,Riley Lee 1344,Small Business,Portland,West,02/22/2021,B,0,N,2026-09-11T04:28:49.990377+00:00,data/raw/master/customers.csv,customers
CUST00001345,Alex Brown 1345,Consumer,Buffalo,Northeast,2021-06-02,B,Y,Y,2026-09-11T04:28:49.990377+00:00,data/raw/master/customers.csv,customers
CUST00001346,Alex Patel 1346,Enterprise,Columbus,Midwest,08/17/2024,a,1,N,2026-09-11T04:28:49.990377+00:00,data/raw/master/customers.csv,customers
CUST00001347,Jordan Patel 1347,Consumer,Chicago,Midwest,02/14/2024,C,1,N,2026-09-11T04:28:49.990377+00:00,data/raw/master/customers.csv,customers
CUST00001348,Jordan Lee 1348,Enterprise,Albany,Northeast,2022-02-28,A,No,N,2026-09-11T04:28:49.990377+00:00,data/raw/master/customers.csv,customers
CUST00001349,Morgan Lee 1349,consumer ,Denver,West,2023-03-20,a,No,Y,2026-09-11T04:28:49.990377+00:00,data/raw/master/customers.csv,customers
CUST00001350,Taylor Lee 1350,consumer ,Indianapolis,Midwest,2021-11-28,B,N,Y,2026-09-11T04:28:49.990377+00:00,data/raw/master/customers.csv,customers
CUST00001351,Morgan Patel 1351,consumer ,Austin,Southwest,03/13/2021,a,No,N,2026-09-11T04:28:49.990377+00:00,data/raw/master/customers.csv,customers
CUST00001352,Morgan Patel 1352,consumer ,Phoenix,Southwest,2025-02-26,C,No,True,2026-09-11T04:28:49.990377+00:00,data/raw/master/customers.csv,customers
CUST00001353,Casey Garcia 1353,Small Business,Detroit,Midwest,2019-07-14,C,No,Y,2026-09-11T04:28:49.990377+00:00,data/raw/master/customers.csv,customers
CUST00001354,Jordan Kim 1354,Consumer,Philadelphia,Northeast,2018-03-24,a,Yes,Y,2026-09-11T04:28:49.990377+00:00,data/raw/master/customers.csv,customers
CUST00001355,Taylor Smith 1355,Government,Columbus,Midwest,2018-09-08,D,Y,True,2026-09-11T04:28:49.990377+00:00,data/raw/master/customers.csv,customers
CUST00001356,Riley Brown 1356,Enterprise,Denver,West,2023-12-20,a,No,True,2026-09-11T04:28:49.990377+00:00,data/raw/master/customers.csv,customers
CUST00001357,Jordan Lee 1357,Government,Albuquerque,Southwest,2019-04-20,C,Yes,True,2026-09-11T04:28:49.990377+00:00,data/raw/master/customers.csv,customers
CUST00001358,Jordan Kim 1358,consumer ,Boston,Northeast,05/20/2020,a,Y,N,2026-09-11T04:28:49.990377+00:00,data/raw/master/customers.csv,customers
CUST00001359,Morgan Smith 1359,Government,Phoenix,Southwest,01/24/2020,D,No,True,2026-09-11T04:28:49.990377+00:00,data/raw/master/customers.csv,customers
CUST00001360,Riley Brown 1360,Enterprise,San Diego,West,2022-09-02,C,1,Y,2026-09-11T04:28:49.990377+00:00,data/raw/master/customers.csv,customers
CUST00001361,Jordan Garcia 1361,Consumer,Albuquerque,Southwest,10/20/2021,D,1,Y,2026-09-11T04:28:49.990377+00:00,data/raw/master/customers.csv,customers
CUST00001362,Jordan Garcia 1362,Enterprise,Nashville,Southeast,03/16/2026,A,N,N,2026-09-11T04:28:49.990377+00:00,data/raw/master/customers.csv,customers
CUST00001363,Alex Lee 1363,Consumer,Detroit,Midwest,2018-07-09,a,Y,True,2026-09-11T04:28:49.990377+00:00,data/raw/master/customers.csv,customers
CUST00001364,Taylor Kim 1364,consumer ,Indianapolis,Midwest,12/25/2023,B,1,Y,2026-09-11T04:28:49.990377+00:00,data/raw/master/customers.csv,customers
CUST00001365,Casey Garcia 1365,Small Business,Austin,Southwest,09/06/2024,D,No,Y,2026-09-11T04:28:49.990377+00:00,data/raw/master/customers.csv,customers
CUST00001366,Jordan Kim 1366,Government,Austin,Southwest,03/01/2023,B,Y,Y,2026-09-11T04:28:49.990377+00:00,data/raw/master/customers.csv,customers
CUST00001367,Casey Kim 1367,Enterprise,Detroit,Midwest,2021-04-16,B,1,True,2026-09-11T04:28:49.990377+00:00,data/raw/master/customers.csv,customers
CUST00001368,Riley Patel 1368,Enterprise,Albany,Northeast,07/05/2018,A,1,Y,2026-09-11T04:28:49.990377+00:00,data/raw/master/customers.csv,customers
CUST00001369,Taylor Garcia 1369,Small Business,Albuquerque,Southwest,07/04/2019,A,Y,Y,2026-09-11T04:28:49.990377+00:00,data/raw/master/customers.csv,customers
CUST00001370,Taylor Smith 1370,Government,Seattle,West,11/11/2024,D,1,Y,2026-09-11T04:28:49.990377+00:00,data/raw/master/customers.csv,customers
CUST00001371,Alex Garcia 1371,consumer ,Portland,West,2024-05-21,D,1,N,2026-09-11T04:28:49.990377+00:00,data/raw/master/customers.csv,customers
CUST00001372,Taylor Lee 1372,Government,Dallas,Southwest,11/26/2020,D,N,Y,2026-09-11T04:28:49.990377+00:00,data/raw/master/customers.csv,customers
CUST00001373,Alex Smith 1373,consumer ,Boston,Northeast,2019-12-13,A,Yes,Y,2026-09-11T04:28:49.990377+00:00,data/raw/master/customers.csv,customers
CUST00001374,Morgan Garcia 1374,Enterprise,Seattle,West,2024-03-22,C,Y,N,2026-09-11T04:28:49.990377+00:00,data/raw/master/customers.csv,customers
CUST00001375,Alex Lee 1375,Enterprise,Phoenix,Southwest,2018-03-26,A,N,N,2026-09-11T04:28:49.990377+00:00,data/raw/master/customers.csv,customers
CUST00001376,Alex Patel 1376,consumer ,Atlanta,Southeast,03/15/2019,D,No,Y,2026-09-11T04:28:49.990377+00:00,data/raw/master/customers.csv,customers
CUST00001377,Jordan Garcia 1377,Government,Dallas,Southwest,04/14/2018,A,Yes,N,2026-09-11T04:28:49.990377+00:00,data/raw/master/customers.csv,customers
CUST00001378,Casey Patel 1378,Enterprise,Columbus,Midwest,05/14/2023,C,Yes,True,2026-09-11T04:28:49.990377+00:00,data/raw/master/customers.csv,customers
CUST00001379,Alex Smith 1379,Consumer,Philadelphia,Northeast,03/08/2019,a,N,Y,2026-09-11T04:28:49.990377+00:00,data/raw/master/customers.csv,customers
CUST00001380,Riley Patel 1380,Consumer,Phoenix,Southwest,05/17/2022,B,N,Y,2026-09-11T04:28:49.990377+00:00,data/raw/master/customers.csv,customers
CUST00001381,Morgan Kim 1381,Government,Columbus,Midwest,11/10/2023,D,1,Y,2026-09-11T04:28:49.990377+00:00,data/raw/master/customers.csv,customers
CUST00001382,Jordan Garcia 1382,Government,Detroit,Midwest,06/10/2018,B,0,True,2026-09-11T04:28:49.990377+00:00,data/raw/master/customers.csv,customers
CUST00001383,Morgan Brown 1383,Consumer,Austin,Southwest,2023-01-18,A,Yes,Y,2026-09-11T04:28:49.990377+00:00,data/raw/master/customers.csv,customers
CUST00001384,Alex Kim 1384,Consumer,Austin,Southwest,11/18/2023,A,Y,N,2026-09-11T04:28:49.990377+00:00,data/raw/master/customers.csv,customers
CUST00001385,Casey Smith 1385,consumer ,Phoenix,Southwest,01/02/2018,a,Y,Y,2026-09-11T04:28:49.990377+00:00,data/raw/master/customers.csv,customers
CUST00001386,Jordan Garcia 1386,Small Business,Columbus,Midwest,10/23/2018,D,No,True,2026-09-11T04:28:49.990377+00:00,data/raw/master/customers.csv,customers
CUST00001387,Jordan Smith 1387,consumer ,Jacksonville,Southeast,04/28/2020,C,No,Y,2026-09-11T04:28:49.990377+00:00,data/raw/master/customers.csv,customers
CUST00001388,Riley Garcia 1388,consumer ,Dallas,Southwest,2019-09-03,A,Yes,Y,2026-09-11T04:28:49.990377+00:00,data/raw/master/customers.csv,customers
CUST00001389,Taylor Garcia 1389,Enterprise,Indianapolis,Midwest,09/13/2023,C,Y,Y,2026-09-11T04:28:49.990377+00:00,data/raw/master/customers.csv,customers
CUST00001390,Riley Kim 1390,Small Business,Albany,Northeast,02/27/2023,B,N,N,2026-09-11T04:28:49.990377+00:00,data/raw/master/customers.csv,customers
CUST00001391,Casey Smith 1391,Consumer,Phoenix,Southwest,11/04/2025,B,Yes,Y,2026-09-11T04:28:49.990377+00:00,data/raw/master/customers.csv,customers
CUST00001392,Alex Patel 1392,Small Business,Philadelphia,Northeast,2019-09-26,C,1,N,2026-09-11T04:28:49.990377+00:00,data/raw/master/customers.csv,customers
CUST00001393,Alex Lee 1393,consumer ,Dallas,Southwest,06/15/2019,A,No,Y,2026-09-11T04:28:49.990377+00:00,data/raw/master/customers.csv,customers
CUST00001394,Alex Kim 1394,Government,Portland,West,09/28/2023,a,N,N,2026-09-11T04:28:49.990377+00:00,data/raw/master/customers.csv,customers
CUST00001395,Jordan Smith 1395,Consumer,Nashville,Southeast,12/13/2018,a,No,N,2026-09-11T04:28:49.990377+00:00,data/raw/master/customers.csv,customers
CUST00001396,Taylor Kim 1396,Enterprise,Indianapolis,Midwest,2019-12-02,D,Yes,Y,2026-09-11T04:28:49.990377+00:00,data/raw/master/customers.csv,customers
CUST00001397,Taylor Brown 1397,Consumer,Detroit,Midwest,2019-03-03,D,1,True,2026-09-11T04:28:49.990377+00:00,data/raw/master/customers.csv,customers
CUST00001398,Casey Patel 1398,Consumer,Buffalo,Northeast,2020-04-29,A,0,N,2026-09-11T04:28:49.990377+00:00,data/raw/master/customers.csv,customers
CUST00001399,Taylor Garcia 1399,consumer ,Birmingham,Southeast,2020-03-12,B,Y,Y,2026-09-11T04:28:49.990377+00:00,data/raw/master/customers.csv,customers
CUST00001400,Jordan Garcia 1400,Government,Albany,Northeast,11/14/2024,a,Yes,N,2026-09-11T04:28:49.990377+00:00,data/raw/master/customers.csv,customers
CUST00001401,Jordan Garcia 1401,Government,Seattle,West,11/24/2018,B,No,N,2026-09-11T04:28:49.990377+00:00,data/raw/master/customers.csv,customers
CUST00001402,Alex Garcia 1402,Small Business,Portland,West,2021-03-10,D,N,Y,2026-09-11T04:28:49.990377+00:00,data/raw/master/customers.csv,customers
CUST00001403,Casey Kim 1403,Government,Phoenix,Southwest,2023-07-25,B,No,True,2026-09-11T04:28:49.990377+00:00,data/raw/master/customers.csv,customers
CUST00001404,Riley Kim 1404,Consumer,Boston,Northeast,2019-06-24,D,0,Y,2026-09-11T04:28:49.990377+00:00,data/raw/master/customers.csv,customers
CUST00001405,Morgan Smith 1405,Small Business,Columbus,Midwest,2025-11-18,B,N,Y,2026-09-11T04:28:49.990377+00:00,data/raw/master/customers.csv,customers
CUST00001406,Morgan Smith 1406,Enterprise,Buffalo,Northeast,2026-02-03,a,0,Y,2026-09-11T04:28:49.990377+00:00,data/raw/master/customers.csv,customers
CUST00001407,Casey Garcia 1407,Government,Albany,Northeast,09/11/2022,a,1,True,2026-09-11T04:28:49.990377+00:00,data/raw/master/customers.csv,customers
CUST00001408,Casey Lee 1408,Small Business,Boston,Northeast,2021-06-30,D,Y,Y,2026-09-11T04:28:49.990377+00:00,data/raw/master/customers.csv,customers
CUST00001409,Morgan Smith 1409,Enterprise,Indianapolis,Midwest,11/20/2025,a,Y,Y,2026-09-11T04:28:49.990377+00:00,data/raw/master/customers.csv,customers
CUST00001410,Jordan Kim 1410,Government,Jacksonville,Southeast,02/07/2021,A,Y,Y,2026-09-11T04:28:49.990377+00:00,data/raw/master/customers.csv,customers
CUST00001411,Jordan Patel 1411,Government,Buffalo,Northeast,2019-12-18,a,0,Y,2026-09-11T04:28:49.990377+00:00,data/raw/master/customers.csv,customers
CUST00001412,Jordan Garcia 1412,Government,Columbus,Midwest,02/23/2020,A,Y,N,2026-09-11T04:28:49.990377+00:00,data/raw/master/customers.csv,customers
CUST00001413,Riley Brown 1413,Enterprise,Columbus,Midwest,04/06/2023,a,N,N,2026-09-11T04:28:49.990377+00:00,data/raw/master/customers.csv,customers
CUST00001414,Casey Smith 1414,Government,Albuquerque,Southwest,10/24/2018,a,0,Y,2026-09-11T04:28:49.990377+00:00,data/raw/master/customers.csv,customers
CUST00001415,Riley Brown 1415,Government,Nashville,Southeast,11/08/2020,D,Yes,Y,2026-09-11T04:28:49.990377+00:00,data/raw/master/customers.csv,customers
CUST00001416,Riley Lee 1416,Small Business,Portland,West,08/15/2020,A,Yes,N,2026-09-11T04:28:49.990377+00:00,data/raw/master/customers.csv,customers
CUST00001417,Casey Kim 1417,consumer ,Columbus,Midwest,07/17/2019,C,1,Y,2026-09-11T04:28:49.990377+00:00,data/raw/master/customers.csv,customers
CUST00001418,Morgan Brown 1418,Consumer,Indianapolis,Midwest,2020-06-19,C,N,True,2026-09-11T04:28:49.990377+00:00,data/raw/master/customers.csv,customers
CUST00001419,Morgan Patel 1419,Consumer,San Diego,West,07/12/2022,A,Yes,Y,2026-09-11T04:28:49.990377+00:00,data/raw/master/customers.csv,customers
CUST00001420,Jordan Garcia 1420,Enterprise,Detroit,Midwest,03/23/2020,a,N,Y,2026-09-11T04:28:49.990377+00:00,data/raw/master/customers.csv,customers
CUST00001421,Morgan Lee 1421,consumer ,Dallas,Southwest,2022-12-12,C,Y,Y,2026-09-11T04:28:49.990377+00:00,data/raw/master/customers.csv,customers
CUST00001422,Jordan Smith 1422,Enterprise,Austin,Southwest,01/03/2025,B,0,True,2026-09-11T04:28:49.990377+00:00,data/raw/master/customers.csv,customers
CUST00001423,Alex Lee 1423,Consumer,Albuquerque,Southwest,2022-04-17,C,0,Y,2026-09-11T04:28:49.990377+00:00,data/raw/master/customers.csv,customers
CUST00001424,Jordan Kim 1424,Small Business,Chicago,Midwest,03/06/2024,C,No,N,2026-09-11T04:28:49.990377+00:00,data/raw/master/customers.csv,customers
CUST00001425,Morgan Smith 1425,Enterprise,Atlanta,Southeast,2022-05-12,a,Yes,Y,2026-09-11T04:28:49.990377+00:00,data/raw/master/customers.csv,customers
CUST00001426,Taylor Lee 1426,Enterprise,Austin,Southwest,2025-11-22,D,N,Y,2026-09-11T04:28:49.990377+00:00,data/raw/master/customers.csv,customers
CUST00001427,Alex Garcia 1427,consumer ,Albuquerque,Southwest,02/09/2021,B,1,Y,2026-09-11T04:28:49.990377+00:00,data/raw/master/customers.csv,customers
CUST00001428,Casey Lee 1428,Government,Buffalo,Northeast,2025-12-14,C,Y,True,2026-09-11T04:28:49.990377+00:00,data/raw/master/customers.csv,customers
CUST00001429,Alex Smith 1429,Consumer,Austin,Southwest,04/18/2024,B,0,Y,2026-09-11T04:28:49.990377+00:00,data/raw/master/customers.csv,customers
CUST00001430,Jordan Brown 1430,Small Business,Columbus,Midwest,09/19/2025,D,1,Y,2026-09-11T04:28:49.990377+00:00,data/raw/master/customers.csv,customers
CUST00001431,Taylor Lee 1431,Consumer,Buffalo,Northeast,09/26/2020,B,No,True,2026-09-11T04:28:49.990377+00:00,data/raw/master/customers.csv,customers
CUST00001432,Morgan Smith 1432,Small Business,Phoenix,Southwest,2023-07-01,C,1,True,2026-09-11T04:28:49.990377+00:00,data/raw/master/customers.csv,customers
CUST00001433,Casey Lee 1433,Consumer,Boston,Northeast,10/12/2020,D,1,True,2026-09-11T04:28:49.990377+00:00,data/raw/master/customers.csv,customers
CUST00001434,Riley Kim 1434,Small Business,Albuquerque,Southwest,08/17/2019,C,Yes,N,2026-09-11T04:28:49.990377+00:00,data/raw/master/customers.csv,customers
CUST00001435,Taylor Patel 1435,Consumer,Columbus,Midwest,12/19/2025,B,Yes,Y,2026-09-11T04:28:49.990377+00:00,data/raw/master/customers.csv,customers
CUST00001436,Riley Kim 1436,Government,Jacksonville,Southeast,2022-09-26,B,No,Y,2026-09-11T04:28:49.990377+00:00,data/raw/master/customers.csv,customers
CUST00001437,Jordan Garcia 1437,consumer ,Atlanta,Southeast,2019-11-28,a,Yes,True,2026-09-11T04:28:49.990377+00:00,data/raw/master/customers.csv,customers
CUST00001438,Taylor Kim 1438,consumer ,Albany,Northeast,2021-01-05,a,No,Y,2026-09-11T04:28:49.990377+00:00,data/raw/master/customers.csv,customers
CUST00001439,Alex Kim 1439,Small Business,Boston,Northeast,2023-08-30,D,N,Y,2026-09-11T04:28:49.990377+00:00,data/raw/master/customers.csv,customers
CUST00001440,Riley Kim 1440,Enterprise,Portland,West,04/02/2026,A,0,True,2026-09-11T04:28:49.990377+00:00,data/raw/master/customers.csv,customers
CUST00001441,Taylor Garcia 1441,Consumer,Birmingham,Southeast,05/10/2025,D,Yes,Y,2026-09-11T04:28:49.990377+00:00,data/raw/master/customers.csv,customers
CUST00001442,Jordan Patel 1442,Government,Denver,West,05/18/2024,B,Yes,True,2026-09-11T04:28:49.990377+00:00,data/raw/master/customers.csv,customers
CUST00001443,Jordan Kim 1443,Government,Philadelphia,Northeast,2024-09-15,C,Y,Y,2026-09-11T04:28:49.990377+00:00,data/raw/master/customers.csv,customers
CUST00001444,Taylor Patel 1444,Enterprise,Albany,Northeast,2023-04-20,C,0,True,2026-09-11T04:28:49.990377+00:00,data/raw/master/customers.csv,customers
CUST00001445,Jordan Garcia 1445,Government,Jacksonville,Southeast,2021-10-27,D,0,Y,2026-09-11T04:28:49.990377+00:00,data/raw/master/customers.csv,customers
CUST00001446,Riley Garcia 1446,Enterprise,Albuquerque,Southwest,02/02/2022,C,No,N,2026-09-11T04:28:49.990377+00:00,data/raw/master/customers.csv,customers
CUST00001447,Riley Patel 1447,consumer ,Phoenix,Southwest,2023-05-20,C,0,Y,2026-09-11T04:28:49.990377+00:00,data/raw/master/customers.csv,customers
CUST00001448,Alex Lee 1448,consumer ,Nashville,Southeast,2024-08-23,D,N,N,2026-09-11T04:28:49.990377+00:00,data/raw/master/customers.csv,customers
CUST00001449,Morgan Brown 1449,Small Business,Dallas,Southwest,09/06/2022,A,N,Y,2026-09-11T04:28:49.990377+00:00,data/raw/master/customers.csv,customers
CUST00001450,Morgan Kim 1450,consumer ,Albuquerque,Southwest,2024-01-07,A,1,Y,2026-09-11T04:28:49.990377+00:00,data/raw/master/customers.csv,customers
CUST00001451,Taylor Lee 1451,Small Business,Chicago,Midwest,09/15/2020,A,Y,Y,2026-09-11T04:28:49.990377+00:00,data/raw/master/customers.csv,customers
CUST00001452,Alex Smith 1452,consumer ,Albuquerque,Southwest,2019-06-30,A,Yes,Y,2026-09-11T04:28:49.990377+00:00,data/raw/master/customers.csv,customers
CUST00001453,Jordan Garcia 1453,Consumer,Buffalo,Northeast,2025-02-18,a,Yes,Y,2026-09-11T04:28:49.990377+00:00,data/raw/master/customers.csv,customers
CUST00001454,Casey Garcia 1454,consumer ,Denver,West,10/12/2023,D,No,True,2026-09-11T04:28:49.990377+00:00,data/raw/master/customers.csv,customers
CUST00001455,Jordan Kim 1455,consumer ,Indianapolis,Midwest,2024-11-17,A,0,Y,2026-09-11T04:28:49.990377+00:00,data/raw/master/customers.csv,customers
CUST00001456,Jordan Brown 1456,Small Business,Seattle,West,2025-10-31,B,0,Y,2026-09-11T04:28:49.990377+00:00,data/raw/master/customers.csv,customers
CUST00001457,Taylor Lee 1457,Government,Albuquerque,Southwest,2022-06-12,C,0,Y,2026-09-11T04:28:49.990377+00:00,data/raw/master/customers.csv,customers
CUST00001458,Alex Lee 1458,Government,Dallas,Southwest,04/20/2019,B,Yes,Y,2026-09-11T04:28:49.990377+00:00,data/raw/master/customers.csv,customers
CUST00001459,Casey Patel 1459,Government,San Diego,West,2020-12-14,B,No,True,2026-09-11T04:28:49.990377+00:00,data/raw/master/customers.csv,customers
CUST00001460,Riley Smith 1460,Small Business,Philadelphia,Northeast,10/20/2024,B,No,True,2026-09-11T04:28:49.990377+00:00,data/raw/master/customers.csv,customers
CUST00001461,Jordan Smith 1461,Consumer,Buffalo,Northeast,06/08/2021,a,Yes,N,2026-09-11T04:28:49.990377+00:00,data/raw/master/customers.csv,customers
CUST00001462,Jordan Patel 1462,consumer ,Dallas,Southwest,2024-10-10,A,Y,Y,2026-09-11T04:28:49.990377+00:00,data/raw/master/customers.csv,customers
CUST00001463,Riley Brown 1463,Government,Boston,Northeast,07/29/2023,a,1,Y,2026-09-11T04:28:49.990377+00:00,data/raw/master/customers.csv,customers
CUST00001464,Taylor Kim 1464,Consumer,Dallas,Southwest,2022-04-06,A,Y,Y,2026-09-11T04:28:49.990377+00:00,data/raw/master/customers.csv,customers
CUST00001465,Morgan Garcia 1465,Enterprise,Austin,Southwest,11/14/2024,C,Y,N,2026-09-11T04:28:49.990377+00:00,data/raw/master/customers.csv,customers
CUST00001466,Morgan Kim 1466,Government,Philadelphia,Northeast,2020-09-25,D,0,Y,2026-09-11T04:28:49.990377+00:00,data/raw/master/customers.csv,customers
CUST00001467,Morgan Kim 1467,consumer ,Albuquerque,Southwest,2020-06-22,a,Yes,N,2026-09-11T04:28:49.990377+00:00,data/raw/master/customers.csv,customers
CUST00001468,Morgan Smith 1468,Consumer,Jacksonville,Southeast,09/25/2022,B,1,Y,2026-09-11T04:28:49.990377+00:00,data/raw/master/customers.csv,customers
CUST00001469,Alex Lee 1469,Small Business,Denver,West,2024-10-07,a,No,N,2026-09-11T04:28:49.990377+00:00,data/raw/master/customers.csv,customers
CUST00001470,Casey Kim 1470,Small Business,Seattle,West,2023-05-11,A,Yes,Y,2026-09-11T04:28:49.990377+00:00,data/raw/master/customers.csv,customers
CUST00001471,Casey Garcia 1471,Enterprise,Indianapolis,Midwest,2019-02-04,C,0,N,2026-09-11T04:28:49.990377+00:00,data/raw/master/customers.csv,customers
CUST00001472,Morgan Smith 1472,Small Business,Buffalo,Northeast,2019-08-18,a,Yes,Y,2026-09-11T04:28:49.990377+00:00,data/raw/master/customers.csv,customers
CUST00001473,Jordan Garcia 1473,Consumer,Columbus,Midwest,2023-05-05,A,Yes,Y,2026-09-11T04:28:49.990377+00:00,data/raw/master/customers.csv,customers
CUST00001474,Jordan Smith 1474,consumer ,Albany,Northeast,03/09/2019,a,No,Y,2026-09-11T04:28:49.990377+00:00,data/raw/master/customers.csv,customers
CUST00001475,Morgan Smith 1475,Small Business,Portland,West,06/29/2020,D,No,Y,2026-09-11T04:28:49.990377+00:00,data/raw/master/customers.csv,customers
CUST00001476,Casey Brown 1476,Government,Atlanta,Southeast,2020-12-05,A,N,Y,2026-09-11T04:28:49.990377+00:00,data/raw/master/customers.csv,customers
CUST00001477,Morgan Lee 1477,Small Business,Atlanta,Southeast,2024-08-03,D,Yes,True,2026-09-11T04:28:49.990377+00:00,data/raw/master/customers.csv,customers
CUST00001478,Morgan Kim 1478,Small Business,Buffalo,Northeast,07/10/2022,B,0,N,2026-09-11T04:28:49.990377+00:00,data/raw/master/customers.csv,customers
CUST00001479,Casey Garcia 1479,Small Business,Phoenix,Southwest,2023-11-14,A,0,Y,2026-09-11T04:28:49.990377+00:00,data/raw/master/customers.csv,customers
CUST00001480,Alex Garcia 1480,Small Business,Chicago,Midwest,2024-08-01,C,N,Y,2026-09-11T04:28:49.990377+00:00,data/raw/master/customers.csv,customers
CUST00001481,Alex Brown 1481,Consumer,Portland,West,12/23/2021,D,Yes,Y,2026-09-11T04:28:49.990377+00:00,data/raw/master/customers.csv,customers
CUST00001482,Morgan Patel 1482,Consumer,Denver,West,09/04/2020,A,Y,Y,2026-09-11T04:28:49.990377+00:00,data/raw/master/customers.csv,customers
CUST00001483,Alex Smith 1483,Small Business,Birmingham,Southeast,01/14/2018,C,0,Y,2026-09-11T04:28:49.990377+00:00,data/raw/master/customers.csv,customers
CUST00001484,Alex Lee 1484,Enterprise,Boston,Northeast,09/03/2019,A,Y,N,2026-09-11T04:28:49.990377+00:00,data/raw/master/customers.csv,customers
CUST00001485,Alex Kim 1485,consumer ,San Diego,West,06/20/2023,B,N,Y,2026-09-11T04:28:49.990377+00:00,data/raw/master/customers.csv,customers
CUST00001486,Jordan Garcia 1486,Enterprise,Detroit,Midwest,08/17/2025,a,0,N,2026-09-11T04:28:49.990377+00:00,data/raw/master/customers.csv,customers
CUST00001487,Riley Brown 1487,Consumer,Phoenix,Southwest,2021-11-17,A,0,Y,2026-09-11T04:28:49.990377+00:00,data/raw/master/customers.csv,customers
CUST00001488,Riley Kim 1488,Consumer,Philadelphia,Northeast,2022-01-29,a,Y,Y,2026-09-11T04:28:49.990377+00:00,data/raw/master/customers.csv,customers
CUST00001489,Alex Garcia 1489,Enterprise,Phoenix,Southwest,08/19/2021,A,Y,N,2026-09-11T04:28:49.990377+00:00,data/raw/master/customers.csv,customers
CUST00001490,Casey Kim 1490,Government,Columbus,Midwest,02/11/2021,A,No,N,2026-09-11T04:28:49.990377+00:00,data/raw/master/customers.csv,customers
CUST00001491,Jordan Kim 1491,Enterprise,Nashville,Southeast,09/26/2025,B,No,N,2026-09-11T04:28:49.990377+00:00,data/raw/master/customers.csv,customers
CUST00001492,Jordan Lee 1492,Consumer,Nashville,Southeast,11/06/2021,A,1,True,2026-09-11T04:28:49.990377+00:00,data/raw/master/customers.csv,customers
CUST00001493,Morgan Garcia 1493,Government,Buffalo,Northeast,2020-09-23,B,1,Y,2026-09-11T04:28:49.990377+00:00,data/raw/master/customers.csv,customers
CUST00001494,Jordan Kim 1494,Government,Dallas,Southwest,12/30/2022,a,1,Y,2026-09-11T04:28:49.990377+00:00,data/raw/master/customers.csv,customers
CUST00001495,Casey Kim 1495,Consumer,Chicago,Midwest,02/01/2020,D,Y,N,2026-09-11T04:28:49.990377+00:00,data/raw/master/customers.csv,customers
CUST00001496,Casey Patel 1496,Enterprise,Dallas,Southwest,2026-03-13,a,1,True,2026-09-11T04:28:49.990377+00:00,data/raw/master/customers.csv,customers
CUST00001497,Taylor Patel 1497,Enterprise,Philadelphia,Northeast,08/16/2023,B,Y,True,2026-09-11T04:28:49.990377+00:00,data/raw/master/customers.csv,customers
CUST00001498,Jordan Kim 1498,consumer ,Dallas,Southwest,06/14/2025,a,No,N,2026-09-11T04:28:49.990377+00:00,data/raw/master/customers.csv,customers
CUST00001499,Jordan Brown 1499,Government,Dallas,Southwest,2021-02-18,a,0,Y,2026-09-11T04:28:49.990377+00:00,data/raw/master/customers.csv,customers
CUST00001500,Jordan Brown 1500,Small Business,Albany,Northeast,04/27/2024,C,1,N,2026-09-11T04:28:49.990377+00:00,data/raw/master/customers.csv,customers
CUST00001501,Casey Smith 1501,Enterprise,Phoenix,Southwest,2025-08-23,C,0,Y,2026-09-11T04:28:49.990377+00:00,data/raw/master/customers.csv,customers
CUST00001502,Alex Lee 1502,Government,Columbus,Midwest,05/29/2025,D,N,Y,2026-09-11T04:28:49.990377+00:00,data/raw/master/customers.csv,customers
CUST00001503,Alex Kim 1503,Small Business,Seattle,West,05/16/2021,C,N,N,2026-09-11T04:28:49.990377+00:00,data/raw/master/customers.csv,customers
CUST00001504,Taylor Smith 1504,Consumer,Phoenix,Southwest,05/07/2025,C,N,True,2026-09-11T04:28:49.990377+00:00,data/raw/master/customers.csv,customers
CUST00001505,Taylor Brown 1505,Enterprise,Albuquerque,Southwest,2026-04-15,B,0,Y,2026-09-11T04:28:49.990377+00:00,data/raw/master/customers.csv,customers
CUST00001506,Taylor Lee 1506,Government,Jacksonville,Southeast,2018-06-04,C,N,N,2026-09-11T04:28:49.990377+00:00,data/raw/master/customers.csv,customers
CUST00001507,Taylor Patel 1507,Enterprise,Dallas,Southwest,2019-08-08,A,Yes,Y,2026-09-11T04:28:49.990377+00:00,data/raw/master/customers.csv,customers
CUST00001508,Riley Brown 1508,Enterprise,Buffalo,Northeast,2022-12-06,B,Y,N,2026-09-11T04:28:49.990377+00:00,data/raw/master/customers.csv,customers
CUST00001509,Jordan Garcia 1509,Small Business,Birmingham,Southeast,07/10/2019,D,Y,Y,2026-09-11T04:28:49.990377+00:00,data/raw/master/customers.csv,customers
CUST00001510,Morgan Patel 1510,Government,Atlanta,Southeast,06/01/2022,A,Yes,Y,2026-09-11T04:28:49.990377+00:00,data/raw/master/customers.csv,customers
CUST00001511,Jordan Patel 1511,Consumer,Columbus,Midwest,03/25/2018,C,Y,Y,2026-09-11T04:28:49.990377+00:00,data/raw/master/customers.csv,customers
CUST00001512,Taylor Smith 1512,Enterprise,Detroit,Midwest,2020-09-12,B,1,Y,2026-09-11T04:28:49.990377+00:00,data/raw/master/customers.csv,customers
CUST00001513,Casey Lee 1513,consumer ,Jacksonville,Southeast,02/15/2022,a,N,Y,2026-09-11T04:28:49.990377+00:00,data/raw/master/customers.csv,customers
CUST00001514,Taylor Brown 1514,consumer ,Albany,Northeast,2023-06-04,B,Y,N,2026-09-11T04:28:49.990377+00:00,data/raw/master/customers.csv,customers
CUST00001515,Riley Garcia 1515,Small Business,Nashville,Southeast,06/07/2019,B,N,True,2026-09-11T04:28:49.990377+00:00,data/raw/master/customers.csv,customers
CUST00001516,Jordan Smith 1516,Small Business,Atlanta,Southeast,11/05/2024,A,No,Y,2026-09-11T04:28:49.990377+00:00,data/raw/master/customers.csv,customers
CUST00001517,Casey Patel 1517,Small Business,Buffalo,Northeast,04/23/2024,C,0,N,2026-09-11T04:28:49.990377+00:00,data/raw/master/customers.csv,customers
CUST00001518,Alex Garcia 1518,Government,San Diego,West,2021-05-18,D,N,Y,2026-09-11T04:28:49.990377+00:00,data/raw/master/customers.csv,customers
CUST00001519,Morgan Brown 1519,Government,Buffalo,Northeast,08/22/2023,B,No,N,2026-09-11T04:28:49.990377+00:00,data/raw/master/customers.csv,customers
CUST00001520,Alex Kim 1520,Enterprise,Philadelphia,Northeast,12/26/2019,A,Yes,Y,2026-09-11T04:28:49.990377+00:00,data/raw/master/customers.csv,customers
CUST00001521,Alex Lee 1521,consumer ,Birmingham,Southeast,2018-03-15,B,1,Y,2026-09-11T04:28:49.990377+00:00,data/raw/master/customers.csv,customers
CUST00001522,Alex Garcia 1522,Consumer,Albany,Northeast,09/09/2024,A,Y,Y,2026-09-11T04:28:49.990377+00:00,data/raw/master/customers.csv,customers
CUST00001523,Alex Kim 1523,Government,Buffalo,Northeast,2023-04-21,C,0,Y,2026-09-11T04:28:49.990377+00:00,data/raw/master/customers.csv,customers
CUST00001524,Jordan Patel 1524,consumer ,Nashville,Southeast,08/27/2018,B,N,Y,2026-09-11T04:28:49.990377+00:00,data/raw/master/customers.csv,customers
CUST00001525,Morgan Garcia 1525,consumer ,Boston,Northeast,2023-06-24,A,1,N,2026-09-11T04:28:49.990377+00:00,data/raw/master/customers.csv,customers
CUST00001526,Riley Lee 1526,Enterprise,Boston,Northeast,2021-12-03,D,Yes,Y,2026-09-11T04:28:49.990377+00:00,data/raw/master/customers.csv,customers
CUST00001527,Riley Lee 1527,Small Business,Indianapolis,Midwest,04/30/2020,C,1,N,2026-09-11T04:28:49.990377+00:00,data/raw/master/customers.csv,customers
CUST00001528,Taylor Brown 1528,Consumer,Columbus,Midwest,01/18/2022,A,Y,Y,2026-09-11T04:28:49.990377+00:00,data/raw/master/customers.csv,customers
CUST00001529,Casey Lee 1529,Government,Detroit,Midwest,2021-10-17,C,N,True,2026-09-11T04:28:49.990377+00:00,data/raw/master/customers.csv,customers
CUST00001530,Alex Brown 1530,Consumer,Nashville,Southeast,01/27/2022,D,N,True,2026-09-11T04:28:49.990377+00:00,data/raw/master/customers.csv,customers
CUST00001531,Morgan Patel 1531,consumer ,Birmingham,Southeast,04/20/2026,C,N,True,2026-09-11T04:28:49.990377+00:00,data/raw/master/customers.csv,customers
CUST00001532,Jordan Kim 1532,Government,Portland,West,07/04/2022,B,Yes,Y,2026-09-11T04:28:49.990377+00:00,data/raw/master/customers.csv,customers
CUST00001533,Taylor Smith 1533,Government,Chicago,Midwest,2023-02-09,B,N,Y,2026-09-11T04:28:49.990377+00:00,data/raw/master/customers.csv,customers
CUST00001534,Casey Patel 1534,Consumer,Denver,West,2021-06-18,B,No,Y,2026-09-11T04:28:49.990377+00:00,data/raw/master/customers.csv,customers
CUST00001535,Casey Patel 1535,Government,Chicago,Midwest,07/01/2021,a,Yes,True,2026-09-11T04:28:49.990377+00:00,data/raw/master/customers.csv,customers
CUST00001536,Alex Garcia 1536,Small Business,Philadelphia,Northeast,2024-03-22,a,Y,Y,2026-09-11T04:28:49.990377+00:00,data/raw/master/customers.csv,customers
CUST00001537,Riley Brown 1537,Small Business,Columbus,Midwest,2025-12-16,C,Y,True,2026-09-11T04:28:49.990377+00:00,data/raw/master/customers.csv,customers
CUST00001538,Jordan Kim 1538,Consumer,Austin,Southwest,08/22/2019,a,N,Y,2026-09-11T04:28:49.990377+00:00,data/raw/master/customers.csv,customers
CUST00001539,Casey Kim 1539,Enterprise,Birmingham,Southeast,04/22/2019,a,Y,N,2026-09-11T04:28:49.990377+00:00,data/raw/master/customers.csv,customers
CUST00001540,Jordan Lee 1540,Government,San Diego,West,2019-03-10,D,Y,N,2026-09-11T04:28:49.990377+00:00,data/raw/master/customers.csv,customers
CUST00001541,Riley Brown 1541,Consumer,Austin,Southwest,2018-03-24,a,Yes,Y,2026-09-11T04:28:49.990377+00:00,data/raw/master/customers.csv,customers
CUST00001542,Morgan Brown 1542,Government,Phoenix,Southwest,2024-06-19,B,Y,Y,2026-09-11T04:28:49.990377+00:00,data/raw/master/customers.csv,customers
CUST00001543,Alex Brown 1543,Enterprise,Albuquerque,Southwest,11/26/2022,B,0,N,2026-09-11T04:28:49.990377+00:00,data/raw/master/customers.csv,customers
CUST00001544,Riley Kim 1544,Small Business,San Diego,West,2025-10-06,D,No,Y,2026-09-11T04:28:49.990377+00:00,data/raw/master/customers.csv,customers
CUST00001545,Jordan Lee 1545,Government,Portland,West,2018-05-15,C,N,Y,2026-09-11T04:28:49.990377+00:00,data/raw/master/customers.csv,customers
CUST00001546,Morgan Brown 1546,Enterprise,Birmingham,Southeast,2025-02-27,a,No,Y,2026-09-11T04:28:49.990377+00:00,data/raw/master/customers.csv,customers
CUST00001547,Casey Kim 1547,consumer ,Albuquerque,Southwest,04/30/2021,D,Yes,Y,2026-09-11T04:28:49.990377+00:00,data/raw/master/customers.csv,customers
CUST00001548,Casey Garcia 1548,consumer ,Detroit,Midwest,02/09/2024,D,No,True,2026-09-11T04:28:49.990377+00:00,data/raw/master/customers.csv,customers
CUST00001549,Alex Smith 1549,Enterprise,Columbus,Midwest,11/16/2021,D,No,Y,2026-09-11T04:28:49.990377+00:00,data/raw/master/customers.csv,customers
CUST00001550,Jordan Lee 1550,Enterprise,Austin,Southwest,2025-08-19,B,N,True,2026-09-11T04:28:49.990377+00:00,data/raw/master/customers.csv,customers
CUST00001551,Taylor Patel 1551,consumer ,Austin,Southwest,2025-12-16,C,Y,Y,2026-09-11T04:28:49.990377+00:00,data/raw/master/customers.csv,customers
CUST00001552,Alex Kim 1552,consumer ,Jacksonville,Southeast,12/02/2018,B,1,N,2026-09-11T04:28:49.990377+00:00,data/raw/master/customers.csv,customers
CUST00001553,Casey Patel 1553,consumer ,Boston,Northeast,12/13/2022,A,N,N,2026-09-11T04:28:49.990377+00:00,data/raw/master/customers.csv,customers
CUST00001554,Riley Lee 1554,Consumer,Chicago,Midwest,01/15/2020,D,1,N,2026-09-11T04:28:49.990377+00:00,data/raw/master/customers.csv,customers
CUST00001555,Jordan Patel 1555,Small Business,San Diego,West,2026-03-17,a,No,N,2026-09-11T04:28:49.990377+00:00,data/raw/master/customers.csv,customers
CUST00001556,Morgan Smith 1556,consumer ,Albany,Northeast,2020-04-23,a,N,Y,2026-09-11T04:28:49.990377+00:00,data/raw/master/customers.csv,customers
CUST00001557,Casey Brown 1557,Small Business,Dallas,Southwest,2022-09-29,A,Y,N,2026-09-11T04:28:49.990377+00:00,data/raw/master/customers.csv,customers
CUST00001558,Casey Kim 1558,Government,Nashville,Southeast,2025-11-03,a,Y,N,2026-09-11T04:28:49.990377+00:00,data/raw/master/customers.csv,customers
CUST00001559,Taylor Smith 1559,Enterprise,Albany,Northeast,01/17/2023,B,N,True,2026-09-11T04:28:49.990377+00:00,data/raw/master/customers.csv,customers
CUST00001560,Casey Brown 1560,Small Business,Columbus,Midwest,2023-02-26,C,Y,Y,2026-09-11T04:28:49.990377+00:00,data/raw/master/customers.csv,customers
CUST00001561,Morgan Smith 1561,consumer ,Austin,Southwest,2018-07-19,C,Yes,Y,2026-09-11T04:28:49.990377+00:00,data/raw/master/customers.csv,customers
CUST00001562,Jordan Lee 1562,Small Business,Columbus,Midwest,2022-02-22,C,No,True,2026-09-11T04:28:49.990377+00:00,data/raw/master/customers.csv,customers
CUST00001563,Jordan Lee 1563,Small Business,Dallas,Southwest,2025-07-24,D,No,Y,2026-09-11T04:28:49.990377+00:00,data/raw/master/customers.csv,customers
CUST00001564,Taylor Patel 1564,Government,Philadelphia,Northeast,12/15/2022,C,0,Y,2026-09-11T04:28:49.990377+00:00,data/raw/master/customers.csv,customers
CUST00001565,Taylor Lee 1565,consumer ,Dallas,Southwest,2019-09-09,B,N,Y,2026-09-11T04:28:49.990377+00:00,data/raw/master/customers.csv,customers
CUST00001566,Alex Kim 1566,consumer ,Buffalo,Northeast,2024-07-27,D,No,N,2026-09-11T04:28:49.990377+00:00,data/raw/master/customers.csv,customers
CUST00001567,Jordan Lee 1567,Small Business,Boston,Northeast,05/23/2024,A,No,Y,2026-09-11T04:28:49.990377+00:00,data/raw/master/customers.csv,customers
CUST00001568,Morgan Garcia 1568,Small Business,Denver,West,2025-07-14,D,No,Y,2026-09-11T04:28:49.990377+00:00,data/raw/master/customers.csv,customers
CUST00001569,Taylor Smith 1569,Consumer,Boston,Northeast,2021-10-25,B,Y,Y,2026-09-11T04:28:49.990377+00:00,data/raw/master/customers.csv,customers
CUST00001570,Alex Lee 1570,Enterprise,Chicago,Midwest,2021-09-13,D,No,Y,2026-09-11T04:28:49.990377+00:00,data/raw/master/customers.csv,customers
CUST00001571,Taylor Smith 1571,Consumer,Philadelphia,Northeast,2019-10-17,A,N,N,2026-09-11T04:28:49.990377+00:00,data/raw/master/customers.csv,customers
CUST00001572,Morgan Kim 1572,Consumer,Buffalo,Northeast,02/21/2023,B,No,True,2026-09-11T04:28:49.990377+00:00,data/raw/master/customers.csv,customers
CUST00001573,Jordan Lee 1573,Government,Detroit,Midwest,03/11/2026,A,1,Y,2026-09-11T04:28:49.990377+00:00,data/raw/master/customers.csv,customers
CUST00001574,Jordan Kim 1574,Government,Boston,Northeast,2020-07-23,B,Yes,Y,2026-09-11T04:28:49.990377+00:00,data/raw/master/customers.csv,customers
CUST00001575,Jordan Lee 1575,consumer ,Nashville,Southeast,2019-11-08,C,Yes,Y,2026-09-11T04:28:49.990377+00:00,data/raw/master/customers.csv,customers
CUST00001576,Casey Brown 1576,Enterprise,Austin,Southwest,05/06/2021,a,Yes,N,2026-09-11T04:28:49.990377+00:00,data/raw/master/customers.csv,customers
CUST00001577,Casey Lee 1577,Small Business,Columbus,Midwest,07/11/2023,B,Yes,Y,2026-09-11T04:28:49.990377+00:00,data/raw/master/customers.csv,customers
CUST00001578,Morgan Smith 1578,Consumer,Chicago,Midwest,12/27/2022,D,No,True,2026-09-11T04:28:49.990377+00:00,data/raw/master/customers.csv,customers
CUST00001579,Taylor Brown 1579,Enterprise,Buffalo,Northeast,2022-06-12,B,Yes,Y,2026-09-11T04:28:49.990377+00:00,data/raw/master/customers.csv,customers
CUST00001580,Jordan Smith 1580,Small Business,Dallas,Southwest,2018-11-01,a,N,Y,2026-09-11T04:28:49.990377+00:00,data/raw/master/customers.csv,customers
CUST00001581,Morgan Brown 1581,Enterprise,Dallas,Southwest,08/01/2022,a,0,Y,2026-09-11T04:28:49.990377+00:00,data/raw/master/customers.csv,customers
CUST00001582,Riley Patel 1582,Consumer,Jacksonville,Southeast,2022-04-16,A,Y,Y,2026-09-11T04:28:49.990377+00:00,data/raw/master/customers.csv,customers
CUST00001583,Taylor Garcia 1583,Consumer,Philadelphia,Northeast,03/26/2026,B,Yes,N,2026-09-11T04:28:49.990377+00:00,data/raw/master/customers.csv,customers
CUST00001584,Morgan Garcia 1584,Government,Columbus,Midwest,2022-07-10,D,1,True,2026-09-11T04:28:49.990377+00:00,data/raw/master/customers.csv,customers
CUST00001585,Jordan Lee 1585,Consumer,Columbus,Midwest,2019-07-18,D,1,Y,2026-09-11T04:28:49.990377+00:00,data/raw/master/customers.csv,customers
CUST00001586,Casey Brown 1586,Consumer,Jacksonville,Southeast,08/30/2025,D,0,Y,2026-09-11T04:28:49.990377+00:00,data/raw/master/customers.csv,customers
CUST00001587,Casey Kim 1587,consumer ,Nashville,Southeast,2019-12-31,C,Y,Y,2026-09-11T04:28:49.990377+00:00,data/raw/master/customers.csv,customers
CUST00001588,Taylor Smith 1588,Government,Albany,Northeast,11/25/2021,a,N,True,2026-09-11T04:28:49.990377+00:00,data/raw/master/customers.csv,customers
CUST00001589,Riley Brown 1589,Government,Dallas,Southwest,2018-10-25,B,Yes,Y,2026-09-11T04:28:49.990377+00:00,data/raw/master/customers.csv,customers
CUST00001590,Casey Brown 1590,Small Business,Indianapolis,Midwest,01/01/2021,A,1,Y,2026-09-11T04:28:49.990377+00:00,data/raw/master/customers.csv,customers
CUST00001591,Jordan Smith 1591,consumer ,Atlanta,Southeast,05/07/2022,D,Y,N,2026-09-11T04:28:49.990377+00:00,data/raw/master/customers.csv,customers
CUST00001592,Alex Smith 1592,Small Business,Atlanta,Southeast,12/09/2021,A,N,N,2026-09-11T04:28:49.990377+00:00,data/raw/master/customers.csv,customers
CUST00001593,Alex Brown 1593,Small Business,Indianapolis,Midwest,2018-04-24,A,Yes,True,2026-09-11T04:28:49.990377+00:00,data/raw/master/customers.csv,customers
CUST00001594,Casey Brown 1594,Consumer,Detroit,Midwest,2021-10-30,D,Y,True,2026-09-11T04:28:49.990377+00:00,data/raw/master/customers.csv,customers
CUST00001595,Morgan Patel 1595,Small Business,Boston,Northeast,02/11/2024,C,Yes,Y,2026-09-11T04:28:49.990377+00:00,data/raw/master/customers.csv,customers
CUST00001596,Jordan Garcia 1596,Consumer,Atlanta,Southeast,2021-04-26,C,N,Y,2026-09-11T04:28:49.990377+00:00,data/raw/master/customers.csv,customers
CUST00001597,Taylor Kim 1597,Consumer,Portland,West,2024-10-05,A,No,N,2026-09-11T04:28:49.990377+00:00,data/raw/master/customers.csv,customers
CUST00001598,Casey Brown 1598,Consumer,Portland,West,06/14/2018,D,No,Y,2026-09-11T04:28:49.990377+00:00,data/raw/master/customers.csv,customers
CUST00001599,Jordan Smith 1599,Small Business,Birmingham,Southeast,2023-04-11,A,N,Y,2026-09-11T04:28:49.990377+00:00,data/raw/master/customers.csv,customers
CUST00001600,Casey Smith 1600,Small Business,San Diego,West,2024-01-24,A,1,Y,2026-09-11T04:28:49.990377+00:00,data/raw/master/customers.csv,customers
CUST00001601,Alex Garcia 1601,Government,Buffalo,Northeast,10/31/2022,B,0,Y,2026-09-11T04:28:49.990377+00:00,data/raw/master/customers.csv,customers
CUST00001602,Casey Brown 1602,Government,Denver,West,06/10/2023,C,Y,Y,2026-09-11T04:28:49.990377+00:00,data/raw/master/customers.csv,customers
CUST00001603,Taylor Kim 1603,Small Business,Portland,West,2024-03-15,B,No,Y,2026-09-11T04:28:49.990377+00:00,data/raw/master/customers.csv,customers
CUST00001604,Casey Smith 1604,Enterprise,Dallas,Southwest,10/19/2018,a,Y,True,2026-09-11T04:28:49.990377+00:00,data/raw/master/customers.csv,customers
CUST00001605,Jordan Smith 1605,consumer ,Phoenix,Southwest,03/11/2023,B,Yes,N,2026-09-11T04:28:49.990377+00:00,data/raw/master/customers.csv,customers
CUST00001606,Taylor Patel 1606,Government,Boston,Northeast,05/26/2025,A,Y,N,2026-09-11T04:28:49.990377+00:00,data/raw/master/customers.csv,customers
CUST00001607,Casey Lee 1607,Government,Chicago,Midwest,2019-07-28,B,1,N,2026-09-11T04:28:49.990377+00:00,data/raw/master/customers.csv,customers
CUST00001608,Morgan Smith 1608,Small Business,Birmingham,Southeast,07/29/2020,C,No,Y,2026-09-11T04:28:49.990377+00:00,data/raw/master/customers.csv,customers
CUST00001609,Alex Garcia 1609,Small Business,Albuquerque,Southwest,08/31/2021,B,Yes,Y,2026-09-11T04:28:49.990377+00:00,data/raw/master/customers.csv,customers
CUST00001610,Casey Garcia 1610,Small Business,Albany,Northeast,2021-03-03,C,1,Y,2026-09-11T04:28:49.990377+00:00,data/raw/master/customers.csv,customers
CUST00001611,Alex Smith 1611,Small Business,Jacksonville,Southeast,2020-08-07,A,Yes,Y,2026-09-11T04:28:49.990377+00:00,data/raw/master/customers.csv,customers
CUST00001612,Casey Brown 1612,Consumer,Phoenix,Southwest,04/22/2021,D,N,N,2026-09-11T04:28:49.990377+00:00,data/raw/master/customers.csv,customers
CUST00001613,Alex Patel 1613,Enterprise,Albuquerque,Southwest,04/19/2022,A,Yes,N,2026-09-11T04:28:49.990377+00:00,data/raw/master/customers.csv,customers
CUST00001614,Riley Brown 1614,consumer ,Atlanta,Southeast,2024-10-06,C,0,N,2026-09-11T04:28:49.990377+00:00,data/raw/master/customers.csv,customers
CUST00001615,Morgan Brown 1615,Enterprise,Jacksonville,Southeast,01/26/2021,C,0,N,2026-09-11T04:28:49.990377+00:00,data/raw/master/customers.csv,customers
CUST00001616,Alex Smith 1616,Enterprise,Birmingham,Southeast,2020-08-21,A,Y,Y,2026-09-11T04:28:49.990377+00:00,data/raw/master/customers.csv,customers
CUST00001617,Casey Patel 1617,consumer ,Albuquerque,Southwest,2021-09-25,C,1,Y,2026-09-11T04:28:49.990377+00:00,data/raw/master/customers.csv,customers
CUST00001618,Morgan Garcia 1618,Consumer,Boston,Northeast,03/24/2018,D,0,Y,2026-09-11T04:28:49.990377+00:00,data/raw/master/customers.csv,customers
CUST00001619,Jordan Smith 1619,consumer ,Buffalo,Northeast,09/17/2018,a,0,Y,2026-09-11T04:28:49.990377+00:00,data/raw/master/customers.csv,customers
CUST00001620,Taylor Garcia 1620,consumer ,Jacksonville,Southeast,2022-09-22,B,1,Y,2026-09-11T04:28:49.990377+00:00,data/raw/master/customers.csv,customers
CUST00001621,Casey Lee 1621,Small Business,Dallas,Southwest,10/22/2025,a,Y,Y,2026-09-11T04:28:49.990377+00:00,data/raw/master/customers.csv,customers
CUST00001622,Morgan Smith 1622,consumer ,Buffalo,Northeast,08/26/2025,D,Y,Y,2026-09-11T04:28:49.990377+00:00,data/raw/master/customers.csv,customers
CUST00001623,Morgan Patel 1623,Small Business,Nashville,Southeast,09/08/2020,C,N,Y,2026-09-11T04:28:49.990377+00:00,data/raw/master/customers.csv,customers
CUST00001624,Alex Brown 1624,Enterprise,Indianapolis,Midwest,07/15/2023,C,0,Y,2026-09-11T04:28:49.990377+00:00,data/raw/master/customers.csv,customers
CUST00001625,Casey Kim 1625,Consumer,Birmingham,Southeast,2019-04-26,B,N,N,2026-09-11T04:28:49.990377+00:00,data/raw/master/customers.csv,customers
CUST00001626,Casey Garcia 1626,consumer ,Indianapolis,Midwest,2022-05-03,B,0,Y,2026-09-11T04:28:49.990377+00:00,data/raw/master/customers.csv,customers
CUST00001627,Morgan Brown 1627,consumer ,Indianapolis,Midwest,2022-07-23,D,Yes,Y,2026-09-11T04:28:49.990377+00:00,data/raw/master/customers.csv,customers
CUST00001628,Riley Lee 1628,Consumer,Birmingham,Southeast,2020-02-17,A,1,True,2026-09-11T04:28:49.990377+00:00,data/raw/master/customers.csv,customers
CUST00001629,Taylor Smith 1629,Government,Dallas,Southwest,2021-05-07,B,No,N,2026-09-11T04:28:49.990377+00:00,data/raw/master/customers.csv,customers
CUST00001630,Morgan Smith 1630,consumer ,Columbus,Midwest,01/29/2018,B,0,Y,2026-09-11T04:28:49.990377+00:00,data/raw/master/customers.csv,customers
CUST00001631,Riley Smith 1631,Small Business,Albuquerque,Southwest,06/17/2019,C,Y,N,2026-09-11T04:28:49.990377+00:00,data/raw/master/customers.csv,customers
CUST00001632,Taylor Smith 1632,Government,Seattle,West,2021-02-24,D,Y,Y,2026-09-11T04:28:49.990377+00:00,data/raw/master/customers.csv,customers
CUST00001633,Casey Kim 1633,Enterprise,Albuquerque,Southwest,2025-09-08,B,N,Y,2026-09-11T04:28:49.990377+00:00,data/raw/master/customers.csv,customers
CUST00001634,Jordan Garcia 1634,Enterprise,Birmingham,Southeast,2021-04-29,C,No,N,2026-09-11T04:28:49.990377+00:00,data/raw/master/customers.csv,customers
CUST00001635,Alex Smith 1635,Enterprise,Buffalo,Northeast,2022-12-31,a,1,Y,2026-09-11T04:28:49.990377+00:00,data/raw/master/customers.csv,customers
CUST00001636,Riley Lee 1636,Government,Indianapolis,Midwest,10/21/2020,A,0,Y,2026-09-11T04:28:49.990377+00:00,data/raw/master/customers.csv,customers
CUST00001637,Jordan Lee 1637,Enterprise,Jacksonville,Southeast,2023-07-02,B,0,Y,2026-09-11T04:28:49.990377+00:00,data/raw/master/customers.csv,customers
CUST00001638,Morgan Kim 1638,Small Business,Dallas,Southwest,08/07/2023,C,Yes,N,2026-09-11T04:28:49.990377+00:00,data/raw/master/customers.csv,customers
CUST00001639,Morgan Patel 1639,Small Business,Seattle,West,2019-12-15,D,No,N,2026-09-11T04:28:49.990377+00:00,data/raw/master/customers.csv,customers
CUST00001640,Alex Smith 1640,Government,Albuquerque,Southwest,2022-06-17,D,Yes,N,2026-09-11T04:28:49.990377+00:00,data/raw/master/customers.csv,customers
CUST00001641,Alex Lee 1641,Small Business,Seattle,West,2021-08-18,D,Y,Y,2026-09-11T04:28:49.990377+00:00,data/raw/master/customers.csv,customers
CUST00001642,Jordan Smith 1642,Enterprise,Albuquerque,Southwest,2020-09-10,A,1,Y,2026-09-11T04:28:49.990377+00:00,data/raw/master/customers.csv,customers
CUST00001643,Morgan Garcia 1643,Government,San Diego,West,2024-08-16,B,N,True,2026-09-11T04:28:49.990377+00:00,data/raw/master/customers.csv,customers
CUST00001644,Taylor Kim 1644,Small Business,Portland,West,02/22/2019,A,Y,Y,2026-09-11T04:28:49.990377+00:00,data/raw/master/customers.csv,customers
CUST00001645,Taylor Smith 1645,Government,Phoenix,Southwest,02/08/2025,C,No,Y,2026-09-11T04:28:49.990377+00:00,data/raw/master/customers.csv,customers
CUST00001646,Alex Brown 1646,Small Business,Dallas,Southwest,2020-09-22,a,No,Y,2026-09-11T04:28:49.990377+00:00,data/raw/master/customers.csv,customers
CUST00001647,Taylor Patel 1647,Consumer,Dallas,Southwest,04/11/2022,a,1,Y,2026-09-11T04:28:49.990377+00:00,data/raw/master/customers.csv,customers
CUST00001648,Jordan Patel 1648,Consumer,Jacksonville,Southeast,12/26/2021,a,No,N,2026-09-11T04:28:49.990377+00:00,data/raw/master/customers.csv,customers
CUST00001649,Riley Lee 1649,consumer ,Dallas,Southwest,2025-10-29,D,0,Y,2026-09-11T04:28:49.990377+00:00,data/raw/master/customers.csv,customers
CUST00001650,Jordan Smith 1650,Government,Detroit,Midwest,2023-07-30,B,Y,N,2026-09-11T04:28:49.990377+00:00,data/raw/master/customers.csv,customers
CUST00001651,Riley Patel 1651,Consumer,Detroit,Midwest,2021-11-07,C,1,N,2026-09-11T04:28:49.990377+00:00,data/raw/master/customers.csv,customers
CUST00001652,Morgan Lee 1652,Enterprise,Phoenix,Southwest,03/11/2021,D,0,Y,2026-09-11T04:28:49.990377+00:00,data/raw/master/customers.csv,customers
CUST00001653,Morgan Smith 1653,Small Business,Buffalo,Northeast,09/06/2021,B,Y,True,2026-09-11T04:28:49.990377+00:00,data/raw/master/customers.csv,customers
CUST00001654,Taylor Lee 1654,Consumer,Philadelphia,Northeast,2018-01-20,D,1,N,2026-09-11T04:28:49.990377+00:00,data/raw/master/customers.csv,customers
CUST00001655,Morgan Lee 1655,consumer ,Albuquerque,Southwest,02/19/2022,C,0,Y,2026-09-11T04:28:49.990377+00:00,data/raw/master/customers.csv,customers
CUST00001656,Jordan Garcia 1656,Government,Detroit,Midwest,02/11/2021,A,No,Y,2026-09-11T04:28:49.990377+00:00,data/raw/master/customers.csv,customers
CUST00001657,Jordan Brown 1657,Government,Portland,West,06/25/2024,a,0,Y,2026-09-11T04:28:49.990377+00:00,data/raw/master/customers.csv,customers
CUST00001658,Riley Brown 1658,Enterprise,Dallas,Southwest,02/28/2024,C,Y,True,2026-09-11T04:28:49.990377+00:00,data/raw/master/customers.csv,customers
CUST00001659,Riley Garcia 1659,Small Business,Denver,West,06/06/2019,a,0,Y,2026-09-11T04:28:49.990377+00:00,data/raw/master/customers.csv,customers
CUST00001660,Jordan Patel 1660,Government,Denver,West,2026-03-07,D,Y,True,2026-09-11T04:28:49.990377+00:00,data/raw/master/customers.csv,customers
CUST00001661,Morgan Smith 1661,consumer ,Birmingham,Southeast,2020-10-23,A,1,N,2026-09-11T04:28:49.990377+00:00,data/raw/master/customers.csv,customers
CUST00001662,Alex Kim 1662,Government,Albany,Northeast,2023-04-17,C,Y,Y,2026-09-11T04:28:49.990377+00:00,data/raw/master/customers.csv,customers
CUST00001663,Riley Patel 1663,Government,Birmingham,Southeast,03/06/2024,A,0,N,2026-09-11T04:28:49.990377+00:00,data/raw/master/customers.csv,customers
CUST00001664,Jordan Garcia 1664,consumer ,Philadelphia,Northeast,2025-03-15,D,Y,Y,2026-09-11T04:28:49.990377+00:00,data/raw/master/customers.csv,customers
CUST00001665,Jordan Lee 1665,Enterprise,Denver,West,2025-07-09,a,1,Y,2026-09-11T04:28:49.990377+00:00,data/raw/master/customers.csv,customers
CUST00001666,Casey Kim 1666,Government,San Diego,West,2018-03-28,a,1,Y,2026-09-11T04:28:49.990377+00:00,data/raw/master/customers.csv,customers
CUST00001667,Taylor Lee 1667,consumer ,Phoenix,Southwest,2021-09-08,B,0,True,2026-09-11T04:28:49.990377+00:00,data/raw/master/customers.csv,customers
CUST00001668,Riley Kim 1668,consumer ,Birmingham,Southeast,2018-02-11,A,No,Y,2026-09-11T04:28:49.990377+00:00,data/raw/master/customers.csv,customers
CUST00001669,Alex Lee 1669,Small Business,Philadelphia,Northeast,02/26/2025,A,Y,Y,2026-09-11T04:28:49.990377+00:00,data/raw/master/customers.csv,customers
CUST00001670,Casey Patel 1670,Consumer,Albuquerque,Southwest,2025-01-25,A,Yes,Y,2026-09-11T04:28:49.990377+00:00,data/raw/master/customers.csv,customers
CUST00001671,Riley Brown 1671,Enterprise,Philadelphia,Northeast,04/20/2019,B,Y,Y,2026-09-11T04:28:49.990377+00:00,data/raw/master/customers.csv,customers
CUST00001672,Taylor Brown 1672,Small Business,Indianapolis,Midwest,11/28/2019,D,0,Y,2026-09-11T04:28:49.990377+00:00,data/raw/master/customers.csv,customers
CUST00001673,Casey Brown 1673,Consumer,Indianapolis,Midwest,2025-09-18,C,Y,Y,2026-09-11T04:28:49.990377+00:00,data/raw/master/customers.csv,customers
CUST00001674,Riley Kim 1674,Consumer,Albuquerque,Southwest,02/09/2020,A,Yes,Y,2026-09-11T04:28:49.990377+00:00,data/raw/master/customers.csv,customers
CUST00001675,Jordan Lee 1675,consumer ,Phoenix,Southwest,12/06/2019,A,Y,N,2026-09-11T04:28:49.990377+00:00,data/raw/master/customers.csv,customers
CUST00001676,Taylor Lee 1676,consumer ,Columbus,Midwest,2024-12-18,D,Yes,Y,2026-09-11T04:28:49.990377+00:00,data/raw/master/customers.csv,customers
CUST00001677,Taylor Brown 1677,Government,Austin,Southwest,2019-01-15,a,Yes,N,2026-09-11T04:28:49.990377+00:00,data/raw/master/customers.csv,customers
CUST00001678,Alex Garcia 1678,Government,Birmingham,Southeast,08/11/2024,C,Yes,Y,2026-09-11T04:28:49.990377+00:00,data/raw/master/customers.csv,customers
CUST00001679,Casey Smith 1679,Enterprise,Dallas,Southwest,2019-10-25,a,1,Y,2026-09-11T04:28:49.990377+00:00,data/raw/master/customers.csv,customers
CUST00001680,Morgan Kim 1680,consumer ,Indianapolis,Midwest,2022-04-21,a,1,Y,2026-09-11T04:28:49.990377+00:00,data/raw/master/customers.csv,customers
CUST00001681,Taylor Lee 1681,Small Business,Dallas,Southwest,2021-05-11,C,1,Y,2026-09-11T04:28:49.990377+00:00,data/raw/master/customers.csv,customers
CUST00001682,Alex Brown 1682,Small Business,Philadelphia,Northeast,09/17/2024,a,1,Y,2026-09-11T04:28:49.990377+00:00,data/raw/master/customers.csv,customers
CUST00001683,Alex Garcia 1683,Small Business,San Diego,West,2024-05-09,a,Y,Y,2026-09-11T04:28:49.990377+00:00,data/raw/master/customers.csv,customers
CUST00001684,Taylor Lee 1684,Small Business,Seattle,West,11/30/2020,a,N,Y,2026-09-11T04:28:49.990377+00:00,data/raw/master/customers.csv,customers
CUST00001685,Morgan Kim 1685,Enterprise,Chicago,Midwest,11/17/2022,C,0,N,2026-09-11T04:28:49.990377+00:00,data/raw/master/customers.csv,customers
CUST00001686,Jordan Garcia 1686,consumer ,Atlanta,Southeast,09/26/2022,a,No,N,2026-09-11T04:28:49.990377+00:00,data/raw/master/customers.csv,customers
CUST00001687,Taylor Patel 1687,Government,Philadelphia,Northeast,03/24/2019,A,1,Y,2026-09-11T04:28:49.990377+00:00,data/raw/master/customers.csv,customers
CUST00001688,Alex Brown 1688,Government,Denver,West,09/18/2025,A,0,True,2026-09-11T04:28:49.990377+00:00,data/raw/master/customers.csv,customers
CUST00001689,Morgan Patel 1689,Enterprise,Atlanta,Southeast,2020-04-07,a,0,Y,2026-09-11T04:28:49.990377+00:00,data/raw/master/customers.csv,customers
CUST00001690,Morgan Brown 1690,Government,Indianapolis,Midwest,07/23/2024,a,0,Y,2026-09-11T04:28:49.990377+00:00,data/raw/master/customers.csv,customers
CUST00001691,Jordan Lee 1691,Small Business,Nashville,Southeast,2023-02-14,D,Y,Y,2026-09-11T04:28:49.990377+00:00,data/raw/master/customers.csv,customers
CUST00001692,Alex Patel 1692,Enterprise,San Diego,West,02/05/2019,B,1,Y,2026-09-11T04:28:49.990377+00:00,data/raw/master/customers.csv,customers
CUST00001693,Riley Garcia 1693,Small Business,Philadelphia,Northeast,04/27/2018,B,1,True,2026-09-11T04:28:49.990377+00:00,data/raw/master/customers.csv,customers
CUST00001694,Morgan Patel 1694,consumer ,Austin,Southwest,2018-09-03,C,1,Y,2026-09-11T04:28:49.990377+00:00,data/raw/master/customers.csv,customers
CUST00001695,Morgan Patel 1695,Enterprise,Detroit,Midwest,2024-06-21,B,0,True,2026-09-11T04:28:49.990377+00:00,data/raw/master/customers.csv,customers
CUST00001696,Alex Kim 1696,consumer ,Philadelphia,Northeast,2024-03-06,D,0,Y,2026-09-11T04:28:49.990377+00:00,data/raw/master/customers.csv,customers
CUST00001697,Alex Patel 1697,Enterprise,San Diego,West,2024-10-03,a,No,Y,2026-09-11T04:28:49.990377+00:00,data/raw/master/customers.csv,customers
CUST00001698,Morgan Smith 1698,Small Business,Albuquerque,Southwest,08/01/2019,D,N,Y,2026-09-11T04:28:49.990377+00:00,data/raw/master/customers.csv,customers
CUST00001699,Alex Lee 1699,Small Business,Portland,West,10/31/2023,B,No,Y,2026-09-11T04:28:49.990377+00:00,data/raw/master/customers.csv,customers
CUST00001700,Alex Garcia 1700,Small Business,San Diego,West,2021-08-25,D,0,Y,2026-09-11T04:28:49.990377+00:00,data/raw/master/customers.csv,customers
CUST00001701,Riley Patel 1701,Government,San Diego,West,08/12/2019,C,N,Y,2026-09-11T04:28:49.990377+00:00,data/raw/master/customers.csv,customers
CUST00001702,Jordan Smith 1702,Small Business,Phoenix,Southwest,11/26/2022,a,Yes,N,2026-09-11T04:28:49.990377+00:00,data/raw/master/customers.csv,customers
CUST00001703,Taylor Patel 1703,Enterprise,Birmingham,Southeast,09/09/2025,A,Y,True,2026-09-11T04:28:49.990377+00:00,data/raw/master/customers.csv,customers
CUST00001704,Alex Brown 1704,Government,Seattle,West,10/11/2020,A,0,True,2026-09-11T04:28:49.990377+00:00,data/raw/master/customers.csv,customers
CUST00001705,Casey Lee 1705,Small Business,San Diego,West,2024-02-14,B,1,Y,2026-09-11T04:28:49.990377+00:00,data/raw/master/customers.csv,customers
CUST00001706,Taylor Brown 1706,Consumer,Chicago,Midwest,2020-12-13,a,Yes,Y,2026-09-11T04:28:49.990377+00:00,data/raw/master/customers.csv,customers
CUST00001707,Taylor Brown 1707,Small Business,Columbus,Midwest,11/20/2024,C,Yes,Y,2026-09-11T04:28:49.990377+00:00,data/raw/master/customers.csv,customers
CUST00001708,Taylor Lee 1708,Enterprise,Seattle,West,2020-02-22,B,No,Y,2026-09-11T04:28:49.990377+00:00,data/raw/master/customers.csv,customers
CUST00001709,Riley Brown 1709,Small Business,Nashville,Southeast,2024-06-23,D,Y,Y,2026-09-11T04:28:49.990377+00:00,data/raw/master/customers.csv,customers
CUST00001710,Riley Smith 1710,consumer ,Dallas,Southwest,03/18/2024,B,0,Y,2026-09-11T04:28:49.990377+00:00,data/raw/master/customers.csv,customers
CUST00001711,Morgan Kim 1711,Small Business,Nashville,Southeast,2018-08-09,a,0,Y,2026-09-11T04:28:49.990377+00:00,data/raw/master/customers.csv,customers
CUST00001712,Morgan Kim 1712,Small Business,Buffalo,Northeast,10/26/2023,D,0,Y,2026-09-11T04:28:49.990377+00:00,data/raw/master/customers.csv,customers
CUST00001713,Jordan Patel 1713,Consumer,Portland,West,09/06/2020,a,No,Y,2026-09-11T04:28:49.990377+00:00,data/raw/master/customers.csv,customers
CUST00001714,Morgan Kim 1714,Small Business,Columbus,Midwest,08/28/2022,B,No,Y,2026-09-11T04:28:49.990377+00:00,data/raw/master/customers.csv,customers
CUST00001715,Morgan Lee 1715,consumer ,Austin,Southwest,04/21/2024,A,Yes,True,2026-09-11T04:28:49.990377+00:00,data/raw/master/customers.csv,customers
CUST00001716,Alex Kim 1716,Consumer,Denver,West,01/11/2025,D,No,True,2026-09-11T04:28:49.990377+00:00,data/raw/master/customers.csv,customers
CUST00001717,Alex Brown 1717,Small Business,Albuquerque,Southwest,2024-05-23,B,0,True,2026-09-11T04:28:49.990377+00:00,data/raw/master/customers.csv,customers
CUST00001718,Taylor Brown 1718,Small Business,Seattle,West,2020-09-18,B,0,N,2026-09-11T04:28:49.990377+00:00,data/raw/master/customers.csv,customers
CUST00001719,Alex Lee 1719,Consumer,Buffalo,Northeast,10/07/2018,B,1,N,2026-09-11T04:28:49.990377+00:00,data/raw/master/customers.csv,customers
CUST00001720,Taylor Patel 1720,Small Business,Albany,Northeast,08/19/2019,C,N,N,2026-09-11T04:28:49.990377+00:00,data/raw/master/customers.csv,customers
CUST00001721,Casey Smith 1721,Small Business,Dallas,Southwest,2026-04-24,A,N,Y,2026-09-11T04:28:49.990377+00:00,data/raw/master/customers.csv,customers
CUST00001722,Morgan Kim 1722,Government,Birmingham,Southeast,06/19/2022,C,Y,Y,2026-09-11T04:28:49.990377+00:00,data/raw/master/customers.csv,customers
CUST00001723,Alex Patel 1723,Government,Dallas,Southwest,2020-03-17,a,0,Y,2026-09-11T04:28:49.990377+00:00,data/raw/master/customers.csv,customers
CUST00001724,Jordan Lee 1724,Enterprise,Nashville,Southeast,11/20/2018,A,1,Y,2026-09-11T04:28:49.990377+00:00,data/raw/master/customers.csv,customers
CUST00001725,Alex Kim 1725,Enterprise,Detroit,Midwest,02/23/2021,C,Y,Y,2026-09-11T04:28:49.990377+00:00,data/raw/master/customers.csv,customers
CUST00001726,Riley Garcia 1726,Small Business,Atlanta,Southeast,03/12/2018,A,Y,N,2026-09-11T04:28:49.990377+00:00,data/raw/master/customers.csv,customers
CUST00001727,Morgan Kim 1727,Enterprise,Indianapolis,Midwest,07/15/2023,a,Yes,Y,2026-09-11T04:28:49.990377+00:00,data/raw/master/customers.csv,customers
CUST00001728,Jordan Smith 1728,Enterprise,Seattle,West,2018-12-07,C,Y,Y,2026-09-11T04:28:49.990377+00:00,data/raw/master/customers.csv,customers
CUST00001729,Riley Kim 1729,Government,Birmingham,Southeast,09/27/2019,C,1,Y,2026-09-11T04:28:49.990377+00:00,data/raw/master/customers.csv,customers
CUST00001730,Casey Garcia 1730,Consumer,Albany,Northeast,01/07/2022,B,0,True,2026-09-11T04:28:49.990377+00:00,data/raw/master/customers.csv,customers
CUST00001731,Jordan Brown 1731,Consumer,Albany,Northeast,10/30/2022,B,N,Y,2026-09-11T04:28:49.990377+00:00,data/raw/master/customers.csv,customers
CUST00001732,Riley Smith 1732,Small Business,Nashville,Southeast,11/21/2018,C,N,Y,2026-09-11T04:28:49.990377+00:00,data/raw/master/customers.csv,customers
CUST00001733,Jordan Garcia 1733,Small Business,Atlanta,Southeast,11/11/2018,A,No,Y,2026-09-11T04:28:49.990377+00:00,data/raw/master/customers.csv,customers
CUST00001734,Riley Smith 1734,consumer ,Detroit,Midwest,2023-03-02,a,0,Y,2026-09-11T04:28:49.990377+00:00,data/raw/master/customers.csv,customers
CUST00001735,Casey Lee 1735,Small Business,Albany,Northeast,09/07/2018,D,0,N,2026-09-11T04:28:49.990377+00:00,data/raw/master/customers.csv,customers
CUST00001736,Morgan Smith 1736,Small Business,Seattle,West,03/01/2025,a,0,Y,2026-09-11T04:28:49.990377+00:00,data/raw/master/customers.csv,customers
CUST00001737,Casey Lee 1737,Consumer,Columbus,Midwest,2019-03-24,C,1,True,2026-09-11T04:28:49.990377+00:00,data/raw/master/customers.csv,customers
CUST00001738,Morgan Garcia 1738,consumer ,Phoenix,Southwest,11/23/2020,D,0,Y,2026-09-11T04:28:49.990377+00:00,data/raw/master/customers.csv,customers
CUST00001739,Morgan Kim 1739,consumer ,Birmingham,Southeast,2024-04-29,D,No,Y,2026-09-11T04:28:49.990377+00:00,data/raw/master/customers.csv,customers
CUST00001740,Morgan Smith 1740,consumer ,Denver,West,04/14/2023,A,No,True,2026-09-11T04:28:49.990377+00:00,data/raw/master/customers.csv,customers
CUST00001741,Alex Patel 1741,consumer ,Denver,West,2025-05-26,A,Y,Y,2026-09-11T04:28:49.990377+00:00,data/raw/master/customers.csv,customers
CUST00001742,Jordan Garcia 1742,Small Business,Albany,Northeast,01/22/2018,D,Yes,N,2026-09-11T04:28:49.990377+00:00,data/raw/master/customers.csv,customers
CUST00001743,Alex Brown 1743,Small Business,Nashville,Southeast,2022-08-21,A,0,Y,2026-09-11T04:28:49.990377+00:00,data/raw/master/customers.csv,customers
CUST00001744,Morgan Patel 1744,Consumer,Indianapolis,Midwest,2020-01-21,a,1,N,2026-09-11T04:28:49.990377+00:00,data/raw/master/customers.csv,customers
CUST00001745,Riley Lee 1745,Government,Dallas,Southwest,2022-09-13,A,N,Y,2026-09-11T04:28:49.990377+00:00,data/raw/master/customers.csv,customers
CUST00001746,Morgan Lee 1746,Consumer,Denver,West,2022-03-16,D,No,Y,2026-09-11T04:28:49.990377+00:00,data/raw/master/customers.csv,customers
CUST00001747,Taylor Lee 1747,Enterprise,Buffalo,Northeast,2023-11-25,B,Y,True,2026-09-11T04:28:49.990377+00:00,data/raw/master/customers.csv,customers
CUST00001748,Taylor Garcia 1748,Enterprise,Dallas,Southwest,12/27/2024,a,Yes,Y,2026-09-11T04:28:49.990377+00:00,data/raw/master/customers.csv,customers
CUST00001749,Alex Lee 1749,Government,Detroit,Midwest,05/21/2022,A,0,Y,2026-09-11T04:28:49.990377+00:00,data/raw/master/customers.csv,customers
CUST00001750,Riley Brown 1750,consumer ,San Diego,West,2023-10-26,C,0,True,2026-09-11T04:28:49.990377+00:00,data/raw/master/customers.csv,customers
CUST00001751,Alex Garcia 1751,consumer ,Boston,Northeast,07/30/2023,C,N,Y,2026-09-11T04:28:49.990377+00:00,data/raw/master/customers.csv,customers
CUST00001752,Alex Lee 1752,Enterprise,Detroit,Midwest,06/04/2020,B,N,Y,2026-09-11T04:28:49.990377+00:00,data/raw/master/customers.csv,customers
CUST00001753,Jordan Lee 1753,consumer ,Albany,Northeast,2018-04-21,B,Y,Y,2026-09-11T04:28:49.990377+00:00,data/raw/master/customers.csv,customers
CUST00001754,Riley Patel 1754,Enterprise,Albuquerque,Southwest,2025-07-26,D,Y,Y,2026-09-11T04:28:49.990377+00:00,data/raw/master/customers.csv,customers
CUST00001755,Riley Garcia 1755,Government,Indianapolis,Midwest,2024-09-25,D,0,Y,2026-09-11T04:28:49.990377+00:00,data/raw/master/customers.csv,customers
CUST00001756,Taylor Garcia 1756,consumer ,Detroit,Midwest,2023-10-21,a,No,Y,2026-09-11T04:28:49.990377+00:00,data/raw/master/customers.csv,customers
CUST00001757,Alex Smith 1757,Consumer,Atlanta,Southeast,04/24/2025,a,0,Y,2026-09-11T04:28:49.990377+00:00,data/raw/master/customers.csv,customers
CUST00001758,Casey Smith 1758,Consumer,Chicago,Midwest,10/05/2021,A,1,N,2026-09-11T04:28:49.990377+00:00,data/raw/master/customers.csv,customers
CUST00001759,Alex Smith 1759,Small Business,Detroit,Midwest,2020-08-30,B,N,True,2026-09-11T04:28:49.990377+00:00,data/raw/master/customers.csv,customers
CUST00001760,Alex Lee 1760,Consumer,Jacksonville,Southeast,2023-06-29,a,Y,True,2026-09-11T04:28:49.990377+00:00,data/raw/master/customers.csv,customers
CUST00001761,Alex Brown 1761,Consumer,Atlanta,Southeast,06/08/2020,a,Y,N,2026-09-11T04:28:49.990377+00:00,data/raw/master/customers.csv,customers
CUST00001762,Riley Patel 1762,Enterprise,Nashville,Southeast,10/01/2021,a,Yes,Y,2026-09-11T04:28:49.990377+00:00,data/raw/master/customers.csv,customers
CUST00001763,Jordan Kim 1763,Small Business,Boston,Northeast,02/06/2025,a,0,N,2026-09-11T04:28:49.990377+00:00,data/raw/master/customers.csv,customers
CUST00001764,Alex Smith 1764,Enterprise,Boston,Northeast,2022-12-14,C,Y,Y,2026-09-11T04:28:49.990377+00:00,data/raw/master/customers.csv,customers
CUST00001765,Taylor Smith 1765,consumer ,Jacksonville,Southeast,08/26/2020,a,Yes,True,2026-09-11T04:28:49.990377+00:00,data/raw/master/customers.csv,customers
CUST00001766,Jordan Lee 1766,consumer ,Albuquerque,Southwest,2022-04-13,A,No,N,2026-09-11T04:28:49.990377+00:00,data/raw/master/customers.csv,customers
CUST00001767,Casey Brown 1767,Enterprise,Albuquerque,Southwest,2021-06-16,C,Yes,True,2026-09-11T04:28:49.990377+00:00,data/raw/master/customers.csv,customers
CUST00001768,Alex Patel 1768,Consumer,Indianapolis,Midwest,10/14/2025,C,N,N,2026-09-11T04:28:49.990377+00:00,data/raw/master/customers.csv,customers
CUST00001769,Taylor Smith 1769,Small Business,San Diego,West,2025-05-02,a,1,Y,2026-09-11T04:28:49.990377+00:00,data/raw/master/customers.csv,customers
CUST00001770,Taylor Patel 1770,Government,Chicago,Midwest,2023-04-21,A,Y,Y,2026-09-11T04:28:49.990377+00:00,data/raw/master/customers.csv,customers
CUST00001771,Riley Lee 1771,Consumer,Buffalo,Northeast,2023-04-22,A,1,Y,2026-09-11T04:28:49.990377+00:00,data/raw/master/customers.csv,customers
CUST00001772,Taylor Lee 1772,Government,Chicago,Midwest,01/08/2024,C,No,N,2026-09-11T04:28:49.990377+00:00,data/raw/master/customers.csv,customers
CUST00001773,Alex Garcia 1773,Small Business,Austin,Southwest,2023-07-18,D,No,N,2026-09-11T04:28:49.990377+00:00,data/raw/master/customers.csv,customers
CUST00001774,Casey Patel 1774,Consumer,Nashville,Southeast,2022-01-22,C,N,Y,2026-09-11T04:28:49.990377+00:00,data/raw/master/customers.csv,customers
CUST00001775,Jordan Garcia 1775,consumer ,Nashville,Southeast,2024-01-20,D,1,Y,2026-09-11T04:28:49.990377+00:00,data/raw/master/customers.csv,customers
CUST00001776,Jordan Kim 1776,consumer ,Birmingham,Southeast,07/06/2025,C,N,Y,2026-09-11T04:28:49.990377+00:00,data/raw/master/customers.csv,customers
CUST00001777,Casey Lee 1777,Government,Philadelphia,Northeast,02/17/2023,C,0,True,2026-09-11T04:28:49.990377+00:00,data/raw/master/customers.csv,customers
CUST00001778,Jordan Smith 1778,Small Business,Buffalo,Northeast,2020-11-02,D,1,True,2026-09-11T04:28:49.990377+00:00,data/raw/master/customers.csv,customers
CUST00001779,Riley Lee 1779,Government,Dallas,Southwest,2018-08-27,C,1,Y,2026-09-11T04:28:49.990377+00:00,data/raw/master/customers.csv,customers
CUST00001780,Casey Smith 1780,consumer ,San Diego,West,08/26/2021,a,No,True,2026-09-11T04:28:49.990377+00:00,data/raw/master/customers.csv,customers
CUST00001781,Morgan Lee 1781,Consumer,Portland,West,2019-07-19,C,0,N,2026-09-11T04:28:49.990377+00:00,data/raw/master/customers.csv,customers
CUST00001782,Casey Brown 1782,consumer ,Chicago,Midwest,2022-09-02,C,0,Y,2026-09-11T04:28:49.990377+00:00,data/raw/master/customers.csv,customers
CUST00001783,Morgan Lee 1783,Enterprise,Austin,Southwest,2021-03-20,A,Yes,Y,2026-09-11T04:28:49.990377+00:00,data/raw/master/customers.csv,customers
CUST00001784,Taylor Kim 1784,Enterprise,Atlanta,Southeast,02/23/2023,a,Yes,True,2026-09-11T04:28:49.990377+00:00,data/raw/master/customers.csv,customers
CUST00001785,Jordan Lee 1785,Enterprise,Detroit,Midwest,05/25/2023,a,1,Y,2026-09-11T04:28:49.990377+00:00,data/raw/master/customers.csv,customers
CUST00001786,Riley Brown 1786,Enterprise,Chicago,Midwest,11/12/2024,B,0,Y,2026-09-11T04:28:49.990377+00:00,data/raw/master/customers.csv,customers
CUST00001787,Taylor Smith 1787,Enterprise,Denver,West,2023-08-28,A,Y,True,2026-09-11T04:28:49.990377+00:00,data/raw/master/customers.csv,customers
CUST00001788,Morgan Patel 1788,Consumer,Birmingham,Southeast,04/19/2020,B,Y,Y,2026-09-11T04:28:49.990377+00:00,data/raw/master/customers.csv,customers
CUST00001789,Taylor Smith 1789,consumer ,Portland,West,2025-11-23,C,No,Y,2026-09-11T04:28:49.990377+00:00,data/raw/master/customers.csv,customers
CUST00001790,Casey Lee 1790,Enterprise,Nashville,Southeast,11/07/2019,A,0,Y,2026-09-11T04:28:49.990377+00:00,data/raw/master/customers.csv,customers
CUST00001791,Riley Brown 1791,consumer ,Indianapolis,Midwest,2022-09-07,B,Yes,True,2026-09-11T04:28:49.990377+00:00,data/raw/master/customers.csv,customers
CUST00001792,Jordan Garcia 1792,Enterprise,Chicago,Midwest,12/05/2020,B,0,Y,2026-09-11T04:28:49.990377+00:00,data/raw/master/customers.csv,customers
CUST00001793,Taylor Garcia 1793,Small Business,Austin,Southwest,03/15/2021,A,Y,N,2026-09-11T04:28:49.990377+00:00,data/raw/master/customers.csv,customers
CUST00001794,Alex Garcia 1794,Enterprise,San Diego,West,2020-09-02,B,Yes,Y,2026-09-11T04:28:49.990377+00:00,data/raw/master/customers.csv,customers
CUST00001795,Taylor Kim 1795,Government,Jacksonville,Southeast,02/03/2023,A,Y,Y,2026-09-11T04:28:49.990377+00:00,data/raw/master/customers.csv,customers
CUST00001796,Alex Brown 1796,Consumer,Seattle,West,05/23/2025,B,No,Y,2026-09-11T04:28:49.990377+00:00,data/raw/master/customers.csv,customers
CUST00001797,Alex Smith 1797,consumer ,Birmingham,Southeast,06/13/2020,a,1,Y,2026-09-11T04:28:49.990377+00:00,data/raw/master/customers.csv,customers
CUST00001798,Alex Brown 1798,Small Business,Chicago,Midwest,01/07/2022,a,N,N,2026-09-11T04:28:49.990377+00:00,data/raw/master/customers.csv,customers
CUST00001799,Riley Lee 1799,Government,Albuquerque,Southwest,03/29/2025,C,Yes,Y,2026-09-11T04:28:49.990377+00:00,data/raw/master/customers.csv,customers
CUST00001800,Taylor Brown 1800,Government,Portland,West,09/01/2019,D,Yes,N,2026-09-11T04:28:49.990377+00:00,data/raw/master/customers.csv,customers
CUST00001801,Morgan Brown 1801,Small Business,Nashville,Southeast,02/19/2024,C,Y,N,2026-09-11T04:28:49.990377+00:00,data/raw/master/customers.csv,customers
CUST00001802,Jordan Kim 1802,Consumer,Portland,West,2025-12-23,a,N,Y,2026-09-11T04:28:49.990377+00:00,data/raw/master/customers.csv,customers
CUST00001803,Casey Patel 1803,Government,Buffalo,Northeast,12/30/2020,C,Y,Y,2026-09-11T04:28:49.990377+00:00,data/raw/master/customers.csv,customers
CUST00001804,Riley Smith 1804,Consumer,Dallas,Southwest,09/25/2019,A,N,N,2026-09-11T04:28:49.990377+00:00,data/raw/master/customers.csv,customers
CUST00001805,Morgan Lee 1805,Small Business,Jacksonville,Southeast,2019-09-23,C,1,N,2026-09-11T04:28:49.990377+00:00,data/raw/master/customers.csv,customers
CUST00001806,Taylor Patel 1806,Enterprise,Philadelphia,Northeast,2019-02-12,D,N,Y,2026-09-11T04:28:49.990377+00:00,data/raw/master/customers.csv,customers
CUST00001807,Riley Smith 1807,Government,Columbus,Midwest,07/09/2022,C,1,Y,2026-09-11T04:28:49.990377+00:00,data/raw/master/customers.csv,customers
CUST00001808,Riley Brown 1808,Government,Phoenix,Southwest,2019-05-24,B,Yes,Y,2026-09-11T04:28:49.990377+00:00,data/raw/master/customers.csv,customers
CUST00001809,Alex Lee 1809,Enterprise,Indianapolis,Midwest,11/17/2019,D,1,N,2026-09-11T04:28:49.990377+00:00,data/raw/master/customers.csv,customers
CUST00001810,Morgan Smith 1810,Small Business,Buffalo,Northeast,2024-11-16,a,N,Y,2026-09-11T04:28:49.990377+00:00,data/raw/master/customers.csv,customers
CUST00001811,Alex Garcia 1811,Government,Albany,Northeast,10/24/2022,a,0,Y,2026-09-11T04:28:49.990377+00:00,data/raw/master/customers.csv,customers
CUST00001812,Morgan Garcia 1812,Enterprise,Detroit,Midwest,2024-11-26,B,Yes,Y,2026-09-11T04:28:49.990377+00:00,data/raw/master/customers.csv,customers
CUST00001813,Morgan Brown 1813,Enterprise,Albuquerque,Southwest,2022-10-12,A,Y,True,2026-09-11T04:28:49.990377+00:00,data/raw/master/customers.csv,customers
CUST00001814,Jordan Smith 1814,Consumer,Detroit,Midwest,2020-12-27,A,Y,Y,2026-09-11T04:28:49.990377+00:00,data/raw/master/customers.csv,customers
CUST00001815,Casey Smith 1815,Enterprise,Boston,Northeast,03/12/2018,A,No,N,2026-09-11T04:28:49.990377+00:00,data/raw/master/customers.csv,customers
CUST00001816,Jordan Brown 1816,Consumer,Buffalo,Northeast,08/10/2019,D,1,Y,2026-09-11T04:28:49.990377+00:00,data/raw/master/customers.csv,customers
CUST00001817,Morgan Brown 1817,Consumer,Nashville,Southeast,2021-07-29,B,0,True,2026-09-11T04:28:49.990377+00:00,data/raw/master/customers.csv,customers
CUST00001818,Taylor Lee 1818,Consumer,San Diego,West,03/22/2023,B,Y,Y,2026-09-11T04:28:49.990377+00:00,data/raw/master/customers.csv,customers
CUST00001819,Alex Patel 1819,consumer ,Austin,Southwest,11/01/2022,B,Y,Y,2026-09-11T04:28:49.990377+00:00,data/raw/master/customers.csv,customers
CUST00001820,Jordan Smith 1820,Enterprise,Denver,West,01/20/2019,B,Y,True,2026-09-11T04:28:49.990377+00:00,data/raw/master/customers.csv,customers
CUST00001821,Riley Smith 1821,Small Business,Detroit,Midwest,2024-07-10,C,0,True,2026-09-11T04:28:49.990377+00:00,data/raw/master/customers.csv,customers
CUST00001822,Riley Lee 1822,Small Business,Philadelphia,Northeast,2020-10-08,C,Y,N,2026-09-11T04:28:49.990377+00:00,data/raw/master/customers.csv,customers
CUST00001823,Riley Patel 1823,consumer ,Columbus,Midwest,07/11/2021,C,No,Y,2026-09-11T04:28:49.990377+00:00,data/raw/master/customers.csv,customers
CUST00001824,Alex Patel 1824,Enterprise,Denver,West,07/10/2020,D,Y,True,2026-09-11T04:28:49.990377+00:00,data/raw/master/customers.csv,customers
CUST00001825,Jordan Patel 1825,consumer ,Jacksonville,Southeast,10/15/2021,D,Yes,True,2026-09-11T04:28:49.990377+00:00,data/raw/master/customers.csv,customers
CUST00001826,Casey Lee 1826,Government,Austin,Southwest,09/11/2022,D,Yes,Y,2026-09-11T04:28:49.990377+00:00,data/raw/master/customers.csv,customers
CUST00001827,Casey Kim 1827,consumer ,Albany,Northeast,2024-12-31,C,No,Y,2026-09-11T04:28:49.990377+00:00,data/raw/master/customers.csv,customers
CUST00001828,Alex Patel 1828,Consumer,Albuquerque,Southwest,2025-02-22,C,0,Y,2026-09-11T04:28:49.990377+00:00,data/raw/master/customers.csv,customers
CUST00001829,Riley Garcia 1829,consumer ,Indianapolis,Midwest,2022-09-18,a,Yes,True,2026-09-11T04:28:49.990377+00:00,data/raw/master/customers.csv,customers
CUST00001830,Casey Garcia 1830,Small Business,Atlanta,Southeast,2021-07-27,C,Y,Y,2026-09-11T04:28:49.990377+00:00,data/raw/master/customers.csv,customers
CUST00001831,Alex Lee 1831,consumer ,Chicago,Midwest,2025-04-05,D,Y,True,2026-09-11T04:28:49.990377+00:00,data/raw/master/customers.csv,customers
CUST00001832,Taylor Patel 1832,Enterprise,Birmingham,Southeast,03/20/2024,a,0,Y,2026-09-11T04:28:49.990377+00:00,data/raw/master/customers.csv,customers
CUST00001833,Morgan Lee 1833,Small Business,San Diego,West,03/16/2022,B,1,Y,2026-09-11T04:28:49.990377+00:00,data/raw/master/customers.csv,customers
CUST00001834,Casey Lee 1834,consumer ,Columbus,Midwest,03/03/2021,D,N,Y,2026-09-11T04:28:49.990377+00:00,data/raw/master/customers.csv,customers
CUST00001835,Jordan Brown 1835,Consumer,Phoenix,Southwest,12/08/2022,D,0,Y,2026-09-11T04:28:49.990377+00:00,data/raw/master/customers.csv,customers
CUST00001836,Alex Kim 1836,Enterprise,Nashville,Southeast,03/16/2019,C,Yes,N,2026-09-11T04:28:49.990377+00:00,data/raw/master/customers.csv,customers
CUST00001837,Taylor Garcia 1837,Consumer,Dallas,Southwest,09/02/2022,D,Y,Y,2026-09-11T04:28:49.990377+00:00,data/raw/master/customers.csv,customers
CUST00001838,Alex Patel 1838,Enterprise,Phoenix,Southwest,2024-04-02,A,0,True,2026-09-11T04:28:49.990377+00:00,data/raw/master/customers.csv,customers
CUST00001839,Jordan Garcia 1839,Consumer,Denver,West,09/15/2021,D,Yes,N,2026-09-11T04:28:49.990377+00:00,data/raw/master/customers.csv,customers
CUST00001840,Riley Lee 1840,Enterprise,Seattle,West,2020-04-21,a,Yes,Y,2026-09-11T04:28:49.990377+00:00,data/raw/master/customers.csv,customers
CUST00001841,Taylor Kim 1841,Small Business,Denver,West,12/13/2025,C,Yes,Y,2026-09-11T04:28:49.990377+00:00,data/raw/master/customers.csv,customers
CUST00001842,Casey Lee 1842,consumer ,Chicago,Midwest,2019-06-06,a,No,Y,2026-09-11T04:28:49.990377+00:00,data/raw/master/customers.csv,customers
CUST00001843,Jordan Lee 1843,Small Business,Columbus,Midwest,2026-02-01,B,No,Y,2026-09-11T04:28:49.990377+00:00,data/raw/master/customers.csv,customers
CUST00001844,Riley Lee 1844,Consumer,San Diego,West,2021-11-16,a,0,True,2026-09-11T04:28:49.990377+00:00,data/raw/master/customers.csv,customers
CUST00001845,Jordan Patel 1845,consumer ,Indianapolis,Midwest,2023-01-08,C,N,Y,2026-09-11T04:28:49.990377+00:00,data/raw/master/customers.csv,customers
CUST00001846,Morgan Smith 1846,Government,Detroit,Midwest,2020-05-12,D,Y,Y,2026-09-11T04:28:49.990377+00:00,data/raw/master/customers.csv,customers
CUST00001847,Taylor Lee 1847,Government,Chicago,Midwest,2021-05-17,D,Yes,Y,2026-09-11T04:28:49.990377+00:00,data/raw/master/customers.csv,customers
CUST00001848,Alex Brown 1848,Small Business,San Diego,West,2021-11-13,a,1,Y,2026-09-11T04:28:49.990377+00:00,data/raw/master/customers.csv,customers
CUST00001849,Jordan Garcia 1849,consumer ,Buffalo,Northeast,01/17/2023,A,N,Y,2026-09-11T04:28:49.990377+00:00,data/raw/master/customers.csv,customers
CUST00001850,Riley Smith 1850,Government,Seattle,West,2026-03-26,B,Yes,Y,2026-09-11T04:28:49.990377+00:00,data/raw/master/customers.csv,customers
CUST00001851,Casey Patel 1851,Consumer,Nashville,Southeast,2018-12-18,A,Yes,N,2026-09-11T04:28:49.990377+00:00,data/raw/master/customers.csv,customers
CUST00001852,Jordan Lee 1852,Enterprise,Portland,West,05/05/2024,C,Y,Y,2026-09-11T04:28:49.990377+00:00,data/raw/master/customers.csv,customers
CUST00001853,Alex Garcia 1853,Consumer,Birmingham,Southeast,2021-07-05,A,N,Y,2026-09-11T04:28:49.990377+00:00,data/raw/master/customers.csv,customers
CUST00001854,Morgan Brown 1854,Enterprise,Birmingham,Southeast,2018-09-09,B,Y,Y,2026-09-11T04:28:49.990377+00:00,data/raw/master/customers.csv,customers
CUST00001855,Taylor Lee 1855,Government,Albuquerque,Southwest,10/09/2019,A,Y,N,2026-09-11T04:28:49.990377+00:00,data/raw/master/customers.csv,customers
CUST00001856,Morgan Garcia 1856,Small Business,Boston,Northeast,2018-09-22,a,1,Y,2026-09-11T04:28:49.990377+00:00,data/raw/master/customers.csv,customers
CUST00001857,Morgan Kim 1857,Consumer,Dallas,Southwest,2020-08-05,a,No,Y,2026-09-11T04:28:49.990377+00:00,data/raw/master/customers.csv,customers
CUST00001858,Taylor Patel 1858,Small Business,Boston,Northeast,2024-10-30,B,N,True,2026-09-11T04:28:49.990377+00:00,data/raw/master/customers.csv,customers
CUST00001859,Casey Lee 1859,Enterprise,San Diego,West,03/13/2021,C,N,Y,2026-09-11T04:28:49.990377+00:00,data/raw/master/customers.csv,customers
CUST00001860,Casey Smith 1860,consumer ,San Diego,West,2018-11-24,D,Yes,True,2026-09-11T04:28:49.990377+00:00,data/raw/master/customers.csv,customers
CUST00001861,Morgan Garcia 1861,Enterprise,Austin,Southwest,03/08/2021,A,N,N,2026-09-11T04:28:49.990377+00:00,data/raw/master/customers.csv,customers
CUST00001862,Riley Kim 1862,Small Business,Jacksonville,Southeast,2021-11-24,B,No,Y,2026-09-11T04:28:49.990377+00:00,data/raw/master/customers.csv,customers
CUST00001863,Jordan Garcia 1863,Government,Indianapolis,Midwest,04/12/2018,C,1,Y,2026-09-11T04:28:49.990377+00:00,data/raw/master/customers.csv,customers
CUST00001864,Morgan Garcia 1864,Enterprise,Boston,Northeast,2020-06-23,A,No,True,2026-09-11T04:28:49.990377+00:00,data/raw/master/customers.csv,customers
CUST00001865,Taylor Kim 1865,consumer ,San Diego,West,2026-01-28,a,1,Y,2026-09-11T04:28:49.990377+00:00,data/raw/master/customers.csv,customers
CUST00001866,Morgan Kim 1866,Government,Portland,West,08/03/2021,D,Y,Y,2026-09-11T04:28:49.990377+00:00,data/raw/master/customers.csv,customers
CUST00001867,Jordan Brown 1867,Enterprise,Nashville,Southeast,12/02/2021,C,1,Y,2026-09-11T04:28:49.990377+00:00,data/raw/master/customers.csv,customers
CUST00001868,Taylor Lee 1868,Enterprise,Nashville,Southeast,2025-02-14,D,0,N,2026-09-11T04:28:49.990377+00:00,data/raw/master/customers.csv,customers
CUST00001869,Morgan Patel 1869,consumer ,Dallas,Southwest,2023-10-02,B,No,Y,2026-09-11T04:28:49.990377+00:00,data/raw/master/customers.csv,customers
CUST00001870,Jordan Patel 1870,Government,Indianapolis,Midwest,2022-03-09,A,N,Y,2026-09-11T04:28:49.990377+00:00,data/raw/master/customers.csv,customers
CUST00001871,Morgan Kim 1871,Enterprise,Buffalo,Northeast,04/03/2026,D,1,Y,2026-09-11T04:28:49.990377+00:00,data/raw/master/customers.csv,customers
CUST00001872,Alex Brown 1872,Consumer,Philadelphia,Northeast,2018-03-24,D,N,Y,2026-09-11T04:28:49.990377+00:00,data/raw/master/customers.csv,customers
CUST00001873,Jordan Brown 1873,Consumer,Phoenix,Southwest,2019-03-10,C,No,Y,2026-09-11T04:28:49.990377+00:00,data/raw/master/customers.csv,customers
CUST00001874,Riley Lee 1874,Consumer,San Diego,West,08/30/2025,A,0,Y,2026-09-11T04:28:49.990377+00:00,data/raw/master/customers.csv,customers
CUST00001875,Casey Kim 1875,Small Business,Jacksonville,Southeast,2021-05-11,B,Y,Y,2026-09-11T04:28:49.990377+00:00,data/raw/master/customers.csv,customers
CUST00001876,Jordan Brown 1876,Government,Jacksonville,Southeast,05/14/2018,A,1,Y,2026-09-11T04:28:49.990377+00:00,data/raw/master/customers.csv,customers
CUST00001877,Casey Brown 1877,Enterprise,Atlanta,Southeast,2024-07-25,C,N,N,2026-09-11T04:28:49.990377+00:00,data/raw/master/customers.csv,customers
CUST00001878,Jordan Smith 1878,Small Business,Denver,West,05/22/2022,a,0,Y,2026-09-11T04:28:49.990377+00:00,data/raw/master/customers.csv,customers
CUST00001879,Jordan Brown 1879,Consumer,Columbus,Midwest,11/05/2018,B,1,Y,2026-09-11T04:28:49.990377+00:00,data/raw/master/customers.csv,customers
CUST00001880,Taylor Brown 1880,Enterprise,Seattle,West,2019-05-07,D,0,N,2026-09-11T04:28:49.990377+00:00,data/raw/master/customers.csv,customers
CUST00001881,Morgan Patel 1881,Enterprise,Austin,Southwest,2023-03-20,D,Yes,True,2026-09-11T04:28:49.990377+00:00,data/raw/master/customers.csv,customers
CUST00001882,Taylor Kim 1882,consumer ,Columbus,Midwest,2023-05-11,a,1,True,2026-09-11T04:28:49.990377+00:00,data/raw/master/customers.csv,customers
CUST00001883,Jordan Smith 1883,Consumer,Albany,Northeast,2021-03-25,C,N,Y,2026-09-11T04:28:49.990377+00:00,data/raw/master/customers.csv,customers
CUST00001884,Jordan Patel 1884,Consumer,Albany,Northeast,01/09/2022,D,0,Y,2026-09-11T04:28:49.990377+00:00,data/raw/master/customers.csv,customers
CUST00001885,Taylor Kim 1885,Enterprise,Detroit,Midwest,2019-06-06,a,1,Y,2026-09-11T04:28:49.990377+00:00,data/raw/master/customers.csv,customers
CUST00001886,Casey Brown 1886,Consumer,Birmingham,Southeast,03/31/2023,A,1,Y,2026-09-11T04:28:49.990377+00:00,data/raw/master/customers.csv,customers
CUST00001887,Taylor Brown 1887,consumer ,Columbus,Midwest,11/19/2022,C,Yes,Y,2026-09-11T04:28:49.990377+00:00,data/raw/master/customers.csv,customers
CUST00001888,Alex Lee 1888,Government,Buffalo,Northeast,2019-12-31,B,Y,Y,2026-09-11T04:28:49.990377+00:00,data/raw/master/customers.csv,customers
CUST00001889,Jordan Lee 1889,Enterprise,Philadelphia,Northeast,12/30/2023,A,0,Y,2026-09-11T04:28:49.990377+00:00,data/raw/master/customers.csv,customers
CUST00001890,Jordan Kim 1890,Enterprise,Detroit,Midwest,02/27/2024,C,1,Y,2026-09-11T04:28:49.990377+00:00,data/raw/master/customers.csv,customers
CUST00001891,Alex Smith 1891,Enterprise,Albuquerque,Southwest,01/06/2020,D,0,Y,2026-09-11T04:28:49.990377+00:00,data/raw/master/customers.csv,customers
CUST00001892,Riley Smith 1892,Small Business,Albuquerque,Southwest,2018-03-03,A,N,N,2026-09-11T04:28:49.990377+00:00,data/raw/master/customers.csv,customers
CUST00001893,Riley Brown 1893,consumer ,Indianapolis,Midwest,08/07/2020,D,0,True,2026-09-11T04:28:49.990377+00:00,data/raw/master/customers.csv,customers
CUST00001894,Riley Kim 1894,Government,Columbus,Midwest,02/20/2023,a,N,Y,2026-09-11T04:28:49.990377+00:00,data/raw/master/customers.csv,customers
CUST00001895,Riley Patel 1895,Enterprise,Birmingham,Southeast,03/23/2025,B,Yes,Y,2026-09-11T04:28:49.990377+00:00,data/raw/master/customers.csv,customers
CUST00001896,Casey Lee 1896,Consumer,Nashville,Southeast,02/26/2019,D,Yes,True,2026-09-11T04:28:49.990377+00:00,data/raw/master/customers.csv,customers
CUST00001897,Riley Lee 1897,Consumer,Indianapolis,Midwest,05/26/2022,a,Y,N,2026-09-11T04:28:49.990377+00:00,data/raw/master/customers.csv,customers
CUST00001898,Taylor Brown 1898,Enterprise,Buffalo,Northeast,02/13/2021,a,N,Y,2026-09-11T04:28:49.990377+00:00,data/raw/master/customers.csv,customers
CUST00001899,Taylor Smith 1899,Government,Portland,West,07/20/2024,B,0,N,2026-09-11T04:28:49.990377+00:00,data/raw/master/customers.csv,customers
CUST00001900,Taylor Garcia 1900,Consumer,San Diego,West,03/10/2022,B,N,Y,2026-09-11T04:28:49.990377+00:00,data/raw/master/customers.csv,customers
CUST00001901,Jordan Kim 1901,Enterprise,Atlanta,Southeast,08/28/2020,C,Y,True,2026-09-11T04:28:49.990377+00:00,data/raw/master/customers.csv,customers
CUST00001902,Morgan Smith 1902,Consumer,Denver,West,10/31/2021,C,N,True,2026-09-11T04:28:49.990377+00:00,data/raw/master/customers.csv,customers
CUST00001903,Casey Lee 1903,Small Business,Detroit,Midwest,11/07/2025,a,Y,True,2026-09-11T04:28:49.990377+00:00,data/raw/master/customers.csv,customers
CUST00001904,Alex Kim 1904,Consumer,Indianapolis,Midwest,2020-01-19,a,Y,Y,2026-09-11T04:28:49.990377+00:00,data/raw/master/customers.csv,customers
CUST00001905,Alex Brown 1905,Enterprise,Detroit,Midwest,09/06/2022,D,No,True,2026-09-11T04:28:49.990377+00:00,data/raw/master/customers.csv,customers
CUST00001906,Casey Lee 1906,consumer ,Birmingham,Southeast,07/09/2024,A,Y,True,2026-09-11T04:28:49.990377+00:00,data/raw/master/customers.csv,customers
CUST00001907,Morgan Brown 1907,Small Business,Portland,West,2024-04-23,B,N,Y,2026-09-11T04:28:49.990377+00:00,data/raw/master/customers.csv,customers
CUST00001908,Taylor Patel 1908,consumer ,Albany,Northeast,08/18/2023,C,No,True,2026-09-11T04:28:49.990377+00:00,data/raw/master/customers.csv,customers
CUST00001909,Riley Brown 1909,Enterprise,Birmingham,Southeast,2023-03-29,B,0,Y,2026-09-11T04:28:49.990377+00:00,data/raw/master/customers.csv,customers
CUST00001910,Jordan Kim 1910,Small Business,Philadelphia,Northeast,06/21/2023,a,1,Y,2026-09-11T04:28:49.990377+00:00,data/raw/master/customers.csv,customers
CUST00001911,Casey Kim 1911,Enterprise,Indianapolis,Midwest,2020-12-26,B,Yes,True,2026-09-11T04:28:49.990377+00:00,data/raw/master/customers.csv,customers
CUST00001912,Jordan Kim 1912,Consumer,Seattle,West,03/13/2018,B,Yes,Y,2026-09-11T04:28:49.990377+00:00,data/raw/master/customers.csv,customers
CUST00001913,Casey Lee 1913,consumer ,Nashville,Southeast,04/29/2022,B,Y,Y,2026-09-11T04:28:49.990377+00:00,data/raw/master/customers.csv,customers
CUST00001914,Alex Garcia 1914,Enterprise,Detroit,Midwest,2025-07-05,A,0,Y,2026-09-11T04:28:49.990377+00:00,data/raw/master/customers.csv,customers
CUST00001915,Alex Patel 1915,Small Business,Philadelphia,Northeast,2024-07-31,B,Y,True,2026-09-11T04:28:49.990377+00:00,data/raw/master/customers.csv,customers
CUST00001916,Alex Patel 1916,Enterprise,Atlanta,Southeast,2024-05-01,a,No,Y,2026-09-11T04:28:49.990377+00:00,data/raw/master/customers.csv,customers
CUST00001917,Jordan Patel 1917,Government,Philadelphia,Northeast,2023-03-21,C,N,N,2026-09-11T04:28:49.990377+00:00,data/raw/master/customers.csv,customers
CUST00001918,Taylor Garcia 1918,Government,Nashville,Southeast,2021-09-24,A,0,Y,2026-09-11T04:28:49.990377+00:00,data/raw/master/customers.csv,customers
CUST00001919,Riley Kim 1919,consumer ,Columbus,Midwest,2018-03-01,C,1,Y,2026-09-11T04:28:49.990377+00:00,data/raw/master/customers.csv,customers
CUST00001920,Riley Smith 1920,Consumer,Jacksonville,Southeast,2021-08-08,a,1,True,2026-09-11T04:28:49.990377+00:00,data/raw/master/customers.csv,customers
CUST00001921,Morgan Lee 1921,Government,Phoenix,Southwest,03/07/2022,A,0,Y,2026-09-11T04:28:49.990377+00:00,data/raw/master/customers.csv,customers
CUST00001922,Taylor Brown 1922,Small Business,Chicago,Midwest,08/12/2025,C,1,N,2026-09-11T04:28:49.990377+00:00,data/raw/master/customers.csv,customers
CUST00001923,Alex Lee 1923,Enterprise,Nashville,Southeast,2023-11-09,D,0,Y,2026-09-11T04:28:49.990377+00:00,data/raw/master/customers.csv,customers
CUST00001924,Jordan Brown 1924,Enterprise,Boston,Northeast,2022-11-29,B,N,N,2026-09-11T04:28:49.990377+00:00,data/raw/master/customers.csv,customers
CUST00001925,Morgan Patel 1925,Consumer,Seattle,West,08/28/2022,B,Y,Y,2026-09-11T04:28:49.990377+00:00,data/raw/master/customers.csv,customers
CUST00001926,Taylor Smith 1926,Small Business,Austin,Southwest,2025-08-11,a,No,Y,2026-09-11T04:28:49.990377+00:00,data/raw/master/customers.csv,customers
CUST00001927,Morgan Smith 1927,Enterprise,Dallas,Southwest,03/31/2021,a,Y,Y,2026-09-11T04:28:49.990377+00:00,data/raw/master/customers.csv,customers
CUST00001928,Jordan Brown 1928,consumer ,Atlanta,Southeast,2021-12-20,B,Yes,True,2026-09-11T04:28:49.990377+00:00,data/raw/master/customers.csv,customers
CUST00001929,Morgan Brown 1929,consumer ,Boston,Northeast,07/17/2023,A,Y,Y,2026-09-11T04:28:49.990377+00:00,data/raw/master/customers.csv,customers
CUST00001930,Casey Patel 1930,consumer ,San Diego,West,2024-08-07,a,N,Y,2026-09-11T04:28:49.990377+00:00,data/raw/master/customers.csv,customers
CUST00001931,Riley Kim 1931,Enterprise,Columbus,Midwest,12/06/2025,C,No,Y,2026-09-11T04:28:49.990377+00:00,data/raw/master/customers.csv,customers
CUST00001932,Alex Kim 1932,Small Business,Dallas,Southwest,2019-10-28,B,Yes,True,2026-09-11T04:28:49.990377+00:00,data/raw/master/customers.csv,customers
CUST00001933,Alex Lee 1933,Consumer,Indianapolis,Midwest,01/05/2018,D,1,Y,2026-09-11T04:28:49.990377+00:00,data/raw/master/customers.csv,customers
CUST00001934,Morgan Lee 1934,Small Business,Denver,West,01/09/2021,D,Y,N,2026-09-11T04:28:49.990377+00:00,data/raw/master/customers.csv,customers
CUST00001935,Alex Patel 1935,consumer ,Jacksonville,Southeast,07/26/2022,A,1,Y,2026-09-11T04:28:49.990377+00:00,data/raw/master/customers.csv,customers
CUST00001936,Taylor Smith 1936,Government,Albany,Northeast,2024-06-07,a,Yes,Y,2026-09-11T04:28:49.990377+00:00,data/raw/master/customers.csv,customers
CUST00001937,Alex Kim 1937,Small Business,Albany,Northeast,07/22/2018,a,N,N,2026-09-11T04:28:49.990377+00:00,data/raw/master/customers.csv,customers
CUST00001938,Alex Brown 1938,Enterprise,Austin,Southwest,07/24/2019,a,0,Y,2026-09-11T04:28:49.990377+00:00,data/raw/master/customers.csv,customers
CUST00001939,Casey Garcia 1939,Government,Albany,Northeast,2026-01-12,A,Y,Y,2026-09-11T04:28:49.990377+00:00,data/raw/master/customers.csv,customers
CUST00001940,Taylor Lee 1940,Government,Birmingham,Southeast,2020-06-14,C,No,Y,2026-09-11T04:28:49.990377+00:00,data/raw/master/customers.csv,customers
CUST00001941,Alex Smith 1941,Small Business,Birmingham,Southeast,2022-03-12,a,0,Y,2026-09-11T04:28:49.990377+00:00,data/raw/master/customers.csv,customers
CUST00001942,Alex Smith 1942,Small Business,Albany,Northeast,2025-08-23,D,Yes,N,2026-09-11T04:28:49.990377+00:00,data/raw/master/customers.csv,customers
CUST00001943,Taylor Kim 1943,Enterprise,Detroit,Midwest,05/06/2021,A,Yes,N,2026-09-11T04:28:49.990377+00:00,data/raw/master/customers.csv,customers
CUST00001944,Jordan Brown 1944,Small Business,Dallas,Southwest,05/09/2018,C,N,Y,2026-09-11T04:28:49.990377+00:00,data/raw/master/customers.csv,customers
CUST00001945,Jordan Patel 1945,consumer ,Nashville,Southeast,08/29/2018,A,Yes,Y,2026-09-11T04:28:49.990377+00:00,data/raw/master/customers.csv,customers
CUST00001946,Morgan Garcia 1946,Government,Atlanta,Southeast,2018-12-11,B,Yes,Y,2026-09-11T04:28:49.990377+00:00,data/raw/master/customers.csv,customers
CUST00001947,Morgan Smith 1947,Small Business,Portland,West,2022-09-06,A,N,N,2026-09-11T04:28:49.990377+00:00,data/raw/master/customers.csv,customers
CUST00001948,Casey Smith 1948,Enterprise,Atlanta,Southeast,07/02/2018,D,0,N,2026-09-11T04:28:49.990377+00:00,data/raw/master/customers.csv,customers
CUST00001949,Riley Brown 1949,Enterprise,Dallas,Southwest,2021-09-25,C,0,N,2026-09-11T04:28:49.990377+00:00,data/raw/master/customers.csv,customers
CUST00001950,Taylor Smith 1950,Enterprise,Nashville,Southeast,05/26/2023,a,N,Y,2026-09-11T04:28:49.990377+00:00,data/raw/master/customers.csv,customers
CUST00001951,Alex Smith 1951,Consumer,Detroit,Midwest,05/31/2022,B,Y,N,2026-09-11T04:28:49.990377+00:00,data/raw/master/customers.csv,customers
CUST00001952,Morgan Garcia 1952,Small Business,Nashville,Southeast,11/20/2025,C,N,Y,2026-09-11T04:28:49.990377+00:00,data/raw/master/customers.csv,customers
CUST00001953,Taylor Garcia 1953,Government,Phoenix,Southwest,2018-06-09,D,1,Y,2026-09-11T04:28:49.990377+00:00,data/raw/master/customers.csv,customers
CUST00001954,Taylor Garcia 1954,Enterprise,Columbus,Midwest,2023-09-01,D,1,Y,2026-09-11T04:28:49.990377+00:00,data/raw/master/customers.csv,customers
CUST00001955,Riley Patel 1955,Consumer,Phoenix,Southwest,2023-05-02,A,Y,Y,2026-09-11T04:28:49.990377+00:00,data/raw/master/customers.csv,customers
CUST00001956,Jordan Smith 1956,Consumer,Dallas,Southwest,05/30/2018,D,Y,N,2026-09-11T04:28:49.990377+00:00,data/raw/master/customers.csv,customers
CUST00001957,Alex Smith 1957,consumer ,Jacksonville,Southeast,10/08/2022,a,0,True,2026-09-11T04:28:49.990377+00:00,data/raw/master/customers.csv,customers
CUST00001958,Casey Kim 1958,Consumer,San Diego,West,03/07/2020,B,Yes,True,2026-09-11T04:28:49.990377+00:00,data/raw/master/customers.csv,customers
CUST00001959,Casey Patel 1959,Enterprise,Portland,West,2019-12-11,a,1,True,2026-09-11T04:28:49.990377+00:00,data/raw/master/customers.csv,customers
CUST00001960,Casey Kim 1960,Enterprise,Birmingham,Southeast,2022-03-24,C,0,Y,2026-09-11T04:28:49.990377+00:00,data/raw/master/customers.csv,customers
CUST00001961,Jordan Smith 1961,Consumer,Phoenix,Southwest,09/17/2024,D,1,N,2026-09-11T04:28:49.990377+00:00,data/raw/master/customers.csv,customers
CUST00001962,Alex Brown 1962,Small Business,San Diego,West,05/11/2020,a,1,Y,2026-09-11T04:28:49.990377+00:00,data/raw/master/customers.csv,customers
CUST00001963,Morgan Lee 1963,Small Business,Albany,Northeast,05/11/2025,A,Yes,Y,2026-09-11T04:28:49.990377+00:00,data/raw/master/customers.csv,customers
CUST00001964,Morgan Garcia 1964,Consumer,Boston,Northeast,04/04/2021,a,Y,True,2026-09-11T04:28:49.990377+00:00,data/raw/master/customers.csv,customers
CUST00001965,Jordan Brown 1965,Consumer,Atlanta,Southeast,2023-03-07,B,Y,Y,2026-09-11T04:28:49.990377+00:00,data/raw/master/customers.csv,customers
CUST00001966,Morgan Smith 1966,Small Business,Indianapolis,Midwest,02/20/2023,D,Yes,Y,2026-09-11T04:28:49.990377+00:00,data/raw/master/customers.csv,customers
CUST00001967,Morgan Patel 1967,Enterprise,Nashville,Southeast,2020-07-07,D,N,N,2026-09-11T04:28:49.990377+00:00,data/raw/master/customers.csv,customers
CUST00001968,Jordan Kim 1968,Government,Austin,Southwest,07/23/2018,A,Y,N,2026-09-11T04:28:49.990377+00:00,data/raw/master/customers.csv,customers
CUST00001969,Riley Lee 1969,Small Business,Chicago,Midwest,2025-05-15,C,No,Y,2026-09-11T04:28:49.990377+00:00,data/raw/master/customers.csv,customers
CUST00001970,Jordan Kim 1970,consumer ,Dallas,Southwest,2025-01-04,a,N,True,2026-09-11T04:28:49.990377+00:00,data/raw/master/customers.csv,customers
CUST00001971,Casey Smith 1971,Government,Phoenix,Southwest,05/24/2019,A,1,N,2026-09-11T04:28:49.990377+00:00,data/raw/master/customers.csv,customers
CUST00001972,Alex Smith 1972,consumer ,Birmingham,Southeast,2025-01-03,B,0,Y,2026-09-11T04:28:49.990377+00:00,data/raw/master/customers.csv,customers
CUST00001973,Casey Brown 1973,Enterprise,Seattle,West,2019-07-12,B,N,True,2026-09-11T04:28:49.990377+00:00,data/raw/master/customers.csv,customers
CUST00001974,Taylor Patel 1974,Consumer,Albany,Northeast,10/27/2022,a,1,Y,2026-09-11T04:28:49.990377+00:00,data/raw/master/customers.csv,customers
CUST00001975,Jordan Smith 1975,Consumer,Denver,West,03/12/2023,B,1,True,2026-09-11T04:28:49.990377+00:00,data/raw/master/customers.csv,customers
CUST00001976,Morgan Garcia 1976,Small Business,Nashville,Southeast,10/19/2022,A,No,Y,2026-09-11T04:28:49.990377+00:00,data/raw/master/customers.csv,customers
CUST00001977,Alex Kim 1977,Government,Birmingham,Southeast,08/12/2019,A,N,Y,2026-09-11T04:28:49.990377+00:00,data/raw/master/customers.csv,customers
CUST00001978,Riley Smith 1978,consumer ,Albany,Northeast,2021-06-10,B,No,N,2026-09-11T04:28:49.990377+00:00,data/raw/master/customers.csv,customers
CUST00001979,Taylor Kim 1979,consumer ,Austin,Southwest,11/13/2023,a,No,True,2026-09-11T04:28:49.990377+00:00,data/raw/master/customers.csv,customers
CUST00001980,Jordan Patel 1980,Consumer,Portland,West,2019-12-01,a,Yes,Y,2026-09-11T04:28:49.990377+00:00,data/raw/master/customers.csv,customers
CUST00001981,Riley Lee 1981,Small Business,Detroit,Midwest,01/17/2026,a,0,N,2026-09-11T04:28:49.990377+00:00,data/raw/master/customers.csv,customers
CUST00001982,Taylor Patel 1982,consumer ,Albany,Northeast,07/27/2018,D,Yes,Y,2026-09-11T04:28:49.990377+00:00,data/raw/master/customers.csv,customers
CUST00001983,Casey Lee 1983,Enterprise,Buffalo,Northeast,07/17/2018,A,1,N,2026-09-11T04:28:49.990377+00:00,data/raw/master/customers.csv,customers
CUST00001984,Alex Patel 1984,consumer ,Phoenix,Southwest,07/21/2021,B,Yes,Y,2026-09-11T04:28:49.990377+00:00,data/raw/master/customers.csv,customers
CUST00001985,Morgan Lee 1985,Government,Boston,Northeast,2020-07-24,C,N,True,2026-09-11T04:28:49.990377+00:00,data/raw/master/customers.csv,customers
CUST00001986,Casey Brown 1986,Government,Denver,West,2025-01-01,B,N,Y,2026-09-11T04:28:49.990377+00:00,data/raw/master/customers.csv,customers
CUST00001987,Casey Patel 1987,Small Business,Columbus,Midwest,2025-11-27,A,Yes,Y,2026-09-11T04:28:49.990377+00:00,data/raw/master/customers.csv,customers
CUST00001988,Casey Smith 1988,Enterprise,Albuquerque,Southwest,2021-01-12,D,N,Y,2026-09-11T04:28:49.990377+00:00,data/raw/master/customers.csv,customers
CUST00001989,Taylor Brown 1989,Government,San Diego,West,2022-09-15,A,0,Y,2026-09-11T04:28:49.990377+00:00,data/raw/master/customers.csv,customers
CUST00001990,Alex Kim 1990,Consumer,Jacksonville,Southeast,06/30/2020,B,1,Y,2026-09-11T04:28:49.990377+00:00,data/raw/master/customers.csv,customers
CUST00001991,Riley Brown 1991,Government,Chicago,Midwest,04/27/2022,C,Y,Y,2026-09-11T04:28:49.990377+00:00,data/raw/master/customers.csv,customers
CUST00001992,Morgan Brown 1992,Small Business,Nashville,Southeast,01/22/2023,a,1,N,2026-09-11T04:28:49.990377+00:00,data/raw/master/customers.csv,customers
CUST00001993,Riley Kim 1993,Consumer,Boston,Northeast,06/09/2025,C,Yes,True,2026-09-11T04:28:49.990377+00:00,data/raw/master/customers.csv,customers
CUST00001994,Riley Brown 1994,Enterprise,Albuquerque,Southwest,2023-06-11,a,N,Y,2026-09-11T04:28:49.990377+00:00,data/raw/master/customers.csv,customers
CUST00001995,Casey Lee 1995,Government,Columbus,Midwest,05/01/2021,B,Y,N,2026-09-11T04:28:49.990377+00:00,data/raw/master/customers.csv,customers
CUST00001996,Alex Patel 1996,Small Business,Boston,Northeast,02/08/2023,B,1,N,2026-09-11T04:28:49.990377+00:00,data/raw/master/customers.csv,customers
CUST00001997,Alex Kim 1997,Small Business,Jacksonville,Southeast,2021-01-03,A,Y,True,2026-09-11T04:28:49.990377+00:00,data/raw/master/customers.csv,customers
CUST00001998,Riley Lee 1998,Small Business,Dallas,Southwest,2018-03-01,D,1,True,2026-09-11T04:28:49.990377+00:00,data/raw/master/customers.csv,customers
CUST00001999,Taylor Kim 1999,Enterprise,Columbus,Midwest,09/26/2018,a,1,True,2026-09-11T04:28:49.990377+00:00,data/raw/master/customers.csv,customers
CUST00002000,Morgan Kim 2000,Government,Boston,Northeast,03/16/2023,a,1,Y,2026-09-11T04:28:49.990377+00:00,data/raw/master/customers.csv,customers
CUST00002001,Taylor Lee 2001,Government,Philadelphia,Northeast,12/10/2023,B,N,Y,2026-09-11T04:28:49.990377+00:00,data/raw/master/customers.csv,customers
CUST00002002,Casey Kim 2002,Government,San Diego,West,2023-04-11,C,Yes,N,2026-09-11T04:28:49.990377+00:00,data/raw/master/customers.csv,customers
CUST00002003,Riley Kim 2003,Small Business,Portland,West,11/26/2024,B,Y,N,2026-09-11T04:28:49.990377+00:00,data/raw/master/customers.csv,customers
CUST00002004,Alex Kim 2004,Enterprise,Philadelphia,Northeast,06/03/2021,C,No,N,2026-09-11T04:28:49.990377+00:00,data/raw/master/customers.csv,customers
CUST00002005,Morgan Kim 2005,Small Business,Denver,West,05/04/2018,B,Y,Y,2026-09-11T04:28:49.990377+00:00,data/raw/master/customers.csv,customers
CUST00002006,Alex Lee 2006,consumer ,Indianapolis,Midwest,2018-01-18,A,Yes,Y,2026-09-11T04:28:49.990377+00:00,data/raw/master/customers.csv,customers
CUST00002007,Taylor Brown 2007,Enterprise,Denver,West,2024-07-14,D,1,Y,2026-09-11T04:28:49.990377+00:00,data/raw/master/customers.csv,customers
CUST00002008,Taylor Kim 2008,Government,Nashville,Southeast,2025-01-03,B,N,N,2026-09-11T04:28:49.990377+00:00,data/raw/master/customers.csv,customers
CUST00002009,Morgan Patel 2009,Enterprise,Detroit,Midwest,2022-11-07,a,0,True,2026-09-11T04:28:49.990377+00:00,data/raw/master/customers.csv,customers
CUST00002010,Alex Kim 2010,Small Business,Albany,Northeast,10/02/2019,a,N,N,2026-09-11T04:28:49.990377+00:00,data/raw/master/customers.csv,customers
CUST00002011,Riley Patel 2011,Small Business,Albuquerque,Southwest,08/12/2022,A,Yes,Y,2026-09-11T04:28:49.990377+00:00,data/raw/master/customers.csv,customers
CUST00002012,Riley Patel 2012,Enterprise,Dallas,Southwest,01/19/2026,D,No,Y,2026-09-11T04:28:49.990377+00:00,data/raw/master/customers.csv,customers
CUST00002013,Alex Patel 2013,Small Business,Boston,Northeast,2020-03-03,B,N,True,2026-09-11T04:28:49.990377+00:00,data/raw/master/customers.csv,customers
CUST00002014,Riley Smith 2014,Government,Austin,Southwest,2021-08-26,A,Yes,True,2026-09-11T04:28:49.990377+00:00,data/raw/master/customers.csv,customers
CUST00002015,Taylor Garcia 2015,Enterprise,Atlanta,Southeast,2023-12-18,C,No,N,2026-09-11T04:28:49.990377+00:00,data/raw/master/customers.csv,customers
CUST00002016,Morgan Kim 2016,Enterprise,Atlanta,Southeast,09/24/2018,D,1,Y,2026-09-11T04:28:49.990377+00:00,data/raw/master/customers.csv,customers
CUST00002017,Riley Lee 2017,Government,Nashville,Southeast,04/13/2021,D,N,Y,2026-09-11T04:28:49.990377+00:00,data/raw/master/customers.csv,customers
CUST00002018,Taylor Garcia 2018,Government,Seattle,West,2023-01-05,B,Y,Y,2026-09-11T04:28:49.990377+00:00,data/raw/master/customers.csv,customers
CUST00002019,Taylor Lee 2019,Government,Columbus,Midwest,03/05/2018,a,Yes,Y,2026-09-11T04:28:49.990377+00:00,data/raw/master/customers.csv,customers
CUST00002020,Jordan Patel 2020,consumer ,Indianapolis,Midwest,2020-10-05,D,No,Y,2026-09-11T04:28:49.990377+00:00,data/raw/master/customers.csv,customers
CUST00002021,Morgan Lee 2021,consumer ,Boston,Northeast,2021-03-09,A,Yes,True,2026-09-11T04:28:49.990377+00:00,data/raw/master/customers.csv,customers
CUST00002022,Morgan Kim 2022,consumer ,Phoenix,Southwest,08/05/2021,D,N,Y,2026-09-11T04:28:49.990377+00:00,data/raw/master/customers.csv,customers
CUST00002023,Morgan Kim 2023,Government,Chicago,Midwest,07/21/2018,A,0,N,2026-09-11T04:28:49.990377+00:00,data/raw/master/customers.csv,customers
CUST00002024,Casey Brown 2024,Consumer,Nashville,Southeast,04/07/2020,B,Y,Y,2026-09-11T04:28:49.990377+00:00,data/raw/master/customers.csv,customers
CUST00002025,Casey Smith 2025,consumer ,Boston,Northeast,2022-07-07,D,No,Y,2026-09-11T04:28:49.990377+00:00,data/raw/master/customers.csv,customers
CUST00002026,Alex Lee 2026,Government,Boston,Northeast,2022-08-21,C,Y,N,2026-09-11T04:28:49.990377+00:00,data/raw/master/customers.csv,customers
CUST00002027,Morgan Brown 2027,Enterprise,Nashville,Southeast,2020-09-19,B,Y,N,2026-09-11T04:28:49.990377+00:00,data/raw/master/customers.csv,customers
CUST00002028,Casey Lee 2028,Enterprise,Nashville,Southeast,04/01/2019,C,Y,Y,2026-09-11T04:28:49.990377+00:00,data/raw/master/customers.csv,customers
CUST00002029,Casey Garcia 2029,Consumer,Phoenix,Southwest,2022-02-16,B,1,N,2026-09-11T04:28:49.990377+00:00,data/raw/master/customers.csv,customers
CUST00002030,Riley Garcia 2030,consumer ,San Diego,West,2025-07-20,A,0,N,2026-09-11T04:28:49.990377+00:00,data/raw/master/customers.csv,customers
CUST00002031,Taylor Patel 2031,Government,Birmingham,Southeast,08/19/2023,D,0,N,2026-09-11T04:28:49.990377+00:00,data/raw/master/customers.csv,customers
CUST00002032,Jordan Garcia 2032,consumer ,Boston,Northeast,12/04/2023,D,Yes,True,2026-09-11T04:28:49.990377+00:00,data/raw/master/customers.csv,customers
CUST00002033,Taylor Kim 2033,Consumer,Dallas,Southwest,2021-08-27,a,0,Y,2026-09-11T04:28:49.990377+00:00,data/raw/master/customers.csv,customers
CUST00002034,Alex Smith 2034,Enterprise,Boston,Northeast,04/09/2024,a,Y,Y,2026-09-11T04:28:49.990377+00:00,data/raw/master/customers.csv,customers
CUST00002035,Riley Kim 2035,consumer ,Denver,West,09/11/2018,B,No,N,2026-09-11T04:28:49.990377+00:00,data/raw/master/customers.csv,customers
CUST00002036,Alex Kim 2036,Government,Philadelphia,Northeast,06/07/2023,C,1,N,2026-09-11T04:28:49.990377+00:00,data/raw/master/customers.csv,customers
CUST00002037,Riley Garcia 2037,consumer ,Denver,West,2024-01-12,C,Yes,True,2026-09-11T04:28:49.990377+00:00,data/raw/master/customers.csv,customers
CUST00002038,Taylor Garcia 2038,Small Business,Seattle,West,2026-01-10,A,1,True,2026-09-11T04:28:49.990377+00:00,data/raw/master/customers.csv,customers
CUST00002039,Jordan Kim 2039,Enterprise,Birmingham,Southeast,2021-12-10,C,No,Y,2026-09-11T04:28:49.990377+00:00,data/raw/master/customers.csv,customers
CUST00002040,Jordan Brown 2040,Enterprise,San Diego,West,02/27/2021,A,Y,Y,2026-09-11T04:28:49.990377+00:00,data/raw/master/customers.csv,customers
CUST00002041,Riley Brown 2041,Enterprise,Phoenix,Southwest,2023-04-12,D,Yes,N,2026-09-11T04:28:49.990377+00:00,data/raw/master/customers.csv,customers
CUST00002042,Jordan Patel 2042,Enterprise,Indianapolis,Midwest,02/04/2024,B,Yes,Y,2026-09-11T04:28:49.990377+00:00,data/raw/master/customers.csv,customers
CUST00002043,Riley Patel 2043,Consumer,Nashville,Southeast,2019-08-17,a,No,Y,2026-09-11T04:28:49.990377+00:00,data/raw/master/customers.csv,customers
CUST00002044,Casey Kim 2044,Consumer,Boston,Northeast,2018-09-30,B,No,True,2026-09-11T04:28:49.990377+00:00,data/raw/master/customers.csv,customers
CUST00002045,Riley Garcia 2045,Enterprise,Atlanta,Southeast,01/05/2024,D,1,N,2026-09-11T04:28:49.990377+00:00,data/raw/master/customers.csv,customers
CUST00002046,Casey Smith 2046,Government,Birmingham,Southeast,2025-10-19,a,No,Y,2026-09-11T04:28:49.990377+00:00,data/raw/master/customers.csv,customers
CUST00002047,Taylor Garcia 2047,Consumer,Birmingham,Southeast,05/20/2021,C,No,Y,2026-09-11T04:28:49.990377+00:00,data/raw/master/customers.csv,customers
CUST00002048,Riley Smith 2048,Small Business,Boston,Northeast,2022-01-27,D,1,Y,2026-09-11T04:28:49.990377+00:00,data/raw/master/customers.csv,customers
CUST00002049,Riley Brown 2049,consumer ,Phoenix,Southwest,02/25/2020,a,N,N,2026-09-11T04:28:49.990377+00:00,data/raw/master/customers.csv,customers
CUST00002050,Riley Kim 2050,Consumer,Denver,West,03/02/2022,B,No,Y,2026-09-11T04:28:49.990377+00:00,data/raw/master/customers.csv,customers
CUST00002051,Casey Brown 2051,Government,Detroit,Midwest,2019-03-12,B,1,N,2026-09-11T04:28:49.990377+00:00,data/raw/master/customers.csv,customers
CUST00002052,Casey Smith 2052,consumer ,Philadelphia,Northeast,2024-07-10,A,No,Y,2026-09-11T04:28:49.990377+00:00,data/raw/master/customers.csv,customers
CUST00002053,Riley Lee 2053,Small Business,Atlanta,Southeast,02/15/2022,D,0,Y,2026-09-11T04:28:49.990377+00:00,data/raw/master/customers.csv,customers
CUST00002054,Casey Kim 2054,Enterprise,San Diego,West,2018-05-24,B,1,N,2026-09-11T04:28:49.990377+00:00,data/raw/master/customers.csv,customers
CUST00002055,Casey Patel 2055,consumer ,Detroit,Midwest,09/27/2024,A,0,True,2026-09-11T04:28:49.990377+00:00,data/raw/master/customers.csv,customers
CUST00002056,Riley Smith 2056,Government,Seattle,West,11/18/2023,C,Y,True,2026-09-11T04:28:49.990377+00:00,data/raw/master/customers.csv,customers
CUST00002057,Riley Patel 2057,Consumer,Seattle,West,06/13/2019,D,1,True,2026-09-11T04:28:49.990377+00:00,data/raw/master/customers.csv,customers
CUST00002058,Morgan Lee 2058,consumer ,Columbus,Midwest,11/04/2024,B,N,N,2026-09-11T04:28:49.990377+00:00,data/raw/master/customers.csv,customers
CUST00002059,Taylor Patel 2059,Enterprise,Seattle,West,2022-01-26,C,0,Y,2026-09-11T04:28:49.990377+00:00,data/raw/master/customers.csv,customers
CUST00002060,Taylor Garcia 2060,Enterprise,Detroit,Midwest,2020-01-01,C,N,N,2026-09-11T04:28:49.990377+00:00,data/raw/master/customers.csv,customers
CUST00002061,Taylor Brown 2061,consumer ,Albuquerque,Southwest,04/04/2025,C,0,N,2026-09-11T04:28:49.990377+00:00,data/raw/master/customers.csv,customers
CUST00002062,Riley Garcia 2062,Government,Chicago,Midwest,2019-05-13,D,0,True,2026-09-11T04:28:49.990377+00:00,data/raw/master/customers.csv,customers
CUST00002063,Morgan Patel 2063,Government,Detroit,Midwest,2025-04-24,A,Yes,True,2026-09-11T04:28:49.990377+00:00,data/raw/master/customers.csv,customers
CUST00002064,Morgan Smith 2064,Government,Austin,Southwest,2019-09-13,B,No,N,2026-09-11T04:28:49.990377+00:00,data/raw/master/customers.csv,customers
CUST00002065,Taylor Smith 2065,consumer ,Albuquerque,Southwest,12/23/2022,B,No,Y,2026-09-11T04:28:49.990377+00:00,data/raw/master/customers.csv,customers
CUST00002066,Casey Smith 2066,Enterprise,Jacksonville,Southeast,2018-07-27,a,1,True,2026-09-11T04:28:49.990377+00:00,data/raw/master/customers.csv,customers
CUST00002067,Morgan Garcia 2067,Government,Philadelphia,Northeast,01/03/2019,a,No,True,2026-09-11T04:28:49.990377+00:00,data/raw/master/customers.csv,customers
CUST00002068,Riley Kim 2068,Government,Detroit,Midwest,2025-05-15,D,No,Y,2026-09-11T04:28:49.990377+00:00,data/raw/master/customers.csv,customers
CUST00002069,Jordan Brown 2069,consumer ,Nashville,Southeast,2024-10-26,a,No,Y,2026-09-11T04:28:49.990377+00:00,data/raw/master/customers.csv,customers
CUST00002070,Taylor Garcia 2070,Government,Atlanta,Southeast,2019-04-01,B,0,N,2026-09-11T04:28:49.990377+00:00,data/raw/master/customers.csv,customers
CUST00002071,Alex Brown 2071,Enterprise,Denver,West,10/27/2024,B,No,Y,2026-09-11T04:28:49.990377+00:00,data/raw/master/customers.csv,customers
CUST00002072,Alex Smith 2072,Consumer,Chicago,Midwest,2020-10-20,C,N,N,2026-09-11T04:28:49.990377+00:00,data/raw/master/customers.csv,customers
CUST00002073,Casey Patel 2073,Government,Birmingham,Southeast,2023-08-02,B,N,Y,2026-09-11T04:28:49.990377+00:00,data/raw/master/customers.csv,customers
CUST00002074,Riley Brown 2074,Consumer,Detroit,Midwest,04/16/2018,a,N,Y,2026-09-11T04:28:49.990377+00:00,data/raw/master/customers.csv,customers
CUST00002075,Riley Patel 2075,Enterprise,Denver,West,2018-04-27,C,1,Y,2026-09-11T04:28:49.990377+00:00,data/raw/master/customers.csv,customers
CUST00002076,Casey Lee 2076,Consumer,Nashville,Southeast,2019-06-13,C,Y,Y,2026-09-11T04:28:49.990377+00:00,data/raw/master/customers.csv,customers
CUST00002077,Morgan Kim 2077,Small Business,Indianapolis,Midwest,06/05/2024,a,Y,Y,2026-09-11T04:28:49.990377+00:00,data/raw/master/customers.csv,customers
CUST00002078,Alex Lee 2078,consumer ,Detroit,Midwest,01/05/2025,a,Yes,Y,2026-09-11T04:28:49.990377+00:00,data/raw/master/customers.csv,customers
CUST00002079,Casey Kim 2079,consumer ,Birmingham,Southeast,2021-03-02,a,1,Y,2026-09-11T04:28:49.990377+00:00,data/raw/master/customers.csv,customers
CUST00002080,Casey Lee 2080,Consumer,Chicago,Midwest,2022-01-26,B,Y,True,2026-09-11T04:28:49.990377+00:00,data/raw/master/customers.csv,customers
CUST00002081,Morgan Smith 2081,Enterprise,Detroit,Midwest,09/09/2018,C,N,Y,2026-09-11T04:28:49.990377+00:00,data/raw/master/customers.csv,customers
CUST00002082,Jordan Brown 2082,Small Business,San Diego,West,2020-04-11,C,0,True,2026-09-11T04:28:49.990377+00:00,data/raw/master/customers.csv,customers
CUST00002083,Casey Kim 2083,Consumer,Indianapolis,Midwest,03/19/2026,a,N,Y,2026-09-11T04:28:49.990377+00:00,data/raw/master/customers.csv,customers
CUST00002084,Jordan Smith 2084,consumer ,Birmingham,Southeast,06/09/2025,a,1,True,2026-09-11T04:28:49.990377+00:00,data/raw/master/customers.csv,customers
CUST00002085,Casey Brown 2085,consumer ,Buffalo,Northeast,07/17/2025,A,No,True,2026-09-11T04:28:49.990377+00:00,data/raw/master/customers.csv,customers
CUST00002086,Riley Smith 2086,Enterprise,Albany,Northeast,2018-08-27,D,N,Y,2026-09-11T04:28:49.990377+00:00,data/raw/master/customers.csv,customers
CUST00002087,Jordan Patel 2087,Consumer,Buffalo,Northeast,2018-08-09,a,0,N,2026-09-11T04:28:49.990377+00:00,data/raw/master/customers.csv,customers
CUST00002088,Alex Kim 2088,Enterprise,Birmingham,Southeast,2020-02-29,A,No,True,2026-09-11T04:28:49.990377+00:00,data/raw/master/customers.csv,customers
CUST00002089,Taylor Lee 2089,Government,Seattle,West,12/01/2018,C,Yes,Y,2026-09-11T04:28:49.990377+00:00,data/raw/master/customers.csv,customers
CUST00002090,Casey Smith 2090,Government,Dallas,Southwest,09/01/2020,a,No,N,2026-09-11T04:28:49.990377+00:00,data/raw/master/customers.csv,customers
CUST00002091,Riley Kim 2091,Small Business,Philadelphia,Northeast,03/25/2021,D,No,Y,2026-09-11T04:28:49.990377+00:00,data/raw/master/customers.csv,customers
CUST00002092,Casey Lee 2092,Small Business,Albany,Northeast,2018-06-17,C,Y,Y,2026-09-11T04:28:49.990377+00:00,data/raw/master/customers.csv,customers
CUST00002093,Alex Kim 2093,Small Business,Albuquerque,Southwest,2023-09-02,C,Y,Y,2026-09-11T04:28:49.990377+00:00,data/raw/master/customers.csv,customers
CUST00002094,Alex Smith 2094,consumer ,Albuquerque,Southwest,2024-10-05,D,Yes,N,2026-09-11T04:28:49.990377+00:00,data/raw/master/customers.csv,customers
CUST00002095,Jordan Patel 2095,consumer ,Columbus,Midwest,2025-06-10,D,Y,N,2026-09-11T04:28:49.990377+00:00,data/raw/master/customers.csv,customers
CUST00002096,Jordan Brown 2096,Consumer,San Diego,West,2018-11-03,C,N,Y,2026-09-11T04:28:49.990377+00:00,data/raw/master/customers.csv,customers
CUST00002097,Alex Brown 2097,Consumer,Seattle,West,11/07/2023,B,1,Y,2026-09-11T04:28:49.990377+00:00,data/raw/master/customers.csv,customers
CUST00002098,Alex Garcia 2098,Government,Phoenix,Southwest,2019-08-16,a,N,N,2026-09-11T04:28:49.990377+00:00,data/raw/master/customers.csv,customers
CUST00002099,Taylor Patel 2099,Government,San Diego,West,02/16/2026,C,No,Y,2026-09-11T04:28:49.990377+00:00,data/raw/master/customers.csv,customers
CUST00002100,Casey Kim 2100,Government,Phoenix,Southwest,2019-05-26,D,No,Y,2026-09-11T04:28:49.990377+00:00,data/raw/master/customers.csv,customers
CUST00002101,Morgan Lee 2101,Small Business,Indianapolis,Midwest,07/10/2024,C,N,True,2026-09-11T04:28:49.990377+00:00,data/raw/master/customers.csv,customers
CUST00002102,Alex Lee 2102,Government,Austin,Southwest,07/06/2018,D,0,True,2026-09-11T04:28:49.990377+00:00,data/raw/master/customers.csv,customers
CUST00002103,Morgan Brown 2103,Consumer,Boston,Northeast,2025-02-19,a,Y,True,2026-09-11T04:28:49.990377+00:00,data/raw/master/customers.csv,customers
CUST00002104,Alex Garcia 2104,Government,Portland,West,04/17/2021,D,N,True,2026-09-11T04:28:49.990377+00:00,data/raw/master/customers.csv,customers
CUST00002105,Riley Lee 2105,Enterprise,Buffalo,Northeast,2024-09-17,a,1,N,2026-09-11T04:28:49.990377+00:00,data/raw/master/customers.csv,customers
CUST00002106,Morgan Garcia 2106,Enterprise,Birmingham,Southeast,07/05/2024,D,1,Y,2026-09-11T04:28:49.990377+00:00,data/raw/master/customers.csv,customers
CUST00002107,Jordan Garcia 2107,Consumer,Denver,West,2020-09-26,B,1,True,2026-09-11T04:28:49.990377+00:00,data/raw/master/customers.csv,customers
CUST00002108,Alex Patel 2108,Enterprise,Austin,Southwest,08/17/2024,A,Yes,True,2026-09-11T04:28:49.990377+00:00,data/raw/master/customers.csv,customers
CUST00002109,Taylor Lee 2109,Consumer,Albuquerque,Southwest,06/06/2022,a,No,Y,2026-09-11T04:28:49.990377+00:00,data/raw/master/customers.csv,customers
CUST00002110,Riley Kim 2110,Consumer,San Diego,West,02/07/2023,B,Y,Y,2026-09-11T04:28:49.990377+00:00,data/raw/master/customers.csv,customers
CUST00002111,Riley Lee 2111,Consumer,Denver,West,2019-06-06,A,N,N,2026-09-11T04:28:49.990377+00:00,data/raw/master/customers.csv,customers
CUST00002112,Morgan Smith 2112,Small Business,Dallas,Southwest,11/24/2021,a,Yes,Y,2026-09-11T04:28:49.990377+00:00,data/raw/master/customers.csv,customers
CUST00002113,Casey Brown 2113,Enterprise,Philadelphia,Northeast,08/08/2023,A,N,True,2026-09-11T04:28:49.990377+00:00,data/raw/master/customers.csv,customers
CUST00002114,Jordan Kim 2114,Government,Atlanta,Southeast,02/23/2022,C,Y,True,2026-09-11T04:28:49.990377+00:00,data/raw/master/customers.csv,customers
CUST00002115,Alex Patel 2115,Government,Albany,Northeast,03/21/2023,C,Y,Y,2026-09-11T04:28:49.990377+00:00,data/raw/master/customers.csv,customers
CUST00002116,Morgan Brown 2116,Small Business,Dallas,Southwest,04/27/2019,A,Yes,Y,2026-09-11T04:28:49.990377+00:00,data/raw/master/customers.csv,customers
CUST00002117,Alex Patel 2117,Small Business,Nashville,Southeast,12/23/2018,a,0,Y,2026-09-11T04:28:49.990377+00:00,data/raw/master/customers.csv,customers
CUST00002118,Riley Patel 2118,Small Business,Indianapolis,Midwest,2026-01-22,C,No,N,2026-09-11T04:28:49.990377+00:00,data/raw/master/customers.csv,customers
CUST00002119,Alex Kim 2119,Small Business,Columbus,Midwest,01/24/2019,D,N,N,2026-09-11T04:28:49.990377+00:00,data/raw/master/customers.csv,customers
CUST00002120,Morgan Brown 2120,Enterprise,Birmingham,Southeast,07/11/2024,A,1,Y,2026-09-11T04:28:49.990377+00:00,data/raw/master/customers.csv,customers
CUST00002121,Riley Lee 2121,Government,Buffalo,Northeast,2024-07-15,D,No,True,2026-09-11T04:28:49.990377+00:00,data/raw/master/customers.csv,customers
CUST00002122,Alex Lee 2122,Enterprise,Albuquerque,Southwest,2021-01-23,a,1,N,2026-09-11T04:28:49.990377+00:00,data/raw/master/customers.csv,customers
CUST00002123,Riley Patel 2123,Small Business,Dallas,Southwest,05/22/2022,B,Y,Y,2026-09-11T04:28:49.990377+00:00,data/raw/master/customers.csv,customers
CUST00002124,Taylor Patel 2124,Enterprise,San Diego,West,08/13/2024,a,N,Y,2026-09-11T04:28:49.990377+00:00,data/raw/master/customers.csv,customers
CUST00002125,Jordan Garcia 2125,consumer ,Phoenix,Southwest,03/02/2020,B,No,Y,2026-09-11T04:28:49.990377+00:00,data/raw/master/customers.csv,customers
CUST00002126,Jordan Lee 2126,Small Business,Jacksonville,Southeast,2024-06-30,a,Yes,True,2026-09-11T04:28:49.990377+00:00,data/raw/master/customers.csv,customers
CUST00002127,Morgan Lee 2127,consumer ,Albuquerque,Southwest,2023-04-28,B,1,True,2026-09-11T04:28:49.990377+00:00,data/raw/master/customers.csv,customers
CUST00002128,Jordan Kim 2128,Government,Seattle,West,02/26/2025,B,N,Y,2026-09-11T04:28:49.990377+00:00,data/raw/master/customers.csv,customers
CUST00002129,Morgan Brown 2129,Government,Austin,Southwest,09/19/2021,B,0,Y,2026-09-11T04:28:49.990377+00:00,data/raw/master/customers.csv,customers
CUST00002130,Jordan Lee 2130,Government,Detroit,Midwest,03/23/2022,C,Yes,Y,2026-09-11T04:28:49.990377+00:00,data/raw/master/customers.csv,customers
CUST00002131,Jordan Smith 2131,Government,Nashville,Southeast,01/22/2018,a,1,Y,2026-09-11T04:28:49.990377+00:00,data/raw/master/customers.csv,customers
CUST00002132,Jordan Lee 2132,consumer ,Columbus,Midwest,2024-11-15,D,Yes,Y,2026-09-11T04:28:49.990377+00:00,data/raw/master/customers.csv,customers
CUST00002133,Morgan Lee 2133,Small Business,Phoenix,Southwest,2026-02-21,B,1,True,2026-09-11T04:28:49.990377+00:00,data/raw/master/customers.csv,customers
CUST00002134,Taylor Garcia 2134,Enterprise,Detroit,Midwest,06/22/2021,B,Yes,Y,2026-09-11T04:28:49.990377+00:00,data/raw/master/customers.csv,customers
CUST00002135,Morgan Brown 2135,Small Business,Atlanta,Southeast,03/07/2019,C,Y,N,2026-09-11T04:28:49.990377+00:00,data/raw/master/customers.csv,customers
CUST00002136,Alex Patel 2136,Consumer,Austin,Southwest,11/26/2023,A,0,True,2026-09-11T04:28:49.990377+00:00,data/raw/master/customers.csv,customers
CUST00002137,Taylor Lee 2137,Enterprise,Philadelphia,Northeast,02/19/2021,C,N,True,2026-09-11T04:28:49.990377+00:00,data/raw/master/customers.csv,customers
CUST00002138,Morgan Kim 2138,Enterprise,Albuquerque,Southwest,2018-05-27,A,1,True,2026-09-11T04:28:49.990377+00:00,data/raw/master/customers.csv,customers
CUST00002139,Riley Kim 2139,Consumer,Birmingham,Southeast,2019-07-19,D,Y,Y,2026-09-11T04:28:49.990377+00:00,data/raw/master/customers.csv,customers
CUST00002140,Jordan Patel 2140,Small Business,Columbus,Midwest,10/03/2021,D,1,Y,2026-09-11T04:28:49.990377+00:00,data/raw/master/customers.csv,customers
CUST00002141,Riley Patel 2141,Government,Birmingham,Southeast,2025-02-04,a,Y,True,2026-09-11T04:28:49.990377+00:00,data/raw/master/customers.csv,customers
CUST00002142,Morgan Lee 2142,Consumer,Chicago,Midwest,06/06/2023,C,N,Y,2026-09-11T04:28:49.990377+00:00,data/raw/master/customers.csv,customers
CUST00002143,Jordan Patel 2143,Small Business,Portland,West,2021-09-01,D,Y,Y,2026-09-11T04:28:49.990377+00:00,data/raw/master/customers.csv,customers
CUST00002144,Jordan Patel 2144,Enterprise,Dallas,Southwest,09/15/2025,D,Y,Y,2026-09-11T04:28:49.990377+00:00,data/raw/master/customers.csv,customers
CUST00002145,Alex Patel 2145,Small Business,Denver,West,2023-03-17,D,N,Y,2026-09-11T04:28:49.990377+00:00,data/raw/master/customers.csv,customers
CUST00002146,Casey Kim 2146,Consumer,Albuquerque,Southwest,2019-11-29,a,Yes,Y,2026-09-11T04:28:49.990377+00:00,data/raw/master/customers.csv,customers
CUST00002147,Taylor Garcia 2147,consumer ,Dallas,Southwest,10/15/2019,A,No,Y,2026-09-11T04:28:49.990377+00:00,data/raw/master/customers.csv,customers
CUST00002148,Morgan Kim 2148,Government,Detroit,Midwest,05/28/2022,D,No,Y,2026-09-11T04:28:49.990377+00:00,data/raw/master/customers.csv,customers
CUST00002149,Casey Garcia 2149,consumer ,Buffalo,Northeast,09/12/2023,D,N,Y,2026-09-11T04:28:49.990377+00:00,data/raw/master/customers.csv,customers
CUST00002150,Casey Smith 2150,consumer ,Detroit,Midwest,2019-04-01,C,N,Y,2026-09-11T04:28:49.990377+00:00,data/raw/master/customers.csv,customers
CUST00002151,Alex Smith 2151,consumer ,Nashville,Southeast,03/17/2020,B,Yes,Y,2026-09-11T04:28:49.990377+00:00,data/raw/master/customers.csv,customers
CUST00002152,Riley Patel 2152,Consumer,Philadelphia,Northeast,2025-06-17,C,Y,True,2026-09-11T04:28:49.990377+00:00,data/raw/master/customers.csv,customers
CUST00002153,Casey Smith 2153,Government,Chicago,Midwest,2026-03-02,C,Yes,Y,2026-09-11T04:28:49.990377+00:00,data/raw/master/customers.csv,customers
CUST00002154,Jordan Lee 2154,consumer ,Albuquerque,Southwest,08/13/2022,A,Y,N,2026-09-11T04:28:49.990377+00:00,data/raw/master/customers.csv,customers
CUST00002155,Morgan Patel 2155,consumer ,Nashville,Southeast,2024-03-24,B,0,Y,2026-09-11T04:28:49.990377+00:00,data/raw/master/customers.csv,customers
CUST00002156,Alex Brown 2156,Small Business,Dallas,Southwest,2023-02-11,a,No,Y,2026-09-11T04:28:49.990377+00:00,data/raw/master/customers.csv,customers
CUST00002157,Alex Kim 2157,Enterprise,Albany,Northeast,06/07/2021,C,Yes,True,2026-09-11T04:28:49.990377+00:00,data/raw/master/customers.csv,customers
CUST00002158,Morgan Kim 2158,consumer ,Albany,Northeast,2018-02-19,A,Y,Y,2026-09-11T04:28:49.990377+00:00,data/raw/master/customers.csv,customers
CUST00002159,Morgan Garcia 2159,consumer ,Portland,West,06/01/2022,C,N,Y,2026-09-11T04:28:49.990377+00:00,data/raw/master/customers.csv,customers
CUST00002160,Morgan Lee 2160,Government,Buffalo,Northeast,10/08/2023,D,Y,Y,2026-09-11T04:28:49.990377+00:00,data/raw/master/customers.csv,customers
CUST00002161,Riley Smith 2161,Enterprise,Birmingham,Southeast,06/29/2022,D,0,Y,2026-09-11T04:28:49.990377+00:00,data/raw/master/customers.csv,customers
CUST00002162,Jordan Kim 2162,Government,Dallas,Southwest,2026-02-08,A,Y,N,2026-09-11T04:28:49.990377+00:00,data/raw/master/customers.csv,customers
CUST00002163,Jordan Brown 2163,Enterprise,Nashville,Southeast,2021-04-29,A,No,Y,2026-09-11T04:28:49.990377+00:00,data/raw/master/customers.csv,customers
CUST00002164,Jordan Lee 2164,Enterprise,Nashville,Southeast,08/28/2019,a,1,N,2026-09-11T04:28:49.990377+00:00,data/raw/master/customers.csv,customers
CUST00002165,Riley Lee 2165,Government,Boston,Northeast,02/04/2018,a,Yes,N,2026-09-11T04:28:49.990377+00:00,data/raw/master/customers.csv,customers
CUST00002166,Taylor Patel 2166,Government,Portland,West,01/01/2025,C,Yes,True,2026-09-11T04:28:49.990377+00:00,data/raw/master/customers.csv,customers
CUST00002167,Jordan Smith 2167,Enterprise,Portland,West,01/27/2021,D,0,Y,2026-09-11T04:28:49.990377+00:00,data/raw/master/customers.csv,customers
CUST00002168,Taylor Patel 2168,consumer ,Columbus,Midwest,2023-11-18,a,N,Y,2026-09-11T04:28:49.990377+00:00,data/raw/master/customers.csv,customers
CUST00002169,Jordan Garcia 2169,Enterprise,Columbus,Midwest,06/29/2020,A,No,Y,2026-09-11T04:28:49.990377+00:00,data/raw/master/customers.csv,customers
CUST00002170,Casey Patel 2170,Consumer,Denver,West,2025-06-05,D,Y,Y,2026-09-11T04:28:49.990377+00:00,data/raw/master/customers.csv,customers
CUST00002171,Casey Patel 2171,Consumer,Portland,West,02/28/2023,A,Yes,True,2026-09-11T04:28:49.990377+00:00,data/raw/master/customers.csv,customers
CUST00002172,Casey Garcia 2172,Enterprise,Philadelphia,Northeast,01/01/2022,C,Y,Y,2026-09-11T04:28:49.990377+00:00,data/raw/master/customers.csv,customers
CUST00002173,Morgan Lee 2173,Small Business,Dallas,Southwest,2019-01-29,a,1,N,2026-09-11T04:28:49.990377+00:00,data/raw/master/customers.csv,customers
CUST00002174,Casey Garcia 2174,Small Business,Boston,Northeast,02/24/2023,B,0,Y,2026-09-11T04:28:49.990377+00:00,data/raw/master/customers.csv,customers
CUST00002175,Alex Kim 2175,consumer ,Buffalo,Northeast,10/23/2022,C,Y,True,2026-09-11T04:28:49.990377+00:00,data/raw/master/customers.csv,customers
CUST00002176,Casey Patel 2176,consumer ,Chicago,Midwest,2024-01-27,D,No,Y,2026-09-11T04:28:49.990377+00:00,data/raw/master/customers.csv,customers
CUST00002177,Casey Kim 2177,Small Business,Buffalo,Northeast,2018-09-22,A,No,True,2026-09-11T04:28:49.990377+00:00,data/raw/master/customers.csv,customers
CUST00002178,Riley Smith 2178,Small Business,San Diego,West,2024-06-07,C,0,N,2026-09-11T04:28:49.990377+00:00,data/raw/master/customers.csv,customers
CUST00002179,Casey Garcia 2179,consumer ,Philadelphia,Northeast,2024-05-18,C,0,N,2026-09-11T04:28:49.990377+00:00,data/raw/master/customers.csv,customers
CUST00002180,Riley Brown 2180,Consumer,Albany,Northeast,04/11/2020,B,N,N,2026-09-11T04:28:49.990377+00:00,data/raw/master/customers.csv,customers
CUST00002181,Alex Brown 2181,Enterprise,Birmingham,Southeast,2020-12-03,D,N,Y,2026-09-11T04:28:49.990377+00:00,data/raw/master/customers.csv,customers
CUST00002182,Riley Garcia 2182,Consumer,Detroit,Midwest,2025-12-06,C,N,Y,2026-09-11T04:28:49.990377+00:00,data/raw/master/customers.csv,customers
CUST00002183,Jordan Kim 2183,Enterprise,Dallas,Southwest,2018-08-18,C,0,N,2026-09-11T04:28:49.990377+00:00,data/raw/master/customers.csv,customers
CUST00002184,Casey Kim 2184,consumer ,Buffalo,Northeast,2026-03-13,D,N,Y,2026-09-11T04:28:49.990377+00:00,data/raw/master/customers.csv,customers
CUST00002185,Jordan Garcia 2185,Government,Albuquerque,Southwest,2018-09-08,D,0,Y,2026-09-11T04:28:49.990377+00:00,data/raw/master/customers.csv,customers
CUST00002186,Taylor Patel 2186,Consumer,Columbus,Midwest,2023-09-21,a,N,Y,2026-09-11T04:28:49.990377+00:00,data/raw/master/customers.csv,customers
CUST00002187,Casey Brown 2187,Enterprise,Birmingham,Southeast,2018-01-10,D,0,Y,2026-09-11T04:28:49.990377+00:00,data/raw/master/customers.csv,customers
CUST00002188,Jordan Garcia 2188,Government,Birmingham,Southeast,2018-12-27,A,Y,N,2026-09-11T04:28:49.990377+00:00,data/raw/master/customers.csv,customers
CUST00002189,Alex Patel 2189,Consumer,Jacksonville,Southeast,03/21/2020,C,No,N,2026-09-11T04:28:49.990377+00:00,data/raw/master/customers.csv,customers
CUST00002190,Taylor Brown 2190,Government,Boston,Northeast,2019-11-23,a,1,True,2026-09-11T04:28:49.990377+00:00,data/raw/master/customers.csv,customers
CUST00002191,Taylor Brown 2191,Consumer,Detroit,Midwest,06/02/2020,C,Y,N,2026-09-11T04:28:49.990377+00:00,data/raw/master/customers.csv,customers
CUST00002192,Alex Lee 2192,Consumer,Detroit,Midwest,2022-10-16,a,Y,Y,2026-09-11T04:28:49.990377+00:00,data/raw/master/customers.csv,customers
CUST00002193,Alex Garcia 2193,Consumer,Atlanta,Southeast,2019-09-04,a,0,Y,2026-09-11T04:28:49.990377+00:00,data/raw/master/customers.csv,customers
CUST00002194,Riley Patel 2194,Small Business,Philadelphia,Northeast,2022-08-05,C,N,True,2026-09-11T04:28:49.990377+00:00,data/raw/master/customers.csv,customers
CUST00002195,Morgan Patel 2195,Small Business,Dallas,Southwest,08/25/2022,A,No,Y,2026-09-11T04:28:49.990377+00:00,data/raw/master/customers.csv,customers
CUST00002196,Jordan Patel 2196,Government,Atlanta,Southeast,02/16/2020,C,Y,True,2026-09-11T04:28:49.990377+00:00,data/raw/master/customers.csv,customers
CUST00002197,Jordan Brown 2197,consumer ,Austin,Southwest,2026-04-13,B,1,Y,2026-09-11T04:28:49.990377+00:00,data/raw/master/customers.csv,customers
CUST00002198,Casey Garcia 2198,Consumer,Austin,Southwest,11/24/2018,B,0,N,2026-09-11T04:28:49.990377+00:00,data/raw/master/customers.csv,customers
CUST00002199,Riley Smith 2199,Enterprise,Nashville,Southeast,2020-10-15,A,Y,Y,2026-09-11T04:28:49.990377+00:00,data/raw/master/customers.csv,customers
CUST00002200,Casey Garcia 2200,consumer ,Denver,West,2025-11-12,A,N,Y,2026-09-11T04:28:49.990377+00:00,data/raw/master/customers.csv,customers
CUST00002201,Riley Patel 2201,Enterprise,Albuquerque,Southwest,2018-12-21,D,Yes,N,2026-09-11T04:28:49.990377+00:00,data/raw/master/customers.csv,customers
CUST00002202,Taylor Smith 2202,Enterprise,Denver,West,2021-06-28,B,1,True,2026-09-11T04:28:49.990377+00:00,data/raw/master/customers.csv,customers
CUST00002203,Riley Lee 2203,Small Business,Austin,Southwest,2020-08-09,A,No,Y,2026-09-11T04:28:49.990377+00:00,data/raw/master/customers.csv,customers
CUST00002204,Riley Brown 2204,Government,Chicago,Midwest,2020-09-09,B,Y,Y,2026-09-11T04:28:49.990377+00:00,data/raw/master/customers.csv,customers
CUST00002205,Alex Patel 2205,Consumer,Birmingham,Southeast,07/27/2018,A,Yes,Y,2026-09-11T04:28:49.990377+00:00,data/raw/master/customers.csv,customers
CUST00002206,Casey Brown 2206,Small Business,Jacksonville,Southeast,2022-06-13,A,No,N,2026-09-11T04:28:49.990377+00:00,data/raw/master/customers.csv,customers
CUST00002207,Alex Brown 2207,Enterprise,Albany,Northeast,01/27/2019,a,1,Y,2026-09-11T04:28:49.990377+00:00,data/raw/master/customers.csv,customers
CUST00002208,Morgan Kim 2208,consumer ,Detroit,Midwest,12/13/2024,C,N,True,2026-09-11T04:28:49.990377+00:00,data/raw/master/customers.csv,customers
CUST00002209,Morgan Lee 2209,Government,Albany,Northeast,08/19/2021,C,1,Y,2026-09-11T04:28:49.990377+00:00,data/raw/master/customers.csv,customers
CUST00002210,Casey Garcia 2210,Consumer,Columbus,Midwest,02/01/2021,C,No,True,2026-09-11T04:28:49.990377+00:00,data/raw/master/customers.csv,customers
CUST00002211,Morgan Garcia 2211,Consumer,Albuquerque,Southwest,2023-11-09,A,N,Y,2026-09-11T04:28:49.990377+00:00,data/raw/master/customers.csv,customers
CUST00002212,Morgan Patel 2212,Enterprise,Atlanta,Southeast,2019-10-30,C,0,N,2026-09-11T04:28:49.990377+00:00,data/raw/master/customers.csv,customers
CUST00002213,Alex Lee 2213,Government,Phoenix,Southwest,10/17/2022,D,N,N,2026-09-11T04:28:49.990377+00:00,data/raw/master/customers.csv,customers
CUST00002214,Morgan Lee 2214,consumer ,Austin,Southwest,02/20/2019,D,N,Y,2026-09-11T04:28:49.990377+00:00,data/raw/master/customers.csv,customers
CUST00002215,Riley Kim 2215,Enterprise,Columbus,Midwest,2025-01-15,A,No,Y,2026-09-11T04:28:49.990377+00:00,data/raw/master/customers.csv,customers
CUST00002216,Jordan Lee 2216,Government,Dallas,Southwest,2022-10-15,D,N,N,2026-09-11T04:28:49.990377+00:00,data/raw/master/customers.csv,customers
CUST00002217,Morgan Patel 2217,consumer ,Detroit,Midwest,07/25/2020,a,1,Y,2026-09-11T04:28:49.990377+00:00,data/raw/master/customers.csv,customers
CUST00002218,Taylor Garcia 2218,Government,Boston,Northeast,09/09/2025,D,No,True,2026-09-11T04:28:49.990377+00:00,data/raw/master/customers.csv,customers
CUST00002219,Casey Kim 2219,consumer ,Philadelphia,Northeast,2024-10-12,a,No,Y,2026-09-11T04:28:49.990377+00:00,data/raw/master/customers.csv,customers
CUST00002220,Jordan Lee 2220,consumer ,Boston,Northeast,2023-01-18,B,1,True,2026-09-11T04:28:49.990377+00:00,data/raw/master/customers.csv,customers
CUST00002221,Jordan Patel 2221,Enterprise,Austin,Southwest,2023-09-03,B,0,Y,2026-09-11T04:28:49.990377+00:00,data/raw/master/customers.csv,customers
CUST00002222,Morgan Smith 2222,Enterprise,Atlanta,Southeast,2025-01-23,B,No,N,2026-09-11T04:28:49.990377+00:00,data/raw/master/customers.csv,customers
CUST00002223,Riley Lee 2223,consumer ,Birmingham,Southeast,03/25/2022,a,Y,Y,2026-09-11T04:28:49.990377+00:00,data/raw/master/customers.csv,customers
CUST00002224,Morgan Brown 2224,consumer ,Nashville,Southeast,2025-07-25,D,0,Y,2026-09-11T04:28:49.990377+00:00,data/raw/master/customers.csv,customers
CUST00002225,Morgan Lee 2225,Small Business,Dallas,Southwest,07/03/2019,D,N,True,2026-09-11T04:28:49.990377+00:00,data/raw/master/customers.csv,customers
CUST00002226,Casey Lee 2226,Enterprise,Portland,West,2023-10-26,D,No,Y,2026-09-11T04:28:49.990377+00:00,data/raw/master/customers.csv,customers
CUST00002227,Alex Smith 2227,Small Business,Chicago,Midwest,04/30/2019,D,N,True,2026-09-11T04:28:49.990377+00:00,data/raw/master/customers.csv,customers
CUST00002228,Taylor Kim 2228,Enterprise,Buffalo,Northeast,2025-06-03,A,0,True,2026-09-11T04:28:49.990377+00:00,data/raw/master/customers.csv,customers
CUST00002229,Alex Smith 2229,Government,Dallas,Southwest,2022-05-19,B,N,Y,2026-09-11T04:28:49.990377+00:00,data/raw/master/customers.csv,customers
CUST00002230,Casey Brown 2230,Small Business,Phoenix,Southwest,2024-03-03,C,N,Y,2026-09-11T04:28:49.990377+00:00,data/raw/master/customers.csv,customers
CUST00002231,Jordan Garcia 2231,Consumer,Detroit,Midwest,06/03/2023,D,Yes,Y,2026-09-11T04:28:49.990377+00:00,data/raw/master/customers.csv,customers
CUST00002232,Alex Patel 2232,Enterprise,Indianapolis,Midwest,02/10/2019,C,1,Y,2026-09-11T04:28:49.990377+00:00,data/raw/master/customers.csv,customers
CUST00002233,Jordan Garcia 2233,Enterprise,Phoenix,Southwest,10/18/2019,D,Y,Y,2026-09-11T04:28:49.990377+00:00,data/raw/master/customers.csv,customers
CUST00002234,Casey Kim 2234,Enterprise,Boston,Northeast,2019-06-16,a,Y,N,2026-09-11T04:28:49.990377+00:00,data/raw/master/customers.csv,customers
CUST00002235,Jordan Garcia 2235,Consumer,Albuquerque,Southwest,09/02/2021,C,Y,N,2026-09-11T04:28:49.990377+00:00,data/raw/master/customers.csv,customers
CUST00002236,Taylor Patel 2236,Government,Portland,West,02/07/2022,A,0,N,2026-09-11T04:28:49.990377+00:00,data/raw/master/customers.csv,customers
CUST00002237,Casey Lee 2237,Small Business,Albuquerque,Southwest,2024-02-13,a,0,True,2026-09-11T04:28:49.990377+00:00,data/raw/master/customers.csv,customers
CUST00002238,Alex Brown 2238,Consumer,Portland,West,2019-04-24,C,No,True,2026-09-11T04:28:49.990377+00:00,data/raw/master/customers.csv,customers
CUST00002239,Taylor Kim 2239,Small Business,Jacksonville,Southeast,08/08/2021,C,Y,Y,2026-09-11T04:28:49.990377+00:00,data/raw/master/customers.csv,customers
CUST00002240,Riley Kim 2240,Consumer,Nashville,Southeast,03/09/2022,D,0,True,2026-09-11T04:28:49.990377+00:00,data/raw/master/customers.csv,customers
CUST00002241,Morgan Patel 2241,Consumer,Phoenix,Southwest,2025-04-14,C,1,Y,2026-09-11T04:28:49.990377+00:00,data/raw/master/customers.csv,customers
CUST00002242,Taylor Patel 2242,Small Business,Nashville,Southeast,04/30/2018,a,Yes,Y,2026-09-11T04:28:49.990377+00:00,data/raw/master/customers.csv,customers
CUST00002243,Taylor Kim 2243,Small Business,Buffalo,Northeast,2018-07-25,A,Y,Y,2026-09-11T04:28:49.990377+00:00,data/raw/master/customers.csv,customers
CUST00002244,Taylor Smith 2244,consumer ,Philadelphia,Northeast,01/29/2019,D,Yes,Y,2026-09-11T04:28:49.990377+00:00,data/raw/master/customers.csv,customers
CUST00002245,Taylor Lee 2245,Small Business,Columbus,Midwest,2021-11-12,A,0,Y,2026-09-11T04:28:49.990377+00:00,data/raw/master/customers.csv,customers
CUST00002246,Morgan Garcia 2246,Enterprise,Birmingham,Southeast,08/16/2020,D,1,True,2026-09-11T04:28:49.990377+00:00,data/raw/master/customers.csv,customers
CUST00002247,Alex Brown 2247,Consumer,Albany,Northeast,10/30/2019,A,Y,Y,2026-09-11T04:28:49.990377+00:00,data/raw/master/customers.csv,customers
CUST00002248,Riley Lee 2248,Enterprise,Atlanta,Southeast,2026-01-03,D,Y,Y,2026-09-11T04:28:49.990377+00:00,data/raw/master/customers.csv,customers
CUST00002249,Morgan Garcia 2249,consumer ,Albuquerque,Southwest,2021-03-14,D,1,Y,2026-09-11T04:28:49.990377+00:00,data/raw/master/customers.csv,customers
CUST00002250,Morgan Smith 2250,consumer ,Denver,West,2024-06-09,C,N,N,2026-09-11T04:28:49.990377+00:00,data/raw/master/customers.csv,customers
CUST00002251,Riley Lee 2251,consumer ,Phoenix,Southwest,04/25/2018,B,Y,Y,2026-09-11T04:28:49.990377+00:00,data/raw/master/customers.csv,customers
CUST00002252,Taylor Garcia 2252,Small Business,Philadelphia,Northeast,03/31/2025,B,0,Y,2026-09-11T04:28:49.990377+00:00,data/raw/master/customers.csv,customers
CUST00002253,Morgan Lee 2253,Enterprise,Jacksonville,Southeast,2021-06-26,D,0,Y,2026-09-11T04:28:49.990377+00:00,data/raw/master/customers.csv,customers
CUST00002254,Riley Kim 2254,consumer ,Chicago,Midwest,10/14/2022,A,1,Y,2026-09-11T04:28:49.990377+00:00,data/raw/master/customers.csv,customers
CUST00002255,Alex Patel 2255,Government,Portland,West,2022-09-03,A,0,Y,2026-09-11T04:28:49.990377+00:00,data/raw/master/customers.csv,customers
CUST00002256,Alex Patel 2256,Enterprise,San Diego,West,04/26/2026,a,No,Y,2026-09-11T04:28:49.990377+00:00,data/raw/master/customers.csv,customers
CUST00002257,Taylor Lee 2257,consumer ,Albany,Northeast,01/31/2024,A,No,Y,2026-09-11T04:28:49.990377+00:00,data/raw/master/customers.csv,customers
CUST00002258,Casey Smith 2258,Enterprise,Dallas,Southwest,2025-12-12,a,N,Y,2026-09-11T04:28:49.990377+00:00,data/raw/master/customers.csv,customers
CUST00002259,Casey Lee 2259,Government,Albuquerque,Southwest,07/08/2022,a,Y,True,2026-09-11T04:28:49.990377+00:00,data/raw/master/customers.csv,customers
CUST00002260,Jordan Garcia 2260,Consumer,Portland,West,2021-10-12,a,0,Y,2026-09-11T04:28:49.990377+00:00,data/raw/master/customers.csv,customers
CUST00002261,Alex Kim 2261,Enterprise,Detroit,Midwest,05/12/2018,B,N,Y,2026-09-11T04:28:49.990377+00:00,data/raw/master/customers.csv,customers
CUST00002262,Riley Patel 2262,Enterprise,Albany,Northeast,2022-12-13,D,Yes,Y,2026-09-11T04:28:49.990377+00:00,data/raw/master/customers.csv,customers
CUST00002263,Taylor Smith 2263,Enterprise,Portland,West,01/20/2019,D,0,True,2026-09-11T04:28:49.990377+00:00,data/raw/master/customers.csv,customers
CUST00002264,Casey Smith 2264,Small Business,Buffalo,Northeast,2018-11-07,A,Yes,N,2026-09-11T04:28:49.990377+00:00,data/raw/master/customers.csv,customers
CUST00002265,Taylor Smith 2265,Government,Jacksonville,Southeast,05/13/2025,C,1,True,2026-09-11T04:28:49.990377+00:00,data/raw/master/customers.csv,customers
CUST00002266,Taylor Lee 2266,Enterprise,Denver,West,2023-10-13,a,0,Y,2026-09-11T04:28:49.990377+00:00,data/raw/master/customers.csv,customers
CUST00002267,Riley Brown 2267,Enterprise,Indianapolis,Midwest,2018-06-23,D,0,N,2026-09-11T04:28:49.990377+00:00,data/raw/master/customers.csv,customers
CUST00002268,Taylor Patel 2268,Enterprise,Seattle,West,2025-08-02,D,0,Y,2026-09-11T04:28:49.990377+00:00,data/raw/master/customers.csv,customers
CUST00002269,Alex Lee 2269,Consumer,San Diego,West,07/25/2022,A,0,Y,2026-09-11T04:28:49.990377+00:00,data/raw/master/customers.csv,customers
CUST00002270,Casey Lee 2270,Government,Seattle,West,11/12/2025,A,No,Y,2026-09-11T04:28:49.990377+00:00,data/raw/master/customers.csv,customers
CUST00002271,Morgan Brown 2271,Consumer,Indianapolis,Midwest,02/24/2019,C,1,N,2026-09-11T04:28:49.990377+00:00,data/raw/master/customers.csv,customers
CUST00002272,Casey Patel 2272,Government,Albany,Northeast,2023-07-12,C,N,N,2026-09-11T04:28:49.990377+00:00,data/raw/master/customers.csv,customers
CUST00002273,Alex Brown 2273,consumer ,Portland,West,10/31/2018,A,0,Y,2026-09-11T04:28:49.990377+00:00,data/raw/master/customers.csv,customers
CUST00002274,Morgan Patel 2274,Government,Birmingham,Southeast,07/02/2023,A,Y,Y,2026-09-11T04:28:49.990377+00:00,data/raw/master/customers.csv,customers
CUST00002275,Jordan Garcia 2275,Consumer,Dallas,Southwest,04/14/2020,a,No,Y,2026-09-11T04:28:49.990377+00:00,data/raw/master/customers.csv,customers
CUST00002276,Morgan Patel 2276,Enterprise,Detroit,Midwest,2022-11-10,B,Y,Y,2026-09-11T04:28:49.990377+00:00,data/raw/master/customers.csv,customers
CUST00002277,Riley Lee 2277,Government,Indianapolis,Midwest,12/31/2023,C,1,Y,2026-09-11T04:28:49.990377+00:00,data/raw/master/customers.csv,customers
CUST00002278,Riley Kim 2278,Government,Austin,Southwest,06/23/2025,D,Yes,N,2026-09-11T04:28:49.990377+00:00,data/raw/master/customers.csv,customers
CUST00002279,Morgan Smith 2279,consumer ,Seattle,West,12/20/2022,a,Yes,Y,2026-09-11T04:28:49.990377+00:00,data/raw/master/customers.csv,customers
CUST00002280,Taylor Smith 2280,Enterprise,Denver,West,2020-04-19,a,Y,Y,2026-09-11T04:28:49.990377+00:00,data/raw/master/customers.csv,customers
CUST00002281,Alex Patel 2281,Small Business,Seattle,West,2024-04-14,D,Yes,N,2026-09-11T04:28:49.990377+00:00,data/raw/master/customers.csv,customers
CUST00002282,Riley Patel 2282,Enterprise,Albuquerque,Southwest,2023-07-14,D,No,Y,2026-09-11T04:28:49.990377+00:00,data/raw/master/customers.csv,customers
CUST00002283,Jordan Smith 2283,Enterprise,San Diego,West,12/19/2024,A,0,N,2026-09-11T04:28:49.990377+00:00,data/raw/master/customers.csv,customers
CUST00002284,Jordan Lee 2284,Small Business,Indianapolis,Midwest,2018-04-04,D,Y,Y,2026-09-11T04:28:49.990377+00:00,data/raw/master/customers.csv,customers
CUST00002285,Alex Lee 2285,consumer ,Albuquerque,Southwest,2024-03-02,C,0,N,2026-09-11T04:28:49.990377+00:00,data/raw/master/customers.csv,customers
CUST00002286,Taylor Patel 2286,Government,Portland,West,03/18/2026,B,Y,Y,2026-09-11T04:28:49.990377+00:00,data/raw/master/customers.csv,customers
CUST00002287,Jordan Lee 2287,Small Business,Portland,West,2024-07-22,A,0,Y,2026-09-11T04:28:49.990377+00:00,data/raw/master/customers.csv,customers
CUST00002288,Taylor Brown 2288,Enterprise,Dallas,Southwest,2024-03-02,a,Yes,Y,2026-09-11T04:28:49.990377+00:00,data/raw/master/customers.csv,customers
CUST00002289,Morgan Patel 2289,Government,Dallas,Southwest,10/10/2024,B,No,Y,2026-09-11T04:28:49.990377+00:00,data/raw/master/customers.csv,customers
CUST00002290,Morgan Brown 2290,Consumer,Austin,Southwest,02/20/2022,D,No,Y,2026-09-11T04:28:49.990377+00:00,data/raw/master/customers.csv,customers
CUST00002291,Jordan Kim 2291,Small Business,San Diego,West,2020-02-26,B,0,True,2026-09-11T04:28:49.990377+00:00,data/raw/master/customers.csv,customers
CUST00002292,Alex Smith 2292,Government,Boston,Northeast,2018-05-25,B,1,Y,2026-09-11T04:28:49.990377+00:00,data/raw/master/customers.csv,customers
CUST00002293,Taylor Smith 2293,Enterprise,Albany,Northeast,2018-05-15,B,1,Y,2026-09-11T04:28:49.990377+00:00,data/raw/master/customers.csv,customers
CUST00002294,Alex Smith 2294,Small Business,Detroit,Midwest,2026-01-28,B,N,Y,2026-09-11T04:28:49.990377+00:00,data/raw/master/customers.csv,customers
CUST00002295,Jordan Smith 2295,Government,Nashville,Southeast,2023-09-09,C,Yes,N,2026-09-11T04:28:49.990377+00:00,data/raw/master/customers.csv,customers
CUST00002296,Casey Lee 2296,Government,Buffalo,Northeast,2019-06-29,C,0,Y,2026-09-11T04:28:49.990377+00:00,data/raw/master/customers.csv,customers
CUST00002297,Jordan Patel 2297,Small Business,San Diego,West,2019-07-23,C,N,Y,2026-09-11T04:28:49.990377+00:00,data/raw/master/customers.csv,customers
CUST00002298,Jordan Smith 2298,consumer ,Columbus,Midwest,2022-10-29,a,1,True,2026-09-11T04:28:49.990377+00:00,data/raw/master/customers.csv,customers
CUST00002299,Alex Garcia 2299,Consumer,Jacksonville,Southeast,2025-12-28,a,No,Y,2026-09-11T04:28:49.990377+00:00,data/raw/master/customers.csv,customers
CUST00002300,Taylor Smith 2300,consumer ,Buffalo,Northeast,03/12/2022,A,1,Y,2026-09-11T04:28:49.990377+00:00,data/raw/master/customers.csv,customers
CUST00002301,Taylor Brown 2301,Enterprise,Austin,Southwest,2023-01-25,D,N,Y,2026-09-11T04:28:49.990377+00:00,data/raw/master/customers.csv,customers
CUST00002302,Alex Patel 2302,Consumer,Atlanta,Southeast,2019-08-10,D,N,Y,2026-09-11T04:28:49.990377+00:00,data/raw/master/customers.csv,customers
CUST00002303,Jordan Lee 2303,Government,Detroit,Midwest,03/06/2026,a,No,Y,2026-09-11T04:28:49.990377+00:00,data/raw/master/customers.csv,customers
CUST00002304,Alex Smith 2304,consumer ,Philadelphia,Northeast,2018-12-26,B,Yes,True,2026-09-11T04:28:49.990377+00:00,data/raw/master/customers.csv,customers
CUST00002305,Casey Smith 2305,Small Business,Albuquerque,Southwest,12/18/2024,B,N,N,2026-09-11T04:28:49.990377+00:00,data/raw/master/customers.csv,customers
CUST00002306,Riley Garcia 2306,Small Business,Jacksonville,Southeast,2020-05-28,D,Y,True,2026-09-11T04:28:49.990377+00:00,data/raw/master/customers.csv,customers
CUST00002307,Alex Brown 2307,Consumer,Denver,West,11/27/2024,a,0,N,2026-09-11T04:28:49.990377+00:00,data/raw/master/customers.csv,customers
CUST00002308,Jordan Garcia 2308,Enterprise,Chicago,Midwest,03/17/2024,a,N,Y,2026-09-11T04:28:49.990377+00:00,data/raw/master/customers.csv,customers
CUST00002309,Taylor Lee 2309,Small Business,Jacksonville,Southeast,04/18/2018,C,1,Y,2026-09-11T04:28:49.990377+00:00,data/raw/master/customers.csv,customers
CUST00002310,Casey Patel 2310,Small Business,Austin,Southwest,2018-04-13,A,N,N,2026-09-11T04:28:49.990377+00:00,data/raw/master/customers.csv,customers
CUST00002311,Morgan Lee 2311,Consumer,Birmingham,Southeast,03/28/2018,A,Y,True,2026-09-11T04:28:49.990377+00:00,data/raw/master/customers.csv,customers
CUST00002312,Jordan Lee 2312,Government,Boston,Northeast,2020-10-04,a,No,Y,2026-09-11T04:28:49.990377+00:00,data/raw/master/customers.csv,customers
CUST00002313,Alex Patel 2313,Consumer,Jacksonville,Southeast,2019-09-26,C,No,N,2026-09-11T04:28:49.990377+00:00,data/raw/master/customers.csv,customers
CUST00002314,Casey Patel 2314,consumer ,San Diego,West,2024-04-26,A,Y,True,2026-09-11T04:28:49.990377+00:00,data/raw/master/customers.csv,customers
CUST00002315,Alex Kim 2315,consumer ,Denver,West,2026-03-01,C,N,N,2026-09-11T04:28:49.990377+00:00,data/raw/master/customers.csv,customers
CUST00002316,Jordan Patel 2316,Consumer,San Diego,West,2019-05-03,D,Yes,Y,2026-09-11T04:28:49.990377+00:00,data/raw/master/customers.csv,customers
CUST00002317,Morgan Garcia 2317,Consumer,Indianapolis,Midwest,09/01/2018,B,1,Y,2026-09-11T04:28:49.990377+00:00,data/raw/master/customers.csv,customers
CUST00002318,Taylor Garcia 2318,consumer ,Jacksonville,Southeast,2022-10-03,C,N,N,2026-09-11T04:28:49.990377+00:00,data/raw/master/customers.csv,customers
CUST00002319,Riley Kim 2319,Enterprise,Atlanta,Southeast,2025-01-21,B,1,N,2026-09-11T04:28:49.990377+00:00,data/raw/master/customers.csv,customers
CUST00002320,Alex Garcia 2320,Small Business,Denver,West,11/23/2024,a,No,N,2026-09-11T04:28:49.990377+00:00,data/raw/master/customers.csv,customers
CUST00002321,Taylor Lee 2321,Enterprise,Indianapolis,Midwest,2022-05-14,C,No,Y,2026-09-11T04:28:49.990377+00:00,data/raw/master/customers.csv,customers
CUST00002322,Morgan Garcia 2322,Government,Columbus,Midwest,2021-03-21,a,N,Y,2026-09-11T04:28:49.990377+00:00,data/raw/master/customers.csv,customers
CUST00002323,Riley Patel 2323,Government,Chicago,Midwest,03/31/2024,B,0,N,2026-09-11T04:28:49.990377+00:00,data/raw/master/customers.csv,customers
CUST00002324,Jordan Brown 2324,Enterprise,Albany,Northeast,05/18/2020,C,No,N,2026-09-11T04:28:49.990377+00:00,data/raw/master/customers.csv,customers
CUST00002325,Morgan Garcia 2325,consumer ,Boston,Northeast,2020-05-03,D,Yes,True,2026-09-11T04:28:49.990377+00:00,data/raw/master/customers.csv,customers
CUST00002326,Riley Lee 2326,Government,Detroit,Midwest,2018-10-25,C,1,N,2026-09-11T04:28:49.990377+00:00,data/raw/master/customers.csv,customers
CUST00002327,Taylor Brown 2327,consumer ,Denver,West,2020-06-11,C,Y,N,2026-09-11T04:28:49.990377+00:00,data/raw/master/customers.csv,customers
CUST00002328,Taylor Patel 2328,Consumer,Austin,Southwest,2019-11-27,C,N,Y,2026-09-11T04:28:49.990377+00:00,data/raw/master/customers.csv,customers
CUST00002329,Jordan Patel 2329,Government,Boston,Northeast,03/17/2019,D,1,Y,2026-09-11T04:28:49.990377+00:00,data/raw/master/customers.csv,customers
CUST00002330,Taylor Patel 2330,Small Business,Detroit,Midwest,2021-11-04,B,N,Y,2026-09-11T04:28:49.990377+00:00,data/raw/master/customers.csv,customers
CUST00002331,Casey Smith 2331,Enterprise,Atlanta,Southeast,2019-12-23,a,No,N,2026-09-11T04:28:49.990377+00:00,data/raw/master/customers.csv,customers
CUST00002332,Morgan Brown 2332,consumer ,Birmingham,Southeast,07/02/2023,D,No,Y,2026-09-11T04:28:49.990377+00:00,data/raw/master/customers.csv,customers
CUST00002333,Morgan Brown 2333,Small Business,Nashville,Southeast,07/10/2022,C,N,Y,2026-09-11T04:28:49.990377+00:00,data/raw/master/customers.csv,customers
CUST00002334,Morgan Lee 2334,Consumer,Detroit,Midwest,2018-02-02,B,N,Y,2026-09-11T04:28:49.990377+00:00,data/raw/master/customers.csv,customers
CUST00002335,Morgan Brown 2335,Government,Denver,West,2021-07-11,a,N,Y,2026-09-11T04:28:49.990377+00:00,data/raw/master/customers.csv,customers
CUST00002336,Alex Brown 2336,Government,Nashville,Southeast,2022-05-03,D,Y,Y,2026-09-11T04:28:49.990377+00:00,data/raw/master/customers.csv,customers
CUST00002337,Jordan Brown 2337,Government,Buffalo,Northeast,10/31/2024,a,No,True,2026-09-11T04:28:49.990377+00:00,data/raw/master/customers.csv,customers
CUST00002338,Taylor Patel 2338,Consumer,Columbus,Midwest,06/23/2020,C,N,Y,2026-09-11T04:28:49.990377+00:00,data/raw/master/customers.csv,customers
CUST00002339,Morgan Garcia 2339,Enterprise,Austin,Southwest,2023-02-07,A,N,Y,2026-09-11T04:28:49.990377+00:00,data/raw/master/customers.csv,customers
CUST00002340,Jordan Lee 2340,Consumer,Albuquerque,Southwest,05/24/2022,A,Y,True,2026-09-11T04:28:49.990377+00:00,data/raw/master/customers.csv,customers
CUST00002341,Jordan Garcia 2341,Small Business,Buffalo,Northeast,03/03/2023,B,N,True,2026-09-11T04:28:49.990377+00:00,data/raw/master/customers.csv,customers
CUST00002342,Alex Kim 2342,Small Business,Portland,West,2020-10-02,B,Yes,Y,2026-09-11T04:28:49.990377+00:00,data/raw/master/customers.csv,customers
CUST00002343,Casey Patel 2343,Consumer,Albany,Northeast,04/11/2020,B,0,Y,2026-09-11T04:28:49.990377+00:00,data/raw/master/customers.csv,customers
CUST00002344,Taylor Kim 2344,Consumer,Birmingham,Southeast,2023-01-12,D,0,Y,2026-09-11T04:28:49.990377+00:00,data/raw/master/customers.csv,customers
CUST00002345,Alex Patel 2345,Enterprise,Indianapolis,Midwest,2019-04-26,D,No,Y,2026-09-11T04:28:49.990377+00:00,data/raw/master/customers.csv,customers
CUST00002346,Alex Kim 2346,Consumer,Dallas,Southwest,11/09/2023,C,0,Y,2026-09-11T04:28:49.990377+00:00,data/raw/master/customers.csv,customers
CUST00002347,Riley Garcia 2347,consumer ,Albany,Northeast,2025-01-26,A,Y,N,2026-09-11T04:28:49.990377+00:00,data/raw/master/customers.csv,customers
CUST00002348,Morgan Garcia 2348,consumer ,Philadelphia,Northeast,2023-09-18,C,No,Y,2026-09-11T04:28:49.990377+00:00,data/raw/master/customers.csv,customers
CUST00002349,Taylor Garcia 2349,Consumer,San Diego,West,06/20/2022,A,Y,Y,2026-09-11T04:28:49.990377+00:00,data/raw/master/customers.csv,customers
CUST00002350,Riley Garcia 2350,consumer ,Portland,West,03/22/2022,C,Y,Y,2026-09-11T04:28:49.990377+00:00,data/raw/master/customers.csv,customers
CUST00002351,Riley Smith 2351,Small Business,Philadelphia,Northeast,10/13/2021,A,No,True,2026-09-11T04:28:49.990377+00:00,data/raw/master/customers.csv,customers
CUST00002352,Riley Patel 2352,Consumer,Indianapolis,Midwest,2023-08-18,C,Yes,N,2026-09-11T04:28:49.990377+00:00,data/raw/master/customers.csv,customers
CUST00002353,Riley Smith 2353,Small Business,Phoenix,Southwest,04/22/2018,D,N,Y,2026-09-11T04:28:49.990377+00:00,data/raw/master/customers.csv,customers
CUST00002354,Riley Smith 2354,Small Business,Seattle,West,06/13/2024,a,Y,Y,2026-09-11T04:28:49.990377+00:00,data/raw/master/customers.csv,customers
CUST00002355,Jordan Lee 2355,consumer ,Boston,Northeast,03/22/2022,D,Yes,Y,2026-09-11T04:28:49.990377+00:00,data/raw/master/customers.csv,customers
CUST00002356,Jordan Smith 2356,Small Business,San Diego,West,10/25/2023,B,Y,Y,2026-09-11T04:28:49.990377+00:00,data/raw/master/customers.csv,customers
CUST00002357,Alex Lee 2357,Small Business,Buffalo,Northeast,01/28/2025,a,Y,Y,2026-09-11T04:28:49.990377+00:00,data/raw/master/customers.csv,customers
CUST00002358,Morgan Kim 2358,Consumer,Nashville,Southeast,07/10/2023,a,N,Y,2026-09-11T04:28:49.990377+00:00,data/raw/master/customers.csv,customers
CUST00002359,Casey Kim 2359,Enterprise,Nashville,Southeast,03/04/2022,A,Yes,Y,2026-09-11T04:28:49.990377+00:00,data/raw/master/customers.csv,customers
CUST00002360,Morgan Garcia 2360,Enterprise,Buffalo,Northeast,12/21/2019,a,No,True,2026-09-11T04:28:49.990377+00:00,data/raw/master/customers.csv,customers
CUST00002361,Casey Smith 2361,Government,Seattle,West,2019-08-29,A,0,Y,2026-09-11T04:28:49.990377+00:00,data/raw/master/customers.csv,customers
CUST00002362,Casey Smith 2362,Government,Philadelphia,Northeast,04/20/2025,B,0,True,2026-09-11T04:28:49.990377+00:00,data/raw/master/customers.csv,customers
CUST00002363,Riley Lee 2363,consumer ,Philadelphia,Northeast,2022-01-22,D,No,N,2026-09-11T04:28:49.990377+00:00,data/raw/master/customers.csv,customers
CUST00002364,Morgan Brown 2364,Enterprise,Seattle,West,03/25/2025,D,N,Y,2026-09-11T04:28:49.990377+00:00,data/raw/master/customers.csv,customers
CUST00002365,Riley Brown 2365,Consumer,Indianapolis,Midwest,03/14/2022,B,1,Y,2026-09-11T04:28:49.990377+00:00,data/raw/master/customers.csv,customers
CUST00002366,Taylor Garcia 2366,consumer ,Detroit,Midwest,06/26/2023,A,No,N,2026-09-11T04:28:49.990377+00:00,data/raw/master/customers.csv,customers
CUST00002367,Morgan Garcia 2367,consumer ,Albany,Northeast,10/12/2018,B,0,Y,2026-09-11T04:28:49.990377+00:00,data/raw/master/customers.csv,customers
CUST00002368,Casey Garcia 2368,consumer ,Seattle,West,01/11/2026,a,0,N,2026-09-11T04:28:49.990377+00:00,data/raw/master/customers.csv,customers
CUST00002369,Riley Brown 2369,Government,Albany,Northeast,2021-12-29,A,1,Y,2026-09-11T04:28:49.990377+00:00,data/raw/master/customers.csv,customers
CUST00002370,Alex Kim 2370,Small Business,Albany,Northeast,2025-09-23,C,N,Y,2026-09-11T04:28:49.990377+00:00,data/raw/master/customers.csv,customers
CUST00002371,Taylor Kim 2371,consumer ,Phoenix,Southwest,09/25/2021,C,0,True,2026-09-11T04:28:49.990377+00:00,data/raw/master/customers.csv,customers
CUST00002372,Casey Brown 2372,Small Business,Buffalo,Northeast,08/24/2023,C,N,Y,2026-09-11T04:28:49.990377+00:00,data/raw/master/customers.csv,customers
CUST00002373,Morgan Smith 2373,Small Business,San Diego,West,2026-04-16,D,0,Y,2026-09-11T04:28:49.990377+00:00,data/raw/master/customers.csv,customers
CUST00002374,Taylor Lee 2374,consumer ,Birmingham,Southeast,2019-11-02,C,0,True,2026-09-11T04:28:49.990377+00:00,data/raw/master/customers.csv,customers
CUST00002375,Alex Smith 2375,Government,Birmingham,Southeast,2019-10-04,C,Yes,Y,2026-09-11T04:28:49.990377+00:00,data/raw/master/customers.csv,customers
CUST00002376,Casey Lee 2376,Government,Atlanta,Southeast,02/16/2018,D,0,N,2026-09-11T04:28:49.990377+00:00,data/raw/master/customers.csv,customers
CUST00002377,Alex Lee 2377,Consumer,Columbus,Midwest,2024-04-11,D,Y,True,2026-09-11T04:28:49.990377+00:00,data/raw/master/customers.csv,customers
CUST00002378,Alex Brown 2378,Government,Chicago,Midwest,2025-01-11,C,N,Y,2026-09-11T04:28:49.990377+00:00,data/raw/master/customers.csv,customers
CUST00002379,Morgan Kim 2379,Consumer,Detroit,Midwest,05/25/2025,a,N,Y,2026-09-11T04:28:49.990377+00:00,data/raw/master/customers.csv,customers
CUST00002380,Riley Kim 2380,Small Business,Indianapolis,Midwest,2021-05-01,B,0,N,2026-09-11T04:28:49.990377+00:00,data/raw/master/customers.csv,customers
CUST00002381,Morgan Brown 2381,Government,Portland,West,2022-06-15,a,No,Y,2026-09-11T04:28:49.990377+00:00,data/raw/master/customers.csv,customers
CUST00002382,Alex Patel 2382,Government,Albany,Northeast,09/28/2024,B,N,Y,2026-09-11T04:28:49.990377+00:00,data/raw/master/customers.csv,customers
CUST00002383,Riley Patel 2383,consumer ,Denver,West,09/19/2020,C,0,Y,2026-09-11T04:28:49.990377+00:00,data/raw/master/customers.csv,customers
CUST00002384,Riley Patel 2384,Small Business,Albuquerque,Southwest,03/16/2018,B,N,N,2026-09-11T04:28:49.990377+00:00,data/raw/master/customers.csv,customers
CUST00002385,Alex Patel 2385,Small Business,Seattle,West,08/31/2019,a,0,Y,2026-09-11T04:28:49.990377+00:00,data/raw/master/customers.csv,customers
CUST00002386,Jordan Lee 2386,Government,Chicago,Midwest,2018-07-30,A,No,Y,2026-09-11T04:28:49.990377+00:00,data/raw/master/customers.csv,customers
CUST00002387,Jordan Patel 2387,Small Business,Indianapolis,Midwest,02/24/2024,C,1,Y,2026-09-11T04:28:49.990377+00:00,data/raw/master/customers.csv,customers
CUST00002388,Casey Smith 2388,Consumer,Detroit,Midwest,2023-04-05,A,0,Y,2026-09-11T04:28:49.990377+00:00,data/raw/master/customers.csv,customers
CUST00002389,Alex Kim 2389,Government,Buffalo,Northeast,04/14/2018,a,Y,Y,2026-09-11T04:28:49.990377+00:00,data/raw/master/customers.csv,customers
CUST00002390,Riley Patel 2390,Small Business,Seattle,West,05/21/2024,B,No,Y,2026-09-11T04:28:49.990377+00:00,data/raw/master/customers.csv,customers
CUST00002391,Morgan Garcia 2391,Small Business,San Diego,West,2020-05-23,C,0,Y,2026-09-11T04:28:49.990377+00:00,data/raw/master/customers.csv,customers
CUST00002392,Alex Kim 2392,Consumer,Jacksonville,Southeast,2023-01-01,A,No,N,2026-09-11T04:28:49.990377+00:00,data/raw/master/customers.csv,customers
CUST00002393,Morgan Kim 2393,consumer ,Albany,Northeast,03/14/2026,A,1,True,2026-09-11T04:28:49.990377+00:00,data/raw/master/customers.csv,customers
CUST00002394,Riley Brown 2394,Enterprise,Albuquerque,Southwest,2021-11-30,C,Yes,Y,2026-09-11T04:28:49.990377+00:00,data/raw/master/customers.csv,customers
CUST00002395,Taylor Kim 2395,Government,Indianapolis,Midwest,11/11/2024,A,No,Y,2026-09-11T04:28:49.990377+00:00,data/raw/master/customers.csv,customers
CUST00002396,Morgan Brown 2396,Consumer,Detroit,Midwest,01/28/2020,A,No,Y,2026-09-11T04:28:49.990377+00:00,data/raw/master/customers.csv,customers
CUST00002397,Taylor Patel 2397,Small Business,Columbus,Midwest,03/21/2025,D,1,Y,2026-09-11T04:28:49.990377+00:00,data/raw/master/customers.csv,customers
CUST00002398,Riley Patel 2398,Government,Birmingham,Southeast,10/11/2018,A,N,True,2026-09-11T04:28:49.990377+00:00,data/raw/master/customers.csv,customers
CUST00002399,Alex Garcia 2399,Consumer,Buffalo,Northeast,02/15/2018,A,1,Y,2026-09-11T04:28:49.990377+00:00,data/raw/master/customers.csv,customers
CUST00002400,Jordan Lee 2400,Small Business,Seattle,West,2023-07-04,D,Y,Y,2026-09-11T04:28:49.990377+00:00,data/raw/master/customers.csv,customers
CUST00002401,Morgan Garcia 2401,Small Business,Birmingham,Southeast,2023-04-27,A,0,Y,2026-09-11T04:28:49.990377+00:00,data/raw/master/customers.csv,customers
CUST00002402,Morgan Lee 2402,consumer ,Phoenix,Southwest,2021-11-21,a,Y,Y,2026-09-11T04:28:49.990377+00:00,data/raw/master/customers.csv,customers
CUST00002403,Alex Patel 2403,Consumer,Philadelphia,Northeast,2026-03-28,D,1,N,2026-09-11T04:28:49.990377+00:00,data/raw/master/customers.csv,customers
CUST00002404,Morgan Lee 2404,Small Business,Birmingham,Southeast,03/25/2022,D,0,True,2026-09-11T04:28:49.990377+00:00,data/raw/master/customers.csv,customers
CUST00002405,Riley Patel 2405,Consumer,Jacksonville,Southeast,2022-07-06,B,Yes,True,2026-09-11T04:28:49.990377+00:00,data/raw/master/customers.csv,customers
CUST00002406,Casey Lee 2406,Enterprise,Jacksonville,Southeast,04/20/2026,a,Yes,Y,2026-09-11T04:28:49.990377+00:00,data/raw/master/customers.csv,customers
CUST00002407,Alex Kim 2407,Enterprise,Boston,Northeast,2025-06-13,C,0,Y,2026-09-11T04:28:49.990377+00:00,data/raw/master/customers.csv,customers
CUST00002408,Morgan Garcia 2408,Enterprise,Austin,Southwest,2022-12-24,B,1,Y,2026-09-11T04:28:49.990377+00:00,data/raw/master/customers.csv,customers
CUST00002409,Riley Brown 2409,Government,Seattle,West,08/24/2018,a,1,N,2026-09-11T04:28:49.990377+00:00,data/raw/master/customers.csv,customers
CUST00002410,Casey Garcia 2410,Small Business,Detroit,Midwest,10/17/2022,A,Yes,True,2026-09-11T04:28:49.990377+00:00,data/raw/master/customers.csv,customers
CUST00002411,Morgan Garcia 2411,Government,Atlanta,Southeast,2020-10-18,C,1,Y,2026-09-11T04:28:49.990377+00:00,data/raw/master/customers.csv,customers
CUST00002412,Taylor Kim 2412,Enterprise,Indianapolis,Midwest,2021-11-12,D,0,Y,2026-09-11T04:28:49.990377+00:00,data/raw/master/customers.csv,customers
CUST00002413,Alex Kim 2413,Government,Jacksonville,Southeast,09/16/2024,B,N,Y,2026-09-11T04:28:49.990377+00:00,data/raw/master/customers.csv,customers
CUST00002414,Casey Patel 2414,consumer ,Albany,Northeast,2022-05-25,A,Yes,True,2026-09-11T04:28:49.990377+00:00,data/raw/master/customers.csv,customers
CUST00002415,Riley Smith 2415,Small Business,San Diego,West,03/28/2020,A,0,True,2026-09-11T04:28:49.990377+00:00,data/raw/master/customers.csv,customers
CUST00002416,Riley Brown 2416,Small Business,Philadelphia,Northeast,07/06/2022,C,N,N,2026-09-11T04:28:49.990377+00:00,data/raw/master/customers.csv,customers
CUST00002417,Alex Smith 2417,Enterprise,Phoenix,Southwest,12/26/2023,A,N,Y,2026-09-11T04:28:49.990377+00:00,data/raw/master/customers.csv,customers
CUST00002418,Alex Smith 2418,consumer ,Chicago,Midwest,01/19/2022,A,Yes,Y,2026-09-11T04:28:49.990377+00:00,data/raw/master/customers.csv,customers
CUST00002419,Riley Brown 2419,consumer ,Chicago,Midwest,03/21/2025,a,No,Y,2026-09-11T04:28:49.990377+00:00,data/raw/master/customers.csv,customers
CUST00002420,Alex Garcia 2420,consumer ,Indianapolis,Midwest,2019-12-07,a,No,Y,2026-09-11T04:28:49.990377+00:00,data/raw/master/customers.csv,customers
CUST00002421,Alex Brown 2421,Small Business,Seattle,West,12/15/2024,D,N,True,2026-09-11T04:28:49.990377+00:00,data/raw/master/customers.csv,customers
CUST00002422,Taylor Garcia 2422,Government,Portland,West,08/18/2024,C,1,N,2026-09-11T04:28:49.990377+00:00,data/raw/master/customers.csv,customers
CUST00002423,Casey Lee 2423,Consumer,Buffalo,Northeast,2025-12-27,C,1,Y,2026-09-11T04:28:49.990377+00:00,data/raw/master/customers.csv,customers
CUST00002424,Alex Patel 2424,Enterprise,Denver,West,2023-11-04,A,N,Y,2026-09-11T04:28:49.990377+00:00,data/raw/master/customers.csv,customers
CUST00002425,Jordan Patel 2425,Government,Phoenix,Southwest,2018-06-19,a,Y,True,2026-09-11T04:28:49.990377+00:00,data/raw/master/customers.csv,customers
CUST00002426,Taylor Patel 2426,Consumer,Chicago,Midwest,2025-12-26,B,Yes,Y,2026-09-11T04:28:49.990377+00:00,data/raw/master/customers.csv,customers
CUST00002427,Riley Brown 2427,Consumer,Portland,West,09/18/2020,D,1,Y,2026-09-11T04:28:49.990377+00:00,data/raw/master/customers.csv,customers
CUST00002428,Morgan Garcia 2428,Small Business,Buffalo,Northeast,2019-08-06,D,0,Y,2026-09-11T04:28:49.990377+00:00,data/raw/master/customers.csv,customers
CUST00002429,Riley Lee 2429,Government,Dallas,Southwest,01/26/2018,C,Y,Y,2026-09-11T04:28:49.990377+00:00,data/raw/master/customers.csv,customers
CUST00002430,Casey Patel 2430,Government,Nashville,Southeast,2019-08-03,D,1,N,2026-09-11T04:28:49.990377+00:00,data/raw/master/customers.csv,customers
CUST00002431,Jordan Kim 2431,Enterprise,Albany,Northeast,2018-05-12,B,No,True,2026-09-11T04:28:49.990377+00:00,data/raw/master/customers.csv,customers
CUST00002432,Alex Brown 2432,Government,Denver,West,04/16/2021,A,No,Y,2026-09-11T04:28:49.990377+00:00,data/raw/master/customers.csv,customers
CUST00002433,Taylor Kim 2433,Small Business,Birmingham,Southeast,02/08/2023,B,N,Y,2026-09-11T04:28:49.990377+00:00,data/raw/master/customers.csv,customers
CUST00002434,Riley Patel 2434,Government,Indianapolis,Midwest,10/13/2021,C,N,Y,2026-09-11T04:28:49.990377+00:00,data/raw/master/customers.csv,customers
CUST00002435,Casey Lee 2435,Consumer,Buffalo,Northeast,05/01/2025,D,Yes,Y,2026-09-11T04:28:49.990377+00:00,data/raw/master/customers.csv,customers
CUST00002436,Morgan Smith 2436,Government,Detroit,Midwest,2021-05-10,B,Y,True,2026-09-11T04:28:49.990377+00:00,data/raw/master/customers.csv,customers
CUST00002437,Morgan Patel 2437,Government,Birmingham,Southeast,08/01/2018,A,0,Y,2026-09-11T04:28:49.990377+00:00,data/raw/master/customers.csv,customers
CUST00002438,Casey Kim 2438,consumer ,Nashville,Southeast,2024-11-08,B,0,N,2026-09-11T04:28:49.990377+00:00,data/raw/master/customers.csv,customers
CUST00002439,Taylor Kim 2439,Small Business,Jacksonville,Southeast,2018-12-20,C,1,N,2026-09-11T04:28:49.990377+00:00,data/raw/master/customers.csv,customers
CUST00002440,Morgan Lee 2440,Small Business,Columbus,Midwest,2026-02-26,D,No,Y,2026-09-11T04:28:49.990377+00:00,data/raw/master/customers.csv,customers
CUST00002441,Casey Kim 2441,Government,Philadelphia,Northeast,2022-03-21,D,Yes,Y,2026-09-11T04:28:49.990377+00:00,data/raw/master/customers.csv,customers
CUST00002442,Morgan Patel 2442,Enterprise,Columbus,Midwest,2024-02-25,A,Y,Y,2026-09-11T04:28:49.990377+00:00,data/raw/master/customers.csv,customers
CUST00002443,Riley Patel 2443,Small Business,Albuquerque,Southwest,2021-05-15,C,N,True,2026-09-11T04:28:49.990377+00:00,data/raw/master/customers.csv,customers
CUST00002444,Taylor Patel 2444,consumer ,Austin,Southwest,05/20/2021,B,N,Y,2026-09-11T04:28:49.990377+00:00,data/raw/master/customers.csv,customers
CUST00002445,Taylor Brown 2445,consumer ,Phoenix,Southwest,2023-11-18,a,Yes,Y,2026-09-11T04:28:49.990377+00:00,data/raw/master/customers.csv,customers
CUST00002446,Taylor Kim 2446,Government,Seattle,West,2021-03-26,A,Y,Y,2026-09-11T04:28:49.990377+00:00,data/raw/master/customers.csv,customers
CUST00002447,Riley Garcia 2447,Government,Indianapolis,Midwest,2025-01-17,D,No,Y,2026-09-11T04:28:49.990377+00:00,data/raw/master/customers.csv,customers
CUST00002448,Jordan Garcia 2448,Government,Austin,Southwest,05/01/2025,A,No,Y,2026-09-11T04:28:49.990377+00:00,data/raw/master/customers.csv,customers
CUST00002449,Taylor Patel 2449,Enterprise,Phoenix,Southwest,07/04/2020,D,Yes,True,2026-09-11T04:28:49.990377+00:00,data/raw/master/customers.csv,customers
CUST00002450,Alex Brown 2450,Government,Birmingham,Southeast,2022-12-20,a,N,Y,2026-09-11T04:28:49.990377+00:00,data/raw/master/customers.csv,customers
CUST00002451,Jordan Lee 2451,Small Business,Phoenix,Southwest,2025-09-25,C,Yes,True,2026-09-11T04:28:49.990377+00:00,data/raw/master/customers.csv,customers
CUST00002452,Alex Smith 2452,Government,Albany,Northeast,2025-08-31,C,Y,Y,2026-09-11T04:28:49.990377+00:00,data/raw/master/customers.csv,customers
CUST00002453,Alex Lee 2453,Consumer,San Diego,West,05/05/2018,B,1,Y,2026-09-11T04:28:49.990377+00:00,data/raw/master/customers.csv,customers
CUST00002454,Taylor Kim 2454,Consumer,Jacksonville,Southeast,11/26/2025,a,1,N,2026-09-11T04:28:49.990377+00:00,data/raw/master/customers.csv,customers
CUST00002455,Casey Kim 2455,Government,San Diego,West,08/14/2023,D,Yes,N,2026-09-11T04:28:49.990377+00:00,data/raw/master/customers.csv,customers
CUST00002456,Casey Patel 2456,Small Business,Indianapolis,Midwest,2022-09-14,B,N,Y,2026-09-11T04:28:49.990377+00:00,data/raw/master/customers.csv,customers
CUST00002457,Jordan Smith 2457,consumer ,Albany,Northeast,2020-10-22,D,No,Y,2026-09-11T04:28:49.990377+00:00,data/raw/master/customers.csv,customers
CUST00002458,Taylor Brown 2458,Small Business,San Diego,West,11/21/2025,A,No,Y,2026-09-11T04:28:49.990377+00:00,data/raw/master/customers.csv,customers
CUST00002459,Casey Garcia 2459,Small Business,San Diego,West,2018-07-17,a,N,Y,2026-09-11T04:28:49.990377+00:00,data/raw/master/customers.csv,customers
CUST00002460,Morgan Patel 2460,Small Business,Dallas,Southwest,02/02/2024,B,1,Y,2026-09-11T04:28:49.990377+00:00,data/raw/master/customers.csv,customers
CUST00002461,Riley Garcia 2461,consumer ,Buffalo,Northeast,2019-08-21,D,1,N,2026-09-11T04:28:49.990377+00:00,data/raw/master/customers.csv,customers
CUST00002462,Jordan Smith 2462,Government,Dallas,Southwest,2026-03-23,D,N,N,2026-09-11T04:28:49.990377+00:00,data/raw/master/customers.csv,customers
CUST00002463,Morgan Lee 2463,consumer ,San Diego,West,2020-04-03,B,Yes,True,2026-09-11T04:28:49.990377+00:00,data/raw/master/customers.csv,customers
CUST00002464,Casey Garcia 2464,Government,Jacksonville,Southeast,12/20/2020,A,Y,Y,2026-09-11T04:28:49.990377+00:00,data/raw/master/customers.csv,customers
CUST00002465,Riley Patel 2465,Consumer,Boston,Northeast,2025-08-02,D,1,Y,2026-09-11T04:28:49.990377+00:00,data/raw/master/customers.csv,customers
CUST00002466,Jordan Lee 2466,Small Business,Austin,Southwest,2022-01-22,C,Yes,Y,2026-09-11T04:28:49.990377+00:00,data/raw/master/customers.csv,customers
CUST00002467,Riley Brown 2467,Government,Jacksonville,Southeast,05/17/2019,A,No,Y,2026-09-11T04:28:49.990377+00:00,data/raw/master/customers.csv,customers
CUST00002468,Jordan Patel 2468,Government,Buffalo,Northeast,2018-10-04,B,No,Y,2026-09-11T04:28:49.990377+00:00,data/raw/master/customers.csv,customers
CUST00002469,Casey Lee 2469,Consumer,Chicago,Midwest,2019-04-29,D,Yes,Y,2026-09-11T04:28:49.990377+00:00,data/raw/master/customers.csv,customers
CUST00002470,Alex Lee 2470,Consumer,Detroit,Midwest,2020-09-23,D,0,Y,2026-09-11T04:28:49.990377+00:00,data/raw/master/customers.csv,customers
CUST00002471,Alex Smith 2471,Government,Albany,Northeast,2018-09-02,a,0,Y,2026-09-11T04:28:49.990377+00:00,data/raw/master/customers.csv,customers
CUST00002472,Alex Kim 2472,Consumer,Phoenix,Southwest,2020-10-22,B,0,True,2026-09-11T04:28:49.990377+00:00,data/raw/master/customers.csv,customers
CUST00002473,Riley Lee 2473,Government,Nashville,Southeast,2022-10-24,B,0,N,2026-09-11T04:28:49.990377+00:00,data/raw/master/customers.csv,customers
CUST00002474,Alex Garcia 2474,Consumer,Albany,Northeast,08/27/2019,B,Y,Y,2026-09-11T04:28:49.990377+00:00,data/raw/master/customers.csv,customers
CUST00002475,Alex Patel 2475,Consumer,Albany,Northeast,2019-08-08,C,Yes,Y,2026-09-11T04:28:49.990377+00:00,data/raw/master/customers.csv,customers
CUST00002476,Taylor Patel 2476,Consumer,Indianapolis,Midwest,03/12/2018,a,Y,N,2026-09-11T04:28:49.990377+00:00,data/raw/master/customers.csv,customers
CUST00002477,Taylor Garcia 2477,Small Business,Birmingham,Southeast,2022-08-25,D,Y,Y,2026-09-11T04:28:49.990377+00:00,data/raw/master/customers.csv,customers
CUST00002478,Riley Lee 2478,consumer ,Jacksonville,Southeast,2022-02-13,a,Y,Y,2026-09-11T04:28:49.990377+00:00,data/raw/master/customers.csv,customers
CUST00002479,Morgan Garcia 2479,Small Business,Atlanta,Southeast,2021-11-29,B,No,N,2026-09-11T04:28:49.990377+00:00,data/raw/master/customers.csv,customers
CUST00002480,Alex Smith 2480,Government,Albany,Northeast,2024-01-22,A,No,Y,2026-09-11T04:28:49.990377+00:00,data/raw/master/customers.csv,customers
CUST00002481,Casey Brown 2481,Government,Phoenix,Southwest,2020-08-01,C,N,N,2026-09-11T04:28:49.990377+00:00,data/raw/master/customers.csv,customers
CUST00002482,Casey Garcia 2482,Enterprise,Philadelphia,Northeast,01/12/2026,a,0,Y,2026-09-11T04:28:49.990377+00:00,data/raw/master/customers.csv,customers
CUST00002483,Jordan Patel 2483,Consumer,Indianapolis,Midwest,06/15/2021,B,Y,N,2026-09-11T04:28:49.990377+00:00,data/raw/master/customers.csv,customers
CUST00002484,Morgan Brown 2484,Enterprise,Seattle,West,2025-09-18,C,0,Y,2026-09-11T04:28:49.990377+00:00,data/raw/master/customers.csv,customers
CUST00002485,Casey Smith 2485,Small Business,Philadelphia,Northeast,12/29/2021,D,Yes,Y,2026-09-11T04:28:49.990377+00:00,data/raw/master/customers.csv,customers
CUST00002486,Morgan Brown 2486,consumer ,San Diego,West,12/29/2018,D,Y,Y,2026-09-11T04:28:49.990377+00:00,data/raw/master/customers.csv,customers
CUST00002487,Casey Brown 2487,Government,Phoenix,Southwest,12/04/2022,D,Yes,Y,2026-09-11T04:28:49.990377+00:00,data/raw/master/customers.csv,customers
CUST00002488,Casey Brown 2488,consumer ,Seattle,West,2019-07-01,B,0,Y,2026-09-11T04:28:49.990377+00:00,data/raw/master/customers.csv,customers
CUST00002489,Taylor Smith 2489,Government,Albany,Northeast,2022-01-20,C,Y,True,2026-09-11T04:28:49.990377+00:00,data/raw/master/customers.csv,customers
CUST00002490,Riley Lee 2490,Consumer,Nashville,Southeast,2019-04-27,C,N,N,2026-09-11T04:28:49.990377+00:00,data/raw/master/customers.csv,customers
CUST00002491,Morgan Smith 2491,Small Business,Austin,Southwest,11/23/2018,A,0,Y,2026-09-11T04:28:49.990377+00:00,data/raw/master/customers.csv,customers
CUST00002492,Casey Lee 2492,Enterprise,Birmingham,Southeast,2022-07-13,C,Y,True,2026-09-11T04:28:49.990377+00:00,data/raw/master/customers.csv,customers
CUST00002493,Taylor Lee 2493,Small Business,Albany,Northeast,2024-10-05,B,Y,Y,2026-09-11T04:28:49.990377+00:00,data/raw/master/customers.csv,customers
CUST00002494,Riley Garcia 2494,Government,Albany,Northeast,07/18/2019,D,Y,True,2026-09-11T04:28:49.990377+00:00,data/raw/master/customers.csv,customers
CUST00002495,Jordan Smith 2495,consumer ,Indianapolis,Midwest,2020-01-21,B,1,True,2026-09-11T04:28:49.990377+00:00,data/raw/master/customers.csv,customers
CUST00002496,Alex Lee 2496,Consumer,Buffalo,Northeast,05/28/2020,C,Yes,N,2026-09-11T04:28:49.990377+00:00,data/raw/master/customers.csv,customers
CUST00002497,Casey Patel 2497,Government,Birmingham,Southeast,06/06/2020,D,1,True,2026-09-11T04:28:49.990377+00:00,data/raw/master/customers.csv,customers
CUST00002498,Riley Patel 2498,consumer ,Seattle,West,2020-04-01,D,No,Y,2026-09-11T04:28:49.990377+00:00,data/raw/master/customers.csv,customers
CUST00002499,Casey Smith 2499,Consumer,Columbus,Midwest,08/06/2025,C,0,Y,2026-09-11T04:28:49.990377+00:00,data/raw/master/customers.csv,customers
CUST00002500,Riley Lee 2500,Consumer,San Diego,West,07/17/2018,B,N,Y,2026-09-11T04:28:49.990377+00:00,data/raw/master/customers.csv,customers
CUST00002501,Casey Smith 2501,consumer ,Columbus,Midwest,10/29/2018,B,0,N,2026-09-11T04:28:49.990377+00:00,data/raw/master/customers.csv,customers
CUST00002502,Jordan Brown 2502,Small Business,Buffalo,Northeast,2024-12-07,D,1,Y,2026-09-11T04:28:49.990377+00:00,data/raw/master/customers.csv,customers
CUST00002503,Casey Brown 2503,Small Business,Austin,Southwest,2023-04-29,D,1,True,2026-09-11T04:28:49.990377+00:00,data/raw/master/customers.csv,customers
CUST00002504,Casey Lee 2504,Consumer,San Diego,West,07/02/2019,C,Yes,Y,2026-09-11T04:28:49.990377+00:00,data/raw/master/customers.csv,customers
CUST00002505,Taylor Kim 2505,Small Business,Austin,Southwest,2024-02-28,C,Yes,True,2026-09-11T04:28:49.990377+00:00,data/raw/master/customers.csv,customers
CUST00002506,Jordan Kim 2506,Small Business,Boston,Northeast,02/06/2022,a,Y,N,2026-09-11T04:28:49.990377+00:00,data/raw/master/customers.csv,customers
CUST00002507,Casey Patel 2507,Enterprise,Dallas,Southwest,2020-03-13,A,1,True,2026-09-11T04:28:49.990377+00:00,data/raw/master/customers.csv,customers
CUST00002508,Taylor Patel 2508,Enterprise,Albany,Northeast,2020-10-11,a,N,Y,2026-09-11T04:28:49.990377+00:00,data/raw/master/customers.csv,customers
CUST00002509,Morgan Smith 2509,Small Business,Albany,Northeast,2025-11-09,D,0,N,2026-09-11T04:28:49.990377+00:00,data/raw/master/customers.csv,customers
CUST00002510,Morgan Smith 2510,Small Business,Jacksonville,Southeast,05/24/2023,a,1,Y,2026-09-11T04:28:49.990377+00:00,data/raw/master/customers.csv,customers
CUST00002511,Jordan Garcia 2511,consumer ,Columbus,Midwest,2023-10-07,a,Yes,Y,2026-09-11T04:28:49.990377+00:00,data/raw/master/customers.csv,customers
CUST00002512,Taylor Garcia 2512,Enterprise,Albuquerque,Southwest,07/13/2022,D,1,Y,2026-09-11T04:28:49.990377+00:00,data/raw/master/customers.csv,customers
CUST00002513,Alex Kim 2513,Small Business,Nashville,Southeast,06/26/2018,A,No,Y,2026-09-11T04:28:49.990377+00:00,data/raw/master/customers.csv,customers
CUST00002514,Jordan Lee 2514,Small Business,Columbus,Midwest,2019-10-07,A,Y,N,2026-09-11T04:28:49.990377+00:00,data/raw/master/customers.csv,customers
CUST00002515,Riley Kim 2515,Consumer,Buffalo,Northeast,2021-05-24,B,1,Y,2026-09-11T04:28:49.990377+00:00,data/raw/master/customers.csv,customers
CUST00002516,Morgan Garcia 2516,Small Business,Dallas,Southwest,2024-03-21,a,Y,Y,2026-09-11T04:28:49.990377+00:00,data/raw/master/customers.csv,customers
CUST00002517,Casey Patel 2517,Consumer,Detroit,Midwest,2022-08-10,D,1,True,2026-09-11T04:28:49.990377+00:00,data/raw/master/customers.csv,customers
CUST00002518,Jordan Kim 2518,Government,Austin,Southwest,2020-04-07,C,Y,Y,2026-09-11T04:28:49.990377+00:00,data/raw/master/customers.csv,customers
CUST00002519,Riley Kim 2519,Government,San Diego,West,2019-06-16,D,N,True,2026-09-11T04:28:49.990377+00:00,data/raw/master/customers.csv,customers
CUST00002520,Riley Kim 2520,Government,Chicago,Midwest,12/07/2025,C,1,Y,2026-09-11T04:28:49.990377+00:00,data/raw/master/customers.csv,customers
CUST00002521,Jordan Lee 2521,Small Business,Seattle,West,07/31/2023,a,0,Y,2026-09-11T04:28:49.990377+00:00,data/raw/master/customers.csv,customers
CUST00002522,Alex Garcia 2522,Consumer,Birmingham,Southeast,2019-12-02,C,No,Y,2026-09-11T04:28:49.990377+00:00,data/raw/master/customers.csv,customers
CUST00002523,Morgan Lee 2523,Government,Nashville,Southeast,2024-03-15,A,Y,N,2026-09-11T04:28:49.990377+00:00,data/raw/master/customers.csv,customers
CUST00002524,Morgan Garcia 2524,consumer ,Seattle,West,12/06/2019,B,No,N,2026-09-11T04:28:49.990377+00:00,data/raw/master/customers.csv,customers
CUST00002525,Casey Kim 2525,Government,Austin,Southwest,03/07/2021,D,0,Y,2026-09-11T04:28:49.990377+00:00,data/raw/master/customers.csv,customers
CUST00002526,Alex Smith 2526,Enterprise,Jacksonville,Southeast,03/21/2020,C,1,Y,2026-09-11T04:28:49.990377+00:00,data/raw/master/customers.csv,customers
CUST00002527,Morgan Lee 2527,Consumer,Philadelphia,Northeast,2024-03-08,A,Y,Y,2026-09-11T04:28:49.990377+00:00,data/raw/master/customers.csv,customers
CUST00002528,Taylor Garcia 2528,Enterprise,Nashville,Southeast,02/09/2022,D,Yes,Y,2026-09-11T04:28:49.990377+00:00,data/raw/master/customers.csv,customers
CUST00002529,Alex Lee 2529,Consumer,Albany,Northeast,2023-08-23,C,0,True,2026-09-11T04:28:49.990377+00:00,data/raw/master/customers.csv,customers
CUST00002530,Jordan Patel 2530,Consumer,Albany,Northeast,12/22/2020,B,N,Y,2026-09-11T04:28:49.990377+00:00,data/raw/master/customers.csv,customers
CUST00002531,Riley Lee 2531,Small Business,Columbus,Midwest,05/31/2019,D,N,Y,2026-09-11T04:28:49.990377+00:00,data/raw/master/customers.csv,customers
CUST00002532,Casey Patel 2532,Small Business,Portland,West,04/01/2025,B,Yes,Y,2026-09-11T04:28:49.990377+00:00,data/raw/master/customers.csv,customers
CUST00002533,Alex Lee 2533,Small Business,Phoenix,Southwest,04/12/2018,A,No,Y,2026-09-11T04:28:49.990377+00:00,data/raw/master/customers.csv,customers
CUST00002534,Jordan Brown 2534,Small Business,Austin,Southwest,2021-12-07,B,No,Y,2026-09-11T04:28:49.990377+00:00,data/raw/master/customers.csv,customers
CUST00002535,Morgan Garcia 2535,Consumer,Seattle,West,2023-11-02,D,No,True,2026-09-11T04:28:49.990377+00:00,data/raw/master/customers.csv,customers
CUST00002536,Alex Patel 2536,consumer ,Dallas,Southwest,09/01/2018,B,Yes,Y,2026-09-11T04:28:49.990377+00:00,data/raw/master/customers.csv,customers
CUST00002537,Morgan Garcia 2537,Small Business,Dallas,Southwest,2021-01-27,a,0,N,2026-09-11T04:28:49.990377+00:00,data/raw/master/customers.csv,customers
CUST00002538,Taylor Patel 2538,Small Business,Detroit,Midwest,2024-07-21,B,Yes,N,2026-09-11T04:28:49.990377+00:00,data/raw/master/customers.csv,customers
CUST00002539,Jordan Patel 2539,Government,Seattle,West,2018-04-21,A,Y,True,2026-09-11T04:28:49.990377+00:00,data/raw/master/customers.csv,customers
CUST00002540,Casey Brown 2540,consumer ,Denver,West,2018-10-11,D,1,True,2026-09-11T04:28:49.990377+00:00,data/raw/master/customers.csv,customers
CUST00002541,Taylor Kim 2541,Small Business,Buffalo,Northeast,2018-12-16,a,0,N,2026-09-11T04:28:49.990377+00:00,data/raw/master/customers.csv,customers
CUST00002542,Jordan Smith 2542,Small Business,Chicago,Midwest,2025-07-27,B,N,Y,2026-09-11T04:28:49.990377+00:00,data/raw/master/customers.csv,customers
CUST00002543,Jordan Brown 2543,Small Business,Indianapolis,Midwest,2020-11-20,A,0,Y,2026-09-11T04:28:49.990377+00:00,data/raw/master/customers.csv,customers
CUST00002544,Casey Lee 2544,consumer ,Jacksonville,Southeast,2018-12-09,A,N,True,2026-09-11T04:28:49.990377+00:00,data/raw/master/customers.csv,customers
CUST00002545,Taylor Lee 2545,Consumer,Denver,West,07/24/2023,a,Y,True,2026-09-11T04:28:49.990377+00:00,data/raw/master/customers.csv,customers
CUST00002546,Alex Lee 2546,Consumer,Jacksonville,Southeast,2021-11-08,B,1,True,2026-09-11T04:28:49.990377+00:00,data/raw/master/customers.csv,customers
CUST00002547,Casey Lee 2547,Consumer,Buffalo,Northeast,2018-03-02,A,1,Y,2026-09-11T04:28:49.990377+00:00,data/raw/master/customers.csv,customers
CUST00002548,Taylor Garcia 2548,consumer ,Columbus,Midwest,2024-05-01,B,0,Y,2026-09-11T04:28:49.990377+00:00,data/raw/master/customers.csv,customers
CUST00002549,Morgan Patel 2549,consumer ,Phoenix,Southwest,2020-05-17,a,Yes,Y,2026-09-11T04:28:49.990377+00:00,data/raw/master/customers.csv,customers
CUST00002550,Casey Kim 2550,consumer ,Albany,Northeast,2019-08-31,A,0,Y,2026-09-11T04:28:49.990377+00:00,data/raw/master/customers.csv,customers
CUST00002551,Morgan Patel 2551,Enterprise,Columbus,Midwest,02/22/2023,C,Y,N,2026-09-11T04:28:49.990377+00:00,data/raw/master/customers.csv,customers
CUST00002552,Riley Smith 2552,consumer ,Phoenix,Southwest,2019-01-01,A,Y,N,2026-09-11T04:28:49.990377+00:00,data/raw/master/customers.csv,customers
CUST00002553,Alex Brown 2553,Government,Buffalo,Northeast,2018-04-07,C,1,Y,2026-09-11T04:28:49.990377+00:00,data/raw/master/customers.csv,customers
CUST00002554,Riley Smith 2554,Enterprise,Birmingham,Southeast,12/12/2025,D,No,Y,2026-09-11T04:28:49.990377+00:00,data/raw/master/customers.csv,customers
CUST00002555,Alex Patel 2555,consumer ,Nashville,Southeast,11/20/2023,A,N,Y,2026-09-11T04:28:49.990377+00:00,data/raw/master/customers.csv,customers
CUST00002556,Morgan Smith 2556,Enterprise,San Diego,West,08/01/2019,B,Yes,N,2026-09-11T04:28:49.990377+00:00,data/raw/master/customers.csv,customers
CUST00002557,Casey Patel 2557,Consumer,Detroit,Midwest,2018-09-02,B,No,True,2026-09-11T04:28:49.990377+00:00,data/raw/master/customers.csv,customers
CUST00002558,Riley Patel 2558,Consumer,Portland,West,2020-01-30,C,Y,Y,2026-09-11T04:28:49.990377+00:00,data/raw/master/customers.csv,customers
CUST00002559,Alex Garcia 2559,Government,Albuquerque,Southwest,2022-03-08,B,1,True,2026-09-11T04:28:49.990377+00:00,data/raw/master/customers.csv,customers
CUST00002560,Riley Brown 2560,consumer ,Nashville,Southeast,2020-06-27,C,N,True,2026-09-11T04:28:49.990377+00:00,data/raw/master/customers.csv,customers
CUST00002561,Alex Brown 2561,consumer ,Atlanta,Southeast,11/08/2025,B,Yes,True,2026-09-11T04:28:49.990377+00:00,data/raw/master/customers.csv,customers
CUST00002562,Taylor Lee 2562,Enterprise,Buffalo,Northeast,2023-08-07,C,0,N,2026-09-11T04:28:49.990377+00:00,data/raw/master/customers.csv,customers
CUST00002563,Taylor Lee 2563,Enterprise,Portland,West,08/09/2020,a,N,True,2026-09-11T04:28:49.990377+00:00,data/raw/master/customers.csv,customers
CUST00002564,Jordan Garcia 2564,Consumer,Portland,West,02/03/2021,B,Yes,Y,2026-09-11T04:28:49.990377+00:00,data/raw/master/customers.csv,customers
CUST00002565,Jordan Smith 2565,Consumer,Detroit,Midwest,2025-11-17,a,Yes,Y,2026-09-11T04:28:49.990377+00:00,data/raw/master/customers.csv,customers
CUST00002566,Riley Smith 2566,Government,Denver,West,2018-01-30,C,Y,N,2026-09-11T04:28:49.990377+00:00,data/raw/master/customers.csv,customers
CUST00002567,Morgan Garcia 2567,Government,Columbus,Midwest,07/07/2023,A,No,Y,2026-09-11T04:28:49.990377+00:00,data/raw/master/customers.csv,customers
CUST00002568,Taylor Lee 2568,consumer ,Buffalo,Northeast,10/03/2019,C,Y,Y,2026-09-11T04:28:49.990377+00:00,data/raw/master/customers.csv,customers
CUST00002569,Casey Brown 2569,Enterprise,Dallas,Southwest,2024-04-01,A,No,Y,2026-09-11T04:28:49.990377+00:00,data/raw/master/customers.csv,customers
CUST00002570,Taylor Lee 2570,Small Business,Albuquerque,Southwest,07/18/2025,A,N,N,2026-09-11T04:28:49.990377+00:00,data/raw/master/customers.csv,customers
CUST00002571,Casey Brown 2571,consumer ,Albuquerque,Southwest,06/15/2024,C,1,True,2026-09-11T04:28:49.990377+00:00,data/raw/master/customers.csv,customers
CUST00002572,Alex Brown 2572,Government,San Diego,West,11/01/2018,D,1,Y,2026-09-11T04:28:49.990377+00:00,data/raw/master/customers.csv,customers
CUST00002573,Riley Lee 2573,Consumer,Seattle,West,07/10/2024,D,No,Y,2026-09-11T04:28:49.990377+00:00,data/raw/master/customers.csv,customers
CUST00002574,Riley Patel 2574,Enterprise,Columbus,Midwest,02/28/2024,A,No,True,2026-09-11T04:28:49.990377+00:00,data/raw/master/customers.csv,customers
CUST00002575,Taylor Kim 2575,Government,Seattle,West,2019-12-07,C,Y,Y,2026-09-11T04:28:49.990377+00:00,data/raw/master/customers.csv,customers
CUST00002576,Jordan Smith 2576,Consumer,Albuquerque,Southwest,2022-12-15,A,Y,Y,2026-09-11T04:28:49.990377+00:00,data/raw/master/customers.csv,customers
CUST00002577,Jordan Smith 2577,Government,San Diego,West,2018-04-25,B,0,Y,2026-09-11T04:28:49.990377+00:00,data/raw/master/customers.csv,customers
CUST00002578,Alex Smith 2578,Consumer,Phoenix,Southwest,03/19/2019,A,Y,Y,2026-09-11T04:28:49.990377+00:00,data/raw/master/customers.csv,customers
CUST00002579,Riley Brown 2579,consumer ,Albany,Northeast,07/16/2021,D,Yes,True,2026-09-11T04:28:49.990377+00:00,data/raw/master/customers.csv,customers
CUST00002580,Riley Kim 2580,Government,Albuquerque,Southwest,04/24/2020,B,1,Y,2026-09-11T04:28:49.990377+00:00,data/raw/master/customers.csv,customers
CUST00002581,Taylor Smith 2581,Enterprise,Philadelphia,Northeast,2020-02-22,B,Y,N,2026-09-11T04:28:49.990377+00:00,data/raw/master/customers.csv,customers
CUST00002582,Riley Smith 2582,consumer ,San Diego,West,09/16/2024,A,Y,Y,2026-09-11T04:28:49.990377+00:00,data/raw/master/customers.csv,customers
CUST00002583,Alex Garcia 2583,consumer ,Albuquerque,Southwest,11/04/2022,C,1,N,2026-09-11T04:28:49.990377+00:00,data/raw/master/customers.csv,customers
CUST00002584,Riley Kim 2584,Enterprise,Buffalo,Northeast,2019-10-28,a,No,Y,2026-09-11T04:28:49.990377+00:00,data/raw/master/customers.csv,customers
CUST00002585,Taylor Kim 2585,Government,Seattle,West,2022-12-10,a,0,Y,2026-09-11T04:28:49.990377+00:00,data/raw/master/customers.csv,customers
CUST00002586,Alex Brown 2586,Government,Phoenix,Southwest,02/11/2024,A,1,Y,2026-09-11T04:28:49.990377+00:00,data/raw/master/customers.csv,customers
CUST00002587,Casey Smith 2587,Government,Austin,Southwest,01/13/2024,D,N,Y,2026-09-11T04:28:49.990377+00:00,data/raw/master/customers.csv,customers
CUST00002588,Alex Kim 2588,Small Business,Nashville,Southeast,2019-11-21,C,No,Y,2026-09-11T04:28:49.990377+00:00,data/raw/master/customers.csv,customers
CUST00002589,Casey Patel 2589,Enterprise,Jacksonville,Southeast,2021-11-10,A,N,Y,2026-09-11T04:28:49.990377+00:00,data/raw/master/customers.csv,customers
CUST00002590,Taylor Brown 2590,Consumer,Jacksonville,Southeast,03/21/2020,B,Yes,Y,2026-09-11T04:28:49.990377+00:00,data/raw/master/customers.csv,customers
CUST00002591,Casey Brown 2591,consumer ,Columbus,Midwest,03/08/2026,D,N,True,2026-09-11T04:28:49.990377+00:00,data/raw/master/customers.csv,customers
CUST00002592,Morgan Smith 2592,consumer ,Indianapolis,Midwest,2023-01-27,B,0,Y,2026-09-11T04:28:49.990377+00:00,data/raw/master/customers.csv,customers
CUST00002593,Alex Brown 2593,Small Business,Seattle,West,11/06/2023,C,N,N,2026-09-11T04:28:49.990377+00:00,data/raw/master/customers.csv,customers
CUST00002594,Casey Brown 2594,Government,Columbus,Midwest,03/06/2019,D,Yes,Y,2026-09-11T04:28:49.990377+00:00,data/raw/master/customers.csv,customers
CUST00002595,Morgan Brown 2595,Enterprise,Phoenix,Southwest,01/08/2018,A,N,Y,2026-09-11T04:28:49.990377+00:00,data/raw/master/customers.csv,customers
CUST00002596,Morgan Patel 2596,Government,Detroit,Midwest,04/01/2024,B,0,Y,2026-09-11T04:28:49.990377+00:00,data/raw/master/customers.csv,customers
CUST00002597,Alex Lee 2597,Consumer,Columbus,Midwest,03/31/2018,A,0,Y,2026-09-11T04:28:49.990377+00:00,data/raw/master/customers.csv,customers
CUST00002598,Taylor Kim 2598,Enterprise,Birmingham,Southeast,2023-06-14,C,N,Y,2026-09-11T04:28:49.990377+00:00,data/raw/master/customers.csv,customers
CUST00002599,Morgan Lee 2599,Enterprise,Seattle,West,03/09/2024,C,Yes,N,2026-09-11T04:28:49.990377+00:00,data/raw/master/customers.csv,customers
CUST00002600,Riley Lee 2600,Small Business,Phoenix,Southwest,2019-07-06,A,Y,Y,2026-09-11T04:28:49.990377+00:00,data/raw/master/customers.csv,customers
CUST00002601,Alex Smith 2601,Enterprise,Albuquerque,Southwest,04/16/2025,B,Yes,True,2026-09-11T04:28:49.990377+00:00,data/raw/master/customers.csv,customers
CUST00002602,Taylor Lee 2602,consumer ,Indianapolis,Midwest,2018-08-28,C,Yes,True,2026-09-11T04:28:49.990377+00:00,data/raw/master/customers.csv,customers
CUST00002603,Alex Patel 2603,Government,Buffalo,Northeast,2021-12-25,B,No,Y,2026-09-11T04:28:49.990377+00:00,data/raw/master/customers.csv,customers
CUST00002604,Alex Kim 2604,consumer ,Birmingham,Southeast,07/07/2024,C,Yes,True,2026-09-11T04:28:49.990377+00:00,data/raw/master/customers.csv,customers
CUST00002605,Riley Kim 2605,Small Business,Dallas,Southwest,2025-01-19,C,No,N,2026-09-11T04:28:49.990377+00:00,data/raw/master/customers.csv,customers
CUST00002606,Morgan Smith 2606,Consumer,Atlanta,Southeast,2024-10-06,a,Y,Y,2026-09-11T04:28:49.990377+00:00,data/raw/master/customers.csv,customers
CUST00002607,Morgan Lee 2607,consumer ,Boston,Northeast,2021-09-29,C,Yes,Y,2026-09-11T04:28:49.990377+00:00,data/raw/master/customers.csv,customers
CUST00002608,Taylor Smith 2608,Consumer,Albuquerque,Southwest,2019-05-02,C,No,Y,2026-09-11T04:28:49.990377+00:00,data/raw/master/customers.csv,customers
CUST00002609,Casey Smith 2609,Enterprise,Portland,West,2018-04-06,A,1,N,2026-09-11T04:28:49.990377+00:00,data/raw/master/customers.csv,customers
CUST00002610,Jordan Garcia 2610,Enterprise,Philadelphia,Northeast,05/18/2025,A,1,N,2026-09-11T04:28:49.990377+00:00,data/raw/master/customers.csv,customers
CUST00002611,Riley Garcia 2611,Small Business,Buffalo,Northeast,08/25/2023,a,N,Y,2026-09-11T04:28:49.990377+00:00,data/raw/master/customers.csv,customers
CUST00002612,Morgan Smith 2612,Small Business,Jacksonville,Southeast,12/18/2024,A,No,Y,2026-09-11T04:28:49.990377+00:00,data/raw/master/customers.csv,customers
CUST00002613,Taylor Patel 2613,Small Business,San Diego,West,2022-12-13,a,Yes,Y,2026-09-11T04:28:49.990377+00:00,data/raw/master/customers.csv,customers
CUST00002614,Alex Patel 2614,Enterprise,Atlanta,Southeast,08/28/2025,D,1,Y,2026-09-11T04:28:49.990377+00:00,data/raw/master/customers.csv,customers
CUST00002615,Riley Smith 2615,Consumer,Nashville,Southeast,2024-06-11,C,No,Y,2026-09-11T04:28:49.990377+00:00,data/raw/master/customers.csv,customers
CUST00002616,Riley Kim 2616,Small Business,Albany,Northeast,2020-08-28,a,Y,N,2026-09-11T04:28:49.990377+00:00,data/raw/master/customers.csv,customers
CUST00002617,Morgan Kim 2617,consumer ,Boston,Northeast,2020-09-30,A,0,Y,2026-09-11T04:28:49.990377+00:00,data/raw/master/customers.csv,customers
CUST00002618,Morgan Kim 2618,Small Business,Jacksonville,Southeast,2020-06-20,D,N,Y,2026-09-11T04:28:49.990377+00:00,data/raw/master/customers.csv,customers
CUST00002619,Morgan Garcia 2619,Consumer,Portland,West,04/22/2018,C,0,N,2026-09-11T04:28:49.990377+00:00,data/raw/master/customers.csv,customers
CUST00002620,Jordan Patel 2620,Enterprise,Indianapolis,Midwest,08/25/2025,C,Y,N,2026-09-11T04:28:49.990377+00:00,data/raw/master/customers.csv,customers
CUST00002621,Alex Brown 2621,Consumer,San Diego,West,09/16/2024,B,0,Y,2026-09-11T04:28:49.990377+00:00,data/raw/master/customers.csv,customers
CUST00002622,Casey Lee 2622,Enterprise,Philadelphia,Northeast,01/21/2023,a,No,N,2026-09-11T04:28:49.990377+00:00,data/raw/master/customers.csv,customers
CUST00002623,Alex Brown 2623,Consumer,Chicago,Midwest,04/24/2019,B,No,True,2026-09-11T04:28:49.990377+00:00,data/raw/master/customers.csv,customers
CUST00002624,Alex Brown 2624,Consumer,San Diego,West,2019-11-17,a,N,Y,2026-09-11T04:28:49.990377+00:00,data/raw/master/customers.csv,customers
CUST00002625,Riley Lee 2625,Small Business,Jacksonville,Southeast,05/24/2022,C,1,Y,2026-09-11T04:28:49.990377+00:00,data/raw/master/customers.csv,customers
CUST00002626,Morgan Garcia 2626,Consumer,San Diego,West,08/21/2025,A,No,True,2026-09-11T04:28:49.990377+00:00,data/raw/master/customers.csv,customers
CUST00002627,Morgan Garcia 2627,Enterprise,Seattle,West,2019-03-12,A,1,Y,2026-09-11T04:28:49.990377+00:00,data/raw/master/customers.csv,customers
CUST00002628,Riley Garcia 2628,Government,Atlanta,Southeast,2025-08-19,D,Y,Y,2026-09-11T04:28:49.990377+00:00,data/raw/master/customers.csv,customers
CUST00002629,Riley Garcia 2629,Consumer,Detroit,Midwest,2023-01-27,D,1,Y,2026-09-11T04:28:49.990377+00:00,data/raw/master/customers.csv,customers
CUST00002630,Jordan Smith 2630,Small Business,Philadelphia,Northeast,2019-07-17,D,0,Y,2026-09-11T04:28:49.990377+00:00,data/raw/master/customers.csv,customers
CUST00002631,Alex Kim 2631,Government,Boston,Northeast,2023-07-11,a,0,True,2026-09-11T04:28:49.990377+00:00,data/raw/master/customers.csv,customers
CUST00002632,Riley Lee 2632,Enterprise,Columbus,Midwest,2025-05-19,a,Yes,Y,2026-09-11T04:28:49.990377+00:00,data/raw/master/customers.csv,customers
CUST00002633,Morgan Brown 2633,Small Business,Buffalo,Northeast,2019-06-06,D,Yes,Y,2026-09-11T04:28:49.990377+00:00,data/raw/master/customers.csv,customers
CUST00002634,Riley Patel 2634,Government,Chicago,Midwest,10/21/2019,a,No,Y,2026-09-11T04:28:49.990377+00:00,data/raw/master/customers.csv,customers
CUST00002635,Alex Brown 2635,Small Business,Detroit,Midwest,05/12/2023,A,Yes,True,2026-09-11T04:28:49.990377+00:00,data/raw/master/customers.csv,customers
CUST00002636,Casey Garcia 2636,consumer ,Nashville,Southeast,12/13/2019,A,Y,Y,2026-09-11T04:28:49.990377+00:00,data/raw/master/customers.csv,customers
CUST00002637,Alex Kim 2637,Consumer,Indianapolis,Midwest,12/31/2020,B,0,Y,2026-09-11T04:28:49.990377+00:00,data/raw/master/customers.csv,customers
CUST00002638,Jordan Brown 2638,Government,Phoenix,Southwest,2024-09-26,a,1,Y,2026-09-11T04:28:49.990377+00:00,data/raw/master/customers.csv,customers
CUST00002639,Morgan Garcia 2639,Consumer,Dallas,Southwest,07/01/2023,a,0,Y,2026-09-11T04:28:49.990377+00:00,data/raw/master/customers.csv,customers
CUST00002640,Morgan Smith 2640,Government,Seattle,West,04/07/2026,D,0,N,2026-09-11T04:28:49.990377+00:00,data/raw/master/customers.csv,customers
CUST00002641,Casey Smith 2641,Small Business,Albuquerque,Southwest,04/30/2021,a,Yes,Y,2026-09-11T04:28:49.990377+00:00,data/raw/master/customers.csv,customers
CUST00002642,Morgan Garcia 2642,consumer ,Atlanta,Southeast,2020-05-14,C,1,Y,2026-09-11T04:28:49.990377+00:00,data/raw/master/customers.csv,customers
CUST00002643,Alex Brown 2643,consumer ,Albany,Northeast,07/19/2020,D,0,True,2026-09-11T04:28:49.990377+00:00,data/raw/master/customers.csv,customers
CUST00002644,Taylor Lee 2644,Enterprise,Columbus,Midwest,04/09/2020,a,N,Y,2026-09-11T04:28:49.990377+00:00,data/raw/master/customers.csv,customers
CUST00002645,Taylor Patel 2645,Small Business,San Diego,West,07/10/2024,C,Y,Y,2026-09-11T04:28:49.990377+00:00,data/raw/master/customers.csv,customers
CUST00002646,Jordan Smith 2646,consumer ,Columbus,Midwest,2026-04-27,D,0,N,2026-09-11T04:28:49.990377+00:00,data/raw/master/customers.csv,customers
CUST00002647,Jordan Smith 2647,consumer ,Phoenix,Southwest,01/09/2018,C,1,Y,2026-09-11T04:28:49.990377+00:00,data/raw/master/customers.csv,customers
CUST00002648,Casey Smith 2648,Small Business,Portland,West,07/30/2021,A,N,True,2026-09-11T04:28:49.990377+00:00,data/raw/master/customers.csv,customers
CUST00002649,Jordan Brown 2649,Government,San Diego,West,09/28/2025,a,Yes,Y,2026-09-11T04:28:49.990377+00:00,data/raw/master/customers.csv,customers
CUST00002650,Riley Patel 2650,Consumer,Buffalo,Northeast,11/03/2019,A,N,Y,2026-09-11T04:28:49.990377+00:00,data/raw/master/customers.csv,customers
CUST00002651,Jordan Patel 2651,Government,Nashville,Southeast,2026-04-20,a,Yes,Y,2026-09-11T04:28:49.990377+00:00,data/raw/master/customers.csv,customers
CUST00002652,Riley Patel 2652,Consumer,Austin,Southwest,11/28/2024,B,Y,N,2026-09-11T04:28:49.990377+00:00,data/raw/master/customers.csv,customers
CUST00002653,Taylor Kim 2653,Government,San Diego,West,01/08/2025,D,Y,Y,2026-09-11T04:28:49.990377+00:00,data/raw/master/customers.csv,customers
CUST00002654,Morgan Lee 2654,Consumer,Albany,Northeast,03/19/2022,B,1,True,2026-09-11T04:28:49.990377+00:00,data/raw/master/customers.csv,customers
CUST00002655,Taylor Garcia 2655,Small Business,Buffalo,Northeast,2026-02-01,C,Y,Y,2026-09-11T04:28:49.990377+00:00,data/raw/master/customers.csv,customers
CUST00002656,Taylor Patel 2656,Enterprise,Boston,Northeast,2020-01-20,a,0,Y,2026-09-11T04:28:49.990377+00:00,data/raw/master/customers.csv,customers
CUST00002657,Casey Lee 2657,Enterprise,San Diego,West,10/03/2022,a,0,True,2026-09-11T04:28:49.990377+00:00,data/raw/master/customers.csv,customers
CUST00002658,Taylor Garcia 2658,consumer ,Boston,Northeast,07/08/2018,B,Yes,N,2026-09-11T04:28:49.990377+00:00,data/raw/master/customers.csv,customers
CUST00002659,Casey Lee 2659,Government,Jacksonville,Southeast,06/06/2022,B,Yes,Y,2026-09-11T04:28:49.990377+00:00,data/raw/master/customers.csv,customers
CUST00002660,Riley Smith 2660,Small Business,Boston,Northeast,03/31/2018,A,0,Y,2026-09-11T04:28:49.990377+00:00,data/raw/master/customers.csv,customers
CUST00002661,Alex Smith 2661,Government,Jacksonville,Southeast,03/11/2025,C,0,N,2026-09-11T04:28:49.990377+00:00,data/raw/master/customers.csv,customers
CUST00002662,Taylor Kim 2662,Government,Albany,Northeast,2025-01-19,C,Yes,Y,2026-09-11T04:28:49.990377+00:00,data/raw/master/customers.csv,customers
CUST00002663,Morgan Kim 2663,Enterprise,Jacksonville,Southeast,2018-11-21,C,No,Y,2026-09-11T04:28:49.990377+00:00,data/raw/master/customers.csv,customers
CUST00002664,Casey Lee 2664,Government,San Diego,West,02/24/2024,a,0,Y,2026-09-11T04:28:49.990377+00:00,data/raw/master/customers.csv,customers
CUST00002665,Casey Lee 2665,Small Business,San Diego,West,04/14/2026,B,Yes,True,2026-09-11T04:28:49.990377+00:00,data/raw/master/customers.csv,customers
CUST00002666,Riley Smith 2666,consumer ,Atlanta,Southeast,2025-07-09,C,N,Y,2026-09-11T04:28:49.990377+00:00,data/raw/master/customers.csv,customers
CUST00002667,Taylor Brown 2667,Government,Indianapolis,Midwest,05/17/2021,C,Y,Y,2026-09-11T04:28:49.990377+00:00,data/raw/master/customers.csv,customers
CUST00002668,Morgan Smith 2668,consumer ,Atlanta,Southeast,2019-01-30,A,No,Y,2026-09-11T04:28:49.990377+00:00,data/raw/master/customers.csv,customers
CUST00002669,Jordan Patel 2669,consumer ,Portland,West,2021-06-07,a,Y,True,2026-09-11T04:28:49.990377+00:00,data/raw/master/customers.csv,customers
CUST00002670,Casey Kim 2670,Small Business,Philadelphia,Northeast,02/08/2023,D,No,Y,2026-09-11T04:28:49.990377+00:00,data/raw/master/customers.csv,customers
CUST00002671,Taylor Kim 2671,Government,Detroit,Midwest,09/08/2021,C,0,Y,2026-09-11T04:28:49.990377+00:00,data/raw/master/customers.csv,customers
CUST00002672,Taylor Patel 2672,Consumer,San Diego,West,11/07/2024,a,0,Y,2026-09-11T04:28:49.990377+00:00,data/raw/master/customers.csv,customers
CUST00002673,Morgan Smith 2673,Enterprise,Columbus,Midwest,12/18/2023,B,No,Y,2026-09-11T04:28:49.990377+00:00,data/raw/master/customers.csv,customers
CUST00002674,Morgan Smith 2674,Enterprise,Birmingham,Southeast,2020-04-21,A,N,Y,2026-09-11T04:28:49.990377+00:00,data/raw/master/customers.csv,customers
CUST00002675,Alex Patel 2675,consumer ,San Diego,West,11/04/2025,a,Y,Y,2026-09-11T04:28:49.990377+00:00,data/raw/master/customers.csv,customers
CUST00002676,Morgan Smith 2676,consumer ,Albany,Northeast,01/16/2024,C,0,Y,2026-09-11T04:28:49.990377+00:00,data/raw/master/customers.csv,customers
CUST00002677,Jordan Kim 2677,Small Business,Chicago,Midwest,04/07/2025,A,0,Y,2026-09-11T04:28:49.990377+00:00,data/raw/master/customers.csv,customers
CUST00002678,Casey Kim 2678,Enterprise,Detroit,Midwest,2024-08-17,a,1,Y,2026-09-11T04:28:49.990377+00:00,data/raw/master/customers.csv,customers
CUST00002679,Jordan Patel 2679,Small Business,Detroit,Midwest,2022-06-05,B,0,Y,2026-09-11T04:28:49.990377+00:00,data/raw/master/customers.csv,customers
CUST00002680,Riley Brown 2680,Government,Philadelphia,Northeast,06/08/2019,a,Y,Y,2026-09-11T04:28:49.990377+00:00,data/raw/master/customers.csv,customers
CUST00002681,Riley Brown 2681,Consumer,Albuquerque,Southwest,12/02/2021,B,N,True,2026-09-11T04:28:49.990377+00:00,data/raw/master/customers.csv,customers
CUST00002682,Riley Smith 2682,consumer ,Seattle,West,2025-04-28,a,Yes,True,2026-09-11T04:28:49.990377+00:00,data/raw/master/customers.csv,customers
CUST00002683,Casey Garcia 2683,Government,Denver,West,2024-06-19,a,Yes,True,2026-09-11T04:28:49.990377+00:00,data/raw/master/customers.csv,customers
CUST00002684,Riley Lee 2684,consumer ,Columbus,Midwest,10/27/2022,D,0,Y,2026-09-11T04:28:49.990377+00:00,data/raw/master/customers.csv,customers
CUST00002685,Jordan Garcia 2685,Small Business,Birmingham,Southeast,12/03/2025,C,Yes,Y,2026-09-11T04:28:49.990377+00:00,data/raw/master/customers.csv,customers
CUST00002686,Alex Brown 2686,Government,Albany,Northeast,2021-12-15,B,Y,N,2026-09-11T04:28:49.990377+00:00,data/raw/master/customers.csv,customers
CUST00002687,Casey Kim 2687,Small Business,Jacksonville,Southeast,10/19/2024,C,No,N,2026-09-11T04:28:49.990377+00:00,data/raw/master/customers.csv,customers
CUST00002688,Casey Patel 2688,Consumer,Dallas,Southwest,09/27/2024,D,Y,Y,2026-09-11T04:28:49.990377+00:00,data/raw/master/customers.csv,customers
CUST00002689,Taylor Brown 2689,Consumer,Boston,Northeast,12/18/2024,A,No,N,2026-09-11T04:28:49.990377+00:00,data/raw/master/customers.csv,customers
CUST00002690,Alex Brown 2690,Government,Philadelphia,Northeast,2023-07-20,a,Y,Y,2026-09-11T04:28:49.990377+00:00,data/raw/master/customers.csv,customers
CUST00002691,Alex Smith 2691,Enterprise,Austin,Southwest,01/27/2023,D,1,Y,2026-09-11T04:28:49.990377+00:00,data/raw/master/customers.csv,customers
CUST00002692,Alex Garcia 2692,consumer ,Phoenix,Southwest,2023-01-27,D,N,True,2026-09-11T04:28:49.990377+00:00,data/raw/master/customers.csv,customers
CUST00002693,Jordan Smith 2693,Small Business,San Diego,West,08/03/2021,A,1,N,2026-09-11T04:28:49.990377+00:00,data/raw/master/customers.csv,customers
CUST00002694,Casey Smith 2694,consumer ,Jacksonville,Southeast,12/08/2018,A,N,True,2026-09-11T04:28:49.990377+00:00,data/raw/master/customers.csv,customers
CUST00002695,Jordan Garcia 2695,consumer ,Buffalo,Northeast,2020-10-31,B,1,N,2026-09-11T04:28:49.990377+00:00,data/raw/master/customers.csv,customers
CUST00002696,Taylor Lee 2696,Consumer,Seattle,West,01/24/2023,A,1,True,2026-09-11T04:28:49.990377+00:00,data/raw/master/customers.csv,customers
CUST00002697,Riley Garcia 2697,consumer ,Albuquerque,Southwest,07/15/2019,B,Yes,N,2026-09-11T04:28:49.990377+00:00,data/raw/master/customers.csv,customers
CUST00002698,Riley Patel 2698,Consumer,Albany,Northeast,12/24/2022,C,Yes,Y,2026-09-11T04:28:49.990377+00:00,data/raw/master/customers.csv,customers
CUST00002699,Alex Garcia 2699,consumer ,Phoenix,Southwest,11/05/2024,C,N,Y,2026-09-11T04:28:49.990377+00:00,data/raw/master/customers.csv,customers
CUST00002700,Taylor Lee 2700,Enterprise,Seattle,West,2025-03-16,a,No,True,2026-09-11T04:28:49.990377+00:00,data/raw/master/customers.csv,customers
CUST00002701,Casey Brown 2701,Government,Columbus,Midwest,03/22/2022,B,N,Y,2026-09-11T04:28:49.990377+00:00,data/raw/master/customers.csv,customers
CUST00002702,Jordan Kim 2702,Enterprise,Boston,Northeast,11/03/2024,A,0,Y,2026-09-11T04:28:49.990377+00:00,data/raw/master/customers.csv,customers
CUST00002703,Riley Patel 2703,Consumer,Albuquerque,Southwest,06/12/2021,B,0,Y,2026-09-11T04:28:49.990377+00:00,data/raw/master/customers.csv,customers
CUST00002704,Casey Kim 2704,Enterprise,Nashville,Southeast,10/24/2020,D,Yes,True,2026-09-11T04:28:49.990377+00:00,data/raw/master/customers.csv,customers
CUST00002705,Riley Kim 2705,Government,Indianapolis,Midwest,2025-06-10,D,No,Y,2026-09-11T04:28:49.990377+00:00,data/raw/master/customers.csv,customers
CUST00002706,Casey Brown 2706,consumer ,Portland,West,2023-07-06,B,Y,Y,2026-09-11T04:28:49.990377+00:00,data/raw/master/customers.csv,customers
CUST00002707,Alex Kim 2707,consumer ,Albuquerque,Southwest,01/29/2018,C,Yes,Y,2026-09-11T04:28:49.990377+00:00,data/raw/master/customers.csv,customers
CUST00002708,Riley Kim 2708,Government,Portland,West,10/09/2023,A,1,Y,2026-09-11T04:28:49.990377+00:00,data/raw/master/customers.csv,customers
CUST00002709,Casey Patel 2709,Consumer,Philadelphia,Northeast,06/14/2020,C,Yes,Y,2026-09-11T04:28:49.990377+00:00,data/raw/master/customers.csv,customers
CUST00002710,Morgan Lee 2710,consumer ,Indianapolis,Midwest,2025-11-20,a,1,Y,2026-09-11T04:28:49.990377+00:00,data/raw/master/customers.csv,customers
CUST00002711,Alex Lee 2711,Small Business,Chicago,Midwest,2020-04-08,D,N,Y,2026-09-11T04:28:49.990377+00:00,data/raw/master/customers.csv,customers
CUST00002712,Casey Garcia 2712,Government,Atlanta,Southeast,12/03/2024,A,1,Y,2026-09-11T04:28:49.990377+00:00,data/raw/master/customers.csv,customers
CUST00002713,Taylor Garcia 2713,Enterprise,Philadelphia,Northeast,05/26/2018,D,Y,Y,2026-09-11T04:28:49.990377+00:00,data/raw/master/customers.csv,customers
CUST00002714,Taylor Brown 2714,Enterprise,Buffalo,Northeast,2022-09-01,B,1,True,2026-09-11T04:28:49.990377+00:00,data/raw/master/customers.csv,customers
CUST00002715,Morgan Smith 2715,consumer ,Portland,West,10/31/2018,C,N,True,2026-09-11T04:28:49.990377+00:00,data/raw/master/customers.csv,customers
CUST00002716,Jordan Smith 2716,Government,Seattle,West,05/14/2020,D,N,Y,2026-09-11T04:28:49.990377+00:00,data/raw/master/customers.csv,customers
CUST00002717,Alex Kim 2717,Enterprise,Atlanta,Southeast,06/18/2022,A,Yes,N,2026-09-11T04:28:49.990377+00:00,data/raw/master/customers.csv,customers
CUST00002718,Riley Garcia 2718,Government,Atlanta,Southeast,2018-10-26,D,0,N,2026-09-11T04:28:49.990377+00:00,data/raw/master/customers.csv,customers
CUST00002719,Riley Smith 2719,consumer ,Seattle,West,12/09/2020,D,N,Y,2026-09-11T04:28:49.990377+00:00,data/raw/master/customers.csv,customers
CUST00002720,Taylor Garcia 2720,Consumer,Birmingham,Southeast,11/26/2018,A,N,N,2026-09-11T04:28:49.990377+00:00,data/raw/master/customers.csv,customers
CUST00002721,Jordan Smith 2721,Small Business,Albuquerque,Southwest,2019-12-08,C,N,Y,2026-09-11T04:28:49.990377+00:00,data/raw/master/customers.csv,customers
CUST00002722,Taylor Smith 2722,Small Business,Nashville,Southeast,2018-11-10,C,N,Y,2026-09-11T04:28:49.990377+00:00,data/raw/master/customers.csv,customers
CUST00002723,Morgan Garcia 2723,Enterprise,Jacksonville,Southeast,11/29/2020,A,N,True,2026-09-11T04:28:49.990377+00:00,data/raw/master/customers.csv,customers
CUST00002724,Taylor Brown 2724,Consumer,Dallas,Southwest,2026-03-29,C,N,N,2026-09-11T04:28:49.990377+00:00,data/raw/master/customers.csv,customers
CUST00002725,Casey Kim 2725,consumer ,Chicago,Midwest,12/19/2025,a,0,Y,2026-09-11T04:28:49.990377+00:00,data/raw/master/customers.csv,customers
CUST00002726,Morgan Patel 2726,consumer ,Albany,Northeast,2018-11-21,B,Yes,N,2026-09-11T04:28:49.990377+00:00,data/raw/master/customers.csv,customers
CUST00002727,Alex Patel 2727,Consumer,Atlanta,Southeast,2021-03-15,B,Yes,N,2026-09-11T04:28:49.990377+00:00,data/raw/master/customers.csv,customers
CUST00002728,Jordan Lee 2728,consumer ,Philadelphia,Northeast,01/23/2021,C,No,Y,2026-09-11T04:28:49.990377+00:00,data/raw/master/customers.csv,customers
CUST00002729,Taylor Patel 2729,Consumer,Detroit,Midwest,04/29/2020,D,Y,Y,2026-09-11T04:28:49.990377+00:00,data/raw/master/customers.csv,customers
CUST00002730,Riley Brown 2730,consumer ,Columbus,Midwest,08/07/2019,a,No,Y,2026-09-11T04:28:49.990377+00:00,data/raw/master/customers.csv,customers
CUST00002731,Morgan Garcia 2731,Small Business,Dallas,Southwest,12/24/2019,A,No,Y,2026-09-11T04:28:49.990377+00:00,data/raw/master/customers.csv,customers
CUST00002732,Taylor Smith 2732,Small Business,Denver,West,05/20/2022,a,No,N,2026-09-11T04:28:49.990377+00:00,data/raw/master/customers.csv,customers
CUST00002733,Taylor Kim 2733,Enterprise,Boston,Northeast,2024-09-11,B,N,Y,2026-09-11T04:28:49.990377+00:00,data/raw/master/customers.csv,customers
CUST00002734,Taylor Brown 2734,Consumer,Birmingham,Southeast,2025-01-19,C,N,Y,2026-09-11T04:28:49.990377+00:00,data/raw/master/customers.csv,customers
CUST00002735,Morgan Garcia 2735,Small Business,Austin,Southwest,2021-01-28,B,Yes,True,2026-09-11T04:28:49.990377+00:00,data/raw/master/customers.csv,customers
CUST00002736,Taylor Patel 2736,Consumer,Boston,Northeast,11/18/2020,A,0,Y,2026-09-11T04:28:49.990377+00:00,data/raw/master/customers.csv,customers
CUST00002737,Morgan Kim 2737,Government,Boston,Northeast,08/09/2022,B,0,True,2026-09-11T04:28:49.990377+00:00,data/raw/master/customers.csv,customers
CUST00002738,Riley Patel 2738,consumer ,Buffalo,Northeast,09/18/2022,B,N,N,2026-09-11T04:28:49.990377+00:00,data/raw/master/customers.csv,customers
CUST00002739,Alex Kim 2739,Small Business,Albuquerque,Southwest,2024-07-10,B,1,True,2026-09-11T04:28:49.990377+00:00,data/raw/master/customers.csv,customers
CUST00002740,Taylor Smith 2740,Consumer,Buffalo,Northeast,2022-03-16,D,Yes,Y,2026-09-11T04:28:49.990377+00:00,data/raw/master/customers.csv,customers
CUST00002741,Jordan Patel 2741,consumer ,Birmingham,Southeast,12/06/2022,D,1,Y,2026-09-11T04:28:49.990377+00:00,data/raw/master/customers.csv,customers
CUST00002742,Alex Lee 2742,Enterprise,Seattle,West,2020-11-27,a,No,Y,2026-09-11T04:28:49.990377+00:00,data/raw/master/customers.csv,customers
CUST00002743,Taylor Brown 2743,Enterprise,Birmingham,Southeast,09/02/2024,B,Yes,N,2026-09-11T04:28:49.990377+00:00,data/raw/master/customers.csv,customers
CUST00002744,Alex Garcia 2744,consumer ,Indianapolis,Midwest,01/13/2025,C,0,Y,2026-09-11T04:28:49.990377+00:00,data/raw/master/customers.csv,customers
CUST00002745,Alex Garcia 2745,Small Business,Birmingham,Southeast,05/02/2020,C,Yes,True,2026-09-11T04:28:49.990377+00:00,data/raw/master/customers.csv,customers
CUST00002746,Casey Patel 2746,Consumer,Portland,West,2025-06-09,D,0,Y,2026-09-11T04:28:49.990377+00:00,data/raw/master/customers.csv,customers
CUST00002747,Riley Patel 2747,consumer ,Detroit,Midwest,08/30/2024,C,0,N,2026-09-11T04:28:49.990377+00:00,data/raw/master/customers.csv,customers
CUST00002748,Taylor Patel 2748,Small Business,Portland,West,08/29/2024,B,No,Y,2026-09-11T04:28:49.990377+00:00,data/raw/master/customers.csv,customers
CUST00002749,Riley Smith 2749,consumer ,Nashville,Southeast,2025-05-19,A,No,Y,2026-09-11T04:28:49.990377+00:00,data/raw/master/customers.csv,customers
CUST00002750,Morgan Kim 2750,Enterprise,Birmingham,Southeast,2019-01-17,C,1,Y,2026-09-11T04:28:49.990377+00:00,data/raw/master/customers.csv,customers
CUST00002751,Jordan Patel 2751,Small Business,Birmingham,Southeast,2025-02-22,B,No,Y,2026-09-11T04:28:49.990377+00:00,data/raw/master/customers.csv,customers
CUST00002752,Riley Garcia 2752,Enterprise,Chicago,Midwest,07/04/2025,a,0,Y,2026-09-11T04:28:49.990377+00:00,data/raw/master/customers.csv,customers
CUST00002753,Alex Garcia 2753,consumer ,San Diego,West,2023-01-18,A,N,True,2026-09-11T04:28:49.990377+00:00,data/raw/master/customers.csv,customers
CUST00002754,Taylor Lee 2754,Government,Boston,Northeast,2022-04-11,A,Y,Y,2026-09-11T04:28:49.990377+00:00,data/raw/master/customers.csv,customers
CUST00002755,Alex Brown 2755,consumer ,Seattle,West,07/19/2023,a,1,Y,2026-09-11T04:28:49.990377+00:00,data/raw/master/customers.csv,customers
CUST00002756,Riley Patel 2756,Consumer,Albany,Northeast,2025-01-16,B,Y,Y,2026-09-11T04:28:49.990377+00:00,data/raw/master/customers.csv,customers
CUST00002757,Alex Brown 2757,Consumer,Atlanta,Southeast,09/14/2019,a,0,Y,2026-09-11T04:28:49.990377+00:00,data/raw/master/customers.csv,customers
CUST00002758,Alex Smith 2758,Enterprise,Columbus,Midwest,2021-07-19,C,Y,Y,2026-09-11T04:28:49.990377+00:00,data/raw/master/customers.csv,customers
CUST00002759,Jordan Smith 2759,Small Business,Jacksonville,Southeast,2020-08-07,A,1,Y,2026-09-11T04:28:49.990377+00:00,data/raw/master/customers.csv,customers
CUST00002760,Casey Garcia 2760,Small Business,Chicago,Midwest,2023-04-06,B,N,Y,2026-09-11T04:28:49.990377+00:00,data/raw/master/customers.csv,customers
CUST00002761,Taylor Smith 2761,Small Business,Seattle,West,2022-12-27,a,N,N,2026-09-11T04:28:49.990377+00:00,data/raw/master/customers.csv,customers
CUST00002762,Morgan Brown 2762,Government,Indianapolis,Midwest,2023-08-08,A,N,Y,2026-09-11T04:28:49.990377+00:00,data/raw/master/customers.csv,customers
CUST00002763,Casey Brown 2763,consumer ,Dallas,Southwest,10/27/2025,B,Yes,True,2026-09-11T04:28:49.990377+00:00,data/raw/master/customers.csv,customers
CUST00002764,Riley Patel 2764,Small Business,Albuquerque,Southwest,2018-10-20,D,No,Y,2026-09-11T04:28:49.990377+00:00,data/raw/master/customers.csv,customers
CUST00002765,Alex Garcia 2765,consumer ,Austin,Southwest,2025-02-02,C,1,Y,2026-09-11T04:28:49.990377+00:00,data/raw/master/customers.csv,customers
CUST00002766,Jordan Lee 2766,consumer ,Jacksonville,Southeast,03/29/2024,B,N,Y,2026-09-11T04:28:49.990377+00:00,data/raw/master/customers.csv,customers
CUST00002767,Jordan Smith 2767,Small Business,Phoenix,Southwest,2025-07-04,C,N,Y,2026-09-11T04:28:49.990377+00:00,data/raw/master/customers.csv,customers
CUST00002768,Casey Kim 2768,Government,Boston,Northeast,02/21/2026,D,1,True,2026-09-11T04:28:49.990377+00:00,data/raw/master/customers.csv,customers
CUST00002769,Riley Brown 2769,Government,Denver,West,12/24/2019,C,1,N,2026-09-11T04:28:49.990377+00:00,data/raw/master/customers.csv,customers
CUST00002770,Casey Lee 2770,Small Business,Jacksonville,Southeast,05/12/2024,B,Y,True,2026-09-11T04:28:49.990377+00:00,data/raw/master/customers.csv,customers
CUST00002771,Jordan Smith 2771,consumer ,Philadelphia,Northeast,12/27/2019,B,No,Y,2026-09-11T04:28:49.990377+00:00,data/raw/master/customers.csv,customers
CUST00002772,Casey Patel 2772,Enterprise,Portland,West,03/05/2021,B,1,N,2026-09-11T04:28:49.990377+00:00,data/raw/master/customers.csv,customers
CUST00002773,Alex Kim 2773,consumer ,Atlanta,Southeast,04/24/2022,A,0,Y,2026-09-11T04:28:49.990377+00:00,data/raw/master/customers.csv,customers
CUST00002774,Alex Lee 2774,Consumer,Albany,Northeast,2020-10-31,D,Y,True,2026-09-11T04:28:49.990377+00:00,data/raw/master/customers.csv,customers
CUST00002775,Alex Smith 2775,Government,Philadelphia,Northeast,2022-06-27,D,Yes,Y,2026-09-11T04:28:49.990377+00:00,data/raw/master/customers.csv,customers
CUST00002776,Riley Lee 2776,Government,Albuquerque,Southwest,2022-10-12,a,N,True,2026-09-11T04:28:49.990377+00:00,data/raw/master/customers.csv,customers
CUST00002777,Alex Garcia 2777,Small Business,Denver,West,2025-08-27,D,0,Y,2026-09-11T04:28:49.990377+00:00,data/raw/master/customers.csv,customers
CUST00002778,Casey Kim 2778,consumer ,San Diego,West,01/16/2026,D,Y,Y,2026-09-11T04:28:49.990377+00:00,data/raw/master/customers.csv,customers
CUST00002779,Taylor Smith 2779,Enterprise,Indianapolis,Midwest,10/13/2019,a,1,Y,2026-09-11T04:28:49.990377+00:00,data/raw/master/customers.csv,customers
CUST00002780,Taylor Garcia 2780,Consumer,Austin,Southwest,2018-09-29,B,N,Y,2026-09-11T04:28:49.990377+00:00,data/raw/master/customers.csv,customers
CUST00002781,Casey Brown 2781,Government,San Diego,West,12/15/2022,D,N,Y,2026-09-11T04:28:49.990377+00:00,data/raw/master/customers.csv,customers
CUST00002782,Alex Smith 2782,Government,Atlanta,Southeast,2026-04-03,B,Y,Y,2026-09-11T04:28:49.990377+00:00,data/raw/master/customers.csv,customers
CUST00002783,Alex Patel 2783,Consumer,Atlanta,Southeast,2025-11-01,C,1,True,2026-09-11T04:28:49.990377+00:00,data/raw/master/customers.csv,customers
CUST00002784,Alex Smith 2784,Small Business,Birmingham,Southeast,2025-06-07,A,Yes,N,2026-09-11T04:28:49.990377+00:00,data/raw/master/customers.csv,customers
CUST00002785,Casey Patel 2785,Small Business,Birmingham,Southeast,02/23/2025,A,1,N,2026-09-11T04:28:49.990377+00:00,data/raw/master/customers.csv,customers
CUST00002786,Riley Garcia 2786,Government,Nashville,Southeast,2020-11-09,C,No,Y,2026-09-11T04:28:49.990377+00:00,data/raw/master/customers.csv,customers
CUST00002787,Taylor Smith 2787,consumer ,Albany,Northeast,02/04/2018,a,Yes,Y,2026-09-11T04:28:49.990377+00:00,data/raw/master/customers.csv,customers
CUST00002788,Alex Smith 2788,Small Business,Portland,West,06/02/2025,B,No,Y,2026-09-11T04:28:49.990377+00:00,data/raw/master/customers.csv,customers
CUST00002789,Riley Kim 2789,Small Business,San Diego,West,2019-08-25,A,No,Y,2026-09-11T04:28:49.990377+00:00,data/raw/master/customers.csv,customers
CUST00002790,Casey Smith 2790,Small Business,Birmingham,Southeast,05/19/2021,C,1,Y,2026-09-11T04:28:49.990377+00:00,data/raw/master/customers.csv,customers
CUST00002791,Casey Brown 2791,Government,Buffalo,Northeast,05/08/2019,a,Y,N,2026-09-11T04:28:49.990377+00:00,data/raw/master/customers.csv,customers
CUST00002792,Jordan Patel 2792,consumer ,Austin,Southwest,2024-07-14,A,Yes,Y,2026-09-11T04:28:49.990377+00:00,data/raw/master/customers.csv,customers
CUST00002793,Casey Kim 2793,consumer ,Buffalo,Northeast,06/04/2022,A,Y,True,2026-09-11T04:28:49.990377+00:00,data/raw/master/customers.csv,customers
CUST00002794,Casey Garcia 2794,Enterprise,Denver,West,01/09/2019,D,N,Y,2026-09-11T04:28:49.990377+00:00,data/raw/master/customers.csv,customers
CUST00002795,Casey Smith 2795,Consumer,Detroit,Midwest,07/07/2018,a,No,Y,2026-09-11T04:28:49.990377+00:00,data/raw/master/customers.csv,customers
CUST00002796,Morgan Garcia 2796,consumer ,Portland,West,10/04/2020,D,1,N,2026-09-11T04:28:49.990377+00:00,data/raw/master/customers.csv,customers
CUST00002797,Riley Garcia 2797,Consumer,Detroit,Midwest,01/24/2022,D,No,N,2026-09-11T04:28:49.990377+00:00,data/raw/master/customers.csv,customers
CUST00002798,Morgan Garcia 2798,Small Business,Buffalo,Northeast,01/23/2025,C,No,Y,2026-09-11T04:28:49.990377+00:00,data/raw/master/customers.csv,customers
CUST00002799,Casey Brown 2799,Small Business,Dallas,Southwest,2025-05-05,D,Yes,True,2026-09-11T04:28:49.990377+00:00,data/raw/master/customers.csv,customers
CUST00002800,Morgan Brown 2800,Government,Atlanta,Southeast,2021-04-14,D,1,Y,2026-09-11T04:28:49.990377+00:00,data/raw/master/customers.csv,customers
CUST00002801,Morgan Lee 2801,Consumer,Atlanta,Southeast,03/21/2022,C,N,Y,2026-09-11T04:28:49.990377+00:00,data/raw/master/customers.csv,customers
CUST00002802,Morgan Kim 2802,Consumer,Jacksonville,Southeast,2025-05-25,a,Yes,Y,2026-09-11T04:28:49.990377+00:00,data/raw/master/customers.csv,customers
CUST00002803,Jordan Garcia 2803,consumer ,Phoenix,Southwest,06/13/2024,B,0,Y,2026-09-11T04:28:49.990377+00:00,data/raw/master/customers.csv,customers
CUST00002804,Taylor Smith 2804,Enterprise,Atlanta,Southeast,2024-10-24,A,No,Y,2026-09-11T04:28:49.990377+00:00,data/raw/master/customers.csv,customers
CUST00002805,Alex Garcia 2805,Enterprise,Jacksonville,Southeast,11/21/2020,A,No,Y,2026-09-11T04:28:49.990377+00:00,data/raw/master/customers.csv,customers
CUST00002806,Morgan Garcia 2806,Small Business,Portland,West,01/13/2024,D,0,Y,2026-09-11T04:28:49.990377+00:00,data/raw/master/customers.csv,customers
CUST00002807,Casey Brown 2807,Small Business,Birmingham,Southeast,2021-10-13,B,1,True,2026-09-11T04:28:49.990377+00:00,data/raw/master/customers.csv,customers
CUST00002808,Riley Lee 2808,Small Business,Columbus,Midwest,10/29/2019,a,Yes,True,2026-09-11T04:28:49.990377+00:00,data/raw/master/customers.csv,customers
CUST00002809,Morgan Patel 2809,Consumer,Albany,Northeast,2021-12-17,a,0,N,2026-09-11T04:28:49.990377+00:00,data/raw/master/customers.csv,customers
CUST00002810,Taylor Garcia 2810,Consumer,Indianapolis,Midwest,2018-08-21,a,1,Y,2026-09-11T04:28:49.990377+00:00,data/raw/master/customers.csv,customers
CUST00002811,Taylor Patel 2811,Enterprise,Phoenix,Southwest,03/04/2024,a,0,Y,2026-09-11T04:28:49.990377+00:00,data/raw/master/customers.csv,customers
CUST00002812,Morgan Lee 2812,consumer ,Albuquerque,Southwest,2018-03-07,B,N,True,2026-09-11T04:28:49.990377+00:00,data/raw/master/customers.csv,customers
CUST00002813,Jordan Brown 2813,Enterprise,Atlanta,Southeast,09/26/2024,B,Y,True,2026-09-11T04:28:49.990377+00:00,data/raw/master/customers.csv,customers
CUST00002814,Alex Lee 2814,consumer ,Albuquerque,Southwest,01/17/2024,a,Yes,N,2026-09-11T04:28:49.990377+00:00,data/raw/master/customers.csv,customers
CUST00002815,Jordan Garcia 2815,Small Business,Austin,Southwest,2023-01-30,D,0,N,2026-09-11T04:28:49.990377+00:00,data/raw/master/customers.csv,customers
CUST00002816,Taylor Patel 2816,consumer ,Atlanta,Southeast,2018-01-25,C,1,Y,2026-09-11T04:28:49.990377+00:00,data/raw/master/customers.csv,customers
CUST00002817,Morgan Brown 2817,Government,Birmingham,Southeast,2020-06-15,B,N,Y,2026-09-11T04:28:49.990377+00:00,data/raw/master/customers.csv,customers
CUST00002818,Riley Patel 2818,consumer ,Phoenix,Southwest,07/28/2018,C,Y,True,2026-09-11T04:28:49.990377+00:00,data/raw/master/customers.csv,customers
CUST00002819,Riley Smith 2819,Government,Denver,West,10/23/2020,C,Y,N,2026-09-11T04:28:49.990377+00:00,data/raw/master/customers.csv,customers
CUST00002820,Riley Patel 2820,consumer ,Buffalo,Northeast,06/18/2020,B,No,Y,2026-09-11T04:28:49.990377+00:00,data/raw/master/customers.csv,customers
CUST00002821,Riley Smith 2821,Small Business,Philadelphia,Northeast,2025-05-03,A,N,Y,2026-09-11T04:28:49.990377+00:00,data/raw/master/customers.csv,customers
CUST00002822,Morgan Brown 2822,Government,Austin,Southwest,2021-11-23,B,1,Y,2026-09-11T04:28:49.990377+00:00,data/raw/master/customers.csv,customers
CUST00002823,Casey Lee 2823,Small Business,Denver,West,01/23/2023,C,Yes,N,2026-09-11T04:28:49.990377+00:00,data/raw/master/customers.csv,customers
CUST00002824,Alex Garcia 2824,Government,Denver,West,08/18/2024,D,0,Y,2026-09-11T04:28:49.990377+00:00,data/raw/master/customers.csv,customers
CUST00002825,Alex Smith 2825,Government,Buffalo,Northeast,10/11/2024,A,N,Y,2026-09-11T04:28:49.990377+00:00,data/raw/master/customers.csv,customers
CUST00002826,Riley Smith 2826,Consumer,Columbus,Midwest,2022-07-17,B,1,N,2026-09-11T04:28:49.990377+00:00,data/raw/master/customers.csv,customers
CUST00002827,Taylor Patel 2827,consumer ,Nashville,Southeast,11/25/2023,A,1,Y,2026-09-11T04:28:49.990377+00:00,data/raw/master/customers.csv,customers
CUST00002828,Riley Garcia 2828,Small Business,Nashville,Southeast,02/05/2023,a,Y,True,2026-09-11T04:28:49.990377+00:00,data/raw/master/customers.csv,customers
CUST00002829,Alex Lee 2829,consumer ,Albuquerque,Southwest,01/09/2021,D,Y,N,2026-09-11T04:28:49.990377+00:00,data/raw/master/customers.csv,customers
CUST00002830,Morgan Kim 2830,Small Business,Portland,West,01/28/2026,D,1,Y,2026-09-11T04:28:49.990377+00:00,data/raw/master/customers.csv,customers
CUST00002831,Morgan Lee 2831,Small Business,Jacksonville,Southeast,06/02/2024,a,Yes,Y,2026-09-11T04:28:49.990377+00:00,data/raw/master/customers.csv,customers
CUST00002832,Jordan Patel 2832,Small Business,Dallas,Southwest,02/18/2020,D,N,Y,2026-09-11T04:28:49.990377+00:00,data/raw/master/customers.csv,customers
CUST00002833,Riley Patel 2833,Government,Dallas,Southwest,08/07/2021,A,No,Y,2026-09-11T04:28:49.990377+00:00,data/raw/master/customers.csv,customers
CUST00002834,Taylor Garcia 2834,consumer ,Albany,Northeast,2024-07-08,A,Yes,N,2026-09-11T04:28:49.990377+00:00,data/raw/master/customers.csv,customers
CUST00002835,Riley Kim 2835,Enterprise,Phoenix,Southwest,2025-01-15,A,Y,N,2026-09-11T04:28:49.990377+00:00,data/raw/master/customers.csv,customers
CUST00002836,Casey Garcia 2836,consumer ,Columbus,Midwest,2018-10-01,a,Y,N,2026-09-11T04:28:49.990377+00:00,data/raw/master/customers.csv,customers
CUST00002837,Jordan Lee 2837,Small Business,Portland,West,12/23/2021,a,Yes,Y,2026-09-11T04:28:49.990377+00:00,data/raw/master/customers.csv,customers
CUST00002838,Jordan Lee 2838,Small Business,Philadelphia,Northeast,06/05/2019,B,Yes,Y,2026-09-11T04:28:49.990377+00:00,data/raw/master/customers.csv,customers
CUST00002839,Jordan Lee 2839,Government,Columbus,Midwest,11/22/2019,B,1,Y,2026-09-11T04:28:49.990377+00:00,data/raw/master/customers.csv,customers
CUST00002840,Riley Brown 2840,Enterprise,Atlanta,Southeast,2021-07-22,C,No,Y,2026-09-11T04:28:49.990377+00:00,data/raw/master/customers.csv,customers
CUST00002841,Morgan Kim 2841,consumer ,Albany,Northeast,2018-09-24,D,Yes,Y,2026-09-11T04:28:49.990377+00:00,data/raw/master/customers.csv,customers
CUST00002842,Riley Kim 2842,Consumer,Detroit,Midwest,03/02/2021,C,No,Y,2026-09-11T04:28:49.990377+00:00,data/raw/master/customers.csv,customers
CUST00002843,Riley Garcia 2843,Consumer,Boston,Northeast,04/02/2019,D,1,Y,2026-09-11T04:28:49.990377+00:00,data/raw/master/customers.csv,customers
CUST00002844,Alex Kim 2844,Government,Albany,Northeast,2025-06-19,B,N,Y,2026-09-11T04:28:49.990377+00:00,data/raw/master/customers.csv,customers
CUST00002845,Alex Patel 2845,Government,Austin,Southwest,05/21/2022,A,1,Y,2026-09-11T04:28:49.990377+00:00,data/raw/master/customers.csv,customers
CUST00002846,Riley Garcia 2846,Small Business,San Diego,West,03/14/2020,D,1,True,2026-09-11T04:28:49.990377+00:00,data/raw/master/customers.csv,customers
CUST00002847,Casey Brown 2847,Consumer,Birmingham,Southeast,2019-11-03,a,N,Y,2026-09-11T04:28:49.990377+00:00,data/raw/master/customers.csv,customers
CUST00002848,Morgan Brown 2848,Consumer,Chicago,Midwest,11/26/2024,C,1,Y,2026-09-11T04:28:49.990377+00:00,data/raw/master/customers.csv,customers
CUST00002849,Alex Smith 2849,Small Business,Indianapolis,Midwest,2022-06-07,C,Yes,Y,2026-09-11T04:28:49.990377+00:00,data/raw/master/customers.csv,customers
CUST00002850,Casey Kim 2850,consumer ,Chicago,Midwest,10/26/2019,a,No,N,2026-09-11T04:28:49.990377+00:00,data/raw/master/customers.csv,customers
CUST00002851,Alex Lee 2851,Consumer,Columbus,Midwest,03/25/2023,D,Y,True,2026-09-11T04:28:49.990377+00:00,data/raw/master/customers.csv,customers
CUST00002852,Morgan Smith 2852,Enterprise,Jacksonville,Southeast,07/17/2021,C,0,N,2026-09-11T04:28:49.990377+00:00,data/raw/master/customers.csv,customers
CUST00002853,Riley Brown 2853,Consumer,Seattle,West,2025-12-05,a,No,Y,2026-09-11T04:28:49.990377+00:00,data/raw/master/customers.csv,customers
CUST00002854,Morgan Kim 2854,Enterprise,Columbus,Midwest,2021-12-20,a,Y,Y,2026-09-11T04:28:49.990377+00:00,data/raw/master/customers.csv,customers
CUST00002855,Casey Brown 2855,consumer ,Detroit,Midwest,08/21/2025,C,1,Y,2026-09-11T04:28:49.990377+00:00,data/raw/master/customers.csv,customers
CUST00002856,Riley Smith 2856,Government,Nashville,Southeast,2023-10-03,C,0,N,2026-09-11T04:28:49.990377+00:00,data/raw/master/customers.csv,customers
CUST00002857,Morgan Garcia 2857,Enterprise,San Diego,West,05/17/2023,A,1,Y,2026-09-11T04:28:49.990377+00:00,data/raw/master/customers.csv,customers
CUST00002858,Casey Lee 2858,Enterprise,Albany,Northeast,03/31/2021,B,Y,True,2026-09-11T04:28:49.990377+00:00,data/raw/master/customers.csv,customers
CUST00002859,Taylor Patel 2859,Consumer,Boston,Northeast,01/29/2019,B,Y,True,2026-09-11T04:28:49.990377+00:00,data/raw/master/customers.csv,customers
CUST00002860,Taylor Patel 2860,Consumer,Detroit,Midwest,2022-11-09,B,N,Y,2026-09-11T04:28:49.990377+00:00,data/raw/master/customers.csv,customers
CUST00002861,Alex Patel 2861,Small Business,Denver,West,05/02/2020,B,Y,Y,2026-09-11T04:28:49.990377+00:00,data/raw/master/customers.csv,customers
CUST00002862,Riley Patel 2862,Enterprise,San Diego,West,2020-01-17,C,1,Y,2026-09-11T04:28:49.990377+00:00,data/raw/master/customers.csv,customers
CUST00002863,Riley Garcia 2863,Consumer,Nashville,Southeast,04/29/2026,D,Y,True,2026-09-11T04:28:49.990377+00:00,data/raw/master/customers.csv,customers
CUST00002864,Riley Smith 2864,Enterprise,Phoenix,Southwest,2024-08-21,a,0,Y,2026-09-11T04:28:49.990377+00:00,data/raw/master/customers.csv,customers
CUST00002865,Riley Kim 2865,consumer ,Dallas,Southwest,2025-10-12,B,No,Y,2026-09-11T04:28:49.990377+00:00,data/raw/master/customers.csv,customers
CUST00002866,Jordan Kim 2866,consumer ,San Diego,West,2024-11-21,B,0,Y,2026-09-11T04:28:49.990377+00:00,data/raw/master/customers.csv,customers
CUST00002867,Taylor Smith 2867,Enterprise,Birmingham,Southeast,2022-12-18,A,0,Y,2026-09-11T04:28:49.990377+00:00,data/raw/master/customers.csv,customers
CUST00002868,Casey Brown 2868,Enterprise,Dallas,Southwest,04/24/2023,B,0,Y,2026-09-11T04:28:49.990377+00:00,data/raw/master/customers.csv,customers
CUST00002869,Taylor Smith 2869,Government,Chicago,Midwest,2022-05-08,C,No,N,2026-09-11T04:28:49.990377+00:00,data/raw/master/customers.csv,customers
CUST00002870,Alex Patel 2870,Government,Birmingham,Southeast,2020-05-04,A,1,Y,2026-09-11T04:28:49.990377+00:00,data/raw/master/customers.csv,customers
CUST00002871,Riley Patel 2871,consumer ,Albany,Northeast,2020-06-25,A,N,Y,2026-09-11T04:28:49.990377+00:00,data/raw/master/customers.csv,customers
CUST00002872,Riley Brown 2872,Consumer,Indianapolis,Midwest,2024-12-27,a,1,Y,2026-09-11T04:28:49.990377+00:00,data/raw/master/customers.csv,customers
CUST00002873,Taylor Smith 2873,Consumer,Boston,Northeast,04/21/2026,C,No,True,2026-09-11T04:28:49.990377+00:00,data/raw/master/customers.csv,customers
CUST00002874,Casey Kim 2874,Enterprise,Denver,West,2019-04-05,B,1,True,2026-09-11T04:28:49.990377+00:00,data/raw/master/customers.csv,customers
CUST00002875,Casey Kim 2875,Enterprise,Phoenix,Southwest,06/11/2025,B,0,Y,2026-09-11T04:28:49.990377+00:00,data/raw/master/customers.csv,customers
CUST00002876,Casey Garcia 2876,Enterprise,Nashville,Southeast,01/08/2024,A,No,N,2026-09-11T04:28:49.990377+00:00,data/raw/master/customers.csv,customers
CUST00002877,Alex Brown 2877,consumer ,Birmingham,Southeast,04/03/2026,C,No,True,2026-09-11T04:28:49.990377+00:00,data/raw/master/customers.csv,customers
CUST00002878,Taylor Garcia 2878,Government,Nashville,Southeast,2022-06-11,a,1,N,2026-09-11T04:28:49.990377+00:00,data/raw/master/customers.csv,customers
CUST00002879,Riley Patel 2879,Government,Detroit,Midwest,03/31/2023,B,0,N,2026-09-11T04:28:49.990377+00:00,data/raw/master/customers.csv,customers
CUST00002880,Taylor Kim 2880,Enterprise,Phoenix,Southwest,03/19/2019,a,Y,N,2026-09-11T04:28:49.990377+00:00,data/raw/master/customers.csv,customers
CUST00002881,Morgan Lee 2881,Consumer,Denver,West,2026-01-24,B,Yes,Y,2026-09-11T04:28:49.990377+00:00,data/raw/master/customers.csv,customers
CUST00002882,Riley Kim 2882,Consumer,Jacksonville,Southeast,2025-10-11,a,Y,True,2026-09-11T04:28:49.990377+00:00,data/raw/master/customers.csv,customers
CUST00002883,Alex Kim 2883,Enterprise,Columbus,Midwest,01/23/2024,B,N,Y,2026-09-11T04:28:49.990377+00:00,data/raw/master/customers.csv,customers
CUST00002884,Riley Kim 2884,Small Business,Chicago,Midwest,2022-10-30,D,0,Y,2026-09-11T04:28:49.990377+00:00,data/raw/master/customers.csv,customers
CUST00002885,Taylor Brown 2885,Government,Austin,Southwest,12/23/2024,D,N,True,2026-09-11T04:28:49.990377+00:00,data/raw/master/customers.csv,customers
CUST00002886,Taylor Brown 2886,Enterprise,Columbus,Midwest,03/03/2021,a,1,True,2026-09-11T04:28:49.990377+00:00,data/raw/master/customers.csv,customers
CUST00002887,Casey Patel 2887,consumer ,Phoenix,Southwest,2020-09-25,C,0,Y,2026-09-11T04:28:49.990377+00:00,data/raw/master/customers.csv,customers
CUST00002888,Riley Patel 2888,Enterprise,Birmingham,Southeast,06/05/2021,A,Yes,Y,2026-09-11T04:28:49.990377+00:00,data/raw/master/customers.csv,customers
CUST00002889,Jordan Kim 2889,Enterprise,Indianapolis,Midwest,2020-08-19,B,1,Y,2026-09-11T04:28:49.990377+00:00,data/raw/master/customers.csv,customers
CUST00002890,Morgan Garcia 2890,Small Business,Birmingham,Southeast,05/19/2023,D,No,N,2026-09-11T04:28:49.990377+00:00,data/raw/master/customers.csv,customers
CUST00002891,Alex Kim 2891,consumer ,Indianapolis,Midwest,2022-09-17,C,Y,N,2026-09-11T04:28:49.990377+00:00,data/raw/master/customers.csv,customers
CUST00002892,Taylor Patel 2892,Small Business,Jacksonville,Southeast,2022-04-18,D,N,True,2026-09-11T04:28:49.990377+00:00,data/raw/master/customers.csv,customers
CUST00002893,Taylor Brown 2893,consumer ,Jacksonville,Southeast,2023-07-11,C,1,Y,2026-09-11T04:28:49.990377+00:00,data/raw/master/customers.csv,customers
CUST00002894,Morgan Patel 2894,Enterprise,Albany,Northeast,2020-01-01,a,1,Y,2026-09-11T04:28:49.990377+00:00,data/raw/master/customers.csv,customers
CUST00002895,Alex Smith 2895,consumer ,Nashville,Southeast,2026-01-24,D,Yes,Y,2026-09-11T04:28:49.990377+00:00,data/raw/master/customers.csv,customers
CUST00002896,Riley Lee 2896,Enterprise,Indianapolis,Midwest,2019-07-16,A,1,True,2026-09-11T04:28:49.990377+00:00,data/raw/master/customers.csv,customers
CUST00002897,Morgan Garcia 2897,Consumer,Phoenix,Southwest,2020-02-08,A,No,True,2026-09-11T04:28:49.990377+00:00,data/raw/master/customers.csv,customers
CUST00002898,Casey Kim 2898,Government,Detroit,Midwest,02/14/2026,a,1,Y,2026-09-11T04:28:49.990377+00:00,data/raw/master/customers.csv,customers
CUST00002899,Taylor Kim 2899,consumer ,Birmingham,Southeast,03/30/2020,D,1,Y,2026-09-11T04:28:49.990377+00:00,data/raw/master/customers.csv,customers
CUST00002900,Jordan Garcia 2900,Small Business,Birmingham,Southeast,03/16/2018,B,Yes,Y,2026-09-11T04:28:49.990377+00:00,data/raw/master/customers.csv,customers
CUST00002901,Riley Brown 2901,Consumer,Nashville,Southeast,2024-10-07,C,N,N,2026-09-11T04:28:49.990377+00:00,data/raw/master/customers.csv,customers
CUST00002902,Taylor Brown 2902,Consumer,Austin,Southwest,01/04/2020,D,N,Y,2026-09-11T04:28:49.990377+00:00,data/raw/master/customers.csv,customers
CUST00002903,Alex Kim 2903,consumer ,Phoenix,Southwest,07/21/2025,D,0,Y,2026-09-11T04:28:49.990377+00:00,data/raw/master/customers.csv,customers
CUST00002904,Morgan Brown 2904,consumer ,Atlanta,Southeast,09/13/2024,D,Y,N,2026-09-11T04:28:49.990377+00:00,data/raw/master/customers.csv,customers
CUST00002905,Taylor Lee 2905,Small Business,Buffalo,Northeast,01/14/2021,a,0,Y,2026-09-11T04:28:49.990377+00:00,data/raw/master/customers.csv,customers
CUST00002906,Morgan Kim 2906,Enterprise,Birmingham,Southeast,2021-07-29,B,1,Y,2026-09-11T04:28:49.990377+00:00,data/raw/master/customers.csv,customers
CUST00002907,Taylor Garcia 2907,Enterprise,Indianapolis,Midwest,2024-08-25,A,0,Y,2026-09-11T04:28:49.990377+00:00,data/raw/master/customers.csv,customers
CUST00002908,Morgan Garcia 2908,Government,Philadelphia,Northeast,06/18/2024,B,Y,Y,2026-09-11T04:28:49.990377+00:00,data/raw/master/customers.csv,customers
CUST00002909,Riley Garcia 2909,Small Business,Seattle,West,07/13/2021,a,Yes,Y,2026-09-11T04:28:49.990377+00:00,data/raw/master/customers.csv,customers
CUST00002910,Alex Lee 2910,consumer ,Albany,Northeast,03/17/2019,a,Yes,N,2026-09-11T04:28:49.990377+00:00,data/raw/master/customers.csv,customers
CUST00002911,Casey Smith 2911,Small Business,Detroit,Midwest,2026-02-03,A,Yes,N,2026-09-11T04:28:49.990377+00:00,data/raw/master/customers.csv,customers
CUST00002912,Morgan Garcia 2912,Consumer,Philadelphia,Northeast,10/29/2022,C,N,True,2026-09-11T04:28:49.990377+00:00,data/raw/master/customers.csv,customers
CUST00002913,Jordan Garcia 2913,Consumer,San Diego,West,03/15/2026,D,Yes,Y,2026-09-11T04:28:49.990377+00:00,data/raw/master/customers.csv,customers
CUST00002914,Morgan Lee 2914,consumer ,Austin,Southwest,2025-05-31,C,Yes,Y,2026-09-11T04:28:49.990377+00:00,data/raw/master/customers.csv,customers
CUST00002915,Riley Patel 2915,Consumer,Columbus,Midwest,03/05/2023,D,No,Y,2026-09-11T04:28:49.990377+00:00,data/raw/master/customers.csv,customers
CUST00002916,Taylor Patel 2916,Consumer,Detroit,Midwest,2022-09-11,B,0,Y,2026-09-11T04:28:49.990377+00:00,data/raw/master/customers.csv,customers
CUST00002917,Taylor Garcia 2917,consumer ,Philadelphia,Northeast,2021-11-05,D,0,Y,2026-09-11T04:28:49.990377+00:00,data/raw/master/customers.csv,customers
CUST00002918,Morgan Lee 2918,Government,Buffalo,Northeast,2022-01-16,B,1,True,2026-09-11T04:28:49.990377+00:00,data/raw/master/customers.csv,customers
CUST00002919,Taylor Garcia 2919,Enterprise,Buffalo,Northeast,2023-08-23,C,Y,N,2026-09-11T04:28:49.990377+00:00,data/raw/master/customers.csv,customers
CUST00002920,Alex Garcia 2920,Enterprise,Boston,Northeast,11/29/2025,B,N,Y,2026-09-11T04:28:49.990377+00:00,data/raw/master/customers.csv,customers
CUST00002921,Alex Smith 2921,Consumer,Albany,Northeast,09/08/2018,C,N,True,2026-09-11T04:28:49.990377+00:00,data/raw/master/customers.csv,customers
CUST00002922,Taylor Smith 2922,Consumer,Atlanta,Southeast,07/28/2025,C,1,N,2026-09-11T04:28:49.990377+00:00,data/raw/master/customers.csv,customers
CUST00002923,Casey Lee 2923,consumer ,Chicago,Midwest,2026-03-31,a,1,Y,2026-09-11T04:28:49.990377+00:00,data/raw/master/customers.csv,customers
CUST00002924,Alex Brown 2924,Enterprise,Seattle,West,06/27/2022,B,No,Y,2026-09-11T04:28:49.990377+00:00,data/raw/master/customers.csv,customers
CUST00002925,Morgan Smith 2925,Consumer,Portland,West,03/04/2018,A,Yes,True,2026-09-11T04:28:49.990377+00:00,data/raw/master/customers.csv,customers
CUST00002926,Casey Lee 2926,consumer ,Jacksonville,Southeast,2022-03-09,C,No,N,2026-09-11T04:28:49.990377+00:00,data/raw/master/customers.csv,customers
CUST00002927,Riley Garcia 2927,Enterprise,Chicago,Midwest,10/18/2025,B,No,N,2026-09-11T04:28:49.990377+00:00,data/raw/master/customers.csv,customers
CUST00002928,Morgan Kim 2928,Enterprise,Boston,Northeast,2018-08-30,a,No,Y,2026-09-11T04:28:49.990377+00:00,data/raw/master/customers.csv,customers
CUST00002929,Jordan Lee 2929,Consumer,Albany,Northeast,11/12/2020,D,1,Y,2026-09-11T04:28:49.990377+00:00,data/raw/master/customers.csv,customers
CUST00002930,Riley Smith 2930,Consumer,Detroit,Midwest,12/05/2023,C,N,Y,2026-09-11T04:28:49.990377+00:00,data/raw/master/customers.csv,customers
CUST00002931,Taylor Lee 2931,Small Business,Phoenix,Southwest,2020-05-22,D,N,Y,2026-09-11T04:28:49.990377+00:00,data/raw/master/customers.csv,customers
CUST00002932,Taylor Brown 2932,Enterprise,San Diego,West,2023-11-24,A,Yes,Y,2026-09-11T04:28:49.990377+00:00,data/raw/master/customers.csv,customers
CUST00002933,Morgan Brown 2933,Small Business,Indianapolis,Midwest,2022-05-17,a,Yes,Y,2026-09-11T04:28:49.990377+00:00,data/raw/master/customers.csv,customers
CUST00002934,Taylor Brown 2934,consumer ,Boston,Northeast,2023-04-16,C,0,True,2026-09-11T04:28:49.990377+00:00,data/raw/master/customers.csv,customers
CUST00002935,Taylor Brown 2935,Enterprise,Nashville,Southeast,07/31/2025,C,1,True,2026-09-11T04:28:49.990377+00:00,data/raw/master/customers.csv,customers
CUST00002936,Alex Lee 2936,consumer ,Phoenix,Southwest,2023-12-05,D,Y,Y,2026-09-11T04:28:49.990377+00:00,data/raw/master/customers.csv,customers
CUST00002937,Riley Patel 2937,Enterprise,Albany,Northeast,2019-05-15,A,Yes,True,2026-09-11T04:28:49.990377+00:00,data/raw/master/customers.csv,customers
CUST00002938,Riley Brown 2938,Enterprise,Portland,West,09/29/2025,B,Y,True,2026-09-11T04:28:49.990377+00:00,data/raw/master/customers.csv,customers
CUST00002939,Riley Patel 2939,Government,Columbus,Midwest,2025-05-16,a,1,Y,2026-09-11T04:28:49.990377+00:00,data/raw/master/customers.csv,customers
CUST00002940,Taylor Garcia 2940,Small Business,Seattle,West,01/04/2025,a,No,Y,2026-09-11T04:28:49.990377+00:00,data/raw/master/customers.csv,customers
CUST00002941,Riley Smith 2941,Government,Buffalo,Northeast,07/10/2021,C,0,Y,2026-09-11T04:28:49.990377+00:00,data/raw/master/customers.csv,customers
CUST00002942,Casey Garcia 2942,Small Business,San Diego,West,04/18/2018,a,1,True,2026-09-11T04:28:49.990377+00:00,data/raw/master/customers.csv,customers
CUST00002943,Jordan Patel 2943,Government,Jacksonville,Southeast,2023-06-03,a,1,Y,2026-09-11T04:28:49.990377+00:00,data/raw/master/customers.csv,customers
CUST00002944,Morgan Kim 2944,Government,Detroit,Midwest,11/19/2023,C,Y,True,2026-09-11T04:28:49.990377+00:00,data/raw/master/customers.csv,customers
CUST00002945,Taylor Kim 2945,Enterprise,Austin,Southwest,01/19/2024,A,Y,Y,2026-09-11T04:28:49.990377+00:00,data/raw/master/customers.csv,customers
CUST00002946,Riley Kim 2946,consumer ,Birmingham,Southeast,2018-09-17,D,1,Y,2026-09-11T04:28:49.990377+00:00,data/raw/master/customers.csv,customers
CUST00002947,Jordan Lee 2947,Government,Denver,West,2020-05-23,C,N,Y,2026-09-11T04:28:49.990377+00:00,data/raw/master/customers.csv,customers
CUST00002948,Casey Kim 2948,Consumer,Detroit,Midwest,06/12/2018,D,Y,Y,2026-09-11T04:28:49.990377+00:00,data/raw/master/customers.csv,customers
CUST00002949,Taylor Brown 2949,Small Business,Birmingham,Southeast,03/07/2023,B,Y,Y,2026-09-11T04:28:49.990377+00:00,data/raw/master/customers.csv,customers
CUST00002950,Taylor Smith 2950,consumer ,Dallas,Southwest,2025-11-21,A,Yes,Y,2026-09-11T04:28:49.990377+00:00,data/raw/master/customers.csv,customers
CUST00002951,Casey Patel 2951,Government,Buffalo,Northeast,09/06/2019,D,1,Y,2026-09-11T04:28:49.990377+00:00,data/raw/master/customers.csv,customers
CUST00002952,Riley Brown 2952,Enterprise,Atlanta,Southeast,02/18/2021,B,1,N,2026-09-11T04:28:49.990377+00:00,data/raw/master/customers.csv,customers
CUST00002953,Jordan Brown 2953,Enterprise,Nashville,Southeast,05/10/2023,A,N,Y,2026-09-11T04:28:49.990377+00:00,data/raw/master/customers.csv,customers
CUST00002954,Casey Patel 2954,Government,Nashville,Southeast,06/16/2021,C,0,Y,2026-09-11T04:28:49.990377+00:00,data/raw/master/customers.csv,customers
CUST00002955,Alex Patel 2955,Enterprise,Jacksonville,Southeast,03/16/2026,A,0,True,2026-09-11T04:28:49.990377+00:00,data/raw/master/customers.csv,customers
CUST00002956,Alex Smith 2956,consumer ,Indianapolis,Midwest,11/30/2021,C,Y,True,2026-09-11T04:28:49.990377+00:00,data/raw/master/customers.csv,customers
CUST00002957,Alex Garcia 2957,Consumer,Chicago,Midwest,11/10/2019,B,N,True,2026-09-11T04:28:49.990377+00:00,data/raw/master/customers.csv,customers
CUST00002958,Taylor Kim 2958,consumer ,Phoenix,Southwest,03/22/2024,D,No,N,2026-09-11T04:28:49.990377+00:00,data/raw/master/customers.csv,customers
CUST00002959,Alex Brown 2959,Enterprise,Austin,Southwest,08/18/2022,a,0,Y,2026-09-11T04:28:49.990377+00:00,data/raw/master/customers.csv,customers
CUST00002960,Casey Kim 2960,Government,Atlanta,Southeast,05/13/2018,a,Yes,True,2026-09-11T04:28:49.990377+00:00,data/raw/master/customers.csv,customers
CUST00002961,Jordan Patel 2961,Consumer,Indianapolis,Midwest,05/05/2020,a,Y,N,2026-09-11T04:28:49.990377+00:00,data/raw/master/customers.csv,customers
CUST00002962,Morgan Patel 2962,consumer ,Birmingham,Southeast,11/10/2024,A,1,Y,2026-09-11T04:28:49.990377+00:00,data/raw/master/customers.csv,customers
CUST00002963,Riley Lee 2963,Government,Buffalo,Northeast,2025-11-21,D,1,Y,2026-09-11T04:28:49.990377+00:00,data/raw/master/customers.csv,customers
CUST00002964,Casey Patel 2964,consumer ,Albany,Northeast,2024-02-08,C,Y,Y,2026-09-11T04:28:49.990377+00:00,data/raw/master/customers.csv,customers
CUST00002965,Morgan Brown 2965,Enterprise,Dallas,Southwest,02/14/2018,C,Yes,N,2026-09-11T04:28:49.990377+00:00,data/raw/master/customers.csv,customers
CUST00002966,Casey Kim 2966,Small Business,Chicago,Midwest,2022-09-27,C,Yes,Y,2026-09-11T04:28:49.990377+00:00,data/raw/master/customers.csv,customers
CUST00002967,Morgan Garcia 2967,Small Business,Nashville,Southeast,2021-08-31,a,1,Y,2026-09-11T04:28:49.990377+00:00,data/raw/master/customers.csv,customers
CUST00002968,Morgan Lee 2968,Government,Denver,West,02/06/2026,a,No,Y,2026-09-11T04:28:49.990377+00:00,data/raw/master/customers.csv,customers
CUST00002969,Casey Kim 2969,Government,Phoenix,Southwest,08/07/2020,C,1,N,2026-09-11T04:28:49.990377+00:00,data/raw/master/customers.csv,customers
CUST00002970,Alex Brown 2970,Enterprise,Birmingham,Southeast,02/27/2019,D,0,Y,2026-09-11T04:28:49.990377+00:00,data/raw/master/customers.csv,customers
CUST00002971,Alex Kim 2971,Consumer,Albuquerque,Southwest,2018-04-18,C,Yes,Y,2026-09-11T04:28:49.990377+00:00,data/raw/master/customers.csv,customers
CUST00002972,Jordan Lee 2972,Enterprise,Albany,Northeast,2026-04-29,B,1,N,2026-09-11T04:28:49.990377+00:00,data/raw/master/customers.csv,customers
CUST00002973,Riley Brown 2973,Enterprise,San Diego,West,08/23/2025,A,Yes,Y,2026-09-11T04:28:49.990377+00:00,data/raw/master/customers.csv,customers
CUST00002974,Riley Garcia 2974,Enterprise,Phoenix,Southwest,2018-11-25,a,Y,Y,2026-09-11T04:28:49.990377+00:00,data/raw/master/customers.csv,customers
CUST00002975,Jordan Patel 2975,consumer ,Indianapolis,Midwest,11/27/2025,B,N,True,2026-09-11T04:28:49.990377+00:00,data/raw/master/customers.csv,customers
CUST00002976,Riley Brown 2976,consumer ,Jacksonville,Southeast,2020-04-22,B,N,Y,2026-09-11T04:28:49.990377+00:00,data/raw/master/customers.csv,customers
CUST00002977,Morgan Garcia 2977,consumer ,Birmingham,Southeast,2020-05-27,D,N,Y,2026-09-11T04:28:49.990377+00:00,data/raw/master/customers.csv,customers
CUST00002978,Jordan Patel 2978,Enterprise,Seattle,West,2022-05-05,C,No,True,2026-09-11T04:28:49.990377+00:00,data/raw/master/customers.csv,customers
CUST00002979,Alex Smith 2979,Small Business,Atlanta,Southeast,2022-12-27,A,No,True,2026-09-11T04:28:49.990377+00:00,data/raw/master/customers.csv,customers
CUST00002980,Riley Smith 2980,Enterprise,Denver,West,04/03/2024,a,Yes,Y,2026-09-11T04:28:49.990377+00:00,data/raw/master/customers.csv,customers
CUST00002981,Alex Kim 2981,Government,Portland,West,2024-04-26,B,1,N,2026-09-11T04:28:49.990377+00:00,data/raw/master/customers.csv,customers
CUST00002982,Casey Patel 2982,Consumer,Albany,Northeast,2019-06-24,B,1,Y,2026-09-11T04:28:49.990377+00:00,data/raw/master/customers.csv,customers
CUST00002983,Taylor Garcia 2983,Enterprise,Portland,West,2025-12-12,C,N,N,2026-09-11T04:28:49.990377+00:00,data/raw/master/customers.csv,customers
CUST00002984,Taylor Patel 2984,Consumer,Albuquerque,Southwest,09/23/2019,C,N,Y,2026-09-11T04:28:49.990377+00:00,data/raw/master/customers.csv,customers
CUST00002985,Casey Kim 2985,Enterprise,Albuquerque,Southwest,06/26/2019,D,Y,N,2026-09-11T04:28:49.990377+00:00,data/raw/master/customers.csv,customers
CUST00002986,Taylor Smith 2986,Small Business,Indianapolis,Midwest,01/07/2020,B,No,Y,2026-09-11T04:28:49.990377+00:00,data/raw/master/customers.csv,customers
CUST00002987,Jordan Smith 2987,consumer ,Philadelphia,Northeast,2021-05-07,C,N,N,2026-09-11T04:28:49.990377+00:00,data/raw/master/customers.csv,customers
CUST00002988,Alex Patel 2988,Small Business,Philadelphia,Northeast,07/17/2021,B,Yes,N,2026-09-11T04:28:49.990377+00:00,data/raw/master/customers.csv,customers
CUST00002989,Casey Garcia 2989,Government,Portland,West,2025-02-19,C,Y,Y,2026-09-11T04:28:49.990377+00:00,data/raw/master/customers.csv,customers
CUST00002990,Alex Smith 2990,Enterprise,Nashville,Southeast,01/06/2023,C,0,Y,2026-09-11T04:28:49.990377+00:00,data/raw/master/customers.csv,customers
CUST00002991,Alex Lee 2991,Consumer,Boston,Northeast,2024-03-13,A,0,N,2026-09-11T04:28:49.990377+00:00,data/raw/master/customers.csv,customers
CUST00002992,Casey Garcia 2992,Enterprise,Nashville,Southeast,11/17/2024,D,No,Y,2026-09-11T04:28:49.990377+00:00,data/raw/master/customers.csv,customers
CUST00002993,Jordan Patel 2993,Enterprise,Detroit,Midwest,2023-09-18,C,N,N,2026-09-11T04:28:49.990377+00:00,data/raw/master/customers.csv,customers
CUST00002994,Morgan Brown 2994,Small Business,Denver,West,2020-06-10,D,0,Y,2026-09-11T04:28:49.990377+00:00,data/raw/master/customers.csv,customers
CUST00002995,Casey Lee 2995,Government,Seattle,West,06/30/2025,D,N,N,2026-09-11T04:28:49.990377+00:00,data/raw/master/customers.csv,customers
CUST00002996,Taylor Garcia 2996,Consumer,Columbus,Midwest,08/31/2018,B,N,Y,2026-09-11T04:28:49.990377+00:00,data/raw/master/customers.csv,customers
CUST00002997,Morgan Kim 2997,Enterprise,Chicago,Midwest,07/12/2018,B,Y,True,2026-09-11T04:28:49.990377+00:00,data/raw/master/customers.csv,customers
CUST00002998,Riley Brown 2998,consumer ,Albuquerque,Southwest,2023-01-19,D,Yes,True,2026-09-11T04:28:49.990377+00:00,data/raw/master/customers.csv,customers
CUST00002999,Morgan Patel 2999,Consumer,Albany,Northeast,2018-06-20,D,No,Y,2026-09-11T04:28:49.990377+00:00,data/raw/master/customers.csv,customers
CUST00003000,Morgan Lee 3000,Government,San Diego,West,2021-06-26,D,N,True,2026-09-11T04:28:49.990377+00:00,data/raw/master/customers.csv,customers
CUST00003001,Casey Brown 3001,Government,Dallas,Southwest,01/13/2021,C,1,Y,2026-09-11T04:28:49.990377+00:00,data/raw/master/customers.csv,customers
CUST00003002,Morgan Smith 3002,Enterprise,Chicago,Midwest,01/24/2020,C,Yes,Y,2026-09-11T04:28:49.990377+00:00,data/raw/master/customers.csv,customers
CUST00003003,Casey Brown 3003,Consumer,Columbus,Midwest,2019-02-14,C,No,Y,2026-09-11T04:28:49.990377+00:00,data/raw/master/customers.csv,customers
CUST00003004,Riley Garcia 3004,Enterprise,San Diego,West,03/29/2018,C,1,Y,2026-09-11T04:28:49.990377+00:00,data/raw/master/customers.csv,customers
CUST00003005,Casey Kim 3005,Consumer,Boston,Northeast,08/04/2025,C,1,Y,2026-09-11T04:28:49.990377+00:00,data/raw/master/customers.csv,customers
CUST00003006,Taylor Smith 3006,Consumer,Phoenix,Southwest,2024-04-30,A,No,Y,2026-09-11T04:28:49.990377+00:00,data/raw/master/customers.csv,customers
CUST00003007,Alex Garcia 3007,Consumer,Jacksonville,Southeast,2023-09-07,D,N,True,2026-09-11T04:28:49.990377+00:00,data/raw/master/customers.csv,customers
CUST00003008,Alex Lee 3008,consumer ,Portland,West,2025-04-01,D,Yes,Y,2026-09-11T04:28:49.990377+00:00,data/raw/master/customers.csv,customers
CUST00003009,Taylor Lee 3009,Government,Jacksonville,Southeast,2025-01-16,B,N,Y,2026-09-11T04:28:49.990377+00:00,data/raw/master/customers.csv,customers
CUST00003010,Taylor Kim 3010,Small Business,Indianapolis,Midwest,03/30/2023,D,Yes,True,2026-09-11T04:28:49.990377+00:00,data/raw/master/customers.csv,customers
CUST00003011,Morgan Patel 3011,Small Business,Jacksonville,Southeast,2020-06-06,C,Y,True,2026-09-11T04:28:49.990377+00:00,data/raw/master/customers.csv,customers
CUST00003012,Morgan Kim 3012,Small Business,Phoenix,Southwest,2024-06-30,D,Y,N,2026-09-11T04:28:49.990377+00:00,data/raw/master/customers.csv,customers
CUST00003013,Taylor Kim 3013,Government,Denver,West,2021-12-22,A,N,Y,2026-09-11T04:28:49.990377+00:00,data/raw/master/customers.csv,customers
CUST00003014,Riley Brown 3014,consumer ,Austin,Southwest,04/15/2023,B,0,N,2026-09-11T04:28:49.990377+00:00,data/raw/master/customers.csv,customers
CUST00003015,Taylor Garcia 3015,consumer ,Columbus,Midwest,08/10/2021,A,Yes,N,2026-09-11T04:28:49.990377+00:00,data/raw/master/customers.csv,customers
CUST00003016,Jordan Patel 3016,Small Business,Atlanta,Southeast,2025-04-26,B,No,Y,2026-09-11T04:28:49.990377+00:00,data/raw/master/customers.csv,customers
CUST00003017,Taylor Kim 3017,Consumer,Atlanta,Southeast,2024-03-21,C,No,Y,2026-09-11T04:28:49.990377+00:00,data/raw/master/customers.csv,customers
CUST00003018,Alex Brown 3018,Small Business,Jacksonville,Southeast,2019-06-11,A,Y,N,2026-09-11T04:28:49.990377+00:00,data/raw/master/customers.csv,customers
CUST00003019,Casey Brown 3019,consumer ,Detroit,Midwest,08/29/2025,A,Y,True,2026-09-11T04:28:49.990377+00:00,data/raw/master/customers.csv,customers
CUST00003020,Alex Smith 3020,Consumer,Jacksonville,Southeast,2019-04-17,a,No,Y,2026-09-11T04:28:49.990377+00:00,data/raw/master/customers.csv,customers
CUST00003021,Jordan Smith 3021,Enterprise,Dallas,Southwest,2022-01-03,B,N,N,2026-09-11T04:28:49.990377+00:00,data/raw/master/customers.csv,customers
CUST00003022,Alex Garcia 3022,Enterprise,Birmingham,Southeast,07/11/2018,a,No,Y,2026-09-11T04:28:49.990377+00:00,data/raw/master/customers.csv,customers
CUST00003023,Alex Patel 3023,consumer ,Albany,Northeast,10/06/2021,B,N,Y,2026-09-11T04:28:49.990377+00:00,data/raw/master/customers.csv,customers
CUST00003024,Morgan Kim 3024,Government,San Diego,West,2023-10-09,C,N,N,2026-09-11T04:28:49.990377+00:00,data/raw/master/customers.csv,customers
CUST00003025,Casey Smith 3025,Small Business,Buffalo,Northeast,04/01/2018,C,1,N,2026-09-11T04:28:49.990377+00:00,data/raw/master/customers.csv,customers
CUST00003026,Alex Kim 3026,Government,Chicago,Midwest,2025-07-27,B,No,N,2026-09-11T04:28:49.990377+00:00,data/raw/master/customers.csv,customers
CUST00003027,Alex Garcia 3027,Government,Detroit,Midwest,03/15/2018,B,Y,Y,2026-09-11T04:28:49.990377+00:00,data/raw/master/customers.csv,customers
CUST00003028,Taylor Brown 3028,Government,Chicago,Midwest,12/25/2023,B,0,Y,2026-09-11T04:28:49.990377+00:00,data/raw/master/customers.csv,customers
CUST00003029,Taylor Brown 3029,consumer ,Seattle,West,2020-01-29,A,No,N,2026-09-11T04:28:49.990377+00:00,data/raw/master/customers.csv,customers
CUST00003030,Morgan Kim 3030,Small Business,Denver,West,06/14/2020,a,1,True,2026-09-11T04:28:49.990377+00:00,data/raw/master/customers.csv,customers
CUST00003031,Taylor Smith 3031,Small Business,Portland,West,2024-06-25,C,N,Y,2026-09-11T04:28:49.990377+00:00,data/raw/master/customers.csv,customers
CUST00003032,Morgan Lee 3032,consumer ,Birmingham,Southeast,2020-01-25,A,Yes,Y,2026-09-11T04:28:49.990377+00:00,data/raw/master/customers.csv,customers
CUST00003033,Morgan Kim 3033,consumer ,Albany,Northeast,10/24/2025,A,No,Y,2026-09-11T04:28:49.990377+00:00,data/raw/master/customers.csv,customers
CUST00003034,Alex Kim 3034,Enterprise,Phoenix,Southwest,06/25/2020,D,No,Y,2026-09-11T04:28:49.990377+00:00,data/raw/master/customers.csv,customers
CUST00003035,Alex Garcia 3035,Government,Seattle,West,2025-03-27,D,N,Y,2026-09-11T04:28:49.990377+00:00,data/raw/master/customers.csv,customers
CUST00003036,Jordan Patel 3036,Consumer,Phoenix,Southwest,03/18/2026,B,0,True,2026-09-11T04:28:49.990377+00:00,data/raw/master/customers.csv,customers
CUST00003037,Riley Patel 3037,Consumer,Phoenix,Southwest,10/12/2025,a,1,N,2026-09-11T04:28:49.990377+00:00,data/raw/master/customers.csv,customers
CUST00003038,Riley Kim 3038,Enterprise,Seattle,West,01/16/2018,A,1,Y,2026-09-11T04:28:49.990377+00:00,data/raw/master/customers.csv,customers
CUST00003039,Taylor Smith 3039,consumer ,Chicago,Midwest,2025-04-03,C,1,N,2026-09-11T04:28:49.990377+00:00,data/raw/master/customers.csv,customers
CUST00003040,Jordan Garcia 3040,Small Business,Seattle,West,05/14/2025,B,N,Y,2026-09-11T04:28:49.990377+00:00,data/raw/master/customers.csv,customers
CUST00003041,Riley Brown 3041,Government,Chicago,Midwest,06/24/2023,B,Y,Y,2026-09-11T04:28:49.990377+00:00,data/raw/master/customers.csv,customers
CUST00003042,Jordan Kim 3042,Government,Dallas,Southwest,09/23/2025,a,0,True,2026-09-11T04:28:49.990377+00:00,data/raw/master/customers.csv,customers
CUST00003043,Jordan Smith 3043,consumer ,Albuquerque,Southwest,2018-06-15,D,Yes,Y,2026-09-11T04:28:49.990377+00:00,data/raw/master/customers.csv,customers
CUST00003044,Morgan Lee 3044,Small Business,Denver,West,03/31/2018,a,No,Y,2026-09-11T04:28:49.990377+00:00,data/raw/master/customers.csv,customers
CUST00003045,Taylor Patel 3045,Small Business,San Diego,West,11/24/2024,B,0,N,2026-09-11T04:28:49.990377+00:00,data/raw/master/customers.csv,customers
CUST00003046,Jordan Brown 3046,Enterprise,Boston,Northeast,11/21/2018,a,1,Y,2026-09-11T04:28:49.990377+00:00,data/raw/master/customers.csv,customers
CUST00003047,Alex Patel 3047,Consumer,Philadelphia,Northeast,09/23/2024,B,Yes,Y,2026-09-11T04:28:49.990377+00:00,data/raw/master/customers.csv,customers
CUST00003048,Morgan Lee 3048,Enterprise,Jacksonville,Southeast,2025-03-28,B,N,Y,2026-09-11T04:28:49.990377+00:00,data/raw/master/customers.csv,customers
CUST00003049,Jordan Lee 3049,Consumer,Indianapolis,Midwest,2024-05-05,D,Y,True,2026-09-11T04:28:49.990377+00:00,data/raw/master/customers.csv,customers
CUST00003050,Morgan Smith 3050,Consumer,Chicago,Midwest,02/12/2025,A,No,Y,2026-09-11T04:28:49.990377+00:00,data/raw/master/customers.csv,customers
CUST00003051,Riley Smith 3051,Small Business,Albany,Northeast,05/08/2018,a,N,Y,2026-09-11T04:28:49.990377+00:00,data/raw/master/customers.csv,customers
CUST00003052,Morgan Kim 3052,Small Business,Albuquerque,Southwest,2018-01-20,B,0,Y,2026-09-11T04:28:49.990377+00:00,data/raw/master/customers.csv,customers
CUST00003053,Morgan Kim 3053,Enterprise,Austin,Southwest,2026-03-12,a,1,N,2026-09-11T04:28:49.990377+00:00,data/raw/master/customers.csv,customers
CUST00003054,Casey Lee 3054,consumer ,Philadelphia,Northeast,2019-10-19,C,Yes,Y,2026-09-11T04:28:49.990377+00:00,data/raw/master/customers.csv,customers
CUST00003055,Jordan Kim 3055,Enterprise,Denver,West,2023-03-16,A,Y,N,2026-09-11T04:28:49.990377+00:00,data/raw/master/customers.csv,customers
CUST00003056,Morgan Kim 3056,Small Business,Albany,Northeast,01/19/2023,C,1,N,2026-09-11T04:28:49.990377+00:00,data/raw/master/customers.csv,customers
CUST00003057,Taylor Brown 3057,Government,Boston,Northeast,2020-11-16,a,Yes,N,2026-09-11T04:28:49.990377+00:00,data/raw/master/customers.csv,customers
CUST00003058,Jordan Kim 3058,Enterprise,Chicago,Midwest,09/11/2025,A,N,Y,2026-09-11T04:28:49.990377+00:00,data/raw/master/customers.csv,customers
CUST00003059,Jordan Garcia 3059,Consumer,Philadelphia,Northeast,2025-08-08,C,0,Y,2026-09-11T04:28:49.990377+00:00,data/raw/master/customers.csv,customers
CUST00003060,Jordan Kim 3060,consumer ,Boston,Northeast,2025-01-23,B,1,Y,2026-09-11T04:28:49.990377+00:00,data/raw/master/customers.csv,customers
CUST00003061,Taylor Patel 3061,Small Business,Indianapolis,Midwest,2018-01-26,a,Yes,Y,2026-09-11T04:28:49.990377+00:00,data/raw/master/customers.csv,customers
CUST00003062,Riley Garcia 3062,consumer ,Detroit,Midwest,04/24/2026,D,0,Y,2026-09-11T04:28:49.990377+00:00,data/raw/master/customers.csv,customers
CUST00003063,Taylor Brown 3063,Government,San Diego,West,08/13/2023,D,Yes,Y,2026-09-11T04:28:49.990377+00:00,data/raw/master/customers.csv,customers
CUST00003064,Jordan Garcia 3064,consumer ,Columbus,Midwest,2019-06-09,B,Yes,N,2026-09-11T04:28:49.990377+00:00,data/raw/master/customers.csv,customers
CUST00003065,Jordan Smith 3065,Consumer,Chicago,Midwest,04/19/2019,A,Y,Y,2026-09-11T04:28:49.990377+00:00,data/raw/master/customers.csv,customers
CUST00003066,Riley Smith 3066,Enterprise,Portland,West,2019-02-06,a,No,Y,2026-09-11T04:28:49.990377+00:00,data/raw/master/customers.csv,customers
CUST00003067,Casey Kim 3067,Small Business,Austin,Southwest,01/03/2026,B,1,Y,2026-09-11T04:28:49.990377+00:00,data/raw/master/customers.csv,customers
CUST00003068,Riley Patel 3068,Government,Philadelphia,Northeast,03/04/2024,B,1,N,2026-09-11T04:28:49.990377+00:00,data/raw/master/customers.csv,customers
CUST00003069,Alex Smith 3069,Enterprise,Jacksonville,Southeast,03/11/2021,D,Yes,N,2026-09-11T04:28:49.990377+00:00,data/raw/master/customers.csv,customers
CUST00003070,Jordan Patel 3070,consumer ,Philadelphia,Northeast,02/20/2020,B,No,Y,2026-09-11T04:28:49.990377+00:00,data/raw/master/customers.csv,customers
CUST00003071,Jordan Kim 3071,Small Business,Birmingham,Southeast,06/18/2024,B,0,N,2026-09-11T04:28:49.990377+00:00,data/raw/master/customers.csv,customers
CUST00003072,Alex Kim 3072,Enterprise,Phoenix,Southwest,2023-01-07,C,No,Y,2026-09-11T04:28:49.990377+00:00,data/raw/master/customers.csv,customers
CUST00003073,Morgan Garcia 3073,Consumer,Portland,West,12/03/2019,A,Y,Y,2026-09-11T04:28:49.990377+00:00,data/raw/master/customers.csv,customers
CUST00003074,Taylor Garcia 3074,Government,Austin,Southwest,08/20/2024,C,No,N,2026-09-11T04:28:49.990377+00:00,data/raw/master/customers.csv,customers
CUST00003075,Riley Kim 3075,consumer ,Philadelphia,Northeast,2023-05-09,B,1,Y,2026-09-11T04:28:49.990377+00:00,data/raw/master/customers.csv,customers
CUST00003076,Jordan Kim 3076,Consumer,Boston,Northeast,2022-12-01,A,Y,N,2026-09-11T04:28:49.990377+00:00,data/raw/master/customers.csv,customers
CUST00003077,Riley Garcia 3077,Enterprise,Nashville,Southeast,03/20/2021,A,Y,True,2026-09-11T04:28:49.990377+00:00,data/raw/master/customers.csv,customers
CUST00003078,Taylor Garcia 3078,Small Business,Nashville,Southeast,2019-11-25,B,N,True,2026-09-11T04:28:49.990377+00:00,data/raw/master/customers.csv,customers
CUST00003079,Jordan Patel 3079,Enterprise,San Diego,West,2026-03-19,B,0,True,2026-09-11T04:28:49.990377+00:00,data/raw/master/customers.csv,customers
CUST00003080,Casey Brown 3080,Small Business,Phoenix,Southwest,2023-12-30,A,1,Y,2026-09-11T04:28:49.990377+00:00,data/raw/master/customers.csv,customers
CUST00003081,Riley Garcia 3081,Enterprise,Chicago,Midwest,2018-04-30,D,Y,Y,2026-09-11T04:28:49.990377+00:00,data/raw/master/customers.csv,customers
CUST00003082,Taylor Brown 3082,Consumer,Jacksonville,Southeast,12/16/2023,B,Yes,N,2026-09-11T04:28:49.990377+00:00,data/raw/master/customers.csv,customers
CUST00003083,Morgan Lee 3083,Government,Columbus,Midwest,2018-09-29,a,1,True,2026-09-11T04:28:49.990377+00:00,data/raw/master/customers.csv,customers
CUST00003084,Jordan Patel 3084,consumer ,Nashville,Southeast,06/19/2023,a,N,Y,2026-09-11T04:28:49.990377+00:00,data/raw/master/customers.csv,customers
CUST00003085,Riley Kim 3085,Consumer,Austin,Southwest,2019-09-27,A,0,True,2026-09-11T04:28:49.990377+00:00,data/raw/master/customers.csv,customers
CUST00003086,Casey Lee 3086,Small Business,Phoenix,Southwest,06/28/2023,A,0,Y,2026-09-11T04:28:49.990377+00:00,data/raw/master/customers.csv,customers
CUST00003087,Morgan Lee 3087,Consumer,Portland,West,10/03/2023,A,Yes,Y,2026-09-11T04:28:49.990377+00:00,data/raw/master/customers.csv,customers
CUST00003088,Alex Kim 3088,Consumer,Jacksonville,Southeast,03/04/2024,B,Y,Y,2026-09-11T04:28:49.990377+00:00,data/raw/master/customers.csv,customers
CUST00003089,Taylor Brown 3089,Enterprise,Boston,Northeast,06/14/2018,a,N,Y,2026-09-11T04:28:49.990377+00:00,data/raw/master/customers.csv,customers
CUST00003090,Alex Smith 3090,consumer ,Nashville,Southeast,08/05/2023,D,Yes,Y,2026-09-11T04:28:49.990377+00:00,data/raw/master/customers.csv,customers
CUST00003091,Riley Kim 3091,consumer ,Albany,Northeast,01/31/2019,D,No,Y,2026-09-11T04:28:49.990377+00:00,data/raw/master/customers.csv,customers
CUST00003092,Jordan Garcia 3092,Small Business,Dallas,Southwest,2019-01-19,a,1,N,2026-09-11T04:28:49.990377+00:00,data/raw/master/customers.csv,customers
CUST00003093,Taylor Brown 3093,Government,Birmingham,Southeast,10/30/2024,B,1,N,2026-09-11T04:28:49.990377+00:00,data/raw/master/customers.csv,customers
CUST00003094,Alex Smith 3094,Small Business,Buffalo,Northeast,01/15/2026,a,Y,Y,2026-09-11T04:28:49.990377+00:00,data/raw/master/customers.csv,customers
CUST00003095,Jordan Smith 3095,Government,Birmingham,Southeast,2018-12-11,D,Y,True,2026-09-11T04:28:49.990377+00:00,data/raw/master/customers.csv,customers
CUST00003096,Taylor Patel 3096,consumer ,Boston,Northeast,2020-12-04,C,Y,N,2026-09-11T04:28:49.990377+00:00,data/raw/master/customers.csv,customers
CUST00003097,Taylor Garcia 3097,Small Business,Nashville,Southeast,2022-05-26,D,No,Y,2026-09-11T04:28:49.990377+00:00,data/raw/master/customers.csv,customers
CUST00003098,Taylor Brown 3098,Consumer,Indianapolis,Midwest,2021-01-02,B,1,Y,2026-09-11T04:28:49.990377+00:00,data/raw/master/customers.csv,customers
CUST00003099,Casey Patel 3099,Consumer,Detroit,Midwest,2019-10-14,D,Y,True,2026-09-11T04:28:49.990377+00:00,data/raw/master/customers.csv,customers
CUST00003100,Taylor Smith 3100,Small Business,Atlanta,Southeast,10/09/2023,a,N,Y,2026-09-11T04:28:49.990377+00:00,data/raw/master/customers.csv,customers
CUST00003101,Alex Smith 3101,Small Business,Columbus,Midwest,09/23/2019,B,No,Y,2026-09-11T04:28:49.990377+00:00,data/raw/master/customers.csv,customers
CUST00003102,Morgan Brown 3102,Small Business,Columbus,Midwest,2018-01-05,A,No,Y,2026-09-11T04:28:49.990377+00:00,data/raw/master/customers.csv,customers
CUST00003103,Alex Patel 3103,Enterprise,Austin,Southwest,2020-10-22,D,0,True,2026-09-11T04:28:49.990377+00:00,data/raw/master/customers.csv,customers
CUST00003104,Alex Lee 3104,Government,Phoenix,Southwest,2018-12-01,D,0,Y,2026-09-11T04:28:49.990377+00:00,data/raw/master/customers.csv,customers
CUST00003105,Morgan Smith 3105,Small Business,Denver,West,2020-01-06,a,0,True,2026-09-11T04:28:49.990377+00:00,data/raw/master/customers.csv,customers
CUST00003106,Jordan Kim 3106,Consumer,Detroit,Midwest,2025-04-12,B,Yes,Y,2026-09-11T04:28:49.990377+00:00,data/raw/master/customers.csv,customers
CUST00003107,Taylor Garcia 3107,consumer ,Chicago,Midwest,11/12/2018,a,No,N,2026-09-11T04:28:49.990377+00:00,data/raw/master/customers.csv,customers
CUST00003108,Riley Garcia 3108,Small Business,Denver,West,2022-09-15,C,Yes,Y,2026-09-11T04:28:49.990377+00:00,data/raw/master/customers.csv,customers
CUST00003109,Riley Brown 3109,Enterprise,Jacksonville,Southeast,2019-12-07,D,No,True,2026-09-11T04:28:49.990377+00:00,data/raw/master/customers.csv,customers
CUST00003110,Casey Smith 3110,Small Business,Albuquerque,Southwest,12/14/2021,A,N,Y,2026-09-11T04:28:49.990377+00:00,data/raw/master/customers.csv,customers
CUST00003111,Morgan Lee 3111,Consumer,Chicago,Midwest,01/13/2018,B,1,Y,2026-09-11T04:28:49.990377+00:00,data/raw/master/customers.csv,customers
CUST00003112,Riley Garcia 3112,Enterprise,Philadelphia,Northeast,09/25/2021,B,Y,Y,2026-09-11T04:28:49.990377+00:00,data/raw/master/customers.csv,customers
CUST00003113,Taylor Smith 3113,Government,Jacksonville,Southeast,07/05/2021,D,N,Y,2026-09-11T04:28:49.990377+00:00,data/raw/master/customers.csv,customers
CUST00003114,Morgan Garcia 3114,Enterprise,Denver,West,01/04/2019,B,N,N,2026-09-11T04:28:49.990377+00:00,data/raw/master/customers.csv,customers
CUST00003115,Riley Brown 3115,consumer ,Indianapolis,Midwest,10/28/2024,B,Y,True,2026-09-11T04:28:49.990377+00:00,data/raw/master/customers.csv,customers
CUST00003116,Riley Brown 3116,Government,Chicago,Midwest,2019-08-20,D,N,True,2026-09-11T04:28:49.990377+00:00,data/raw/master/customers.csv,customers
CUST00003117,Morgan Patel 3117,Enterprise,Nashville,Southeast,2022-09-13,B,N,Y,2026-09-11T04:28:49.990377+00:00,data/raw/master/customers.csv,customers
CUST00003118,Alex Brown 3118,Enterprise,Philadelphia,Northeast,06/29/2023,D,Yes,N,2026-09-11T04:28:49.990377+00:00,data/raw/master/customers.csv,customers
CUST00003119,Jordan Lee 3119,Consumer,Albany,Northeast,2023-10-08,C,N,N,2026-09-11T04:28:49.990377+00:00,data/raw/master/customers.csv,customers
CUST00003120,Casey Garcia 3120,consumer ,Birmingham,Southeast,2024-01-16,a,N,Y,2026-09-11T04:28:49.990377+00:00,data/raw/master/customers.csv,customers
CUST00003121,Alex Smith 3121,Government,Denver,West,12/17/2019,B,N,True,2026-09-11T04:28:49.990377+00:00,data/raw/master/customers.csv,customers
CUST00003122,Alex Smith 3122,Consumer,Seattle,West,01/31/2023,D,1,N,2026-09-11T04:28:49.990377+00:00,data/raw/master/customers.csv,customers
CUST00003123,Riley Kim 3123,Small Business,Jacksonville,Southeast,11/16/2019,D,No,True,2026-09-11T04:28:49.990377+00:00,data/raw/master/customers.csv,customers
CUST00003124,Casey Patel 3124,consumer ,Austin,Southwest,12/24/2023,C,Y,True,2026-09-11T04:28:49.990377+00:00,data/raw/master/customers.csv,customers
CUST00003125,Alex Garcia 3125,Consumer,San Diego,West,05/22/2020,D,Y,Y,2026-09-11T04:28:49.990377+00:00,data/raw/master/customers.csv,customers
CUST00003126,Riley Smith 3126,Consumer,Phoenix,Southwest,2025-07-10,D,No,Y,2026-09-11T04:28:49.990377+00:00,data/raw/master/customers.csv,customers
CUST00003127,Alex Lee 3127,Consumer,Columbus,Midwest,2018-09-04,A,0,Y,2026-09-11T04:28:49.990377+00:00,data/raw/master/customers.csv,customers
CUST00003128,Jordan Patel 3128,Enterprise,Birmingham,Southeast,2018-07-11,a,Yes,N,2026-09-11T04:28:49.990377+00:00,data/raw/master/customers.csv,customers
CUST00003129,Jordan Kim 3129,Government,Detroit,Midwest,07/16/2025,a,Y,Y,2026-09-11T04:28:49.990377+00:00,data/raw/master/customers.csv,customers
CUST00003130,Riley Lee 3130,consumer ,San Diego,West,2023-08-21,A,0,Y,2026-09-11T04:28:49.990377+00:00,data/raw/master/customers.csv,customers
CUST00003131,Riley Brown 3131,Consumer,Albuquerque,Southwest,06/02/2020,B,No,Y,2026-09-11T04:28:49.990377+00:00,data/raw/master/customers.csv,customers
CUST00003132,Riley Smith 3132,Small Business,Buffalo,Northeast,12/15/2023,B,1,True,2026-09-11T04:28:49.990377+00:00,data/raw/master/customers.csv,customers
CUST00003133,Casey Garcia 3133,Enterprise,Boston,Northeast,2021-05-08,A,1,True,2026-09-11T04:28:49.990377+00:00,data/raw/master/customers.csv,customers
CUST00003134,Casey Brown 3134,Consumer,Nashville,Southeast,10/31/2025,C,N,Y,2026-09-11T04:28:49.990377+00:00,data/raw/master/customers.csv,customers
CUST00003135,Casey Patel 3135,consumer ,Portland,West,2025-06-06,A,0,Y,2026-09-11T04:28:49.990377+00:00,data/raw/master/customers.csv,customers
CUST00003136,Casey Patel 3136,Enterprise,Buffalo,Northeast,06/30/2021,D,Yes,True,2026-09-11T04:28:49.990377+00:00,data/raw/master/customers.csv,customers
CUST00003137,Jordan Patel 3137,Government,Buffalo,Northeast,09/16/2021,a,Yes,Y,2026-09-11T04:28:49.990377+00:00,data/raw/master/customers.csv,customers
CUST00003138,Taylor Smith 3138,consumer ,Albany,Northeast,2019-12-22,A,1,Y,2026-09-11T04:28:49.990377+00:00,data/raw/master/customers.csv,customers
CUST00003139,Casey Patel 3139,consumer ,Phoenix,Southwest,2023-10-28,D,Yes,True,2026-09-11T04:28:49.990377+00:00,data/raw/master/customers.csv,customers
CUST00003140,Taylor Lee 3140,Government,Denver,West,2025-10-23,a,Y,Y,2026-09-11T04:28:49.990377+00:00,data/raw/master/customers.csv,customers
CUST00003141,Taylor Garcia 3141,Enterprise,Phoenix,Southwest,06/22/2025,D,No,N,2026-09-11T04:28:49.990377+00:00,data/raw/master/customers.csv,customers
CUST00003142,Taylor Garcia 3142,Small Business,Portland,West,12/02/2021,A,Yes,Y,2026-09-11T04:28:49.990377+00:00,data/raw/master/customers.csv,customers
CUST00003143,Taylor Lee 3143,Small Business,Philadelphia,Northeast,2024-03-17,D,1,True,2026-09-11T04:28:49.990377+00:00,data/raw/master/customers.csv,customers
CUST00003144,Taylor Smith 3144,Enterprise,Austin,Southwest,2021-02-11,D,1,True,2026-09-11T04:28:49.990377+00:00,data/raw/master/customers.csv,customers
CUST00003145,Alex Garcia 3145,Government,Austin,Southwest,09/10/2024,C,N,N,2026-09-11T04:28:49.990377+00:00,data/raw/master/customers.csv,customers
CUST00003146,Jordan Garcia 3146,Consumer,Albuquerque,Southwest,2021-12-30,B,No,Y,2026-09-11T04:28:49.990377+00:00,data/raw/master/customers.csv,customers
CUST00003147,Casey Patel 3147,consumer ,Buffalo,Northeast,2022-06-01,a,N,True,2026-09-11T04:28:49.990377+00:00,data/raw/master/customers.csv,customers
CUST00003148,Jordan Kim 3148,consumer ,Albuquerque,Southwest,03/01/2023,a,N,Y,2026-09-11T04:28:49.990377+00:00,data/raw/master/customers.csv,customers
CUST00003149,Casey Brown 3149,Enterprise,Nashville,Southeast,12/02/2021,D,0,Y,2026-09-11T04:28:49.990377+00:00,data/raw/master/customers.csv,customers
CUST00003150,Alex Garcia 3150,Government,Dallas,Southwest,10/23/2022,a,Yes,True,2026-09-11T04:28:49.990377+00:00,data/raw/master/customers.csv,customers
CUST00003151,Riley Kim 3151,Consumer,Albuquerque,Southwest,2025-01-07,A,1,True,2026-09-11T04:28:49.990377+00:00,data/raw/master/customers.csv,customers
CUST00003152,Casey Brown 3152,Consumer,Philadelphia,Northeast,02/01/2026,A,Yes,Y,2026-09-11T04:28:49.990377+00:00,data/raw/master/customers.csv,customers
CUST00003153,Casey Brown 3153,Enterprise,Birmingham,Southeast,06/20/2021,A,Y,Y,2026-09-11T04:28:49.990377+00:00,data/raw/master/customers.csv,customers
CUST00003154,Jordan Garcia 3154,Enterprise,Austin,Southwest,10/12/2019,A,0,Y,2026-09-11T04:28:49.990377+00:00,data/raw/master/customers.csv,customers
CUST00003155,Casey Brown 3155,Government,Albany,Northeast,11/01/2018,A,0,True,2026-09-11T04:28:49.990377+00:00,data/raw/master/customers.csv,customers
CUST00003156,Riley Brown 3156,Government,Seattle,West,2024-10-31,A,No,True,2026-09-11T04:28:49.990377+00:00,data/raw/master/customers.csv,customers
CUST00003157,Riley Lee 3157,Government,Atlanta,Southeast,11/16/2022,B,1,Y,2026-09-11T04:28:49.990377+00:00,data/raw/master/customers.csv,customers
CUST00003158,Jordan Garcia 3158,Small Business,Dallas,Southwest,07/26/2022,D,1,N,2026-09-11T04:28:49.990377+00:00,data/raw/master/customers.csv,customers
CUST00003159,Alex Garcia 3159,consumer ,Seattle,West,2018-02-25,B,1,Y,2026-09-11T04:28:49.990377+00:00,data/raw/master/customers.csv,customers
CUST00003160,Taylor Lee 3160,Small Business,Austin,Southwest,09/19/2025,C,Y,Y,2026-09-11T04:28:49.990377+00:00,data/raw/master/customers.csv,customers
CUST00003161,Alex Brown 3161,Consumer,Indianapolis,Midwest,05/14/2023,A,No,Y,2026-09-11T04:28:49.990377+00:00,data/raw/master/customers.csv,customers
CUST00003162,Morgan Brown 3162,Small Business,Buffalo,Northeast,2026-02-08,a,No,Y,2026-09-11T04:28:49.990377+00:00,data/raw/master/customers.csv,customers
CUST00003163,Jordan Brown 3163,Consumer,Portland,West,2018-02-21,C,Yes,Y,2026-09-11T04:28:49.990377+00:00,data/raw/master/customers.csv,customers
CUST00003164,Riley Smith 3164,Small Business,Albany,Northeast,01/15/2020,B,0,Y,2026-09-11T04:28:49.990377+00:00,data/raw/master/customers.csv,customers
CUST00003165,Casey Patel 3165,consumer ,Albany,Northeast,06/20/2024,D,No,N,2026-09-11T04:28:49.990377+00:00,data/raw/master/customers.csv,customers
CUST00003166,Taylor Lee 3166,Enterprise,Seattle,West,2021-01-13,C,N,Y,2026-09-11T04:28:49.990377+00:00,data/raw/master/customers.csv,customers
CUST00003167,Morgan Kim 3167,Enterprise,Atlanta,Southeast,2025-05-13,B,1,True,2026-09-11T04:28:49.990377+00:00,data/raw/master/customers.csv,customers
CUST00003168,Alex Patel 3168,Small Business,Nashville,Southeast,08/30/2025,A,0,True,2026-09-11T04:28:49.990377+00:00,data/raw/master/customers.csv,customers
CUST00003169,Alex Kim 3169,Small Business,Columbus,Midwest,08/14/2024,B,No,Y,2026-09-11T04:28:49.990377+00:00,data/raw/master/customers.csv,customers
CUST00003170,Jordan Brown 3170,Consumer,Portland,West,2018-08-26,C,1,Y,2026-09-11T04:28:49.990377+00:00,data/raw/master/customers.csv,customers
CUST00003171,Jordan Smith 3171,Consumer,Chicago,Midwest,08/17/2021,D,Y,N,2026-09-11T04:28:49.990377+00:00,data/raw/master/customers.csv,customers
CUST00003172,Casey Smith 3172,Consumer,Nashville,Southeast,2019-01-31,B,No,Y,2026-09-11T04:28:49.990377+00:00,data/raw/master/customers.csv,customers
CUST00003173,Alex Kim 3173,consumer ,Jacksonville,Southeast,2020-08-16,D,1,True,2026-09-11T04:28:49.990377+00:00,data/raw/master/customers.csv,customers
CUST00003174,Casey Kim 3174,Enterprise,Austin,Southwest,2018-03-01,D,1,Y,2026-09-11T04:28:49.990377+00:00,data/raw/master/customers.csv,customers
CUST00003175,Morgan Kim 3175,Small Business,Philadelphia,Northeast,2024-04-22,A,Y,N,2026-09-11T04:28:49.990377+00:00,data/raw/master/customers.csv,customers
CUST00003176,Morgan Garcia 3176,Small Business,Indianapolis,Midwest,2021-07-04,a,Y,Y,2026-09-11T04:28:49.990377+00:00,data/raw/master/customers.csv,customers
CUST00003177,Riley Smith 3177,Government,Portland,West,2021-03-07,D,0,N,2026-09-11T04:28:49.990377+00:00,data/raw/master/customers.csv,customers
CUST00003178,Alex Patel 3178,Government,Portland,West,05/21/2022,D,No,Y,2026-09-11T04:28:49.990377+00:00,data/raw/master/customers.csv,customers
CUST00003179,Taylor Kim 3179,Enterprise,Seattle,West,2024-06-11,C,1,N,2026-09-11T04:28:49.990377+00:00,data/raw/master/customers.csv,customers
CUST00003180,Alex Lee 3180,Consumer,Nashville,Southeast,2024-07-31,D,Yes,True,2026-09-11T04:28:49.990377+00:00,data/raw/master/customers.csv,customers
CUST00003181,Casey Patel 3181,Government,Detroit,Midwest,2024-09-06,D,No,True,2026-09-11T04:28:49.990377+00:00,data/raw/master/customers.csv,customers
CUST00003182,Alex Brown 3182,Enterprise,Jacksonville,Southeast,2023-05-17,D,Y,Y,2026-09-11T04:28:49.990377+00:00,data/raw/master/customers.csv,customers
CUST00003183,Taylor Kim 3183,consumer ,Albany,Northeast,2025-07-11,A,No,N,2026-09-11T04:28:49.990377+00:00,data/raw/master/customers.csv,customers
CUST00003184,Riley Brown 3184,Consumer,Atlanta,Southeast,09/28/2021,D,No,True,2026-09-11T04:28:49.990377+00:00,data/raw/master/customers.csv,customers
CUST00003185,Jordan Brown 3185,consumer ,Indianapolis,Midwest,04/26/2021,D,Yes,Y,2026-09-11T04:28:49.990377+00:00,data/raw/master/customers.csv,customers
CUST00003186,Alex Patel 3186,Consumer,Phoenix,Southwest,11/22/2022,a,No,Y,2026-09-11T04:28:49.990377+00:00,data/raw/master/customers.csv,customers
CUST00003187,Riley Patel 3187,Government,Albany,Northeast,05/25/2021,a,N,Y,2026-09-11T04:28:49.990377+00:00,data/raw/master/customers.csv,customers
CUST00003188,Alex Patel 3188,Enterprise,Indianapolis,Midwest,04/23/2018,D,N,N,2026-09-11T04:28:49.990377+00:00,data/raw/master/customers.csv,customers
CUST00003189,Riley Garcia 3189,Small Business,Austin,Southwest,08/17/2020,A,N,Y,2026-09-11T04:28:49.990377+00:00,data/raw/master/customers.csv,customers
CUST00003190,Taylor Garcia 3190,Consumer,Austin,Southwest,2018-12-02,A,Yes,Y,2026-09-11T04:28:49.990377+00:00,data/raw/master/customers.csv,customers
CUST00003191,Riley Brown 3191,consumer ,Boston,Northeast,01/30/2023,C,Yes,N,2026-09-11T04:28:49.990377+00:00,data/raw/master/customers.csv,customers
CUST00003192,Alex Lee 3192,Government,Atlanta,Southeast,05/23/2023,C,No,Y,2026-09-11T04:28:49.990377+00:00,data/raw/master/customers.csv,customers
CUST00003193,Alex Garcia 3193,Small Business,Denver,West,2020-07-19,C,N,Y,2026-09-11T04:28:49.990377+00:00,data/raw/master/customers.csv,customers
CUST00003194,Jordan Kim 3194,consumer ,Phoenix,Southwest,06/24/2021,a,Yes,N,2026-09-11T04:28:49.990377+00:00,data/raw/master/customers.csv,customers
CUST00003195,Casey Kim 3195,Enterprise,Buffalo,Northeast,2021-07-25,B,1,Y,2026-09-11T04:28:49.990377+00:00,data/raw/master/customers.csv,customers
CUST00003196,Alex Patel 3196,Enterprise,Jacksonville,Southeast,09/29/2023,D,0,Y,2026-09-11T04:28:49.990377+00:00,data/raw/master/customers.csv,customers
CUST00003197,Taylor Lee 3197,Government,Columbus,Midwest,11/11/2022,A,N,Y,2026-09-11T04:28:49.990377+00:00,data/raw/master/customers.csv,customers
CUST00003198,Alex Brown 3198,consumer ,Boston,Northeast,01/05/2020,A,Y,True,2026-09-11T04:28:49.990377+00:00,data/raw/master/customers.csv,customers
CUST00003199,Taylor Patel 3199,Consumer,Detroit,Midwest,2019-09-19,C,0,N,2026-09-11T04:28:49.990377+00:00,data/raw/master/customers.csv,customers
CUST00003200,Riley Lee 3200,Small Business,Phoenix,Southwest,2021-05-27,C,Yes,True,2026-09-11T04:28:49.990377+00:00,data/raw/master/customers.csv,customers
CUST00003201,Morgan Lee 3201,Enterprise,Indianapolis,Midwest,07/06/2023,D,No,N,2026-09-11T04:28:49.990377+00:00,data/raw/master/customers.csv,customers
CUST00003202,Morgan Brown 3202,Enterprise,Chicago,Midwest,01/10/2022,C,Y,Y,2026-09-11T04:28:49.990377+00:00,data/raw/master/customers.csv,customers
CUST00003203,Taylor Garcia 3203,Consumer,Columbus,Midwest,12/26/2024,a,N,Y,2026-09-11T04:28:49.990377+00:00,data/raw/master/customers.csv,customers
CUST00003204,Riley Patel 3204,Consumer,Nashville,Southeast,05/30/2018,A,0,Y,2026-09-11T04:28:49.990377+00:00,data/raw/master/customers.csv,customers
CUST00003205,Alex Kim 3205,Consumer,San Diego,West,02/13/2025,A,Yes,Y,2026-09-11T04:28:49.990377+00:00,data/raw/master/customers.csv,customers
CUST00003206,Jordan Patel 3206,Enterprise,Detroit,Midwest,10/05/2021,a,N,True,2026-09-11T04:28:49.990377+00:00,data/raw/master/customers.csv,customers
CUST00003207,Taylor Kim 3207,consumer ,Dallas,Southwest,2021-08-28,a,No,N,2026-09-11T04:28:49.990377+00:00,data/raw/master/customers.csv,customers
CUST00003208,Casey Garcia 3208,Small Business,Birmingham,Southeast,11/04/2024,B,No,True,2026-09-11T04:28:49.990377+00:00,data/raw/master/customers.csv,customers
CUST00003209,Morgan Brown 3209,Government,Chicago,Midwest,04/03/2020,a,N,Y,2026-09-11T04:28:49.990377+00:00,data/raw/master/customers.csv,customers
CUST00003210,Alex Patel 3210,Enterprise,Boston,Northeast,08/25/2021,D,Yes,N,2026-09-11T04:28:49.990377+00:00,data/raw/master/customers.csv,customers
CUST00003211,Riley Smith 3211,Consumer,Dallas,Southwest,09/23/2025,a,N,True,2026-09-11T04:28:49.990377+00:00,data/raw/master/customers.csv,customers
CUST00003212,Morgan Patel 3212,Enterprise,Albany,Northeast,03/07/2021,C,0,Y,2026-09-11T04:28:49.990377+00:00,data/raw/master/customers.csv,customers
CUST00003213,Morgan Smith 3213,consumer ,Portland,West,12/11/2024,B,1,Y,2026-09-11T04:28:49.990377+00:00,data/raw/master/customers.csv,customers
CUST00003214,Alex Brown 3214,Small Business,Birmingham,Southeast,2022-06-22,D,N,Y,2026-09-11T04:28:49.990377+00:00,data/raw/master/customers.csv,customers
CUST00003215,Morgan Kim 3215,Government,Seattle,West,12/29/2025,a,No,Y,2026-09-11T04:28:49.990377+00:00,data/raw/master/customers.csv,customers
CUST00003216,Casey Patel 3216,Government,Columbus,Midwest,08/31/2024,a,0,Y,2026-09-11T04:28:49.990377+00:00,data/raw/master/customers.csv,customers
CUST00003217,Casey Brown 3217,Consumer,Seattle,West,2021-02-17,B,N,N,2026-09-11T04:28:49.990377+00:00,data/raw/master/customers.csv,customers
CUST00003218,Jordan Patel 3218,Consumer,Nashville,Southeast,2019-03-29,C,0,Y,2026-09-11T04:28:49.990377+00:00,data/raw/master/customers.csv,customers
CUST00003219,Taylor Lee 3219,Government,Columbus,Midwest,04/27/2025,C,Y,Y,2026-09-11T04:28:49.990377+00:00,data/raw/master/customers.csv,customers
CUST00003220,Casey Smith 3220,Enterprise,Austin,Southwest,2024-02-10,a,0,Y,2026-09-11T04:28:49.990377+00:00,data/raw/master/customers.csv,customers
CUST00003221,Jordan Garcia 3221,Enterprise,Birmingham,Southeast,2024-12-19,A,1,Y,2026-09-11T04:28:49.990377+00:00,data/raw/master/customers.csv,customers
CUST00003222,Casey Garcia 3222,Small Business,Portland,West,2024-09-06,A,1,True,2026-09-11T04:28:49.990377+00:00,data/raw/master/customers.csv,customers
CUST00003223,Morgan Patel 3223,Government,Austin,Southwest,03/15/2026,C,N,N,2026-09-11T04:28:49.990377+00:00,data/raw/master/customers.csv,customers
CUST00003224,Taylor Kim 3224,Consumer,Columbus,Midwest,2022-03-31,a,0,True,2026-09-11T04:28:49.990377+00:00,data/raw/master/customers.csv,customers
CUST00003225,Jordan Kim 3225,Government,Portland,West,2019-05-01,D,Yes,Y,2026-09-11T04:28:49.990377+00:00,data/raw/master/customers.csv,customers
CUST00003226,Taylor Garcia 3226,consumer ,San Diego,West,05/19/2020,a,0,Y,2026-09-11T04:28:49.990377+00:00,data/raw/master/customers.csv,customers
CUST00003227,Jordan Patel 3227,Enterprise,Detroit,Midwest,03/21/2022,B,No,Y,2026-09-11T04:28:49.990377+00:00,data/raw/master/customers.csv,customers
CUST00003228,Casey Brown 3228,Government,Denver,West,2022-09-07,A,Yes,Y,2026-09-11T04:28:49.990377+00:00,data/raw/master/customers.csv,customers
CUST00003229,Alex Kim 3229,Consumer,Atlanta,Southeast,06/08/2019,A,1,N,2026-09-11T04:28:49.990377+00:00,data/raw/master/customers.csv,customers
CUST00003230,Alex Garcia 3230,Consumer,Austin,Southwest,2019-10-27,a,1,Y,2026-09-11T04:28:49.990377+00:00,data/raw/master/customers.csv,customers
CUST00003231,Jordan Garcia 3231,consumer ,Seattle,West,12/05/2021,C,N,True,2026-09-11T04:28:49.990377+00:00,data/raw/master/customers.csv,customers
CUST00003232,Riley Kim 3232,Enterprise,Phoenix,Southwest,08/15/2019,C,N,Y,2026-09-11T04:28:49.990377+00:00,data/raw/master/customers.csv,customers
CUST00003233,Alex Kim 3233,Government,Birmingham,Southeast,2022-10-31,B,Yes,Y,2026-09-11T04:28:49.990377+00:00,data/raw/master/customers.csv,customers
CUST00003234,Alex Lee 3234,consumer ,Atlanta,Southeast,03/08/2019,B,Yes,N,2026-09-11T04:28:49.990377+00:00,data/raw/master/customers.csv,customers
CUST00003235,Jordan Garcia 3235,Consumer,Nashville,Southeast,2025-02-06,C,0,Y,2026-09-11T04:28:49.990377+00:00,data/raw/master/customers.csv,customers
CUST00003236,Jordan Lee 3236,Small Business,Indianapolis,Midwest,11/07/2021,a,1,True,2026-09-11T04:28:49.990377+00:00,data/raw/master/customers.csv,customers
CUST00003237,Morgan Patel 3237,Consumer,Boston,Northeast,08/03/2025,D,0,True,2026-09-11T04:28:49.990377+00:00,data/raw/master/customers.csv,customers
CUST00003238,Casey Lee 3238,Enterprise,Dallas,Southwest,2019-12-31,A,0,Y,2026-09-11T04:28:49.990377+00:00,data/raw/master/customers.csv,customers
CUST00003239,Alex Lee 3239,Small Business,Albany,Northeast,02/16/2018,D,Yes,True,2026-09-11T04:28:49.990377+00:00,data/raw/master/customers.csv,customers
CUST00003240,Jordan Garcia 3240,Small Business,Columbus,Midwest,06/08/2018,C,1,Y,2026-09-11T04:28:49.990377+00:00,data/raw/master/customers.csv,customers
CUST00003241,Riley Smith 3241,Enterprise,Chicago,Midwest,01/11/2020,a,Yes,True,2026-09-11T04:28:49.990377+00:00,data/raw/master/customers.csv,customers
CUST00003242,Casey Smith 3242,Small Business,Birmingham,Southeast,2020-10-06,C,0,N,2026-09-11T04:28:49.990377+00:00,data/raw/master/customers.csv,customers
CUST00003243,Casey Lee 3243,Enterprise,Albuquerque,Southwest,04/29/2018,A,N,True,2026-09-11T04:28:49.990377+00:00,data/raw/master/customers.csv,customers
CUST00003244,Alex Garcia 3244,Enterprise,Columbus,Midwest,05/20/2022,a,N,True,2026-09-11T04:28:49.990377+00:00,data/raw/master/customers.csv,customers
CUST00003245,Alex Smith 3245,Consumer,San Diego,West,07/27/2020,C,N,Y,2026-09-11T04:28:49.990377+00:00,data/raw/master/customers.csv,customers
CUST00003246,Casey Patel 3246,Enterprise,Phoenix,Southwest,07/12/2024,B,N,Y,2026-09-11T04:28:49.990377+00:00,data/raw/master/customers.csv,customers
CUST00003247,Taylor Kim 3247,Enterprise,Nashville,Southeast,05/26/2018,C,1,Y,2026-09-11T04:28:49.990377+00:00,data/raw/master/customers.csv,customers
CUST00003248,Riley Lee 3248,Enterprise,Denver,West,04/09/2020,C,No,Y,2026-09-11T04:28:49.990377+00:00,data/raw/master/customers.csv,customers
CUST00003249,Riley Garcia 3249,Small Business,Columbus,Midwest,2018-07-01,B,1,True,2026-09-11T04:28:49.990377+00:00,data/raw/master/customers.csv,customers
CUST00003250,Jordan Smith 3250,Government,Atlanta,Southeast,2023-06-09,C,1,True,2026-09-11T04:28:49.990377+00:00,data/raw/master/customers.csv,customers
CUST00003251,Alex Brown 3251,Consumer,Nashville,Southeast,2019-04-20,a,Y,Y,2026-09-11T04:28:49.990377+00:00,data/raw/master/customers.csv,customers
CUST00003252,Alex Kim 3252,Enterprise,Seattle,West,2018-12-19,A,No,True,2026-09-11T04:28:49.990377+00:00,data/raw/master/customers.csv,customers
CUST00003253,Morgan Smith 3253,Small Business,Atlanta,Southeast,02/24/2018,a,1,Y,2026-09-11T04:28:49.990377+00:00,data/raw/master/customers.csv,customers
CUST00003254,Alex Garcia 3254,Enterprise,Atlanta,Southeast,2024-03-24,A,N,Y,2026-09-11T04:28:49.990377+00:00,data/raw/master/customers.csv,customers
CUST00003255,Alex Patel 3255,Consumer,Nashville,Southeast,11/23/2018,a,0,Y,2026-09-11T04:28:49.990377+00:00,data/raw/master/customers.csv,customers
CUST00003256,Riley Patel 3256,consumer ,Atlanta,Southeast,2024-09-09,a,Yes,N,2026-09-11T04:28:49.990377+00:00,data/raw/master/customers.csv,customers
CUST00003257,Riley Lee 3257,Small Business,Jacksonville,Southeast,01/17/2021,A,1,Y,2026-09-11T04:28:49.990377+00:00,data/raw/master/customers.csv,customers
CUST00003258,Riley Kim 3258,Consumer,Denver,West,12/15/2018,a,0,Y,2026-09-11T04:28:49.990377+00:00,data/raw/master/customers.csv,customers
CUST00003259,Riley Smith 3259,Government,Denver,West,2020-02-06,a,0,N,2026-09-11T04:28:49.990377+00:00,data/raw/master/customers.csv,customers
CUST00003260,Casey Kim 3260,consumer ,Detroit,Midwest,2025-11-12,A,N,N,2026-09-11T04:28:49.990377+00:00,data/raw/master/customers.csv,customers
CUST00003261,Casey Brown 3261,Government,Austin,Southwest,2019-06-11,a,Yes,Y,2026-09-11T04:28:49.990377+00:00,data/raw/master/customers.csv,customers
CUST00003262,Jordan Brown 3262,Small Business,Seattle,West,2024-12-04,D,Yes,Y,2026-09-11T04:28:49.990377+00:00,data/raw/master/customers.csv,customers
CUST00003263,Morgan Brown 3263,Small Business,Atlanta,Southeast,09/10/2021,D,N,Y,2026-09-11T04:28:49.990377+00:00,data/raw/master/customers.csv,customers
CUST00003264,Alex Smith 3264,Small Business,Chicago,Midwest,2024-02-09,a,1,True,2026-09-11T04:28:49.990377+00:00,data/raw/master/customers.csv,customers
CUST00003265,Taylor Smith 3265,Enterprise,Indianapolis,Midwest,01/14/2024,C,N,Y,2026-09-11T04:28:49.990377+00:00,data/raw/master/customers.csv,customers
CUST00003266,Casey Patel 3266,consumer ,Atlanta,Southeast,09/14/2023,C,No,Y,2026-09-11T04:28:49.990377+00:00,data/raw/master/customers.csv,customers
CUST00003267,Casey Lee 3267,Government,Boston,Northeast,01/06/2025,A,Y,True,2026-09-11T04:28:49.990377+00:00,data/raw/master/customers.csv,customers
CUST00003268,Morgan Brown 3268,Small Business,Birmingham,Southeast,02/21/2021,a,No,Y,2026-09-11T04:28:49.990377+00:00,data/raw/master/customers.csv,customers
CUST00003269,Jordan Kim 3269,Consumer,Dallas,Southwest,03/02/2020,A,1,N,2026-09-11T04:28:49.990377+00:00,data/raw/master/customers.csv,customers
CUST00003270,Alex Patel 3270,Enterprise,Philadelphia,Northeast,2025-07-08,D,No,Y,2026-09-11T04:28:49.990377+00:00,data/raw/master/customers.csv,customers
CUST00003271,Morgan Smith 3271,Enterprise,Jacksonville,Southeast,12/25/2019,a,Y,Y,2026-09-11T04:28:49.990377+00:00,data/raw/master/customers.csv,customers
CUST00003272,Morgan Lee 3272,consumer ,Denver,West,2021-12-02,C,Yes,True,2026-09-11T04:28:49.990377+00:00,data/raw/master/customers.csv,customers
CUST00003273,Alex Patel 3273,Small Business,Birmingham,Southeast,2026-01-06,C,1,Y,2026-09-11T04:28:49.990377+00:00,data/raw/master/customers.csv,customers
CUST00003274,Morgan Brown 3274,Enterprise,Denver,West,05/21/2022,D,Yes,N,2026-09-11T04:28:49.990377+00:00,data/raw/master/customers.csv,customers
CUST00003275,Morgan Patel 3275,Consumer,Dallas,Southwest,06/03/2021,B,0,Y,2026-09-11T04:28:49.990377+00:00,data/raw/master/customers.csv,customers
CUST00003276,Casey Kim 3276,Consumer,Indianapolis,Midwest,2019-04-30,B,0,True,2026-09-11T04:28:49.990377+00:00,data/raw/master/customers.csv,customers
CUST00003277,Alex Kim 3277,consumer ,Dallas,Southwest,01/10/2026,D,Yes,Y,2026-09-11T04:28:49.990377+00:00,data/raw/master/customers.csv,customers
CUST00003278,Riley Brown 3278,Enterprise,Jacksonville,Southeast,2021-01-18,A,Y,N,2026-09-11T04:28:49.990377+00:00,data/raw/master/customers.csv,customers
CUST00003279,Morgan Kim 3279,Government,Indianapolis,Midwest,2021-10-31,C,Yes,Y,2026-09-11T04:28:49.990377+00:00,data/raw/master/customers.csv,customers
CUST00003280,Casey Brown 3280,Government,Birmingham,Southeast,06/19/2018,C,N,Y,2026-09-11T04:28:49.990377+00:00,data/raw/master/customers.csv,customers
CUST00003281,Casey Kim 3281,consumer ,Jacksonville,Southeast,2024-08-28,D,1,N,2026-09-11T04:28:49.990377+00:00,data/raw/master/customers.csv,customers
CUST00003282,Alex Brown 3282,consumer ,Austin,Southwest,02/14/2026,D,Yes,Y,2026-09-11T04:28:49.990377+00:00,data/raw/master/customers.csv,customers
CUST00003283,Alex Garcia 3283,Enterprise,Birmingham,Southeast,03/23/2021,a,0,True,2026-09-11T04:28:49.990377+00:00,data/raw/master/customers.csv,customers
CUST00003284,Morgan Kim 3284,Consumer,Columbus,Midwest,05/07/2020,B,1,Y,2026-09-11T04:28:49.990377+00:00,data/raw/master/customers.csv,customers
CUST00003285,Taylor Smith 3285,consumer ,Chicago,Midwest,07/13/2021,a,N,Y,2026-09-11T04:28:49.990377+00:00,data/raw/master/customers.csv,customers
CUST00003286,Casey Smith 3286,consumer ,Portland,West,2023-03-21,a,1,Y,2026-09-11T04:28:49.990377+00:00,data/raw/master/customers.csv,customers
CUST00003287,Riley Patel 3287,Enterprise,Atlanta,Southeast,2024-03-31,A,Y,Y,2026-09-11T04:28:49.990377+00:00,data/raw/master/customers.csv,customers
CUST00003288,Morgan Kim 3288,Consumer,Nashville,Southeast,08/01/2019,C,N,True,2026-09-11T04:28:49.990377+00:00,data/raw/master/customers.csv,customers
CUST00003289,Jordan Garcia 3289,Government,Jacksonville,Southeast,07/17/2021,C,N,Y,2026-09-11T04:28:49.990377+00:00,data/raw/master/customers.csv,customers
CUST00003290,Morgan Kim 3290,Consumer,Indianapolis,Midwest,02/15/2022,C,1,Y,2026-09-11T04:28:49.990377+00:00,data/raw/master/customers.csv,customers
CUST00003291,Casey Kim 3291,Small Business,Austin,Southwest,2021-05-17,D,Y,Y,2026-09-11T04:28:49.990377+00:00,data/raw/master/customers.csv,customers
CUST00003292,Casey Smith 3292,Enterprise,Seattle,West,2020-06-07,a,Y,Y,2026-09-11T04:28:49.990377+00:00,data/raw/master/customers.csv,customers
CUST00003293,Casey Patel 3293,Enterprise,Columbus,Midwest,2022-08-02,a,No,Y,2026-09-11T04:28:49.990377+00:00,data/raw/master/customers.csv,customers
CUST00003294,Alex Kim 3294,Small Business,Detroit,Midwest,05/24/2025,A,No,N,2026-09-11T04:28:49.990377+00:00,data/raw/master/customers.csv,customers
CUST00003295,Riley Patel 3295,consumer ,Atlanta,Southeast,09/09/2019,a,No,Y,2026-09-11T04:28:49.990377+00:00,data/raw/master/customers.csv,customers
CUST00003296,Taylor Kim 3296,consumer ,Nashville,Southeast,12/21/2021,B,0,Y,2026-09-11T04:28:49.990377+00:00,data/raw/master/customers.csv,customers
CUST00003297,Jordan Kim 3297,Consumer,Nashville,Southeast,2019-05-01,C,1,N,2026-09-11T04:28:49.990377+00:00,data/raw/master/customers.csv,customers
CUST00003298,Taylor Smith 3298,Enterprise,Indianapolis,Midwest,2020-02-04,D,No,True,2026-09-11T04:28:49.990377+00:00,data/raw/master/customers.csv,customers
CUST00003299,Riley Lee 3299,Small Business,Birmingham,Southeast,2022-03-28,B,Y,True,2026-09-11T04:28:49.990377+00:00,data/raw/master/customers.csv,customers
CUST00003300,Alex Kim 3300,Small Business,Indianapolis,Midwest,2022-09-23,A,0,Y,2026-09-11T04:28:49.990377+00:00,data/raw/master/customers.csv,customers
CUST00003301,Jordan Kim 3301,Government,Columbus,Midwest,2018-02-10,B,Yes,True,2026-09-11T04:28:49.990377+00:00,data/raw/master/customers.csv,customers
CUST00003302,Morgan Brown 3302,consumer ,Philadelphia,Northeast,2023-10-15,C,N,N,2026-09-11T04:28:49.990377+00:00,data/raw/master/customers.csv,customers
CUST00003303,Morgan Kim 3303,Enterprise,Albuquerque,Southwest,2025-01-22,C,N,Y,2026-09-11T04:28:49.990377+00:00,data/raw/master/customers.csv,customers
CUST00003304,Riley Kim 3304,Government,Albuquerque,Southwest,2020-11-27,B,1,N,2026-09-11T04:28:49.990377+00:00,data/raw/master/customers.csv,customers
CUST00003305,Taylor Lee 3305,Government,Boston,Northeast,2025-12-04,D,No,True,2026-09-11T04:28:49.990377+00:00,data/raw/master/customers.csv,customers
CUST00003306,Riley Garcia 3306,Government,Atlanta,Southeast,2018-02-26,D,N,N,2026-09-11T04:28:49.990377+00:00,data/raw/master/customers.csv,customers
CUST00003307,Alex Lee 3307,consumer ,Jacksonville,Southeast,10/31/2022,D,No,Y,2026-09-11T04:28:49.990377+00:00,data/raw/master/customers.csv,customers
CUST00003308,Jordan Brown 3308,Small Business,Phoenix,Southwest,2024-07-05,B,No,Y,2026-09-11T04:28:49.990377+00:00,data/raw/master/customers.csv,customers
CUST00003309,Jordan Lee 3309,Small Business,Philadelphia,Northeast,2020-01-18,a,No,Y,2026-09-11T04:28:49.990377+00:00,data/raw/master/customers.csv,customers
CUST00003310,Casey Garcia 3310,Consumer,Albany,Northeast,2020-11-25,B,Yes,N,2026-09-11T04:28:49.990377+00:00,data/raw/master/customers.csv,customers
CUST00003311,Riley Smith 3311,Government,Austin,Southwest,02/19/2025,B,0,True,2026-09-11T04:28:49.990377+00:00,data/raw/master/customers.csv,customers
CUST00003312,Jordan Brown 3312,Consumer,Albuquerque,Southwest,2019-09-12,B,1,True,2026-09-11T04:28:49.990377+00:00,data/raw/master/customers.csv,customers
CUST00003313,Casey Brown 3313,Government,Jacksonville,Southeast,11/23/2025,A,No,True,2026-09-11T04:28:49.990377+00:00,data/raw/master/customers.csv,customers
CUST00003314,Casey Brown 3314,Consumer,Chicago,Midwest,2018-11-15,B,0,Y,2026-09-11T04:28:49.990377+00:00,data/raw/master/customers.csv,customers
CUST00003315,Alex Smith 3315,Enterprise,Buffalo,Northeast,08/20/2025,A,0,True,2026-09-11T04:28:49.990377+00:00,data/raw/master/customers.csv,customers
CUST00003316,Alex Garcia 3316,Enterprise,Portland,West,09/07/2022,B,0,True,2026-09-11T04:28:49.990377+00:00,data/raw/master/customers.csv,customers
CUST00003317,Riley Kim 3317,Government,Denver,West,09/11/2024,C,0,Y,2026-09-11T04:28:49.990377+00:00,data/raw/master/customers.csv,customers
CUST00003318,Taylor Brown 3318,consumer ,Columbus,Midwest,11/27/2021,D,Y,Y,2026-09-11T04:28:49.990377+00:00,data/raw/master/customers.csv,customers
CUST00003319,Casey Kim 3319,Enterprise,Philadelphia,Northeast,2022-06-15,D,N,Y,2026-09-11T04:28:49.990377+00:00,data/raw/master/customers.csv,customers
CUST00003320,Jordan Patel 3320,Consumer,Detroit,Midwest,2019-08-23,C,Yes,True,2026-09-11T04:28:49.990377+00:00,data/raw/master/customers.csv,customers
CUST00003321,Casey Patel 3321,consumer ,Portland,West,08/17/2019,B,No,Y,2026-09-11T04:28:49.990377+00:00,data/raw/master/customers.csv,customers
CUST00003322,Alex Patel 3322,Small Business,Denver,West,2020-03-06,A,N,N,2026-09-11T04:28:49.990377+00:00,data/raw/master/customers.csv,customers
CUST00003323,Riley Brown 3323,consumer ,Birmingham,Southeast,2020-11-19,a,No,N,2026-09-11T04:28:49.990377+00:00,data/raw/master/customers.csv,customers
CUST00003324,Casey Smith 3324,Government,Phoenix,Southwest,2020-06-27,D,1,Y,2026-09-11T04:28:49.990377+00:00,data/raw/master/customers.csv,customers
CUST00003325,Morgan Brown 3325,Enterprise,Columbus,Midwest,2021-07-07,A,Yes,True,2026-09-11T04:28:49.990377+00:00,data/raw/master/customers.csv,customers
CUST00003326,Riley Garcia 3326,Government,Nashville,Southeast,08/17/2024,a,Y,True,2026-09-11T04:28:49.990377+00:00,data/raw/master/customers.csv,customers
CUST00003327,Morgan Kim 3327,Consumer,Jacksonville,Southeast,2025-08-05,B,1,Y,2026-09-11T04:28:49.990377+00:00,data/raw/master/customers.csv,customers
CUST00003328,Alex Patel 3328,Enterprise,San Diego,West,2019-02-26,a,N,True,2026-09-11T04:28:49.990377+00:00,data/raw/master/customers.csv,customers
CUST00003329,Riley Smith 3329,Small Business,Nashville,Southeast,2019-06-19,B,N,Y,2026-09-11T04:28:49.990377+00:00,data/raw/master/customers.csv,customers
CUST00003330,Jordan Kim 3330,Enterprise,Chicago,Midwest,2018-06-25,C,No,N,2026-09-11T04:28:49.990377+00:00,data/raw/master/customers.csv,customers
CUST00003331,Riley Brown 3331,Consumer,San Diego,West,08/01/2018,B,No,True,2026-09-11T04:28:49.990377+00:00,data/raw/master/customers.csv,customers
CUST00003332,Alex Smith 3332,Enterprise,Chicago,Midwest,2021-07-21,B,N,True,2026-09-11T04:28:49.990377+00:00,data/raw/master/customers.csv,customers
CUST00003333,Casey Brown 3333,Government,Austin,Southwest,03/02/2026,a,Y,Y,2026-09-11T04:28:49.990377+00:00,data/raw/master/customers.csv,customers
CUST00003334,Jordan Lee 3334,Consumer,Birmingham,Southeast,2019-06-20,A,Yes,Y,2026-09-11T04:28:49.990377+00:00,data/raw/master/customers.csv,customers
CUST00003335,Morgan Brown 3335,Government,Nashville,Southeast,2020-09-16,A,1,Y,2026-09-11T04:28:49.990377+00:00,data/raw/master/customers.csv,customers
CUST00003336,Morgan Kim 3336,Small Business,Phoenix,Southwest,2019-01-27,B,N,Y,2026-09-11T04:28:49.990377+00:00,data/raw/master/customers.csv,customers
CUST00003337,Jordan Patel 3337,Government,Columbus,Midwest,2020-12-23,a,0,True,2026-09-11T04:28:49.990377+00:00,data/raw/master/customers.csv,customers
CUST00003338,Casey Kim 3338,Consumer,Chicago,Midwest,02/13/2025,B,N,Y,2026-09-11T04:28:49.990377+00:00,data/raw/master/customers.csv,customers
CUST00003339,Riley Smith 3339,Consumer,Philadelphia,Northeast,07/30/2020,C,Yes,N,2026-09-11T04:28:49.990377+00:00,data/raw/master/customers.csv,customers
CUST00003340,Taylor Lee 3340,consumer ,Boston,Northeast,2021-04-14,B,No,True,2026-09-11T04:28:49.990377+00:00,data/raw/master/customers.csv,customers
CUST00003341,Casey Smith 3341,Consumer,Albuquerque,Southwest,2021-06-12,D,N,Y,2026-09-11T04:28:49.990377+00:00,data/raw/master/customers.csv,customers
CUST00003342,Riley Garcia 3342,Consumer,Nashville,Southeast,2025-04-15,A,Y,Y,2026-09-11T04:28:49.990377+00:00,data/raw/master/customers.csv,customers
CUST00003343,Taylor Patel 3343,consumer ,Nashville,Southeast,03/05/2025,A,N,N,2026-09-11T04:28:49.990377+00:00,data/raw/master/customers.csv,customers
CUST00003344,Riley Lee 3344,Small Business,Albuquerque,Southwest,10/25/2022,a,No,Y,2026-09-11T04:28:49.990377+00:00,data/raw/master/customers.csv,customers
CUST00003345,Morgan Patel 3345,Enterprise,Austin,Southwest,2023-08-01,A,0,True,2026-09-11T04:28:49.990377+00:00,data/raw/master/customers.csv,customers
CUST00003346,Jordan Garcia 3346,Government,Portland,West,2023-06-09,B,Y,Y,2026-09-11T04:28:49.990377+00:00,data/raw/master/customers.csv,customers
CUST00003347,Taylor Kim 3347,Small Business,Phoenix,Southwest,2018-08-24,A,No,Y,2026-09-11T04:28:49.990377+00:00,data/raw/master/customers.csv,customers
CUST00003348,Riley Kim 3348,Government,Denver,West,2019-01-17,C,1,True,2026-09-11T04:28:49.990377+00:00,data/raw/master/customers.csv,customers
CUST00003349,Jordan Garcia 3349,Small Business,Austin,Southwest,2021-06-01,C,No,Y,2026-09-11T04:28:49.990377+00:00,data/raw/master/customers.csv,customers
CUST00003350,Riley Kim 3350,Enterprise,Austin,Southwest,2018-09-12,C,Yes,Y,2026-09-11T04:28:49.990377+00:00,data/raw/master/customers.csv,customers
CUST00003351,Morgan Garcia 3351,Enterprise,Buffalo,Northeast,08/20/2020,C,Yes,Y,2026-09-11T04:28:49.990377+00:00,data/raw/master/customers.csv,customers
CUST00003352,Alex Patel 3352,Enterprise,Boston,Northeast,2024-06-26,A,Yes,True,2026-09-11T04:28:49.990377+00:00,data/raw/master/customers.csv,customers
CUST00003353,Riley Patel 3353,Enterprise,Albuquerque,Southwest,12/28/2021,a,Yes,Y,2026-09-11T04:28:49.990377+00:00,data/raw/master/customers.csv,customers
CUST00003354,Morgan Lee 3354,consumer ,Phoenix,Southwest,2021-06-24,A,1,N,2026-09-11T04:28:49.990377+00:00,data/raw/master/customers.csv,customers
CUST00003355,Morgan Smith 3355,consumer ,Phoenix,Southwest,2019-03-10,B,1,N,2026-09-11T04:28:49.990377+00:00,data/raw/master/customers.csv,customers
CUST00003356,Alex Smith 3356,Consumer,Portland,West,2021-02-09,B,Yes,Y,2026-09-11T04:28:49.990377+00:00,data/raw/master/customers.csv,customers
CUST00003357,Alex Patel 3357,Government,Denver,West,2024-06-02,C,1,Y,2026-09-11T04:28:49.990377+00:00,data/raw/master/customers.csv,customers
CUST00003358,Alex Kim 3358,Small Business,Boston,Northeast,04/26/2022,a,0,True,2026-09-11T04:28:49.990377+00:00,data/raw/master/customers.csv,customers
CUST00003359,Morgan Brown 3359,Consumer,Indianapolis,Midwest,2022-04-19,A,1,N,2026-09-11T04:28:49.990377+00:00,data/raw/master/customers.csv,customers
CUST00003360,Taylor Patel 3360,Small Business,Austin,Southwest,03/05/2018,C,Y,Y,2026-09-11T04:28:49.990377+00:00,data/raw/master/customers.csv,customers
CUST00003361,Taylor Garcia 3361,Small Business,Denver,West,2018-07-06,A,No,True,2026-09-11T04:28:49.990377+00:00,data/raw/master/customers.csv,customers
CUST00003362,Jordan Kim 3362,consumer ,Austin,Southwest,2018-11-08,A,1,Y,2026-09-11T04:28:49.990377+00:00,data/raw/master/customers.csv,customers
CUST00003363,Morgan Garcia 3363,Enterprise,Albuquerque,Southwest,03/29/2026,D,0,Y,2026-09-11T04:28:49.990377+00:00,data/raw/master/customers.csv,customers
CUST00003364,Jordan Lee 3364,Small Business,Birmingham,Southeast,2022-11-07,A,No,N,2026-09-11T04:28:49.990377+00:00,data/raw/master/customers.csv,customers
CUST00003365,Jordan Garcia 3365,Government,Buffalo,Northeast,05/06/2025,A,No,True,2026-09-11T04:28:49.990377+00:00,data/raw/master/customers.csv,customers
CUST00003366,Riley Patel 3366,Consumer,Seattle,West,2023-09-14,a,Yes,Y,2026-09-11T04:28:49.990377+00:00,data/raw/master/customers.csv,customers
CUST00003367,Taylor Kim 3367,Government,Dallas,Southwest,12/15/2021,A,No,Y,2026-09-11T04:28:49.990377+00:00,data/raw/master/customers.csv,customers
CUST00003368,Casey Smith 3368,consumer ,Detroit,Midwest,2019-05-21,B,Y,Y,2026-09-11T04:28:49.990377+00:00,data/raw/master/customers.csv,customers
CUST00003369,Taylor Kim 3369,Enterprise,Birmingham,Southeast,2019-12-22,B,Y,Y,2026-09-11T04:28:49.990377+00:00,data/raw/master/customers.csv,customers
CUST00003370,Taylor Patel 3370,consumer ,Boston,Northeast,2026-01-31,C,0,Y,2026-09-11T04:28:49.990377+00:00,data/raw/master/customers.csv,customers
CUST00003371,Riley Smith 3371,Consumer,Jacksonville,Southeast,04/04/2023,a,1,True,2026-09-11T04:28:49.990377+00:00,data/raw/master/customers.csv,customers
CUST00003372,Riley Brown 3372,Government,Columbus,Midwest,2024-08-14,A,0,True,2026-09-11T04:28:49.990377+00:00,data/raw/master/customers.csv,customers
CUST00003373,Morgan Garcia 3373,Small Business,Chicago,Midwest,02/02/2020,D,N,Y,2026-09-11T04:28:49.990377+00:00,data/raw/master/customers.csv,customers
CUST00003374,Morgan Patel 3374,Government,Jacksonville,Southeast,2026-02-12,a,Y,Y,2026-09-11T04:28:49.990377+00:00,data/raw/master/customers.csv,customers
CUST00003375,Morgan Lee 3375,Consumer,Jacksonville,Southeast,2025-01-11,A,0,True,2026-09-11T04:28:49.990377+00:00,data/raw/master/customers.csv,customers
CUST00003376,Taylor Lee 3376,Consumer,Austin,Southwest,2025-08-17,C,Yes,N,2026-09-11T04:28:49.990377+00:00,data/raw/master/customers.csv,customers
CUST00003377,Casey Smith 3377,Government,Denver,West,2021-11-23,C,Y,N,2026-09-11T04:28:49.990377+00:00,data/raw/master/customers.csv,customers
CUST00003378,Morgan Garcia 3378,Enterprise,Albuquerque,Southwest,12/18/2020,D,0,Y,2026-09-11T04:28:49.990377+00:00,data/raw/master/customers.csv,customers
CUST00003379,Morgan Smith 3379,consumer ,Portland,West,01/02/2025,D,1,N,2026-09-11T04:28:49.990377+00:00,data/raw/master/customers.csv,customers
CUST00003380,Morgan Kim 3380,Government,Buffalo,Northeast,2022-08-29,B,Y,Y,2026-09-11T04:28:49.990377+00:00,data/raw/master/customers.csv,customers
CUST00003381,Casey Kim 3381,Consumer,Dallas,Southwest,04/17/2024,A,0,Y,2026-09-11T04:28:49.990377+00:00,data/raw/master/customers.csv,customers
CUST00003382,Alex Brown 3382,consumer ,Detroit,Midwest,05/07/2024,A,0,True,2026-09-11T04:28:49.990377+00:00,data/raw/master/customers.csv,customers
CUST00003383,Riley Garcia 3383,consumer ,Columbus,Midwest,05/21/2019,B,Yes,Y,2026-09-11T04:28:49.990377+00:00,data/raw/master/customers.csv,customers
CUST00003384,Casey Smith 3384,Enterprise,Portland,West,2022-05-04,D,0,Y,2026-09-11T04:28:49.990377+00:00,data/raw/master/customers.csv,customers
CUST00003385,Casey Kim 3385,Enterprise,Indianapolis,Midwest,05/02/2021,A,No,True,2026-09-11T04:28:49.990377+00:00,data/raw/master/customers.csv,customers
CUST00003386,Taylor Lee 3386,Small Business,Indianapolis,Midwest,2021-05-18,D,Y,N,2026-09-11T04:28:49.990377+00:00,data/raw/master/customers.csv,customers
CUST00003387,Alex Patel 3387,Enterprise,Philadelphia,Northeast,10/12/2024,C,1,N,2026-09-11T04:28:49.990377+00:00,data/raw/master/customers.csv,customers
CUST00003388,Riley Kim 3388,Small Business,Buffalo,Northeast,2020-09-20,A,1,Y,2026-09-11T04:28:49.990377+00:00,data/raw/master/customers.csv,customers
CUST00003389,Casey Kim 3389,consumer ,Albuquerque,Southwest,07/14/2024,B,0,Y,2026-09-11T04:28:49.990377+00:00,data/raw/master/customers.csv,customers
CUST00003390,Jordan Kim 3390,Small Business,Chicago,Midwest,2021-08-31,D,1,Y,2026-09-11T04:28:49.990377+00:00,data/raw/master/customers.csv,customers
CUST00003391,Jordan Patel 3391,consumer ,Austin,Southwest,10/26/2024,B,0,True,2026-09-11T04:28:49.990377+00:00,data/raw/master/customers.csv,customers
CUST00003392,Casey Kim 3392,Government,Indianapolis,Midwest,2022-01-15,C,N,True,2026-09-11T04:28:49.990377+00:00,data/raw/master/customers.csv,customers
CUST00003393,Alex Garcia 3393,Consumer,Detroit,Midwest,02/06/2025,B,Yes,Y,2026-09-11T04:28:49.990377+00:00,data/raw/master/customers.csv,customers
CUST00003394,Alex Brown 3394,Government,Birmingham,Southeast,02/26/2021,A,Y,N,2026-09-11T04:28:49.990377+00:00,data/raw/master/customers.csv,customers
CUST00003395,Morgan Lee 3395,Consumer,Portland,West,2022-10-30,B,Y,Y,2026-09-11T04:28:49.990377+00:00,data/raw/master/customers.csv,customers
CUST00003396,Morgan Brown 3396,Government,Indianapolis,Midwest,09/17/2021,a,0,Y,2026-09-11T04:28:49.990377+00:00,data/raw/master/customers.csv,customers
CUST00003397,Jordan Smith 3397,Enterprise,Albuquerque,Southwest,2023-06-12,A,Y,True,2026-09-11T04:28:49.990377+00:00,data/raw/master/customers.csv,customers
CUST00003398,Taylor Brown 3398,Small Business,Nashville,Southeast,01/31/2019,D,N,N,2026-09-11T04:28:49.990377+00:00,data/raw/master/customers.csv,customers
CUST00003399,Morgan Smith 3399,Consumer,Seattle,West,2019-06-26,a,Yes,Y,2026-09-11T04:28:49.990377+00:00,data/raw/master/customers.csv,customers
CUST00003400,Jordan Garcia 3400,Consumer,Philadelphia,Northeast,2025-07-08,B,0,N,2026-09-11T04:28:49.990377+00:00,data/raw/master/customers.csv,customers
CUST00003401,Morgan Garcia 3401,Consumer,Albany,Northeast,08/01/2022,C,0,True,2026-09-11T04:28:49.990377+00:00,data/raw/master/customers.csv,customers
CUST00003402,Taylor Garcia 3402,Small Business,Portland,West,06/08/2022,B,Y,Y,2026-09-11T04:28:49.990377+00:00,data/raw/master/customers.csv,customers
CUST00003403,Casey Kim 3403,Enterprise,Buffalo,Northeast,2020-03-20,a,0,Y,2026-09-11T04:28:49.990377+00:00,data/raw/master/customers.csv,customers
CUST00003404,Jordan Patel 3404,Government,Albuquerque,Southwest,2026-03-22,a,N,Y,2026-09-11T04:28:49.990377+00:00,data/raw/master/customers.csv,customers
CUST00003405,Casey Patel 3405,consumer ,Detroit,Midwest,07/18/2022,B,Yes,True,2026-09-11T04:28:49.990377+00:00,data/raw/master/customers.csv,customers
CUST00003406,Jordan Brown 3406,Small Business,Philadelphia,Northeast,03/11/2024,D,1,True,2026-09-11T04:28:49.990377+00:00,data/raw/master/customers.csv,customers
CUST00003407,Morgan Garcia 3407,Small Business,Denver,West,2019-09-14,a,No,Y,2026-09-11T04:28:49.990377+00:00,data/raw/master/customers.csv,customers
CUST00003408,Morgan Kim 3408,consumer ,Portland,West,2024-03-12,D,Yes,Y,2026-09-11T04:28:49.990377+00:00,data/raw/master/customers.csv,customers
CUST00003409,Taylor Garcia 3409,consumer ,Dallas,Southwest,2021-12-09,D,No,True,2026-09-11T04:28:49.990377+00:00,data/raw/master/customers.csv,customers
CUST00003410,Alex Garcia 3410,Government,San Diego,West,12/21/2022,D,N,Y,2026-09-11T04:28:49.990377+00:00,data/raw/master/customers.csv,customers
CUST00003411,Riley Kim 3411,Consumer,Indianapolis,Midwest,11/10/2021,B,No,True,2026-09-11T04:28:49.990377+00:00,data/raw/master/customers.csv,customers
CUST00003412,Alex Lee 3412,Enterprise,Phoenix,Southwest,2024-02-28,a,Y,Y,2026-09-11T04:28:49.990377+00:00,data/raw/master/customers.csv,customers
CUST00003413,Taylor Kim 3413,Government,Nashville,Southeast,2022-11-22,A,Yes,Y,2026-09-11T04:28:49.990377+00:00,data/raw/master/customers.csv,customers
CUST00003414,Jordan Garcia 3414,Small Business,Denver,West,04/19/2026,A,1,True,2026-09-11T04:28:49.990377+00:00,data/raw/master/customers.csv,customers
CUST00003415,Alex Kim 3415,Small Business,Nashville,Southeast,03/09/2018,B,N,Y,2026-09-11T04:28:49.990377+00:00,data/raw/master/customers.csv,customers
CUST00003416,Taylor Smith 3416,Government,Philadelphia,Northeast,2022-12-09,A,No,True,2026-09-11T04:28:49.990377+00:00,data/raw/master/customers.csv,customers
CUST00003417,Riley Kim 3417,Government,San Diego,West,2019-12-22,B,1,Y,2026-09-11T04:28:49.990377+00:00,data/raw/master/customers.csv,customers
CUST00003418,Casey Garcia 3418,Government,Columbus,Midwest,11/18/2022,C,No,True,2026-09-11T04:28:49.990377+00:00,data/raw/master/customers.csv,customers
CUST00003419,Morgan Patel 3419,consumer ,Nashville,Southeast,01/17/2025,D,N,Y,2026-09-11T04:28:49.990377+00:00,data/raw/master/customers.csv,customers
CUST00003420,Jordan Kim 3420,consumer ,Columbus,Midwest,06/14/2025,C,No,True,2026-09-11T04:28:49.990377+00:00,data/raw/master/customers.csv,customers
CUST00003421,Casey Kim 3421,Small Business,Albany,Northeast,2025-04-08,a,No,Y,2026-09-11T04:28:49.990377+00:00,data/raw/master/customers.csv,customers
CUST00003422,Taylor Patel 3422,Enterprise,Philadelphia,Northeast,06/27/2022,D,Y,N,2026-09-11T04:28:49.990377+00:00,data/raw/master/customers.csv,customers
CUST00003423,Alex Smith 3423,Enterprise,Birmingham,Southeast,09/09/2022,A,1,Y,2026-09-11T04:28:49.990377+00:00,data/raw/master/customers.csv,customers
CUST00003424,Morgan Lee 3424,Enterprise,Denver,West,12/16/2020,C,1,Y,2026-09-11T04:28:49.990377+00:00,data/raw/master/customers.csv,customers
CUST00003425,Casey Lee 3425,Consumer,Detroit,Midwest,2021-04-20,A,Y,True,2026-09-11T04:28:49.990377+00:00,data/raw/master/customers.csv,customers
CUST00003426,Jordan Lee 3426,Small Business,Nashville,Southeast,04/22/2021,B,Y,Y,2026-09-11T04:28:49.990377+00:00,data/raw/master/customers.csv,customers
CUST00003427,Riley Smith 3427,Enterprise,Jacksonville,Southeast,2020-05-10,B,1,N,2026-09-11T04:28:49.990377+00:00,data/raw/master/customers.csv,customers
CUST00003428,Morgan Brown 3428,Government,Detroit,Midwest,05/25/2025,C,1,N,2026-09-11T04:28:49.990377+00:00,data/raw/master/customers.csv,customers
CUST00003429,Riley Garcia 3429,Enterprise,Albuquerque,Southwest,02/24/2025,B,Yes,Y,2026-09-11T04:28:49.990377+00:00,data/raw/master/customers.csv,customers
CUST00003430,Alex Kim 3430,consumer ,Denver,West,2024-08-26,A,1,Y,2026-09-11T04:28:49.990377+00:00,data/raw/master/customers.csv,customers
CUST00003431,Casey Smith 3431,Small Business,Seattle,West,2021-12-11,a,No,Y,2026-09-11T04:28:49.990377+00:00,data/raw/master/customers.csv,customers
CUST00003432,Alex Smith 3432,Consumer,Buffalo,Northeast,09/16/2019,C,Y,Y,2026-09-11T04:28:49.990377+00:00,data/raw/master/customers.csv,customers
CUST00003433,Morgan Lee 3433,Government,Jacksonville,Southeast,08/13/2018,a,0,Y,2026-09-11T04:28:49.990377+00:00,data/raw/master/customers.csv,customers
CUST00003434,Riley Smith 3434,Government,Chicago,Midwest,2026-01-29,A,N,N,2026-09-11T04:28:49.990377+00:00,data/raw/master/customers.csv,customers
CUST00003435,Taylor Garcia 3435,Enterprise,Dallas,Southwest,2023-01-08,B,1,True,2026-09-11T04:28:49.990377+00:00,data/raw/master/customers.csv,customers
CUST00003436,Jordan Brown 3436,Government,Detroit,Midwest,2025-05-07,A,No,Y,2026-09-11T04:28:49.990377+00:00,data/raw/master/customers.csv,customers
CUST00003437,Riley Garcia 3437,Enterprise,Indianapolis,Midwest,04/17/2021,A,0,Y,2026-09-11T04:28:49.990377+00:00,data/raw/master/customers.csv,customers
CUST00003438,Taylor Kim 3438,Enterprise,Atlanta,Southeast,01/19/2026,a,1,True,2026-09-11T04:28:49.990377+00:00,data/raw/master/customers.csv,customers
CUST00003439,Morgan Kim 3439,Consumer,Boston,Northeast,2025-10-17,A,Y,True,2026-09-11T04:28:49.990377+00:00,data/raw/master/customers.csv,customers
CUST00003440,Jordan Brown 3440,consumer ,Denver,West,09/09/2021,D,0,Y,2026-09-11T04:28:49.990377+00:00,data/raw/master/customers.csv,customers
CUST00003441,Riley Patel 3441,Enterprise,Phoenix,Southwest,10/13/2023,D,N,Y,2026-09-11T04:28:49.990377+00:00,data/raw/master/customers.csv,customers
CUST00003442,Taylor Patel 3442,consumer ,Indianapolis,Midwest,01/24/2024,C,N,Y,2026-09-11T04:28:49.990377+00:00,data/raw/master/customers.csv,customers
CUST00003443,Taylor Garcia 3443,Government,Boston,Northeast,10/08/2023,B,1,N,2026-09-11T04:28:49.990377+00:00,data/raw/master/customers.csv,customers
CUST00003444,Morgan Lee 3444,consumer ,Boston,Northeast,2023-01-12,D,0,Y,2026-09-11T04:28:49.990377+00:00,data/raw/master/customers.csv,customers
CUST00003445,Casey Smith 3445,Small Business,Detroit,Midwest,2019-12-10,A,1,True,2026-09-11T04:28:49.990377+00:00,data/raw/master/customers.csv,customers
CUST00003446,Taylor Brown 3446,Government,Albany,Northeast,2019-07-28,A,N,Y,2026-09-11T04:28:49.990377+00:00,data/raw/master/customers.csv,customers
CUST00003447,Jordan Brown 3447,Consumer,Detroit,Midwest,08/13/2018,B,1,True,2026-09-11T04:28:49.990377+00:00,data/raw/master/customers.csv,customers
CUST00003448,Taylor Lee 3448,consumer ,Jacksonville,Southeast,12/02/2020,C,0,Y,2026-09-11T04:28:49.990377+00:00,data/raw/master/customers.csv,customers
CUST00003449,Riley Patel 3449,Consumer,Portland,West,2023-04-13,a,1,True,2026-09-11T04:28:49.990377+00:00,data/raw/master/customers.csv,customers
CUST00003450,Casey Patel 3450,Enterprise,Philadelphia,Northeast,10/10/2020,A,Y,Y,2026-09-11T04:28:49.990377+00:00,data/raw/master/customers.csv,customers
CUST00003451,Riley Kim 3451,Enterprise,Denver,West,2026-04-22,B,N,True,2026-09-11T04:28:49.990377+00:00,data/raw/master/customers.csv,customers
CUST00003452,Taylor Patel 3452,Government,Dallas,Southwest,2019-01-24,A,Y,Y,2026-09-11T04:28:49.990377+00:00,data/raw/master/customers.csv,customers
CUST00003453,Morgan Kim 3453,Small Business,Denver,West,2018-12-06,D,No,Y,2026-09-11T04:28:49.990377+00:00,data/raw/master/customers.csv,customers
CUST00003454,Casey Kim 3454,Government,Birmingham,Southeast,04/03/2018,C,0,Y,2026-09-11T04:28:49.990377+00:00,data/raw/master/customers.csv,customers
CUST00003455,Riley Smith 3455,consumer ,Seattle,West,2020-02-17,C,Yes,N,2026-09-11T04:28:49.990377+00:00,data/raw/master/customers.csv,customers
CUST00003456,Casey Lee 3456,Enterprise,Chicago,Midwest,02/05/2022,a,0,Y,2026-09-11T04:28:49.990377+00:00,data/raw/master/customers.csv,customers
CUST00003457,Casey Smith 3457,Enterprise,Denver,West,11/13/2023,B,0,Y,2026-09-11T04:28:49.990377+00:00,data/raw/master/customers.csv,customers
CUST00003458,Riley Smith 3458,Small Business,Jacksonville,Southeast,01/06/2026,a,No,Y,2026-09-11T04:28:49.990377+00:00,data/raw/master/customers.csv,customers
CUST00003459,Taylor Brown 3459,Enterprise,Portland,West,2024-12-14,D,Y,Y,2026-09-11T04:28:49.990377+00:00,data/raw/master/customers.csv,customers
CUST00003460,Jordan Kim 3460,Enterprise,Boston,Northeast,05/15/2021,a,Y,N,2026-09-11T04:28:49.990377+00:00,data/raw/master/customers.csv,customers
CUST00003461,Morgan Smith 3461,Enterprise,Phoenix,Southwest,11/09/2024,D,N,Y,2026-09-11T04:28:49.990377+00:00,data/raw/master/customers.csv,customers
CUST00003462,Morgan Lee 3462,Enterprise,Columbus,Midwest,05/28/2021,D,No,Y,2026-09-11T04:28:49.990377+00:00,data/raw/master/customers.csv,customers
CUST00003463,Alex Garcia 3463,Small Business,Austin,Southwest,05/25/2018,D,Y,Y,2026-09-11T04:28:49.990377+00:00,data/raw/master/customers.csv,customers
CUST00003464,Taylor Patel 3464,Government,Phoenix,Southwest,01/24/2026,a,0,Y,2026-09-11T04:28:49.990377+00:00,data/raw/master/customers.csv,customers
CUST00003465,Taylor Brown 3465,Small Business,Nashville,Southeast,05/04/2024,A,N,Y,2026-09-11T04:28:49.990377+00:00,data/raw/master/customers.csv,customers
CUST00003466,Riley Brown 3466,Enterprise,Birmingham,Southeast,07/10/2022,a,No,Y,2026-09-11T04:28:49.990377+00:00,data/raw/master/customers.csv,customers
CUST00003467,Jordan Smith 3467,Small Business,Chicago,Midwest,2024-12-14,C,No,Y,2026-09-11T04:28:49.990377+00:00,data/raw/master/customers.csv,customers
CUST00003468,Morgan Garcia 3468,Government,Buffalo,Northeast,04/12/2019,A,0,Y,2026-09-11T04:28:49.990377+00:00,data/raw/master/customers.csv,customers
CUST00003469,Taylor Smith 3469,consumer ,Atlanta,Southeast,2020-01-31,C,Y,True,2026-09-11T04:28:49.990377+00:00,data/raw/master/customers.csv,customers
CUST00003470,Riley Lee 3470,consumer ,Philadelphia,Northeast,2022-04-06,D,1,Y,2026-09-11T04:28:49.990377+00:00,data/raw/master/customers.csv,customers
CUST00003471,Morgan Smith 3471,consumer ,Columbus,Midwest,2026-02-10,C,N,N,2026-09-11T04:28:49.990377+00:00,data/raw/master/customers.csv,customers
CUST00003472,Jordan Kim 3472,Enterprise,Denver,West,06/12/2025,B,No,True,2026-09-11T04:28:49.990377+00:00,data/raw/master/customers.csv,customers
CUST00003473,Taylor Brown 3473,consumer ,San Diego,West,2019-04-23,B,N,Y,2026-09-11T04:28:49.990377+00:00,data/raw/master/customers.csv,customers
CUST00003474,Taylor Garcia 3474,Enterprise,Columbus,Midwest,2024-08-06,a,N,Y,2026-09-11T04:28:49.990377+00:00,data/raw/master/customers.csv,customers
CUST00003475,Taylor Patel 3475,Consumer,Birmingham,Southeast,03/31/2024,C,N,N,2026-09-11T04:28:49.990377+00:00,data/raw/master/customers.csv,customers
CUST00003476,Morgan Lee 3476,Small Business,Atlanta,Southeast,11/11/2019,a,1,Y,2026-09-11T04:28:49.990377+00:00,data/raw/master/customers.csv,customers
CUST00003477,Riley Garcia 3477,Government,Austin,Southwest,2019-12-28,a,No,Y,2026-09-11T04:28:49.990377+00:00,data/raw/master/customers.csv,customers
CUST00003478,Riley Kim 3478,Small Business,Chicago,Midwest,2022-08-19,a,1,True,2026-09-11T04:28:49.990377+00:00,data/raw/master/customers.csv,customers
CUST00003479,Riley Brown 3479,consumer ,Seattle,West,2021-03-31,a,N,Y,2026-09-11T04:28:49.990377+00:00,data/raw/master/customers.csv,customers
CUST00003480,Riley Lee 3480,Small Business,Denver,West,2023-11-06,A,Y,True,2026-09-11T04:28:49.990377+00:00,data/raw/master/customers.csv,customers
CUST00003481,Alex Smith 3481,consumer ,Dallas,Southwest,09/28/2024,C,Y,N,2026-09-11T04:28:49.990377+00:00,data/raw/master/customers.csv,customers
CUST00003482,Jordan Patel 3482,Small Business,Columbus,Midwest,01/11/2026,C,1,N,2026-09-11T04:28:49.990377+00:00,data/raw/master/customers.csv,customers
CUST00003483,Taylor Patel 3483,Consumer,Denver,West,2022-10-16,D,No,True,2026-09-11T04:28:49.990377+00:00,data/raw/master/customers.csv,customers
CUST00003484,Taylor Kim 3484,Enterprise,Albuquerque,Southwest,08/03/2024,B,No,True,2026-09-11T04:28:49.990377+00:00,data/raw/master/customers.csv,customers
CUST00003485,Morgan Patel 3485,consumer ,Denver,West,11/12/2023,A,0,N,2026-09-11T04:28:49.990377+00:00,data/raw/master/customers.csv,customers
CUST00003486,Jordan Brown 3486,consumer ,Indianapolis,Midwest,2025-09-17,A,0,Y,2026-09-11T04:28:49.990377+00:00,data/raw/master/customers.csv,customers
CUST00003487,Jordan Lee 3487,Small Business,Indianapolis,Midwest,02/28/2019,a,No,Y,2026-09-11T04:28:49.990377+00:00,data/raw/master/customers.csv,customers
CUST00003488,Casey Brown 3488,Government,Denver,West,2023-09-04,a,0,True,2026-09-11T04:28:49.990377+00:00,data/raw/master/customers.csv,customers
CUST00003489,Alex Garcia 3489,Government,Albuquerque,Southwest,2021-12-30,A,1,True,2026-09-11T04:28:49.990377+00:00,data/raw/master/customers.csv,customers
CUST00003490,Morgan Smith 3490,Small Business,Austin,Southwest,03/19/2019,D,1,Y,2026-09-11T04:28:49.990377+00:00,data/raw/master/customers.csv,customers
CUST00003491,Jordan Brown 3491,consumer ,Chicago,Midwest,03/18/2025,A,1,Y,2026-09-11T04:28:49.990377+00:00,data/raw/master/customers.csv,customers
CUST00003492,Riley Smith 3492,consumer ,Boston,Northeast,2024-01-23,B,Y,Y,2026-09-11T04:28:49.990377+00:00,data/raw/master/customers.csv,customers
CUST00003493,Morgan Lee 3493,Consumer,Birmingham,Southeast,03/10/2026,B,No,Y,2026-09-11T04:28:49.990377+00:00,data/raw/master/customers.csv,customers
CUST00003494,Morgan Smith 3494,Government,Birmingham,Southeast,2023-06-19,a,0,Y,2026-09-11T04:28:49.990377+00:00,data/raw/master/customers.csv,customers
CUST00003495,Jordan Brown 3495,Enterprise,Boston,Northeast,2021-04-18,a,N,Y,2026-09-11T04:28:49.990377+00:00,data/raw/master/customers.csv,customers
CUST00003496,Riley Brown 3496,Enterprise,Indianapolis,Midwest,12/27/2021,B,0,Y,2026-09-11T04:28:49.990377+00:00,data/raw/master/customers.csv,customers
CUST00003497,Alex Lee 3497,Small Business,Albuquerque,Southwest,2019-02-13,B,Yes,True,2026-09-11T04:28:49.990377+00:00,data/raw/master/customers.csv,customers
CUST00003498,Jordan Brown 3498,Small Business,Boston,Northeast,01/02/2023,a,Yes,Y,2026-09-11T04:28:49.990377+00:00,data/raw/master/customers.csv,customers
CUST00003499,Jordan Smith 3499,consumer ,Portland,West,2019-09-19,D,N,N,2026-09-11T04:28:49.990377+00:00,data/raw/master/customers.csv,customers
CUST00003500,Casey Lee 3500,Enterprise,Albuquerque,Southwest,2021-11-23,A,0,N,2026-09-11T04:28:49.990377+00:00,data/raw/master/customers.csv,customers
CUST00003501,Riley Patel 3501,Government,Jacksonville,Southeast,2020-06-17,a,Y,Y,2026-09-11T04:28:49.990377+00:00,data/raw/master/customers.csv,customers
CUST00003502,Casey Garcia 3502,Government,Denver,West,08/16/2020,C,1,Y,2026-09-11T04:28:49.990377+00:00,data/raw/master/customers.csv,customers
CUST00003503,Jordan Lee 3503,Consumer,Birmingham,Southeast,03/03/2023,a,N,Y,2026-09-11T04:28:49.990377+00:00,data/raw/master/customers.csv,customers
CUST00003504,Casey Kim 3504,Small Business,Albany,Northeast,10/01/2019,C,Y,True,2026-09-11T04:28:49.990377+00:00,data/raw/master/customers.csv,customers
CUST00003505,Morgan Patel 3505,Small Business,Austin,Southwest,10/15/2020,B,Yes,N,2026-09-11T04:28:49.990377+00:00,data/raw/master/customers.csv,customers
CUST00003506,Taylor Patel 3506,Small Business,Buffalo,Northeast,2024-04-22,B,1,Y,2026-09-11T04:28:49.990377+00:00,data/raw/master/customers.csv,customers
CUST00003507,Riley Brown 3507,Government,Philadelphia,Northeast,2022-10-10,B,Y,Y,2026-09-11T04:28:49.990377+00:00,data/raw/master/customers.csv,customers
CUST00003508,Casey Patel 3508,Government,Philadelphia,Northeast,03/05/2024,C,0,Y,2026-09-11T04:28:49.990377+00:00,data/raw/master/customers.csv,customers
CUST00003509,Morgan Patel 3509,Consumer,Chicago,Midwest,2024-08-20,B,0,Y,2026-09-11T04:28:49.990377+00:00,data/raw/master/customers.csv,customers
CUST00003510,Jordan Smith 3510,Consumer,Chicago,Midwest,2019-10-17,D,0,N,2026-09-11T04:28:49.990377+00:00,data/raw/master/customers.csv,customers
CUST00003511,Riley Patel 3511,Small Business,Dallas,Southwest,2025-08-15,A,0,N,2026-09-11T04:28:49.990377+00:00,data/raw/master/customers.csv,customers
CUST00003512,Jordan Lee 3512,consumer ,Boston,Northeast,10/23/2018,B,No,N,2026-09-11T04:28:49.990377+00:00,data/raw/master/customers.csv,customers
CUST00003513,Taylor Lee 3513,Enterprise,Albany,Northeast,2026-03-08,A,No,N,2026-09-11T04:28:49.990377+00:00,data/raw/master/customers.csv,customers
CUST00003514,Taylor Kim 3514,Small Business,Buffalo,Northeast,2020-09-21,A,1,Y,2026-09-11T04:28:49.990377+00:00,data/raw/master/customers.csv,customers
CUST00003515,Morgan Brown 3515,Enterprise,Boston,Northeast,10/05/2020,a,1,Y,2026-09-11T04:28:49.990377+00:00,data/raw/master/customers.csv,customers
CUST00003516,Casey Garcia 3516,Enterprise,Philadelphia,Northeast,09/10/2023,a,Y,Y,2026-09-11T04:28:49.990377+00:00,data/raw/master/customers.csv,customers
CUST00003517,Taylor Lee 3517,Small Business,Indianapolis,Midwest,2018-05-31,A,N,Y,2026-09-11T04:28:49.990377+00:00,data/raw/master/customers.csv,customers
CUST00003518,Jordan Lee 3518,Consumer,Seattle,West,06/25/2021,A,Yes,Y,2026-09-11T04:28:49.990377+00:00,data/raw/master/customers.csv,customers
CUST00003519,Jordan Garcia 3519,Government,Atlanta,Southeast,12/12/2024,a,Y,Y,2026-09-11T04:28:49.990377+00:00,data/raw/master/customers.csv,customers
CUST00003520,Taylor Smith 3520,Government,Denver,West,05/10/2025,a,No,Y,2026-09-11T04:28:49.990377+00:00,data/raw/master/customers.csv,customers
CUST00003521,Riley Lee 3521,Consumer,Columbus,Midwest,2024-07-30,D,Yes,N,2026-09-11T04:28:49.990377+00:00,data/raw/master/customers.csv,customers
CUST00003522,Jordan Patel 3522,Small Business,Detroit,Midwest,2018-06-11,a,Y,Y,2026-09-11T04:28:49.990377+00:00,data/raw/master/customers.csv,customers
CUST00003523,Riley Lee 3523,Government,Detroit,Midwest,2018-02-01,D,1,N,2026-09-11T04:28:49.990377+00:00,data/raw/master/customers.csv,customers
CUST00003524,Alex Brown 3524,Small Business,Buffalo,Northeast,2019-12-14,D,Yes,Y,2026-09-11T04:28:49.990377+00:00,data/raw/master/customers.csv,customers
CUST00003525,Riley Brown 3525,Consumer,Austin,Southwest,2021-07-18,A,N,Y,2026-09-11T04:28:49.990377+00:00,data/raw/master/customers.csv,customers
CUST00003526,Casey Patel 3526,Enterprise,Atlanta,Southeast,2024-04-07,D,N,Y,2026-09-11T04:28:49.990377+00:00,data/raw/master/customers.csv,customers
CUST00003527,Casey Patel 3527,Enterprise,Boston,Northeast,2025-05-07,B,N,True,2026-09-11T04:28:49.990377+00:00,data/raw/master/customers.csv,customers
CUST00003528,Jordan Smith 3528,Consumer,Jacksonville,Southeast,04/22/2019,A,N,Y,2026-09-11T04:28:49.990377+00:00,data/raw/master/customers.csv,customers
CUST00003529,Taylor Garcia 3529,Small Business,Detroit,Midwest,03/24/2018,a,1,Y,2026-09-11T04:28:49.990377+00:00,data/raw/master/customers.csv,customers
CUST00003530,Taylor Brown 3530,Consumer,Seattle,West,04/04/2022,B,Yes,True,2026-09-11T04:28:49.990377+00:00,data/raw/master/customers.csv,customers
CUST00003531,Alex Brown 3531,Government,Denver,West,2024-07-22,C,Yes,Y,2026-09-11T04:28:49.990377+00:00,data/raw/master/customers.csv,customers
CUST00003532,Taylor Garcia 3532,Consumer,Albany,Northeast,2022-12-28,B,N,Y,2026-09-11T04:28:49.990377+00:00,data/raw/master/customers.csv,customers
CUST00003533,Taylor Lee 3533,Government,Seattle,West,09/11/2018,B,No,N,2026-09-11T04:28:49.990377+00:00,data/raw/master/customers.csv,customers
CUST00003534,Jordan Brown 3534,Enterprise,Austin,Southwest,11/03/2019,a,No,Y,2026-09-11T04:28:49.990377+00:00,data/raw/master/customers.csv,customers
CUST00003535,Taylor Kim 3535,Consumer,Jacksonville,Southeast,10/09/2020,C,0,N,2026-09-11T04:28:49.990377+00:00,data/raw/master/customers.csv,customers
CUST00003536,Morgan Patel 3536,Government,Seattle,West,2018-03-18,A,Yes,N,2026-09-11T04:28:49.990377+00:00,data/raw/master/customers.csv,customers
CUST00003537,Taylor Garcia 3537,Small Business,Nashville,Southeast,2019-03-16,B,N,Y,2026-09-11T04:28:49.990377+00:00,data/raw/master/customers.csv,customers
CUST00003538,Jordan Patel 3538,Enterprise,Atlanta,Southeast,12/14/2024,A,N,Y,2026-09-11T04:28:49.990377+00:00,data/raw/master/customers.csv,customers
CUST00003539,Taylor Patel 3539,Enterprise,Columbus,Midwest,06/26/2024,a,No,Y,2026-09-11T04:28:49.990377+00:00,data/raw/master/customers.csv,customers
CUST00003540,Morgan Garcia 3540,Consumer,Phoenix,Southwest,2026-02-01,C,Y,Y,2026-09-11T04:28:49.990377+00:00,data/raw/master/customers.csv,customers
CUST00003541,Taylor Garcia 3541,consumer ,Detroit,Midwest,10/03/2018,a,Yes,Y,2026-09-11T04:28:49.990377+00:00,data/raw/master/customers.csv,customers
CUST00003542,Morgan Kim 3542,Small Business,Detroit,Midwest,2018-05-16,a,N,Y,2026-09-11T04:28:49.990377+00:00,data/raw/master/customers.csv,customers
CUST00003543,Morgan Kim 3543,Consumer,Buffalo,Northeast,02/01/2022,A,1,N,2026-09-11T04:28:49.990377+00:00,data/raw/master/customers.csv,customers
CUST00003544,Jordan Patel 3544,Government,Columbus,Midwest,2021-04-05,B,No,Y,2026-09-11T04:28:49.990377+00:00,data/raw/master/customers.csv,customers
CUST00003545,Riley Lee 3545,Enterprise,Philadelphia,Northeast,06/22/2024,D,N,Y,2026-09-11T04:28:49.990377+00:00,data/raw/master/customers.csv,customers
CUST00003546,Taylor Brown 3546,Government,Jacksonville,Southeast,05/04/2025,C,0,N,2026-09-11T04:28:49.990377+00:00,data/raw/master/customers.csv,customers
CUST00003547,Riley Lee 3547,Small Business,Chicago,Midwest,11/03/2023,C,Y,Y,2026-09-11T04:28:49.990377+00:00,data/raw/master/customers.csv,customers
CUST00003548,Alex Smith 3548,Consumer,Boston,Northeast,11/03/2023,A,No,Y,2026-09-11T04:28:49.990377+00:00,data/raw/master/customers.csv,customers
CUST00003549,Casey Lee 3549,Consumer,Denver,West,2019-09-03,D,No,Y,2026-09-11T04:28:49.990377+00:00,data/raw/master/customers.csv,customers
CUST00003550,Morgan Garcia 3550,consumer ,Chicago,Midwest,2022-10-21,a,Yes,Y,2026-09-11T04:28:49.990377+00:00,data/raw/master/customers.csv,customers
CUST00003551,Riley Brown 3551,Consumer,Nashville,Southeast,2023-05-07,a,0,Y,2026-09-11T04:28:49.990377+00:00,data/raw/master/customers.csv,customers
CUST00003552,Alex Brown 3552,Government,Portland,West,11/08/2025,A,N,True,2026-09-11T04:28:49.990377+00:00,data/raw/master/customers.csv,customers
CUST00003553,Alex Kim 3553,consumer ,Phoenix,Southwest,2021-01-07,C,N,Y,2026-09-11T04:28:49.990377+00:00,data/raw/master/customers.csv,customers
CUST00003554,Riley Garcia 3554,consumer ,Detroit,Midwest,11/08/2023,C,0,Y,2026-09-11T04:28:49.990377+00:00,data/raw/master/customers.csv,customers
CUST00003555,Jordan Patel 3555,Enterprise,Philadelphia,Northeast,12/31/2019,A,Y,Y,2026-09-11T04:28:49.990377+00:00,data/raw/master/customers.csv,customers
CUST00003556,Casey Kim 3556,Enterprise,Denver,West,2022-02-09,A,Yes,N,2026-09-11T04:28:49.990377+00:00,data/raw/master/customers.csv,customers
CUST00003557,Riley Garcia 3557,Enterprise,Phoenix,Southwest,01/28/2021,D,N,N,2026-09-11T04:28:49.990377+00:00,data/raw/master/customers.csv,customers
CUST00003558,Taylor Brown 3558,consumer ,Albuquerque,Southwest,12/07/2022,D,Yes,True,2026-09-11T04:28:49.990377+00:00,data/raw/master/customers.csv,customers
CUST00003559,Alex Kim 3559,consumer ,Dallas,Southwest,2025-04-10,C,Y,True,2026-09-11T04:28:49.990377+00:00,data/raw/master/customers.csv,customers
CUST00003560,Jordan Garcia 3560,Consumer,Columbus,Midwest,2018-12-15,D,Yes,True,2026-09-11T04:28:49.990377+00:00,data/raw/master/customers.csv,customers
CUST00003561,Casey Kim 3561,Enterprise,San Diego,West,07/07/2024,D,1,Y,2026-09-11T04:28:49.990377+00:00,data/raw/master/customers.csv,customers
CUST00003562,Morgan Smith 3562,Enterprise,San Diego,West,01/21/2022,A,No,Y,2026-09-11T04:28:49.990377+00:00,data/raw/master/customers.csv,customers
CUST00003563,Riley Patel 3563,Enterprise,Detroit,Midwest,06/06/2018,A,0,Y,2026-09-11T04:28:49.990377+00:00,data/raw/master/customers.csv,customers
CUST00003564,Jordan Garcia 3564,Consumer,Seattle,West,12/07/2022,A,N,Y,2026-09-11T04:28:49.990377+00:00,data/raw/master/customers.csv,customers
CUST00003565,Taylor Brown 3565,consumer ,Atlanta,Southeast,2021-10-22,B,N,Y,2026-09-11T04:28:49.990377+00:00,data/raw/master/customers.csv,customers
CUST00003566,Casey Patel 3566,consumer ,Austin,Southwest,2026-03-01,D,N,Y,2026-09-11T04:28:49.990377+00:00,data/raw/master/customers.csv,customers
CUST00003567,Alex Patel 3567,consumer ,Birmingham,Southeast,2021-08-13,a,1,Y,2026-09-11T04:28:49.990377+00:00,data/raw/master/customers.csv,customers
CUST00003568,Taylor Smith 3568,Enterprise,Denver,West,03/09/2018,D,N,Y,2026-09-11T04:28:49.990377+00:00,data/raw/master/customers.csv,customers
CUST00003569,Jordan Smith 3569,Enterprise,Atlanta,Southeast,07/15/2018,C,N,Y,2026-09-11T04:28:49.990377+00:00,data/raw/master/customers.csv,customers
CUST00003570,Morgan Garcia 3570,consumer ,Detroit,Midwest,04/01/2021,C,Yes,N,2026-09-11T04:28:49.990377+00:00,data/raw/master/customers.csv,customers
CUST00003571,Taylor Patel 3571,Consumer,Nashville,Southeast,07/31/2022,D,No,Y,2026-09-11T04:28:49.990377+00:00,data/raw/master/customers.csv,customers
CUST00003572,Morgan Garcia 3572,Small Business,Birmingham,Southeast,2018-05-06,a,Y,Y,2026-09-11T04:28:49.990377+00:00,data/raw/master/customers.csv,customers
CUST00003573,Jordan Brown 3573,Government,Phoenix,Southwest,11/09/2018,a,Y,Y,2026-09-11T04:28:49.990377+00:00,data/raw/master/customers.csv,customers
CUST00003574,Casey Kim 3574,consumer ,Atlanta,Southeast,11/25/2022,D,Y,Y,2026-09-11T04:28:49.990377+00:00,data/raw/master/customers.csv,customers
CUST00003575,Morgan Smith 3575,Government,Albany,Northeast,05/04/2022,a,Y,N,2026-09-11T04:28:49.990377+00:00,data/raw/master/customers.csv,customers
CUST00003576,Alex Brown 3576,Consumer,Dallas,Southwest,05/24/2021,a,N,Y,2026-09-11T04:28:49.990377+00:00,data/raw/master/customers.csv,customers
CUST00003577,Riley Smith 3577,Consumer,Jacksonville,Southeast,2021-06-20,D,Y,N,2026-09-11T04:28:49.990377+00:00,data/raw/master/customers.csv,customers
CUST00003578,Jordan Kim 3578,Government,Columbus,Midwest,12/19/2020,a,N,Y,2026-09-11T04:28:49.990377+00:00,data/raw/master/customers.csv,customers
CUST00003579,Riley Kim 3579,Enterprise,Columbus,Midwest,07/04/2024,D,N,Y,2026-09-11T04:28:49.990377+00:00,data/raw/master/customers.csv,customers
CUST00003580,Riley Garcia 3580,consumer ,Jacksonville,Southeast,2023-01-22,D,No,N,2026-09-11T04:28:49.990377+00:00,data/raw/master/customers.csv,customers
CUST00003581,Morgan Brown 3581,Enterprise,Chicago,Midwest,06/07/2019,a,0,N,2026-09-11T04:28:49.990377+00:00,data/raw/master/customers.csv,customers
CUST00003582,Morgan Patel 3582,consumer ,Seattle,West,11/02/2023,D,N,Y,2026-09-11T04:28:49.990377+00:00,data/raw/master/customers.csv,customers
CUST00003583,Morgan Patel 3583,Enterprise,Chicago,Midwest,2020-06-30,D,1,Y,2026-09-11T04:28:49.990377+00:00,data/raw/master/customers.csv,customers
CUST00003584,Morgan Smith 3584,Enterprise,Atlanta,Southeast,2024-02-10,C,1,Y,2026-09-11T04:28:49.990377+00:00,data/raw/master/customers.csv,customers
CUST00003585,Morgan Smith 3585,Enterprise,Portland,West,2020-06-20,A,0,Y,2026-09-11T04:28:49.990377+00:00,data/raw/master/customers.csv,customers
CUST00003586,Alex Kim 3586,consumer ,Buffalo,Northeast,02/03/2021,a,Y,Y,2026-09-11T04:28:49.990377+00:00,data/raw/master/customers.csv,customers
CUST00003587,Taylor Garcia 3587,Government,Chicago,Midwest,08/31/2023,A,0,N,2026-09-11T04:28:49.990377+00:00,data/raw/master/customers.csv,customers
CUST00003588,Taylor Brown 3588,Consumer,Denver,West,10/28/2025,C,Y,Y,2026-09-11T04:28:49.990377+00:00,data/raw/master/customers.csv,customers
CUST00003589,Riley Brown 3589,consumer ,Nashville,Southeast,2025-06-30,A,Y,N,2026-09-11T04:28:49.990377+00:00,data/raw/master/customers.csv,customers
CUST00003590,Taylor Garcia 3590,Consumer,Chicago,Midwest,09/19/2022,C,No,True,2026-09-11T04:28:49.990377+00:00,data/raw/master/customers.csv,customers
CUST00003591,Riley Kim 3591,Small Business,Seattle,West,02/04/2021,B,N,N,2026-09-11T04:28:49.990377+00:00,data/raw/master/customers.csv,customers
CUST00003592,Morgan Brown 3592,Consumer,Columbus,Midwest,2024-04-12,D,No,True,2026-09-11T04:28:49.990377+00:00,data/raw/master/customers.csv,customers
CUST00003593,Riley Garcia 3593,consumer ,Indianapolis,Midwest,04/04/2025,a,Y,Y,2026-09-11T04:28:49.990377+00:00,data/raw/master/customers.csv,customers
CUST00003594,Morgan Smith 3594,consumer ,Buffalo,Northeast,2025-05-24,C,N,Y,2026-09-11T04:28:49.990377+00:00,data/raw/master/customers.csv,customers
CUST00003595,Morgan Kim 3595,Consumer,Chicago,Midwest,2019-03-16,D,N,Y,2026-09-11T04:28:49.990377+00:00,data/raw/master/customers.csv,customers
CUST00003596,Riley Patel 3596,Enterprise,Denver,West,10/06/2022,a,Yes,Y,2026-09-11T04:28:49.990377+00:00,data/raw/master/customers.csv,customers
CUST00003597,Taylor Patel 3597,consumer ,Denver,West,2019-02-16,D,Yes,N,2026-09-11T04:28:49.990377+00:00,data/raw/master/customers.csv,customers
CUST00003598,Riley Garcia 3598,Enterprise,Columbus,Midwest,2023-06-10,D,N,Y,2026-09-11T04:28:49.990377+00:00,data/raw/master/customers.csv,customers
CUST00003599,Taylor Lee 3599,Enterprise,Jacksonville,Southeast,2024-12-02,C,Yes,True,2026-09-11T04:28:49.990377+00:00,data/raw/master/customers.csv,customers
CUST00003600,Casey Lee 3600,Government,Buffalo,Northeast,2025-07-09,B,Yes,True,2026-09-11T04:28:49.990377+00:00,data/raw/master/customers.csv,customers
CUST00003601,Jordan Kim 3601,consumer ,Phoenix,Southwest,05/06/2024,A,Y,Y,2026-09-11T04:28:49.990377+00:00,data/raw/master/customers.csv,customers
CUST00003602,Casey Patel 3602,Consumer,Dallas,Southwest,09/10/2023,B,N,N,2026-09-11T04:28:49.990377+00:00,data/raw/master/customers.csv,customers
CUST00003603,Jordan Brown 3603,Consumer,Nashville,Southeast,04/16/2018,a,1,Y,2026-09-11T04:28:49.990377+00:00,data/raw/master/customers.csv,customers
CUST00003604,Casey Kim 3604,consumer ,Phoenix,Southwest,2019-06-10,C,No,Y,2026-09-11T04:28:49.990377+00:00,data/raw/master/customers.csv,customers
CUST00003605,Jordan Brown 3605,Government,Phoenix,Southwest,04/07/2020,D,Y,N,2026-09-11T04:28:49.990377+00:00,data/raw/master/customers.csv,customers
CUST00003606,Alex Brown 3606,consumer ,Austin,Southwest,09/27/2019,B,Y,N,2026-09-11T04:28:49.990377+00:00,data/raw/master/customers.csv,customers
CUST00003607,Taylor Brown 3607,Enterprise,San Diego,West,10/16/2022,B,1,N,2026-09-11T04:28:49.990377+00:00,data/raw/master/customers.csv,customers
CUST00003608,Casey Brown 3608,Consumer,Phoenix,Southwest,10/07/2021,A,Y,Y,2026-09-11T04:28:49.990377+00:00,data/raw/master/customers.csv,customers
CUST00003609,Taylor Kim 3609,consumer ,Jacksonville,Southeast,2025-07-02,C,Yes,Y,2026-09-11T04:28:49.990377+00:00,data/raw/master/customers.csv,customers
CUST00003610,Casey Garcia 3610,consumer ,Portland,West,2022-02-12,D,Yes,Y,2026-09-11T04:28:49.990377+00:00,data/raw/master/customers.csv,customers
CUST00003611,Alex Smith 3611,consumer ,Chicago,Midwest,12/16/2019,D,0,Y,2026-09-11T04:28:49.990377+00:00,data/raw/master/customers.csv,customers
CUST00003612,Alex Kim 3612,Enterprise,Columbus,Midwest,2024-01-10,A,Y,Y,2026-09-11T04:28:49.990377+00:00,data/raw/master/customers.csv,customers
CUST00003613,Alex Brown 3613,consumer ,Chicago,Midwest,10/21/2023,C,1,Y,2026-09-11T04:28:49.990377+00:00,data/raw/master/customers.csv,customers
CUST00003614,Taylor Patel 3614,Enterprise,Atlanta,Southeast,03/28/2019,A,No,N,2026-09-11T04:28:49.990377+00:00,data/raw/master/customers.csv,customers
CUST00003615,Jordan Garcia 3615,Consumer,Columbus,Midwest,04/24/2024,B,1,Y,2026-09-11T04:28:49.990377+00:00,data/raw/master/customers.csv,customers
CUST00003616,Casey Brown 3616,Small Business,Jacksonville,Southeast,05/26/2023,D,Yes,Y,2026-09-11T04:28:49.990377+00:00,data/raw/master/customers.csv,customers
CUST00003617,Morgan Lee 3617,Consumer,Seattle,West,12/24/2019,a,1,Y,2026-09-11T04:28:49.990377+00:00,data/raw/master/customers.csv,customers
CUST00003618,Casey Lee 3618,consumer ,Albuquerque,Southwest,12/01/2019,a,N,Y,2026-09-11T04:28:49.990377+00:00,data/raw/master/customers.csv,customers
CUST00003619,Morgan Lee 3619,Enterprise,Columbus,Midwest,07/26/2024,a,Yes,True,2026-09-11T04:28:49.990377+00:00,data/raw/master/customers.csv,customers
CUST00003620,Alex Smith 3620,Small Business,Albany,Northeast,2022-06-10,A,Yes,Y,2026-09-11T04:28:49.990377+00:00,data/raw/master/customers.csv,customers
CUST00003621,Jordan Patel 3621,consumer ,Birmingham,Southeast,06/15/2021,B,1,N,2026-09-11T04:28:49.990377+00:00,data/raw/master/customers.csv,customers
CUST00003622,Jordan Garcia 3622,Small Business,Boston,Northeast,11/07/2020,A,0,Y,2026-09-11T04:28:49.990377+00:00,data/raw/master/customers.csv,customers
CUST00003623,Jordan Garcia 3623,Enterprise,Portland,West,2018-06-14,C,1,N,2026-09-11T04:28:49.990377+00:00,data/raw/master/customers.csv,customers
CUST00003624,Casey Kim 3624,consumer ,Phoenix,Southwest,01/12/2019,D,Yes,Y,2026-09-11T04:28:49.990377+00:00,data/raw/master/customers.csv,customers
CUST00003625,Morgan Patel 3625,Government,Buffalo,Northeast,11/20/2024,B,0,True,2026-09-11T04:28:49.990377+00:00,data/raw/master/customers.csv,customers
CUST00003626,Riley Patel 3626,consumer ,Birmingham,Southeast,12/13/2018,D,1,Y,2026-09-11T04:28:49.990377+00:00,data/raw/master/customers.csv,customers
CUST00003627,Taylor Smith 3627,consumer ,Albany,Northeast,2019-05-23,C,0,Y,2026-09-11T04:28:49.990377+00:00,data/raw/master/customers.csv,customers
CUST00003628,Taylor Lee 3628,consumer ,Portland,West,2020-04-17,C,Y,N,2026-09-11T04:28:49.990377+00:00,data/raw/master/customers.csv,customers
CUST00003629,Alex Garcia 3629,Consumer,Birmingham,Southeast,07/21/2020,D,Y,Y,2026-09-11T04:28:49.990377+00:00,data/raw/master/customers.csv,customers
CUST00003630,Morgan Patel 3630,consumer ,Jacksonville,Southeast,07/20/2018,B,1,True,2026-09-11T04:28:49.990377+00:00,data/raw/master/customers.csv,customers
CUST00003631,Alex Patel 3631,Small Business,Atlanta,Southeast,04/26/2025,a,Yes,Y,2026-09-11T04:28:49.990377+00:00,data/raw/master/customers.csv,customers
CUST00003632,Jordan Patel 3632,consumer ,Nashville,Southeast,2020-07-04,a,Y,N,2026-09-11T04:28:49.990377+00:00,data/raw/master/customers.csv,customers
CUST00003633,Alex Patel 3633,Government,Dallas,Southwest,06/10/2021,C,Yes,Y,2026-09-11T04:28:49.990377+00:00,data/raw/master/customers.csv,customers
CUST00003634,Taylor Kim 3634,consumer ,Albany,Northeast,2026-01-19,C,N,Y,2026-09-11T04:28:49.990377+00:00,data/raw/master/customers.csv,customers
CUST00003635,Alex Lee 3635,Small Business,Seattle,West,2026-01-11,B,No,Y,2026-09-11T04:28:49.990377+00:00,data/raw/master/customers.csv,customers
CUST00003636,Riley Garcia 3636,consumer ,San Diego,West,2020-11-11,C,No,Y,2026-09-11T04:28:49.990377+00:00,data/raw/master/customers.csv,customers
CUST00003637,Alex Brown 3637,Enterprise,Philadelphia,Northeast,06/24/2025,B,N,Y,2026-09-11T04:28:49.990377+00:00,data/raw/master/customers.csv,customers
CUST00003638,Alex Brown 3638,Consumer,Indianapolis,Midwest,2025-09-02,A,Yes,True,2026-09-11T04:28:49.990377+00:00,data/raw/master/customers.csv,customers
CUST00003639,Alex Brown 3639,consumer ,Albany,Northeast,10/29/2023,B,Y,Y,2026-09-11T04:28:49.990377+00:00,data/raw/master/customers.csv,customers
CUST00003640,Morgan Lee 3640,Small Business,Chicago,Midwest,12/16/2020,a,N,Y,2026-09-11T04:28:49.990377+00:00,data/raw/master/customers.csv,customers
CUST00003641,Alex Patel 3641,consumer ,Columbus,Midwest,2022-02-09,C,N,True,2026-09-11T04:28:49.990377+00:00,data/raw/master/customers.csv,customers
CUST00003642,Riley Garcia 3642,Consumer,Indianapolis,Midwest,2023-12-15,A,Y,N,2026-09-11T04:28:49.990377+00:00,data/raw/master/customers.csv,customers
CUST00003643,Taylor Garcia 3643,Small Business,Philadelphia,Northeast,06/21/2023,a,N,True,2026-09-11T04:28:49.990377+00:00,data/raw/master/customers.csv,customers
CUST00003644,Alex Lee 3644,Government,Seattle,West,05/27/2018,A,No,True,2026-09-11T04:28:49.990377+00:00,data/raw/master/customers.csv,customers
CUST00003645,Morgan Lee 3645,Enterprise,Boston,Northeast,04/17/2026,C,0,Y,2026-09-11T04:28:49.990377+00:00,data/raw/master/customers.csv,customers
CUST00003646,Jordan Patel 3646,Enterprise,Chicago,Midwest,01/01/2018,a,Y,Y,2026-09-11T04:28:49.990377+00:00,data/raw/master/customers.csv,customers
CUST00003647,Casey Garcia 3647,Enterprise,Indianapolis,Midwest,2023-11-02,B,1,True,2026-09-11T04:28:49.990377+00:00,data/raw/master/customers.csv,customers
CUST00003648,Casey Brown 3648,Small Business,Columbus,Midwest,2021-02-25,A,No,N,2026-09-11T04:28:49.990377+00:00,data/raw/master/customers.csv,customers
CUST00003649,Riley Garcia 3649,consumer ,Jacksonville,Southeast,02/02/2021,A,0,True,2026-09-11T04:28:49.990377+00:00,data/raw/master/customers.csv,customers
CUST00003650,Taylor Kim 3650,consumer ,Portland,West,2025-09-03,A,0,Y,2026-09-11T04:28:49.990377+00:00,data/raw/master/customers.csv,customers
CUST00003651,Morgan Brown 3651,Government,Phoenix,Southwest,2019-08-01,a,Y,Y,2026-09-11T04:28:49.990377+00:00,data/raw/master/customers.csv,customers
CUST00003652,Taylor Smith 3652,Small Business,San Diego,West,2019-11-12,C,Yes,N,2026-09-11T04:28:49.990377+00:00,data/raw/master/customers.csv,customers
CUST00003653,Taylor Smith 3653,Government,San Diego,West,2019-07-18,B,Y,True,2026-09-11T04:28:49.990377+00:00,data/raw/master/customers.csv,customers
CUST00003654,Alex Smith 3654,Consumer,Albany,Northeast,2022-08-26,A,0,N,2026-09-11T04:28:49.990377+00:00,data/raw/master/customers.csv,customers
CUST00003655,Alex Brown 3655,Small Business,Albany,Northeast,09/29/2023,D,Yes,N,2026-09-11T04:28:49.990377+00:00,data/raw/master/customers.csv,customers
CUST00003656,Alex Garcia 3656,Government,Dallas,Southwest,04/02/2025,C,N,True,2026-09-11T04:28:49.990377+00:00,data/raw/master/customers.csv,customers
CUST00003657,Casey Garcia 3657,Consumer,Nashville,Southeast,05/17/2020,A,No,Y,2026-09-11T04:28:49.990377+00:00,data/raw/master/customers.csv,customers
CUST00003658,Alex Garcia 3658,Consumer,Portland,West,05/17/2023,a,N,Y,2026-09-11T04:28:49.990377+00:00,data/raw/master/customers.csv,customers
CUST00003659,Morgan Patel 3659,Consumer,Birmingham,Southeast,09/20/2025,A,Y,Y,2026-09-11T04:28:49.990377+00:00,data/raw/master/customers.csv,customers
CUST00003660,Morgan Lee 3660,Government,Austin,Southwest,01/24/2023,a,N,N,2026-09-11T04:28:49.990377+00:00,data/raw/master/customers.csv,customers
CUST00003661,Casey Kim 3661,Enterprise,Detroit,Midwest,03/24/2019,A,Y,True,2026-09-11T04:28:49.990377+00:00,data/raw/master/customers.csv,customers
CUST00003662,Alex Brown 3662,consumer ,Dallas,Southwest,2024-12-30,D,1,Y,2026-09-11T04:28:49.990377+00:00,data/raw/master/customers.csv,customers
CUST00003663,Alex Smith 3663,Consumer,Chicago,Midwest,09/07/2022,B,1,Y,2026-09-11T04:28:49.990377+00:00,data/raw/master/customers.csv,customers
CUST00003664,Jordan Patel 3664,Small Business,Nashville,Southeast,05/23/2021,A,No,Y,2026-09-11T04:28:49.990377+00:00,data/raw/master/customers.csv,customers
CUST00003665,Taylor Garcia 3665,Consumer,Indianapolis,Midwest,02/12/2023,D,Yes,Y,2026-09-11T04:28:49.990377+00:00,data/raw/master/customers.csv,customers
CUST00003666,Riley Lee 3666,Enterprise,Buffalo,Northeast,05/07/2023,C,Y,N,2026-09-11T04:28:49.990377+00:00,data/raw/master/customers.csv,customers
CUST00003667,Casey Patel 3667,Small Business,San Diego,West,09/04/2024,B,N,N,2026-09-11T04:28:49.990377+00:00,data/raw/master/customers.csv,customers
CUST00003668,Casey Patel 3668,Small Business,San Diego,West,2024-02-23,A,1,True,2026-09-11T04:28:49.990377+00:00,data/raw/master/customers.csv,customers
CUST00003669,Casey Lee 3669,consumer ,Boston,Northeast,02/10/2019,B,Yes,Y,2026-09-11T04:28:49.990377+00:00,data/raw/master/customers.csv,customers
CUST00003670,Casey Smith 3670,Consumer,Phoenix,Southwest,11/01/2024,A,N,Y,2026-09-11T04:28:49.990377+00:00,data/raw/master/customers.csv,customers
CUST00003671,Riley Garcia 3671,Consumer,Phoenix,Southwest,2019-04-28,B,Y,True,2026-09-11T04:28:49.990377+00:00,data/raw/master/customers.csv,customers
CUST00003672,Alex Smith 3672,consumer ,Philadelphia,Northeast,2019-07-19,B,Y,Y,2026-09-11T04:28:49.990377+00:00,data/raw/master/customers.csv,customers
CUST00003673,Taylor Lee 3673,Small Business,Seattle,West,11/01/2020,C,No,Y,2026-09-11T04:28:49.990377+00:00,data/raw/master/customers.csv,customers
CUST00003674,Taylor Kim 3674,Enterprise,Dallas,Southwest,09/28/2019,a,Yes,Y,2026-09-11T04:28:49.990377+00:00,data/raw/master/customers.csv,customers
CUST00003675,Morgan Lee 3675,Small Business,Austin,Southwest,2020-01-26,C,1,Y,2026-09-11T04:28:49.990377+00:00,data/raw/master/customers.csv,customers
CUST00003676,Alex Patel 3676,Small Business,Philadelphia,Northeast,2020-02-22,A,Yes,N,2026-09-11T04:28:49.990377+00:00,data/raw/master/customers.csv,customers
CUST00003677,Morgan Kim 3677,Small Business,Birmingham,Southeast,04/24/2023,B,N,N,2026-09-11T04:28:49.990377+00:00,data/raw/master/customers.csv,customers
CUST00003678,Jordan Garcia 3678,consumer ,Atlanta,Southeast,03/03/2026,a,Yes,Y,2026-09-11T04:28:49.990377+00:00,data/raw/master/customers.csv,customers
CUST00003679,Alex Smith 3679,consumer ,Boston,Northeast,04/10/2025,B,N,N,2026-09-11T04:28:49.990377+00:00,data/raw/master/customers.csv,customers
CUST00003680,Casey Brown 3680,Consumer,Philadelphia,Northeast,08/31/2022,B,Y,Y,2026-09-11T04:28:49.990377+00:00,data/raw/master/customers.csv,customers
CUST00003681,Morgan Smith 3681,Enterprise,Albany,Northeast,11/13/2022,D,Y,Y,2026-09-11T04:28:49.990377+00:00,data/raw/master/customers.csv,customers
CUST00003682,Riley Lee 3682,Small Business,Atlanta,Southeast,2023-09-20,C,1,Y,2026-09-11T04:28:49.990377+00:00,data/raw/master/customers.csv,customers
CUST00003683,Morgan Kim 3683,Small Business,San Diego,West,02/28/2024,a,0,Y,2026-09-11T04:28:49.990377+00:00,data/raw/master/customers.csv,customers
CUST00003684,Morgan Brown 3684,Small Business,Chicago,Midwest,2018-11-14,a,0,Y,2026-09-11T04:28:49.990377+00:00,data/raw/master/customers.csv,customers
CUST00003685,Morgan Lee 3685,Enterprise,Jacksonville,Southeast,2021-04-05,A,N,True,2026-09-11T04:28:49.990377+00:00,data/raw/master/customers.csv,customers
CUST00003686,Casey Kim 3686,consumer ,Chicago,Midwest,2024-06-24,C,0,True,2026-09-11T04:28:49.990377+00:00,data/raw/master/customers.csv,customers
CUST00003687,Jordan Kim 3687,Enterprise,Jacksonville,Southeast,12/14/2018,D,0,Y,2026-09-11T04:28:49.990377+00:00,data/raw/master/customers.csv,customers
CUST00003688,Riley Lee 3688,Consumer,Albany,Northeast,2022-05-02,a,Yes,Y,2026-09-11T04:28:49.990377+00:00,data/raw/master/customers.csv,customers
CUST00003689,Alex Kim 3689,Consumer,Detroit,Midwest,2024-06-05,A,Yes,N,2026-09-11T04:28:49.990377+00:00,data/raw/master/customers.csv,customers
CUST00003690,Riley Smith 3690,Small Business,Jacksonville,Southeast,05/13/2025,D,Yes,N,2026-09-11T04:28:49.990377+00:00,data/raw/master/customers.csv,customers
CUST00003691,Casey Lee 3691,Small Business,Dallas,Southwest,09/05/2025,B,N,Y,2026-09-11T04:28:49.990377+00:00,data/raw/master/customers.csv,customers
CUST00003692,Morgan Brown 3692,Small Business,Buffalo,Northeast,2021-01-10,a,N,N,2026-09-11T04:28:49.990377+00:00,data/raw/master/customers.csv,customers
CUST00003693,Morgan Lee 3693,Government,Atlanta,Southeast,2024-09-22,a,No,Y,2026-09-11T04:28:49.990377+00:00,data/raw/master/customers.csv,customers
CUST00003694,Taylor Lee 3694,Consumer,Denver,West,03/13/2018,B,N,N,2026-09-11T04:28:49.990377+00:00,data/raw/master/customers.csv,customers
CUST00003695,Morgan Smith 3695,Government,Albuquerque,Southwest,06/02/2022,a,0,Y,2026-09-11T04:28:49.990377+00:00,data/raw/master/customers.csv,customers
CUST00003696,Morgan Patel 3696,Government,Columbus,Midwest,07/29/2019,A,Y,Y,2026-09-11T04:28:49.990377+00:00,data/raw/master/customers.csv,customers
CUST00003697,Morgan Smith 3697,consumer ,Seattle,West,05/13/2022,a,No,True,2026-09-11T04:28:49.990377+00:00,data/raw/master/customers.csv,customers
CUST00003698,Casey Smith 3698,Government,Dallas,Southwest,08/31/2020,a,N,Y,2026-09-11T04:28:49.990377+00:00,data/raw/master/customers.csv,customers
CUST00003699,Riley Garcia 3699,consumer ,Albuquerque,Southwest,2021-10-30,A,Y,Y,2026-09-11T04:28:49.990377+00:00,data/raw/master/customers.csv,customers
CUST00003700,Alex Kim 3700,Small Business,Birmingham,Southeast,06/02/2018,B,Y,N,2026-09-11T04:28:49.990377+00:00,data/raw/master/customers.csv,customers
CUST00003701,Morgan Patel 3701,consumer ,Nashville,Southeast,2024-01-11,B,1,True,2026-09-11T04:28:49.990377+00:00,data/raw/master/customers.csv,customers
CUST00003702,Morgan Patel 3702,Government,Dallas,Southwest,2023-01-01,a,0,Y,2026-09-11T04:28:49.990377+00:00,data/raw/master/customers.csv,customers
CUST00003703,Taylor Garcia 3703,Consumer,Buffalo,Northeast,2026-02-19,a,Y,Y,2026-09-11T04:28:49.990377+00:00,data/raw/master/customers.csv,customers
CUST00003704,Alex Brown 3704,Government,Columbus,Midwest,06/03/2023,D,1,N,2026-09-11T04:28:49.990377+00:00,data/raw/master/customers.csv,customers
CUST00003705,Morgan Kim 3705,Government,Boston,Northeast,09/17/2023,B,Y,Y,2026-09-11T04:28:49.990377+00:00,data/raw/master/customers.csv,customers
CUST00003706,Morgan Brown 3706,consumer ,Portland,West,01/19/2025,a,Yes,N,2026-09-11T04:28:49.990377+00:00,data/raw/master/customers.csv,customers
CUST00003707,Morgan Smith 3707,Enterprise,Denver,West,05/15/2019,C,Y,Y,2026-09-11T04:28:49.990377+00:00,data/raw/master/customers.csv,customers
CUST00003708,Casey Brown 3708,Enterprise,Columbus,Midwest,08/20/2021,B,0,Y,2026-09-11T04:28:49.990377+00:00,data/raw/master/customers.csv,customers
CUST00003709,Alex Smith 3709,Consumer,Dallas,Southwest,04/08/2019,a,Y,N,2026-09-11T04:28:49.990377+00:00,data/raw/master/customers.csv,customers
CUST00003710,Morgan Lee 3710,Small Business,Portland,West,2023-06-10,B,1,Y,2026-09-11T04:28:49.990377+00:00,data/raw/master/customers.csv,customers
CUST00003711,Jordan Lee 3711,consumer ,Seattle,West,04/19/2026,a,Yes,Y,2026-09-11T04:28:49.990377+00:00,data/raw/master/customers.csv,customers
CUST00003712,Riley Lee 3712,Enterprise,Boston,Northeast,2021-06-28,B,Y,Y,2026-09-11T04:28:49.990377+00:00,data/raw/master/customers.csv,customers
CUST00003713,Casey Kim 3713,Small Business,Portland,West,02/23/2019,B,Yes,True,2026-09-11T04:28:49.990377+00:00,data/raw/master/customers.csv,customers
CUST00003714,Riley Brown 3714,consumer ,Indianapolis,Midwest,02/12/2021,D,Y,N,2026-09-11T04:28:49.990377+00:00,data/raw/master/customers.csv,customers
CUST00003715,Morgan Smith 3715,Government,Boston,Northeast,12/10/2021,A,No,Y,2026-09-11T04:28:49.990377+00:00,data/raw/master/customers.csv,customers
CUST00003716,Casey Garcia 3716,Consumer,Albuquerque,Southwest,02/23/2019,C,1,Y,2026-09-11T04:28:49.990377+00:00,data/raw/master/customers.csv,customers
CUST00003717,Morgan Patel 3717,Government,Phoenix,Southwest,07/07/2018,a,0,Y,2026-09-11T04:28:49.990377+00:00,data/raw/master/customers.csv,customers
CUST00003718,Casey Patel 3718,Government,Jacksonville,Southeast,2018-05-03,C,1,Y,2026-09-11T04:28:49.990377+00:00,data/raw/master/customers.csv,customers
CUST00003719,Taylor Brown 3719,Government,Buffalo,Northeast,04/01/2025,B,N,Y,2026-09-11T04:28:49.990377+00:00,data/raw/master/customers.csv,customers
CUST00003720,Alex Smith 3720,Small Business,Boston,Northeast,2024-12-16,B,Y,True,2026-09-11T04:28:49.990377+00:00,data/raw/master/customers.csv,customers
CUST00003721,Morgan Garcia 3721,Consumer,Albuquerque,Southwest,12/08/2022,C,N,True,2026-09-11T04:28:49.990377+00:00,data/raw/master/customers.csv,customers
CUST00003722,Taylor Brown 3722,Small Business,Albuquerque,Southwest,2023-01-19,C,1,Y,2026-09-11T04:28:49.990377+00:00,data/raw/master/customers.csv,customers
CUST00003723,Alex Lee 3723,Government,Portland,West,08/21/2021,C,Yes,True,2026-09-11T04:28:49.990377+00:00,data/raw/master/customers.csv,customers
CUST00003724,Taylor Kim 3724,consumer ,Albany,Northeast,11/03/2021,D,0,Y,2026-09-11T04:28:49.990377+00:00,data/raw/master/customers.csv,customers
CUST00003725,Jordan Kim 3725,Consumer,Jacksonville,Southeast,05/23/2021,A,Yes,N,2026-09-11T04:28:49.990377+00:00,data/raw/master/customers.csv,customers
CUST00003726,Alex Garcia 3726,Consumer,Albany,Northeast,06/15/2023,a,No,Y,2026-09-11T04:28:49.990377+00:00,data/raw/master/customers.csv,customers
CUST00003727,Casey Patel 3727,Small Business,Birmingham,Southeast,2021-02-13,a,Y,Y,2026-09-11T04:28:49.990377+00:00,data/raw/master/customers.csv,customers
CUST00003728,Morgan Kim 3728,consumer ,Atlanta,Southeast,2023-03-05,a,Y,N,2026-09-11T04:28:49.990377+00:00,data/raw/master/customers.csv,customers
CUST00003729,Casey Kim 3729,consumer ,Birmingham,Southeast,09/11/2021,A,Yes,True,2026-09-11T04:28:49.990377+00:00,data/raw/master/customers.csv,customers
CUST00003730,Jordan Garcia 3730,Enterprise,Buffalo,Northeast,11/15/2022,D,1,Y,2026-09-11T04:28:49.990377+00:00,data/raw/master/customers.csv,customers
CUST00003731,Morgan Smith 3731,Government,Albany,Northeast,2023-07-01,D,1,Y,2026-09-11T04:28:49.990377+00:00,data/raw/master/customers.csv,customers
CUST00003732,Alex Kim 3732,Small Business,Phoenix,Southwest,2022-05-28,a,Y,Y,2026-09-11T04:28:49.990377+00:00,data/raw/master/customers.csv,customers
CUST00003733,Riley Garcia 3733,Government,Dallas,Southwest,07/03/2023,A,Y,N,2026-09-11T04:28:49.990377+00:00,data/raw/master/customers.csv,customers
CUST00003734,Jordan Brown 3734,Government,San Diego,West,2022-09-27,C,0,Y,2026-09-11T04:28:49.990377+00:00,data/raw/master/customers.csv,customers
CUST00003735,Casey Patel 3735,consumer ,Phoenix,Southwest,06/09/2021,C,1,True,2026-09-11T04:28:49.990377+00:00,data/raw/master/customers.csv,customers
CUST00003736,Casey Lee 3736,Enterprise,Buffalo,Northeast,03/07/2020,C,Yes,Y,2026-09-11T04:28:49.990377+00:00,data/raw/master/customers.csv,customers
CUST00003737,Alex Lee 3737,Government,Columbus,Midwest,2023-07-22,D,0,Y,2026-09-11T04:28:49.990377+00:00,data/raw/master/customers.csv,customers
CUST00003738,Riley Patel 3738,Enterprise,Atlanta,Southeast,04/17/2023,C,Y,Y,2026-09-11T04:28:49.990377+00:00,data/raw/master/customers.csv,customers
CUST00003739,Jordan Smith 3739,Government,Austin,Southwest,2023-05-30,C,N,Y,2026-09-11T04:28:49.990377+00:00,data/raw/master/customers.csv,customers
CUST00003740,Jordan Kim 3740,Consumer,Columbus,Midwest,04/02/2020,D,1,Y,2026-09-11T04:28:49.990377+00:00,data/raw/master/customers.csv,customers
CUST00003741,Jordan Kim 3741,Small Business,Austin,Southwest,04/16/2025,D,Yes,Y,2026-09-11T04:28:49.990377+00:00,data/raw/master/customers.csv,customers
CUST00003742,Jordan Brown 3742,Small Business,Jacksonville,Southeast,02/22/2019,a,Y,True,2026-09-11T04:28:49.990377+00:00,data/raw/master/customers.csv,customers
CUST00003743,Morgan Kim 3743,Consumer,Denver,West,10/17/2020,A,N,Y,2026-09-11T04:28:49.990377+00:00,data/raw/master/customers.csv,customers
CUST00003744,Jordan Smith 3744,Consumer,Dallas,Southwest,02/24/2023,C,No,Y,2026-09-11T04:28:49.990377+00:00,data/raw/master/customers.csv,customers
CUST00003745,Riley Lee 3745,consumer ,Phoenix,Southwest,2024-11-01,A,No,Y,2026-09-11T04:28:49.990377+00:00,data/raw/master/customers.csv,customers
CUST00003746,Morgan Patel 3746,Consumer,Phoenix,Southwest,2021-10-30,B,0,Y,2026-09-11T04:28:49.990377+00:00,data/raw/master/customers.csv,customers
CUST00003747,Riley Kim 3747,consumer ,Portland,West,2020-12-22,A,No,N,2026-09-11T04:28:49.990377+00:00,data/raw/master/customers.csv,customers
CUST00003748,Morgan Patel 3748,consumer ,Indianapolis,Midwest,06/02/2019,a,Yes,Y,2026-09-11T04:28:49.990377+00:00,data/raw/master/customers.csv,customers
CUST00003749,Riley Lee 3749,Enterprise,Columbus,Midwest,2021-08-21,a,Yes,Y,2026-09-11T04:28:49.990377+00:00,data/raw/master/customers.csv,customers
CUST00003750,Taylor Kim 3750,Consumer,Dallas,Southwest,2024-01-11,A,Y,Y,2026-09-11T04:28:49.990377+00:00,data/raw/master/customers.csv,customers
CUST00003751,Morgan Lee 3751,Consumer,Indianapolis,Midwest,2019-06-19,B,Yes,Y,2026-09-11T04:28:49.990377+00:00,data/raw/master/customers.csv,customers
CUST00003752,Morgan Brown 3752,Consumer,Chicago,Midwest,04/28/2026,D,1,Y,2026-09-11T04:28:49.990377+00:00,data/raw/master/customers.csv,customers
CUST00003753,Morgan Lee 3753,Government,Albany,Northeast,03/22/2024,B,No,N,2026-09-11T04:28:49.990377+00:00,data/raw/master/customers.csv,customers
CUST00003754,Taylor Brown 3754,Government,Birmingham,Southeast,03/26/2019,B,1,Y,2026-09-11T04:28:49.990377+00:00,data/raw/master/customers.csv,customers
CUST00003755,Morgan Patel 3755,Small Business,Dallas,Southwest,06/01/2024,a,Yes,True,2026-09-11T04:28:49.990377+00:00,data/raw/master/customers.csv,customers
CUST00003756,Alex Lee 3756,Government,Philadelphia,Northeast,2025-07-28,A,Y,True,2026-09-11T04:28:49.990377+00:00,data/raw/master/customers.csv,customers
CUST00003757,Morgan Lee 3757,Consumer,Atlanta,Southeast,2024-01-26,C,1,N,2026-09-11T04:28:49.990377+00:00,data/raw/master/customers.csv,customers
CUST00003758,Morgan Smith 3758,Small Business,Denver,West,01/18/2025,B,N,Y,2026-09-11T04:28:49.990377+00:00,data/raw/master/customers.csv,customers
CUST00003759,Casey Patel 3759,Small Business,Detroit,Midwest,10/11/2024,C,Y,True,2026-09-11T04:28:49.990377+00:00,data/raw/master/customers.csv,customers
CUST00003760,Riley Smith 3760,consumer ,Detroit,Midwest,2024-01-10,a,N,N,2026-09-11T04:28:49.990377+00:00,data/raw/master/customers.csv,customers
CUST00003761,Morgan Patel 3761,consumer ,Detroit,Midwest,2024-12-20,B,0,N,2026-09-11T04:28:49.990377+00:00,data/raw/master/customers.csv,customers
CUST00003762,Jordan Garcia 3762,Enterprise,Jacksonville,Southeast,04/19/2020,B,Yes,Y,2026-09-11T04:28:49.990377+00:00,data/raw/master/customers.csv,customers
CUST00003763,Jordan Garcia 3763,Enterprise,Denver,West,08/18/2023,a,N,N,2026-09-11T04:28:49.990377+00:00,data/raw/master/customers.csv,customers
CUST00003764,Taylor Lee 3764,consumer ,Boston,Northeast,2020-11-04,D,Yes,True,2026-09-11T04:28:49.990377+00:00,data/raw/master/customers.csv,customers
CUST00003765,Morgan Lee 3765,Consumer,Detroit,Midwest,10/22/2021,D,N,Y,2026-09-11T04:28:49.990377+00:00,data/raw/master/customers.csv,customers
CUST00003766,Alex Kim 3766,Small Business,Buffalo,Northeast,2022-03-19,B,1,Y,2026-09-11T04:28:49.990377+00:00,data/raw/master/customers.csv,customers
CUST00003767,Jordan Brown 3767,Small Business,Buffalo,Northeast,2022-11-01,C,No,Y,2026-09-11T04:28:49.990377+00:00,data/raw/master/customers.csv,customers
CUST00003768,Alex Patel 3768,Government,Albuquerque,Southwest,01/16/2020,a,Y,Y,2026-09-11T04:28:49.990377+00:00,data/raw/master/customers.csv,customers
CUST00003769,Riley Smith 3769,Enterprise,Indianapolis,Midwest,04/19/2024,D,1,Y,2026-09-11T04:28:49.990377+00:00,data/raw/master/customers.csv,customers
CUST00003770,Casey Garcia 3770,Government,Albany,Northeast,09/30/2020,B,1,Y,2026-09-11T04:28:49.990377+00:00,data/raw/master/customers.csv,customers
CUST00003771,Alex Garcia 3771,Consumer,Denver,West,07/08/2020,D,Y,Y,2026-09-11T04:28:49.990377+00:00,data/raw/master/customers.csv,customers
CUST00003772,Jordan Smith 3772,Government,Jacksonville,Southeast,01/04/2021,a,1,Y,2026-09-11T04:28:49.990377+00:00,data/raw/master/customers.csv,customers
CUST00003773,Jordan Brown 3773,Consumer,Indianapolis,Midwest,02/16/2026,C,Yes,N,2026-09-11T04:28:49.990377+00:00,data/raw/master/customers.csv,customers
CUST00003774,Morgan Garcia 3774,Small Business,Albuquerque,Southwest,12/05/2019,a,N,Y,2026-09-11T04:28:49.990377+00:00,data/raw/master/customers.csv,customers
CUST00003775,Taylor Brown 3775,Enterprise,Portland,West,2022-10-15,C,1,N,2026-09-11T04:28:49.990377+00:00,data/raw/master/customers.csv,customers
CUST00003776,Casey Lee 3776,Small Business,Indianapolis,Midwest,03/11/2025,a,Yes,True,2026-09-11T04:28:49.990377+00:00,data/raw/master/customers.csv,customers
CUST00003777,Riley Smith 3777,Small Business,Boston,Northeast,2023-05-29,a,No,Y,2026-09-11T04:28:49.990377+00:00,data/raw/master/customers.csv,customers
CUST00003778,Alex Smith 3778,Consumer,Columbus,Midwest,2020-04-11,a,0,N,2026-09-11T04:28:49.990377+00:00,data/raw/master/customers.csv,customers
CUST00003779,Alex Brown 3779,Government,Chicago,Midwest,2018-10-03,A,No,True,2026-09-11T04:28:49.990377+00:00,data/raw/master/customers.csv,customers
CUST00003780,Taylor Garcia 3780,Enterprise,Atlanta,Southeast,2023-03-02,B,Y,Y,2026-09-11T04:28:49.990377+00:00,data/raw/master/customers.csv,customers
CUST00003781,Alex Kim 3781,Consumer,Columbus,Midwest,2018-03-10,C,Y,Y,2026-09-11T04:28:49.990377+00:00,data/raw/master/customers.csv,customers
CUST00003782,Morgan Smith 3782,Government,Philadelphia,Northeast,03/12/2018,A,Yes,Y,2026-09-11T04:28:49.990377+00:00,data/raw/master/customers.csv,customers
CUST00003783,Morgan Lee 3783,Government,Dallas,Southwest,10/24/2024,C,1,Y,2026-09-11T04:28:49.990377+00:00,data/raw/master/customers.csv,customers
CUST00003784,Alex Garcia 3784,Enterprise,Seattle,West,02/10/2024,C,Yes,Y,2026-09-11T04:28:49.990377+00:00,data/raw/master/customers.csv,customers
CUST00003785,Morgan Garcia 3785,Small Business,Buffalo,Northeast,2023-09-13,a,N,True,2026-09-11T04:28:49.990377+00:00,data/raw/master/customers.csv,customers
CUST00003786,Riley Garcia 3786,Government,Phoenix,Southwest,2023-09-28,C,Y,True,2026-09-11T04:28:49.990377+00:00,data/raw/master/customers.csv,customers
CUST00003787,Jordan Garcia 3787,Small Business,Detroit,Midwest,08/13/2021,A,0,N,2026-09-11T04:28:49.990377+00:00,data/raw/master/customers.csv,customers
CUST00003788,Morgan Patel 3788,Small Business,San Diego,West,10/02/2020,C,1,N,2026-09-11T04:28:49.990377+00:00,data/raw/master/customers.csv,customers
CUST00003789,Casey Patel 3789,Government,Detroit,Midwest,2023-09-25,D,Y,Y,2026-09-11T04:28:49.990377+00:00,data/raw/master/customers.csv,customers
CUST00003790,Riley Kim 3790,Small Business,Birmingham,Southeast,2022-08-01,a,0,Y,2026-09-11T04:28:49.990377+00:00,data/raw/master/customers.csv,customers
CUST00003791,Riley Brown 3791,Government,Albuquerque,Southwest,08/08/2025,D,0,Y,2026-09-11T04:28:49.990377+00:00,data/raw/master/customers.csv,customers
CUST00003792,Casey Lee 3792,Consumer,Denver,West,09/23/2019,A,0,Y,2026-09-11T04:28:49.990377+00:00,data/raw/master/customers.csv,customers
CUST00003793,Taylor Brown 3793,Enterprise,Denver,West,2025-06-20,C,N,Y,2026-09-11T04:28:49.990377+00:00,data/raw/master/customers.csv,customers
CUST00003794,Morgan Garcia 3794,Small Business,Albuquerque,Southwest,2020-02-04,D,N,Y,2026-09-11T04:28:49.990377+00:00,data/raw/master/customers.csv,customers
CUST00003795,Riley Smith 3795,consumer ,Chicago,Midwest,04/14/2022,B,No,Y,2026-09-11T04:28:49.990377+00:00,data/raw/master/customers.csv,customers
CUST00003796,Jordan Smith 3796,Government,Columbus,Midwest,06/22/2019,B,Y,Y,2026-09-11T04:28:49.990377+00:00,data/raw/master/customers.csv,customers
CUST00003797,Casey Patel 3797,consumer ,Albany,Northeast,2018-01-14,C,N,Y,2026-09-11T04:28:49.990377+00:00,data/raw/master/customers.csv,customers
CUST00003798,Alex Garcia 3798,Small Business,Dallas,Southwest,2023-09-11,D,No,Y,2026-09-11T04:28:49.990377+00:00,data/raw/master/customers.csv,customers
CUST00003799,Alex Brown 3799,Consumer,Boston,Northeast,10/02/2022,D,Yes,Y,2026-09-11T04:28:49.990377+00:00,data/raw/master/customers.csv,customers
CUST00003800,Jordan Smith 3800,Small Business,San Diego,West,03/03/2023,C,No,Y,2026-09-11T04:28:49.990377+00:00,data/raw/master/customers.csv,customers
CUST00003801,Alex Kim 3801,Enterprise,Atlanta,Southeast,2019-04-15,B,Yes,Y,2026-09-11T04:28:49.990377+00:00,data/raw/master/customers.csv,customers
CUST00003802,Alex Smith 3802,Enterprise,Albuquerque,Southwest,2019-06-26,A,N,Y,2026-09-11T04:28:49.990377+00:00,data/raw/master/customers.csv,customers
CUST00003803,Riley Brown 3803,Small Business,Dallas,Southwest,08/04/2020,a,No,True,2026-09-11T04:28:49.990377+00:00,data/raw/master/customers.csv,customers
CUST00003804,Riley Kim 3804,Consumer,Birmingham,Southeast,2022-08-17,D,N,True,2026-09-11T04:28:49.990377+00:00,data/raw/master/customers.csv,customers
CUST00003805,Jordan Kim 3805,Government,Columbus,Midwest,2021-01-20,a,N,Y,2026-09-11T04:28:49.990377+00:00,data/raw/master/customers.csv,customers
CUST00003806,Jordan Brown 3806,Consumer,Chicago,Midwest,2022-10-12,D,No,Y,2026-09-11T04:28:49.990377+00:00,data/raw/master/customers.csv,customers
CUST00003807,Morgan Brown 3807,Enterprise,Phoenix,Southwest,02/14/2023,A,N,Y,2026-09-11T04:28:49.990377+00:00,data/raw/master/customers.csv,customers
CUST00003808,Jordan Smith 3808,Enterprise,Seattle,West,2025-07-08,B,N,Y,2026-09-11T04:28:49.990377+00:00,data/raw/master/customers.csv,customers
CUST00003809,Riley Lee 3809,consumer ,Philadelphia,Northeast,05/05/2022,B,No,N,2026-09-11T04:28:49.990377+00:00,data/raw/master/customers.csv,customers
CUST00003810,Morgan Lee 3810,Consumer,Atlanta,Southeast,2025-07-15,a,No,N,2026-09-11T04:28:49.990377+00:00,data/raw/master/customers.csv,customers
CUST00003811,Jordan Lee 3811,Enterprise,Phoenix,Southwest,12/15/2020,a,0,Y,2026-09-11T04:28:49.990377+00:00,data/raw/master/customers.csv,customers
CUST00003812,Jordan Patel 3812,Enterprise,Buffalo,Northeast,2021-01-14,C,No,Y,2026-09-11T04:28:49.990377+00:00,data/raw/master/customers.csv,customers
CUST00003813,Morgan Garcia 3813,consumer ,Detroit,Midwest,2018-04-27,B,Yes,N,2026-09-11T04:28:49.990377+00:00,data/raw/master/customers.csv,customers
CUST00003814,Jordan Smith 3814,consumer ,Detroit,Midwest,2024-08-13,D,No,Y,2026-09-11T04:28:49.990377+00:00,data/raw/master/customers.csv,customers
CUST00003815,Taylor Brown 3815,Enterprise,Detroit,Midwest,01/29/2024,C,Yes,Y,2026-09-11T04:28:49.990377+00:00,data/raw/master/customers.csv,customers
CUST00003816,Jordan Garcia 3816,Enterprise,Jacksonville,Southeast,12/19/2020,D,N,Y,2026-09-11T04:28:49.990377+00:00,data/raw/master/customers.csv,customers
CUST00003817,Casey Lee 3817,Government,Phoenix,Southwest,2025-09-17,C,N,Y,2026-09-11T04:28:49.990377+00:00,data/raw/master/customers.csv,customers
CUST00003818,Riley Garcia 3818,Government,Indianapolis,Midwest,2019-05-04,C,Yes,Y,2026-09-11T04:28:49.990377+00:00,data/raw/master/customers.csv,customers
CUST00003819,Casey Brown 3819,Consumer,Jacksonville,Southeast,04/30/2025,B,Yes,Y,2026-09-11T04:28:49.990377+00:00,data/raw/master/customers.csv,customers
CUST00003820,Riley Garcia 3820,consumer ,Albany,Northeast,12/19/2024,a,1,Y,2026-09-11T04:28:49.990377+00:00,data/raw/master/customers.csv,customers
CUST00003821,Casey Lee 3821,consumer ,Albany,Northeast,10/10/2023,A,No,Y,2026-09-11T04:28:49.990377+00:00,data/raw/master/customers.csv,customers
CUST00003822,Morgan Kim 3822,Small Business,Nashville,Southeast,02/05/2024,a,1,Y,2026-09-11T04:28:49.990377+00:00,data/raw/master/customers.csv,customers
CUST00003823,Morgan Kim 3823,consumer ,Seattle,West,10/18/2021,D,N,Y,2026-09-11T04:28:49.990377+00:00,data/raw/master/customers.csv,customers
CUST00003824,Taylor Brown 3824,Small Business,Philadelphia,Northeast,03/03/2019,A,N,N,2026-09-11T04:28:49.990377+00:00,data/raw/master/customers.csv,customers
CUST00003825,Taylor Lee 3825,Enterprise,Denver,West,2019-05-03,B,Yes,N,2026-09-11T04:28:49.990377+00:00,data/raw/master/customers.csv,customers
CUST00003826,Morgan Brown 3826,Small Business,Dallas,Southwest,06/23/2021,a,N,Y,2026-09-11T04:28:49.990377+00:00,data/raw/master/customers.csv,customers
CUST00003827,Taylor Garcia 3827,consumer ,San Diego,West,06/25/2021,A,No,Y,2026-09-11T04:28:49.990377+00:00,data/raw/master/customers.csv,customers
CUST00003828,Morgan Smith 3828,Government,Philadelphia,Northeast,04/25/2019,a,N,Y,2026-09-11T04:28:49.990377+00:00,data/raw/master/customers.csv,customers
CUST00003829,Jordan Patel 3829,Government,Nashville,Southeast,10/30/2025,A,Yes,Y,2026-09-11T04:28:49.990377+00:00,data/raw/master/customers.csv,customers
CUST00003830,Morgan Lee 3830,Government,Birmingham,Southeast,09/07/2024,A,Yes,Y,2026-09-11T04:28:49.990377+00:00,data/raw/master/customers.csv,customers
CUST00003831,Alex Lee 3831,Enterprise,San Diego,West,2024-12-10,A,No,N,2026-09-11T04:28:49.990377+00:00,data/raw/master/customers.csv,customers
CUST00003832,Jordan Garcia 3832,Enterprise,Austin,Southwest,09/10/2025,A,1,Y,2026-09-11T04:28:49.990377+00:00,data/raw/master/customers.csv,customers
CUST00003833,Alex Smith 3833,Enterprise,Philadelphia,Northeast,03/06/2021,B,1,Y,2026-09-11T04:28:49.990377+00:00,data/raw/master/customers.csv,customers
CUST00003834,Alex Patel 3834,consumer ,San Diego,West,08/02/2019,B,1,True,2026-09-11T04:28:49.990377+00:00,data/raw/master/customers.csv,customers
CUST00003835,Alex Smith 3835,consumer ,Atlanta,Southeast,2025-04-24,A,1,N,2026-09-11T04:28:49.990377+00:00,data/raw/master/customers.csv,customers
CUST00003836,Jordan Kim 3836,Consumer,Phoenix,Southwest,2025-06-22,D,N,True,2026-09-11T04:28:49.990377+00:00,data/raw/master/customers.csv,customers
CUST00003837,Jordan Brown 3837,Small Business,Albany,Northeast,05/19/2021,a,1,Y,2026-09-11T04:28:49.990377+00:00,data/raw/master/customers.csv,customers
CUST00003838,Morgan Smith 3838,consumer ,Atlanta,Southeast,2023-08-26,a,No,Y,2026-09-11T04:28:49.990377+00:00,data/raw/master/customers.csv,customers
CUST00003839,Jordan Lee 3839,Small Business,Philadelphia,Northeast,12/07/2018,a,1,Y,2026-09-11T04:28:49.990377+00:00,data/raw/master/customers.csv,customers
CUST00003840,Jordan Kim 3840,consumer ,Phoenix,Southwest,2025-02-14,C,No,Y,2026-09-11T04:28:49.990377+00:00,data/raw/master/customers.csv,customers
CUST00003841,Alex Garcia 3841,Consumer,Albuquerque,Southwest,2024-12-24,C,No,N,2026-09-11T04:28:49.990377+00:00,data/raw/master/customers.csv,customers
CUST00003842,Alex Kim 3842,Government,Chicago,Midwest,09/07/2020,D,Y,Y,2026-09-11T04:28:49.990377+00:00,data/raw/master/customers.csv,customers
CUST00003843,Casey Smith 3843,consumer ,Atlanta,Southeast,09/30/2019,A,0,Y,2026-09-11T04:28:49.990377+00:00,data/raw/master/customers.csv,customers
CUST00003844,Jordan Patel 3844,Small Business,Austin,Southwest,12/29/2020,A,N,Y,2026-09-11T04:28:49.990377+00:00,data/raw/master/customers.csv,customers
CUST00003845,Alex Brown 3845,Consumer,Indianapolis,Midwest,01/15/2026,B,0,True,2026-09-11T04:28:49.990377+00:00,data/raw/master/customers.csv,customers
CUST00003846,Riley Brown 3846,Consumer,San Diego,West,03/05/2024,A,Yes,Y,2026-09-11T04:28:49.990377+00:00,data/raw/master/customers.csv,customers
CUST00003847,Taylor Kim 3847,consumer ,Buffalo,Northeast,08/11/2025,D,No,Y,2026-09-11T04:28:49.990377+00:00,data/raw/master/customers.csv,customers
CUST00003848,Casey Patel 3848,Consumer,Boston,Northeast,04/20/2019,A,Y,N,2026-09-11T04:28:49.990377+00:00,data/raw/master/customers.csv,customers
CUST00003849,Taylor Patel 3849,consumer ,Philadelphia,Northeast,2023-09-20,A,No,True,2026-09-11T04:28:49.990377+00:00,data/raw/master/customers.csv,customers
CUST00003850,Casey Brown 3850,Government,Portland,West,2022-09-13,D,Y,Y,2026-09-11T04:28:49.990377+00:00,data/raw/master/customers.csv,customers
CUST00003851,Casey Lee 3851,Small Business,Phoenix,Southwest,2018-09-10,B,0,Y,2026-09-11T04:28:49.990377+00:00,data/raw/master/customers.csv,customers
CUST00003852,Morgan Lee 3852,consumer ,Columbus,Midwest,11/16/2018,B,N,Y,2026-09-11T04:28:49.990377+00:00,data/raw/master/customers.csv,customers
CUST00003853,Jordan Patel 3853,consumer ,Atlanta,Southeast,07/31/2020,C,1,True,2026-09-11T04:28:49.990377+00:00,data/raw/master/customers.csv,customers
CUST00003854,Jordan Kim 3854,Consumer,San Diego,West,07/13/2025,A,No,Y,2026-09-11T04:28:49.990377+00:00,data/raw/master/customers.csv,customers
CUST00003855,Taylor Garcia 3855,consumer ,Philadelphia,Northeast,07/05/2022,a,0,Y,2026-09-11T04:28:49.990377+00:00,data/raw/master/customers.csv,customers
CUST00003856,Riley Lee 3856,Government,Buffalo,Northeast,09/10/2019,a,Y,Y,2026-09-11T04:28:49.990377+00:00,data/raw/master/customers.csv,customers
CUST00003857,Morgan Lee 3857,Consumer,Austin,Southwest,11/19/2024,D,Y,Y,2026-09-11T04:28:49.990377+00:00,data/raw/master/customers.csv,customers
CUST00003858,Morgan Smith 3858,Small Business,San Diego,West,09/19/2025,A,No,Y,2026-09-11T04:28:49.990377+00:00,data/raw/master/customers.csv,customers
CUST00003859,Riley Brown 3859,Government,Albany,Northeast,2020-03-05,B,Y,True,2026-09-11T04:28:49.990377+00:00,data/raw/master/customers.csv,customers
CUST00003860,Morgan Brown 3860,Enterprise,Detroit,Midwest,2025-11-05,a,Y,Y,2026-09-11T04:28:49.990377+00:00,data/raw/master/customers.csv,customers
CUST00003861,Morgan Patel 3861,Government,Albany,Northeast,2019-12-26,a,0,Y,2026-09-11T04:28:49.990377+00:00,data/raw/master/customers.csv,customers
CUST00003862,Casey Patel 3862,Government,Buffalo,Northeast,10/27/2021,C,Yes,Y,2026-09-11T04:28:49.990377+00:00,data/raw/master/customers.csv,customers
CUST00003863,Casey Garcia 3863,Government,Birmingham,Southeast,2021-03-04,a,Yes,Y,2026-09-11T04:28:49.990377+00:00,data/raw/master/customers.csv,customers
CUST00003864,Jordan Kim 3864,Government,San Diego,West,2023-06-25,B,No,Y,2026-09-11T04:28:49.990377+00:00,data/raw/master/customers.csv,customers
CUST00003865,Morgan Smith 3865,Consumer,Albuquerque,Southwest,02/25/2025,a,Yes,Y,2026-09-11T04:28:49.990377+00:00,data/raw/master/customers.csv,customers
CUST00003866,Jordan Kim 3866,consumer ,Philadelphia,Northeast,2018-03-31,C,N,Y,2026-09-11T04:28:49.990377+00:00,data/raw/master/customers.csv,customers
CUST00003867,Morgan Garcia 3867,Consumer,San Diego,West,12/01/2025,C,Yes,N,2026-09-11T04:28:49.990377+00:00,data/raw/master/customers.csv,customers
CUST00003868,Jordan Brown 3868,consumer ,Philadelphia,Northeast,2025-08-06,D,0,True,2026-09-11T04:28:49.990377+00:00,data/raw/master/customers.csv,customers
CUST00003869,Casey Patel 3869,Government,Phoenix,Southwest,2025-12-16,B,No,Y,2026-09-11T04:28:49.990377+00:00,data/raw/master/customers.csv,customers
CUST00003870,Riley Kim 3870,consumer ,Columbus,Midwest,06/03/2020,C,1,Y,2026-09-11T04:28:49.990377+00:00,data/raw/master/customers.csv,customers
CUST00003871,Taylor Lee 3871,Government,Austin,Southwest,11/02/2021,C,1,Y,2026-09-11T04:28:49.990377+00:00,data/raw/master/customers.csv,customers
CUST00003872,Alex Lee 3872,Enterprise,Boston,Northeast,2024-10-27,A,0,Y,2026-09-11T04:28:49.990377+00:00,data/raw/master/customers.csv,customers
CUST00003873,Jordan Patel 3873,Small Business,Atlanta,Southeast,2019-11-29,A,1,Y,2026-09-11T04:28:49.990377+00:00,data/raw/master/customers.csv,customers
CUST00003874,Riley Garcia 3874,Consumer,Nashville,Southeast,06/30/2021,B,N,N,2026-09-11T04:28:49.990377+00:00,data/raw/master/customers.csv,customers
CUST00003875,Morgan Garcia 3875,Government,Nashville,Southeast,09/12/2020,A,1,Y,2026-09-11T04:28:49.990377+00:00,data/raw/master/customers.csv,customers
CUST00003876,Riley Brown 3876,Consumer,Dallas,Southwest,2022-01-08,D,0,Y,2026-09-11T04:28:49.990377+00:00,data/raw/master/customers.csv,customers
CUST00003877,Riley Brown 3877,Small Business,Dallas,Southwest,10/08/2021,C,Yes,Y,2026-09-11T04:28:49.990377+00:00,data/raw/master/customers.csv,customers
CUST00003878,Riley Lee 3878,Consumer,Jacksonville,Southeast,2024-01-23,A,N,Y,2026-09-11T04:28:49.990377+00:00,data/raw/master/customers.csv,customers
CUST00003879,Morgan Lee 3879,Small Business,Boston,Northeast,12/27/2023,a,0,N,2026-09-11T04:28:49.990377+00:00,data/raw/master/customers.csv,customers
CUST00003880,Alex Garcia 3880,Small Business,Albany,Northeast,10/03/2024,B,No,Y,2026-09-11T04:28:49.990377+00:00,data/raw/master/customers.csv,customers
CUST00003881,Riley Smith 3881,Small Business,Indianapolis,Midwest,07/15/2024,D,No,Y,2026-09-11T04:28:49.990377+00:00,data/raw/master/customers.csv,customers
CUST00003882,Casey Brown 3882,Government,Albany,Northeast,03/23/2024,D,1,True,2026-09-11T04:28:49.990377+00:00,data/raw/master/customers.csv,customers
CUST00003883,Casey Garcia 3883,Enterprise,Philadelphia,Northeast,2025-06-13,C,0,Y,2026-09-11T04:28:49.990377+00:00,data/raw/master/customers.csv,customers
CUST00003884,Casey Kim 3884,Government,Albany,Northeast,04/28/2018,D,N,True,2026-09-11T04:28:49.990377+00:00,data/raw/master/customers.csv,customers
CUST00003885,Morgan Kim 3885,Consumer,Jacksonville,Southeast,08/14/2021,D,N,Y,2026-09-11T04:28:49.990377+00:00,data/raw/master/customers.csv,customers
CUST00003886,Taylor Lee 3886,consumer ,Jacksonville,Southeast,2019-08-11,C,N,Y,2026-09-11T04:28:49.990377+00:00,data/raw/master/customers.csv,customers
CUST00003887,Taylor Smith 3887,Small Business,Philadelphia,Northeast,2021-08-01,A,1,Y,2026-09-11T04:28:49.990377+00:00,data/raw/master/customers.csv,customers
CUST00003888,Riley Kim 3888,consumer ,Nashville,Southeast,12/29/2019,a,Yes,Y,2026-09-11T04:28:49.990377+00:00,data/raw/master/customers.csv,customers
CUST00003889,Alex Kim 3889,consumer ,Phoenix,Southwest,2022-07-28,D,1,True,2026-09-11T04:28:49.990377+00:00,data/raw/master/customers.csv,customers
CUST00003890,Jordan Lee 3890,Government,Portland,West,07/08/2020,A,N,Y,2026-09-11T04:28:49.990377+00:00,data/raw/master/customers.csv,customers
CUST00003891,Riley Brown 3891,Consumer,Indianapolis,Midwest,2024-03-09,D,N,Y,2026-09-11T04:28:49.990377+00:00,data/raw/master/customers.csv,customers
CUST00003892,Jordan Smith 3892,Government,Denver,West,12/20/2021,D,0,Y,2026-09-11T04:28:49.990377+00:00,data/raw/master/customers.csv,customers
CUST00003893,Morgan Lee 3893,Government,Columbus,Midwest,06/28/2020,D,N,Y,2026-09-11T04:28:49.990377+00:00,data/raw/master/customers.csv,customers
CUST00003894,Alex Patel 3894,Consumer,Philadelphia,Northeast,09/14/2024,A,No,Y,2026-09-11T04:28:49.990377+00:00,data/raw/master/customers.csv,customers
CUST00003895,Morgan Brown 3895,Government,Denver,West,02/13/2022,D,No,True,2026-09-11T04:28:49.990377+00:00,data/raw/master/customers.csv,customers
CUST00003896,Casey Patel 3896,Small Business,Denver,West,07/02/2020,D,N,Y,2026-09-11T04:28:49.990377+00:00,data/raw/master/customers.csv,customers
CUST00003897,Taylor Smith 3897,consumer ,Dallas,Southwest,2023-03-11,a,1,Y,2026-09-11T04:28:49.990377+00:00,data/raw/master/customers.csv,customers
CUST00003898,Alex Kim 3898,consumer ,Indianapolis,Midwest,2018-06-04,A,Y,Y,2026-09-11T04:28:49.990377+00:00,data/raw/master/customers.csv,customers
CUST00003899,Alex Brown 3899,Small Business,Detroit,Midwest,12/29/2021,D,Yes,Y,2026-09-11T04:28:49.990377+00:00,data/raw/master/customers.csv,customers
CUST00003900,Riley Garcia 3900,consumer ,Denver,West,2021-03-02,B,1,True,2026-09-11T04:28:49.990377+00:00,data/raw/master/customers.csv,customers
CUST00003901,Alex Smith 3901,Government,Boston,Northeast,04/11/2023,C,1,N,2026-09-11T04:28:49.990377+00:00,data/raw/master/customers.csv,customers
CUST00003902,Riley Patel 3902,consumer ,Jacksonville,Southeast,03/22/2022,B,Yes,True,2026-09-11T04:28:49.990377+00:00,data/raw/master/customers.csv,customers
CUST00003903,Alex Smith 3903,Enterprise,Columbus,Midwest,2021-03-02,B,Y,Y,2026-09-11T04:28:49.990377+00:00,data/raw/master/customers.csv,customers
CUST00003904,Taylor Smith 3904,Consumer,Atlanta,Southeast,2025-05-03,C,0,Y,2026-09-11T04:28:49.990377+00:00,data/raw/master/customers.csv,customers
CUST00003905,Taylor Lee 3905,Government,Portland,West,2024-10-16,A,Yes,N,2026-09-11T04:28:49.990377+00:00,data/raw/master/customers.csv,customers
CUST00003906,Morgan Lee 3906,Small Business,Albuquerque,Southwest,11/21/2024,D,Y,Y,2026-09-11T04:28:49.990377+00:00,data/raw/master/customers.csv,customers
CUST00003907,Casey Patel 3907,Government,Birmingham,Southeast,2023-06-11,A,0,Y,2026-09-11T04:28:49.990377+00:00,data/raw/master/customers.csv,customers
CUST00003908,Casey Smith 3908,Small Business,Denver,West,11/12/2024,B,Yes,N,2026-09-11T04:28:49.990377+00:00,data/raw/master/customers.csv,customers
CUST00003909,Jordan Smith 3909,Consumer,Nashville,Southeast,2019-08-03,B,Yes,N,2026-09-11T04:28:49.990377+00:00,data/raw/master/customers.csv,customers
CUST00003910,Casey Garcia 3910,Consumer,Atlanta,Southeast,04/02/2019,D,Y,N,2026-09-11T04:28:49.990377+00:00,data/raw/master/customers.csv,customers
CUST00003911,Riley Garcia 3911,Small Business,Dallas,Southwest,03/13/2018,C,N,True,2026-09-11T04:28:49.990377+00:00,data/raw/master/customers.csv,customers
CUST00003912,Taylor Garcia 3912,Government,Birmingham,Southeast,2023-01-20,D,No,N,2026-09-11T04:28:49.990377+00:00,data/raw/master/customers.csv,customers
CUST00003913,Morgan Smith 3913,Government,Seattle,West,09/27/2022,C,Y,Y,2026-09-11T04:28:49.990377+00:00,data/raw/master/customers.csv,customers
CUST00003914,Jordan Brown 3914,consumer ,Denver,West,2018-09-18,D,1,Y,2026-09-11T04:28:49.990377+00:00,data/raw/master/customers.csv,customers
CUST00003915,Casey Garcia 3915,consumer ,Boston,Northeast,2020-08-22,A,Yes,Y,2026-09-11T04:28:49.990377+00:00,data/raw/master/customers.csv,customers
CUST00003916,Casey Kim 3916,Small Business,Boston,Northeast,2024-08-23,D,No,Y,2026-09-11T04:28:49.990377+00:00,data/raw/master/customers.csv,customers
CUST00003917,Morgan Smith 3917,Government,Jacksonville,Southeast,2018-06-05,a,Yes,N,2026-09-11T04:28:49.990377+00:00,data/raw/master/customers.csv,customers
CUST00003918,Morgan Patel 3918,Enterprise,Nashville,Southeast,12/24/2023,a,Y,N,2026-09-11T04:28:49.990377+00:00,data/raw/master/customers.csv,customers
CUST00003919,Taylor Patel 3919,consumer ,Albany,Northeast,05/24/2021,C,N,Y,2026-09-11T04:28:49.990377+00:00,data/raw/master/customers.csv,customers
CUST00003920,Casey Smith 3920,Small Business,Detroit,Midwest,03/28/2025,D,0,N,2026-09-11T04:28:49.990377+00:00,data/raw/master/customers.csv,customers
CUST00003921,Jordan Smith 3921,Consumer,Nashville,Southeast,2024-12-21,A,N,Y,2026-09-11T04:28:49.990377+00:00,data/raw/master/customers.csv,customers
CUST00003922,Riley Lee 3922,Small Business,Indianapolis,Midwest,07/17/2024,C,N,Y,2026-09-11T04:28:49.990377+00:00,data/raw/master/customers.csv,customers
CUST00003923,Riley Garcia 3923,consumer ,Albany,Northeast,2023-04-26,B,1,True,2026-09-11T04:28:49.990377+00:00,data/raw/master/customers.csv,customers
CUST00003924,Riley Garcia 3924,consumer ,Chicago,Midwest,2019-06-05,D,1,True,2026-09-11T04:28:49.990377+00:00,data/raw/master/customers.csv,customers
CUST00003925,Riley Smith 3925,Small Business,Indianapolis,Midwest,10/10/2022,A,Yes,Y,2026-09-11T04:28:49.990377+00:00,data/raw/master/customers.csv,customers
CUST00003926,Morgan Kim 3926,Enterprise,San Diego,West,2023-04-01,a,1,N,2026-09-11T04:28:49.990377+00:00,data/raw/master/customers.csv,customers
CUST00003927,Casey Garcia 3927,Government,Indianapolis,Midwest,06/08/2018,a,0,Y,2026-09-11T04:28:49.990377+00:00,data/raw/master/customers.csv,customers
CUST00003928,Alex Patel 3928,consumer ,Dallas,Southwest,2018-09-18,B,Yes,N,2026-09-11T04:28:49.990377+00:00,data/raw/master/customers.csv,customers
CUST00003929,Morgan Garcia 3929,Consumer,Denver,West,2019-07-12,a,1,N,2026-09-11T04:28:49.990377+00:00,data/raw/master/customers.csv,customers
CUST00003930,Riley Smith 3930,Small Business,Albuquerque,Southwest,2018-02-11,A,N,Y,2026-09-11T04:28:49.990377+00:00,data/raw/master/customers.csv,customers
CUST00003931,Taylor Garcia 3931,Small Business,Philadelphia,Northeast,2020-11-17,B,Yes,N,2026-09-11T04:28:49.990377+00:00,data/raw/master/customers.csv,customers
CUST00003932,Morgan Patel 3932,Enterprise,Albuquerque,Southwest,2018-01-06,A,Yes,Y,2026-09-11T04:28:49.990377+00:00,data/raw/master/customers.csv,customers
CUST00003933,Taylor Smith 3933,Enterprise,Dallas,Southwest,06/19/2023,C,N,Y,2026-09-11T04:28:49.990377+00:00,data/raw/master/customers.csv,customers
CUST00003934,Morgan Smith 3934,Small Business,Buffalo,Northeast,2025-07-12,A,No,Y,2026-09-11T04:28:49.990377+00:00,data/raw/master/customers.csv,customers
CUST00003935,Alex Garcia 3935,Consumer,Denver,West,2023-10-19,D,Y,Y,2026-09-11T04:28:49.990377+00:00,data/raw/master/customers.csv,customers
CUST00003936,Morgan Garcia 3936,Enterprise,Birmingham,Southeast,2020-09-25,A,Yes,Y,2026-09-11T04:28:49.990377+00:00,data/raw/master/customers.csv,customers
CUST00003937,Riley Kim 3937,Consumer,Dallas,Southwest,03/08/2020,A,No,Y,2026-09-11T04:28:49.990377+00:00,data/raw/master/customers.csv,customers
CUST00003938,Morgan Kim 3938,consumer ,Austin,Southwest,10/31/2019,A,0,Y,2026-09-11T04:28:49.990377+00:00,data/raw/master/customers.csv,customers
CUST00003939,Taylor Kim 3939,Small Business,Philadelphia,Northeast,12/22/2023,a,Yes,N,2026-09-11T04:28:49.990377+00:00,data/raw/master/customers.csv,customers
CUST00003940,Riley Garcia 3940,Consumer,Chicago,Midwest,2020-11-05,B,Yes,Y,2026-09-11T04:28:49.990377+00:00,data/raw/master/customers.csv,customers
CUST00003941,Alex Kim 3941,consumer ,Albany,Northeast,2024-06-23,D,No,Y,2026-09-11T04:28:49.990377+00:00,data/raw/master/customers.csv,customers
CUST00003942,Alex Garcia 3942,Small Business,Columbus,Midwest,09/15/2018,A,Y,Y,2026-09-11T04:28:49.990377+00:00,data/raw/master/customers.csv,customers
CUST00003943,Jordan Lee 3943,consumer ,Indianapolis,Midwest,05/02/2024,C,No,N,2026-09-11T04:28:49.990377+00:00,data/raw/master/customers.csv,customers
CUST00003944,Taylor Smith 3944,consumer ,Portland,West,2023-11-12,A,1,Y,2026-09-11T04:28:49.990377+00:00,data/raw/master/customers.csv,customers
CUST00003945,Riley Kim 3945,Government,Phoenix,Southwest,2018-01-26,B,0,N,2026-09-11T04:28:49.990377+00:00,data/raw/master/customers.csv,customers
CUST00003946,Casey Garcia 3946,Consumer,Portland,West,03/07/2025,D,1,Y,2026-09-11T04:28:49.990377+00:00,data/raw/master/customers.csv,customers
CUST00003947,Taylor Patel 3947,consumer ,Dallas,Southwest,2022-08-26,a,Y,N,2026-09-11T04:28:49.990377+00:00,data/raw/master/customers.csv,customers
CUST00003948,Morgan Patel 3948,Small Business,Albany,Northeast,2022-08-29,C,Yes,True,2026-09-11T04:28:49.990377+00:00,data/raw/master/customers.csv,customers
CUST00003949,Alex Smith 3949,consumer ,Denver,West,09/19/2018,D,Yes,Y,2026-09-11T04:28:49.990377+00:00,data/raw/master/customers.csv,customers
CUST00003950,Taylor Lee 3950,Small Business,Seattle,West,11/29/2023,B,N,Y,2026-09-11T04:28:49.990377+00:00,data/raw/master/customers.csv,customers
CUST00003951,Morgan Lee 3951,Small Business,Indianapolis,Midwest,2019-01-27,a,No,True,2026-09-11T04:28:49.990377+00:00,data/raw/master/customers.csv,customers
CUST00003952,Morgan Kim 3952,Small Business,Detroit,Midwest,08/20/2021,B,Y,Y,2026-09-11T04:28:49.990377+00:00,data/raw/master/customers.csv,customers
CUST00003953,Riley Lee 3953,Consumer,Dallas,Southwest,05/29/2020,C,Yes,Y,2026-09-11T04:28:49.990377+00:00,data/raw/master/customers.csv,customers
CUST00003954,Morgan Lee 3954,Consumer,Detroit,Midwest,2023-06-19,B,Y,True,2026-09-11T04:28:49.990377+00:00,data/raw/master/customers.csv,customers
CUST00003955,Taylor Smith 3955,Small Business,Detroit,Midwest,2019-03-31,B,N,Y,2026-09-11T04:28:49.990377+00:00,data/raw/master/customers.csv,customers
CUST00003956,Morgan Garcia 3956,Government,Philadelphia,Northeast,02/13/2019,B,0,True,2026-09-11T04:28:49.990377+00:00,data/raw/master/customers.csv,customers
CUST00003957,Casey Brown 3957,consumer ,Albuquerque,Southwest,02/28/2023,A,1,Y,2026-09-11T04:28:49.990377+00:00,data/raw/master/customers.csv,customers
CUST00003958,Morgan Lee 3958,Small Business,Nashville,Southeast,01/16/2025,B,No,True,2026-09-11T04:28:49.990377+00:00,data/raw/master/customers.csv,customers
CUST00003959,Alex Lee 3959,Consumer,Buffalo,Northeast,2022-09-12,D,No,Y,2026-09-11T04:28:49.990377+00:00,data/raw/master/customers.csv,customers
CUST00003960,Riley Lee 3960,Consumer,Birmingham,Southeast,2025-09-28,C,No,Y,2026-09-11T04:28:49.990377+00:00,data/raw/master/customers.csv,customers
CUST00003961,Casey Brown 3961,consumer ,Phoenix,Southwest,11/10/2020,a,No,Y,2026-09-11T04:28:49.990377+00:00,data/raw/master/customers.csv,customers
CUST00003962,Taylor Kim 3962,Small Business,Phoenix,Southwest,07/15/2021,C,0,Y,2026-09-11T04:28:49.990377+00:00,data/raw/master/customers.csv,customers
CUST00003963,Taylor Lee 3963,Enterprise,Dallas,Southwest,2022-04-25,a,Yes,Y,2026-09-11T04:28:49.990377+00:00,data/raw/master/customers.csv,customers
CUST00003964,Jordan Garcia 3964,consumer ,Albuquerque,Southwest,11/16/2025,B,N,Y,2026-09-11T04:28:49.990377+00:00,data/raw/master/customers.csv,customers
CUST00003965,Riley Patel 3965,Government,Buffalo,Northeast,07/04/2021,a,1,N,2026-09-11T04:28:49.990377+00:00,data/raw/master/customers.csv,customers
CUST00003966,Taylor Brown 3966,Government,Austin,Southwest,2020-09-13,A,N,Y,2026-09-11T04:28:49.990377+00:00,data/raw/master/customers.csv,customers
CUST00003967,Taylor Kim 3967,Consumer,Seattle,West,09/19/2022,a,Yes,N,2026-09-11T04:28:49.990377+00:00,data/raw/master/customers.csv,customers
CUST00003968,Morgan Smith 3968,consumer ,Phoenix,Southwest,2025-02-28,C,Yes,Y,2026-09-11T04:28:49.990377+00:00,data/raw/master/customers.csv,customers
CUST00003969,Taylor Kim 3969,Consumer,Detroit,Midwest,03/28/2021,B,1,True,2026-09-11T04:28:49.990377+00:00,data/raw/master/customers.csv,customers
CUST00003970,Taylor Lee 3970,consumer ,Chicago,Midwest,2018-03-24,A,Yes,Y,2026-09-11T04:28:49.990377+00:00,data/raw/master/customers.csv,customers
CUST00003971,Alex Garcia 3971,consumer ,Jacksonville,Southeast,2018-11-15,a,1,Y,2026-09-11T04:28:49.990377+00:00,data/raw/master/customers.csv,customers
CUST00003972,Jordan Lee 3972,consumer ,Albany,Northeast,01/29/2024,D,Yes,True,2026-09-11T04:28:49.990377+00:00,data/raw/master/customers.csv,customers
CUST00003973,Alex Kim 3973,Government,Indianapolis,Midwest,01/02/2023,A,No,Y,2026-09-11T04:28:49.990377+00:00,data/raw/master/customers.csv,customers
CUST00003974,Riley Lee 3974,Government,Birmingham,Southeast,10/16/2020,a,0,Y,2026-09-11T04:28:49.990377+00:00,data/raw/master/customers.csv,customers
CUST00003975,Alex Smith 3975,Consumer,Boston,Northeast,04/08/2026,C,1,True,2026-09-11T04:28:49.990377+00:00,data/raw/master/customers.csv,customers
CUST00003976,Taylor Smith 3976,Small Business,Boston,Northeast,2026-04-27,a,1,N,2026-09-11T04:28:49.990377+00:00,data/raw/master/customers.csv,customers
CUST00003977,Taylor Kim 3977,Enterprise,Nashville,Southeast,06/14/2022,D,Yes,N,2026-09-11T04:28:49.990377+00:00,data/raw/master/customers.csv,customers
CUST00003978,Taylor Lee 3978,Government,Dallas,Southwest,2023-02-20,A,Y,Y,2026-09-11T04:28:49.990377+00:00,data/raw/master/customers.csv,customers
CUST00003979,Morgan Kim 3979,consumer ,Portland,West,2023-11-09,A,No,Y,2026-09-11T04:28:49.990377+00:00,data/raw/master/customers.csv,customers
CUST00003980,Alex Brown 3980,Small Business,Phoenix,Southwest,2018-11-12,a,N,Y,2026-09-11T04:28:49.990377+00:00,data/raw/master/customers.csv,customers
CUST00003981,Taylor Kim 3981,consumer ,Portland,West,2024-08-04,B,Yes,Y,2026-09-11T04:28:49.990377+00:00,data/raw/master/customers.csv,customers
CUST00003982,Alex Kim 3982,Enterprise,Buffalo,Northeast,10/21/2023,D,Y,True,2026-09-11T04:28:49.990377+00:00,data/raw/master/customers.csv,customers
CUST00003983,Alex Lee 3983,Government,Detroit,Midwest,2022-02-23,a,0,Y,2026-09-11T04:28:49.990377+00:00,data/raw/master/customers.csv,customers
CUST00003984,Morgan Brown 3984,Small Business,Phoenix,Southwest,03/02/2024,C,No,True,2026-09-11T04:28:49.990377+00:00,data/raw/master/customers.csv,customers
CUST00003985,Morgan Brown 3985,Enterprise,Seattle,West,2024-03-18,D,1,Y,2026-09-11T04:28:49.990377+00:00,data/raw/master/customers.csv,customers
CUST00003986,Riley Garcia 3986,Consumer,Albuquerque,Southwest,07/16/2018,A,Y,True,2026-09-11T04:28:49.990377+00:00,data/raw/master/customers.csv,customers
CUST00003987,Casey Lee 3987,Enterprise,Boston,Northeast,2021-10-26,B,1,True,2026-09-11T04:28:49.990377+00:00,data/raw/master/customers.csv,customers
CUST00003988,Riley Patel 3988,Consumer,Dallas,Southwest,02/17/2018,A,No,Y,2026-09-11T04:28:49.990377+00:00,data/raw/master/customers.csv,customers
CUST00003989,Taylor Kim 3989,Consumer,Seattle,West,07/25/2021,B,N,Y,2026-09-11T04:28:49.990377+00:00,data/raw/master/customers.csv,customers
CUST00003990,Alex Smith 3990,Small Business,Chicago,Midwest,06/02/2024,B,1,Y,2026-09-11T04:28:49.990377+00:00,data/raw/master/customers.csv,customers
CUST00003991,Jordan Patel 3991,consumer ,Boston,Northeast,06/20/2024,A,No,True,2026-09-11T04:28:49.990377+00:00,data/raw/master/customers.csv,customers
CUST00003992,Riley Patel 3992,Enterprise,Indianapolis,Midwest,12/06/2021,B,No,Y,2026-09-11T04:28:49.990377+00:00,data/raw/master/customers.csv,customers
CUST00003993,Morgan Lee 3993,Government,San Diego,West,2025-01-16,B,0,Y,2026-09-11T04:28:49.990377+00:00,data/raw/master/customers.csv,customers
CUST00003994,Riley Patel 3994,Small Business,Portland,West,2018-12-07,B,0,True,2026-09-11T04:28:49.990377+00:00,data/raw/master/customers.csv,customers
CUST00003995,Taylor Patel 3995,Small Business,Albuquerque,Southwest,2021-01-06,C,Y,True,2026-09-11T04:28:49.990377+00:00,data/raw/master/customers.csv,customers
CUST00003996,Alex Brown 3996,consumer ,Columbus,Midwest,06/29/2019,a,No,N,2026-09-11T04:28:49.990377+00:00,data/raw/master/customers.csv,customers
CUST00003997,Morgan Garcia 3997,Enterprise,San Diego,West,07/27/2023,A,No,True,2026-09-11T04:28:49.990377+00:00,data/raw/master/customers.csv,customers
CUST00003998,Jordan Garcia 3998,Consumer,Atlanta,Southeast,2022-06-05,A,1,Y,2026-09-11T04:28:49.990377+00:00,data/raw/master/customers.csv,customers
CUST00003999,Morgan Smith 3999,Enterprise,Denver,West,09/08/2021,D,N,Y,2026-09-11T04:28:49.990377+00:00,data/raw/master/customers.csv,customers
CUST00004000,Alex Kim 4000,Consumer,Seattle,West,07/11/2025,B,0,N,2026-09-11T04:28:49.990377+00:00,data/raw/master/customers.csv,customers
CUST00004001,Taylor Patel 4001,Small Business,Jacksonville,Southeast,2019-03-16,a,Y,Y,2026-09-11T04:28:49.990377+00:00,data/raw/master/customers.csv,customers
CUST00004002,Riley Brown 4002,Consumer,Detroit,Midwest,04/24/2020,A,Y,Y,2026-09-11T04:28:49.990377+00:00,data/raw/master/customers.csv,customers
CUST00004003,Taylor Kim 4003,consumer ,Boston,Northeast,2018-01-22,B,1,Y,2026-09-11T04:28:49.990377+00:00,data/raw/master/customers.csv,customers
CUST00004004,Taylor Lee 4004,Consumer,Atlanta,Southeast,11/22/2019,A,N,Y,2026-09-11T04:28:49.990377+00:00,data/raw/master/customers.csv,customers
CUST00004005,Taylor Kim 4005,Consumer,Buffalo,Northeast,2024-12-10,a,N,Y,2026-09-11T04:28:49.990377+00:00,data/raw/master/customers.csv,customers
CUST00004006,Casey Kim 4006,consumer ,Birmingham,Southeast,03/05/2026,D,Y,Y,2026-09-11T04:28:49.990377+00:00,data/raw/master/customers.csv,customers
CUST00004007,Riley Smith 4007,Enterprise,Dallas,Southwest,2021-09-21,B,0,True,2026-09-11T04:28:49.990377+00:00,data/raw/master/customers.csv,customers
CUST00004008,Riley Garcia 4008,consumer ,Denver,West,2019-06-08,D,1,Y,2026-09-11T04:28:49.990377+00:00,data/raw/master/customers.csv,customers
CUST00004009,Alex Garcia 4009,consumer ,Dallas,Southwest,2021-12-24,A,No,Y,2026-09-11T04:28:49.990377+00:00,data/raw/master/customers.csv,customers
CUST00004010,Jordan Lee 4010,consumer ,Indianapolis,Midwest,2022-05-07,D,0,True,2026-09-11T04:28:49.990377+00:00,data/raw/master/customers.csv,customers
CUST00004011,Casey Kim 4011,consumer ,Chicago,Midwest,2023-01-18,B,0,Y,2026-09-11T04:28:49.990377+00:00,data/raw/master/customers.csv,customers
CUST00004012,Morgan Smith 4012,Government,Austin,Southwest,2021-12-23,a,No,Y,2026-09-11T04:28:49.990377+00:00,data/raw/master/customers.csv,customers
CUST00004013,Morgan Brown 4013,Consumer,Atlanta,Southeast,2022-09-03,C,Yes,True,2026-09-11T04:28:49.990377+00:00,data/raw/master/customers.csv,customers
CUST00004014,Jordan Brown 4014,Enterprise,San Diego,West,2024-06-10,D,Y,Y,2026-09-11T04:28:49.990377+00:00,data/raw/master/customers.csv,customers
CUST00004015,Riley Garcia 4015,Small Business,Detroit,Midwest,2024-06-28,B,Y,Y,2026-09-11T04:28:49.990377+00:00,data/raw/master/customers.csv,customers
CUST00004016,Morgan Lee 4016,consumer ,Detroit,Midwest,06/27/2019,B,Y,N,2026-09-11T04:28:49.990377+00:00,data/raw/master/customers.csv,customers
CUST00004017,Casey Kim 4017,Enterprise,Albuquerque,Southwest,09/12/2025,a,Y,Y,2026-09-11T04:28:49.990377+00:00,data/raw/master/customers.csv,customers
CUST00004018,Taylor Brown 4018,Consumer,Indianapolis,Midwest,06/16/2018,B,Yes,Y,2026-09-11T04:28:49.990377+00:00,data/raw/master/customers.csv,customers
CUST00004019,Riley Brown 4019,Consumer,Portland,West,06/20/2024,a,No,Y,2026-09-11T04:28:49.990377+00:00,data/raw/master/customers.csv,customers
CUST00004020,Jordan Garcia 4020,Government,Albuquerque,Southwest,2025-11-29,C,No,Y,2026-09-11T04:28:49.990377+00:00,data/raw/master/customers.csv,customers
CUST00004021,Casey Kim 4021,consumer ,Portland,West,2020-01-22,A,0,Y,2026-09-11T04:28:49.990377+00:00,data/raw/master/customers.csv,customers
CUST00004022,Jordan Lee 4022,Small Business,Nashville,Southeast,05/10/2019,A,1,Y,2026-09-11T04:28:49.990377+00:00,data/raw/master/customers.csv,customers
CUST00004023,Alex Patel 4023,Small Business,Birmingham,Southeast,04/02/2019,C,0,True,2026-09-11T04:28:49.990377+00:00,data/raw/master/customers.csv,customers
CUST00004024,Taylor Brown 4024,Government,Philadelphia,Northeast,2024-12-16,D,No,Y,2026-09-11T04:28:49.990377+00:00,data/raw/master/customers.csv,customers
CUST00004025,Casey Patel 4025,Enterprise,Seattle,West,12/12/2023,A,Y,Y,2026-09-11T04:28:49.990377+00:00,data/raw/master/customers.csv,customers
CUST00004026,Jordan Garcia 4026,Consumer,Buffalo,Northeast,2022-02-09,D,0,Y,2026-09-11T04:28:49.990377+00:00,data/raw/master/customers.csv,customers
CUST00004027,Taylor Kim 4027,consumer ,Portland,West,2023-12-15,C,No,Y,2026-09-11T04:28:49.990377+00:00,data/raw/master/customers.csv,customers
CUST00004028,Jordan Garcia 4028,Government,Birmingham,Southeast,2025-10-14,A,N,Y,2026-09-11T04:28:49.990377+00:00,data/raw/master/customers.csv,customers
CUST00004029,Alex Kim 4029,Consumer,Jacksonville,Southeast,2018-04-21,A,Y,Y,2026-09-11T04:28:49.990377+00:00,data/raw/master/customers.csv,customers
CUST00004030,Jordan Lee 4030,Government,Albuquerque,Southwest,2018-05-29,A,No,True,2026-09-11T04:28:49.990377+00:00,data/raw/master/customers.csv,customers
CUST00004031,Jordan Smith 4031,Government,Seattle,West,2021-08-19,C,Y,N,2026-09-11T04:28:49.990377+00:00,data/raw/master/customers.csv,customers
CUST00004032,Alex Brown 4032,Enterprise,Seattle,West,11/04/2020,A,No,Y,2026-09-11T04:28:49.990377+00:00,data/raw/master/customers.csv,customers
CUST00004033,Taylor Garcia 4033,Enterprise,Columbus,Midwest,2020-07-20,a,No,True,2026-09-11T04:28:49.990377+00:00,data/raw/master/customers.csv,customers
CUST00004034,Morgan Brown 4034,Small Business,Boston,Northeast,2019-12-26,C,No,True,2026-09-11T04:28:49.990377+00:00,data/raw/master/customers.csv,customers
CUST00004035,Alex Smith 4035,Enterprise,Chicago,Midwest,07/13/2022,a,N,True,2026-09-11T04:28:49.990377+00:00,data/raw/master/customers.csv,customers
CUST00004036,Jordan Brown 4036,Government,Detroit,Midwest,2023-04-29,a,0,True,2026-09-11T04:28:49.990377+00:00,data/raw/master/customers.csv,customers
CUST00004037,Taylor Kim 4037,Enterprise,Philadelphia,Northeast,02/21/2023,a,0,True,2026-09-11T04:28:49.990377+00:00,data/raw/master/customers.csv,customers
CUST00004038,Alex Patel 4038,Enterprise,Denver,West,2018-04-21,C,0,Y,2026-09-11T04:28:49.990377+00:00,data/raw/master/customers.csv,customers
CUST00004039,Riley Garcia 4039,Consumer,Phoenix,Southwest,11/15/2019,C,1,Y,2026-09-11T04:28:49.990377+00:00,data/raw/master/customers.csv,customers
CUST00004040,Riley Patel 4040,Consumer,Boston,Northeast,2020-10-02,a,No,True,2026-09-11T04:28:49.990377+00:00,data/raw/master/customers.csv,customers
CUST00004041,Alex Brown 4041,Government,Dallas,Southwest,08/29/2020,B,No,Y,2026-09-11T04:28:49.990377+00:00,data/raw/master/customers.csv,customers
CUST00004042,Morgan Lee 4042,Government,Detroit,Midwest,01/14/2022,B,Y,True,2026-09-11T04:28:49.990377+00:00,data/raw/master/customers.csv,customers
CUST00004043,Jordan Brown 4043,consumer ,Albuquerque,Southwest,04/10/2024,D,No,Y,2026-09-11T04:28:49.990377+00:00,data/raw/master/customers.csv,customers
CUST00004044,Jordan Patel 4044,Government,San Diego,West,06/11/2021,B,No,Y,2026-09-11T04:28:49.990377+00:00,data/raw/master/customers.csv,customers
CUST00004045,Riley Garcia 4045,Government,Denver,West,2025-06-16,B,0,Y,2026-09-11T04:28:49.990377+00:00,data/raw/master/customers.csv,customers
CUST00004046,Morgan Garcia 4046,consumer ,Denver,West,07/24/2019,B,No,Y,2026-09-11T04:28:49.990377+00:00,data/raw/master/customers.csv,customers
CUST00004047,Morgan Garcia 4047,Consumer,Austin,Southwest,2024-03-30,a,No,N,2026-09-11T04:28:49.990377+00:00,data/raw/master/customers.csv,customers
CUST00004048,Taylor Brown 4048,Government,Philadelphia,Northeast,04/03/2020,D,1,True,2026-09-11T04:28:49.990377+00:00,data/raw/master/customers.csv,customers
CUST00004049,Alex Kim 4049,Consumer,Austin,Southwest,2025-05-22,a,0,Y,2026-09-11T04:28:49.990377+00:00,data/raw/master/customers.csv,customers
CUST00004050,Casey Patel 4050,Enterprise,Nashville,Southeast,2021-10-25,A,0,N,2026-09-11T04:28:49.990377+00:00,data/raw/master/customers.csv,customers
CUST00004051,Casey Kim 4051,consumer ,Portland,West,2019-04-23,a,0,Y,2026-09-11T04:28:49.990377+00:00,data/raw/master/customers.csv,customers
CUST00004052,Morgan Kim 4052,Consumer,Portland,West,11/29/2021,a,1,N,2026-09-11T04:28:49.990377+00:00,data/raw/master/customers.csv,customers
CUST00004053,Taylor Garcia 4053,Consumer,Indianapolis,Midwest,10/06/2025,a,Y,Y,2026-09-11T04:28:49.990377+00:00,data/raw/master/customers.csv,customers
CUST00004054,Jordan Lee 4054,Consumer,Austin,Southwest,09/17/2022,C,Yes,N,2026-09-11T04:28:49.990377+00:00,data/raw/master/customers.csv,customers
CUST00004055,Jordan Kim 4055,Small Business,Seattle,West,2023-09-04,A,0,Y,2026-09-11T04:28:49.990377+00:00,data/raw/master/customers.csv,customers
CUST00004056,Jordan Kim 4056,Small Business,Albuquerque,Southwest,01/16/2023,D,0,Y,2026-09-11T04:28:49.990377+00:00,data/raw/master/customers.csv,customers
CUST00004057,Taylor Brown 4057,Small Business,Chicago,Midwest,2021-04-06,D,N,N,2026-09-11T04:28:49.990377+00:00,data/raw/master/customers.csv,customers
CUST00004058,Casey Patel 4058,Small Business,San Diego,West,2022-09-29,D,1,True,2026-09-11T04:28:49.990377+00:00,data/raw/master/customers.csv,customers
CUST00004059,Alex Brown 4059,Government,Albuquerque,Southwest,2020-08-10,A,No,True,2026-09-11T04:28:49.990377+00:00,data/raw/master/customers.csv,customers
CUST00004060,Morgan Garcia 4060,Small Business,Phoenix,Southwest,2018-12-18,B,No,Y,2026-09-11T04:28:49.990377+00:00,data/raw/master/customers.csv,customers
CUST00004061,Morgan Lee 4061,Consumer,Buffalo,Northeast,08/31/2024,a,N,True,2026-09-11T04:28:49.990377+00:00,data/raw/master/customers.csv,customers
CUST00004062,Jordan Garcia 4062,Consumer,Boston,Northeast,2021-11-09,a,1,Y,2026-09-11T04:28:49.990377+00:00,data/raw/master/customers.csv,customers
CUST00004063,Taylor Kim 4063,Government,Buffalo,Northeast,02/27/2018,a,1,Y,2026-09-11T04:28:49.990377+00:00,data/raw/master/customers.csv,customers
CUST00004064,Morgan Smith 4064,Consumer,Atlanta,Southeast,05/19/2025,B,Yes,True,2026-09-11T04:28:49.990377+00:00,data/raw/master/customers.csv,customers
CUST00004065,Casey Patel 4065,consumer ,Phoenix,Southwest,2021-03-27,a,No,Y,2026-09-11T04:28:49.990377+00:00,data/raw/master/customers.csv,customers
CUST00004066,Alex Smith 4066,Consumer,Austin,Southwest,08/12/2025,B,Y,True,2026-09-11T04:28:49.990377+00:00,data/raw/master/customers.csv,customers
CUST00004067,Riley Patel 4067,Enterprise,Seattle,West,2020-04-14,C,No,Y,2026-09-11T04:28:49.990377+00:00,data/raw/master/customers.csv,customers
CUST00004068,Riley Smith 4068,consumer ,Phoenix,Southwest,06/13/2019,A,Y,Y,2026-09-11T04:28:49.990377+00:00,data/raw/master/customers.csv,customers
CUST00004069,Alex Patel 4069,Small Business,Indianapolis,Midwest,01/25/2026,a,N,N,2026-09-11T04:28:49.990377+00:00,data/raw/master/customers.csv,customers
CUST00004070,Alex Smith 4070,Government,Denver,West,02/11/2020,D,0,Y,2026-09-11T04:28:49.990377+00:00,data/raw/master/customers.csv,customers
CUST00004071,Morgan Brown 4071,consumer ,Phoenix,Southwest,06/23/2020,D,0,N,2026-09-11T04:28:49.990377+00:00,data/raw/master/customers.csv,customers
CUST00004072,Riley Garcia 4072,Enterprise,Phoenix,Southwest,03/18/2018,B,0,Y,2026-09-11T04:28:49.990377+00:00,data/raw/master/customers.csv,customers
CUST00004073,Riley Kim 4073,Small Business,Jacksonville,Southeast,2023-08-10,A,N,N,2026-09-11T04:28:49.990377+00:00,data/raw/master/customers.csv,customers
CUST00004074,Alex Kim 4074,Enterprise,Buffalo,Northeast,11/25/2021,A,0,Y,2026-09-11T04:28:49.990377+00:00,data/raw/master/customers.csv,customers
CUST00004075,Taylor Kim 4075,Government,Dallas,Southwest,2023-09-02,B,Y,Y,2026-09-11T04:28:49.990377+00:00,data/raw/master/customers.csv,customers
CUST00004076,Jordan Lee 4076,Consumer,San Diego,West,03/29/2022,A,No,Y,2026-09-11T04:28:49.990377+00:00,data/raw/master/customers.csv,customers
CUST00004077,Casey Kim 4077,consumer ,Buffalo,Northeast,06/17/2021,a,1,Y,2026-09-11T04:28:49.990377+00:00,data/raw/master/customers.csv,customers
CUST00004078,Jordan Lee 4078,consumer ,Chicago,Midwest,2020-03-21,C,Yes,N,2026-09-11T04:28:49.990377+00:00,data/raw/master/customers.csv,customers
CUST00004079,Riley Patel 4079,consumer ,Birmingham,Southeast,05/05/2024,B,0,N,2026-09-11T04:28:49.990377+00:00,data/raw/master/customers.csv,customers
CUST00004080,Jordan Lee 4080,Consumer,Nashville,Southeast,11/21/2021,D,N,True,2026-09-11T04:28:49.990377+00:00,data/raw/master/customers.csv,customers
CUST00004081,Casey Patel 4081,consumer ,Columbus,Midwest,2022-06-16,B,Yes,Y,2026-09-11T04:28:49.990377+00:00,data/raw/master/customers.csv,customers
CUST00004082,Casey Smith 4082,Small Business,Dallas,Southwest,2022-02-11,a,Yes,Y,2026-09-11T04:28:49.990377+00:00,data/raw/master/customers.csv,customers
CUST00004083,Jordan Kim 4083,Government,Buffalo,Northeast,2024-07-08,B,Y,True,2026-09-11T04:28:49.990377+00:00,data/raw/master/customers.csv,customers
CUST00004084,Jordan Garcia 4084,Government,Seattle,West,11/20/2024,D,Yes,Y,2026-09-11T04:28:49.990377+00:00,data/raw/master/customers.csv,customers
CUST00004085,Morgan Brown 4085,Consumer,Jacksonville,Southeast,2019-07-21,A,No,Y,2026-09-11T04:28:49.990377+00:00,data/raw/master/customers.csv,customers
CUST00004086,Alex Lee 4086,Consumer,Indianapolis,Midwest,12/07/2025,C,Yes,True,2026-09-11T04:28:49.990377+00:00,data/raw/master/customers.csv,customers
CUST00004087,Morgan Brown 4087,Small Business,Columbus,Midwest,2025-09-15,a,N,Y,2026-09-11T04:28:49.990377+00:00,data/raw/master/customers.csv,customers
CUST00004088,Jordan Brown 4088,consumer ,Austin,Southwest,2022-02-17,C,Yes,Y,2026-09-11T04:28:49.990377+00:00,data/raw/master/customers.csv,customers
CUST00004089,Riley Kim 4089,consumer ,Dallas,Southwest,11/14/2022,C,Yes,Y,2026-09-11T04:28:49.990377+00:00,data/raw/master/customers.csv,customers
CUST00004090,Morgan Patel 4090,Government,Columbus,Midwest,2026-01-29,C,Y,True,2026-09-11T04:28:49.990377+00:00,data/raw/master/customers.csv,customers
CUST00004091,Morgan Patel 4091,Government,Philadelphia,Northeast,2019-12-06,a,Yes,Y,2026-09-11T04:28:49.990377+00:00,data/raw/master/customers.csv,customers
CUST00004092,Morgan Kim 4092,Enterprise,Indianapolis,Midwest,2023-01-13,A,1,True,2026-09-11T04:28:49.990377+00:00,data/raw/master/customers.csv,customers
CUST00004093,Morgan Kim 4093,Government,Albany,Northeast,2022-10-03,A,Y,True,2026-09-11T04:28:49.990377+00:00,data/raw/master/customers.csv,customers
CUST00004094,Jordan Patel 4094,Consumer,Philadelphia,Northeast,2026-01-08,A,Yes,Y,2026-09-11T04:28:49.990377+00:00,data/raw/master/customers.csv,customers
CUST00004095,Alex Brown 4095,Consumer,Phoenix,Southwest,08/06/2023,D,No,N,2026-09-11T04:28:49.990377+00:00,data/raw/master/customers.csv,customers
CUST00004096,Jordan Lee 4096,Small Business,Denver,West,2025-11-30,a,No,True,2026-09-11T04:28:49.990377+00:00,data/raw/master/customers.csv,customers
CUST00004097,Riley Smith 4097,consumer ,Albany,Northeast,08/03/2025,D,N,True,2026-09-11T04:28:49.990377+00:00,data/raw/master/customers.csv,customers
CUST00004098,Morgan Patel 4098,Enterprise,Chicago,Midwest,01/01/2022,C,1,Y,2026-09-11T04:28:49.990377+00:00,data/raw/master/customers.csv,customers
CUST00004099,Jordan Smith 4099,consumer ,Nashville,Southeast,2018-12-26,D,1,Y,2026-09-11T04:28:49.990377+00:00,data/raw/master/customers.csv,customers
CUST00004100,Casey Patel 4100,Small Business,Albany,Northeast,2024-09-22,A,Yes,True,2026-09-11T04:28:49.990377+00:00,data/raw/master/customers.csv,customers
CUST00004101,Jordan Kim 4101,Enterprise,Atlanta,Southeast,2019-03-22,D,N,True,2026-09-11T04:28:49.990377+00:00,data/raw/master/customers.csv,customers
CUST00004102,Jordan Garcia 4102,Small Business,Albuquerque,Southwest,08/02/2023,C,Yes,True,2026-09-11T04:28:49.990377+00:00,data/raw/master/customers.csv,customers
CUST00004103,Morgan Garcia 4103,consumer ,Seattle,West,09/21/2020,A,Y,Y,2026-09-11T04:28:49.990377+00:00,data/raw/master/customers.csv,customers
CUST00004104,Casey Patel 4104,Consumer,Boston,Northeast,02/25/2022,B,No,Y,2026-09-11T04:28:49.990377+00:00,data/raw/master/customers.csv,customers
CUST00004105,Taylor Brown 4105,Small Business,Columbus,Midwest,2018-03-30,a,Yes,Y,2026-09-11T04:28:49.990377+00:00,data/raw/master/customers.csv,customers
CUST00004106,Riley Smith 4106,Small Business,Detroit,Midwest,2024-12-10,D,0,Y,2026-09-11T04:28:49.990377+00:00,data/raw/master/customers.csv,customers
CUST00004107,Alex Garcia 4107,Consumer,Detroit,Midwest,2021-05-04,a,N,True,2026-09-11T04:28:49.990377+00:00,data/raw/master/customers.csv,customers
CUST00004108,Alex Lee 4108,consumer ,Portland,West,07/18/2023,D,0,True,2026-09-11T04:28:49.990377+00:00,data/raw/master/customers.csv,customers
CUST00004109,Jordan Smith 4109,Small Business,Buffalo,Northeast,05/18/2020,A,N,Y,2026-09-11T04:28:49.990377+00:00,data/raw/master/customers.csv,customers
CUST00004110,Riley Kim 4110,Small Business,Atlanta,Southeast,02/10/2024,D,1,Y,2026-09-11T04:28:49.990377+00:00,data/raw/master/customers.csv,customers
CUST00004111,Alex Kim 4111,Government,Seattle,West,2020-07-26,A,N,True,2026-09-11T04:28:49.990377+00:00,data/raw/master/customers.csv,customers
CUST00004112,Taylor Garcia 4112,Consumer,Atlanta,Southeast,2021-07-08,a,1,N,2026-09-11T04:28:49.990377+00:00,data/raw/master/customers.csv,customers
CUST00004113,Jordan Garcia 4113,consumer ,Atlanta,Southeast,01/19/2020,A,1,Y,2026-09-11T04:28:49.990377+00:00,data/raw/master/customers.csv,customers
CUST00004114,Alex Lee 4114,Enterprise,Portland,West,2019-03-22,B,1,True,2026-09-11T04:28:49.990377+00:00,data/raw/master/customers.csv,customers
CUST00004115,Alex Brown 4115,consumer ,Buffalo,Northeast,05/06/2021,C,N,Y,2026-09-11T04:28:49.990377+00:00,data/raw/master/customers.csv,customers
CUST00004116,Morgan Lee 4116,Consumer,Birmingham,Southeast,2024-03-11,D,1,Y,2026-09-11T04:28:49.990377+00:00,data/raw/master/customers.csv,customers
CUST00004117,Morgan Kim 4117,consumer ,Detroit,Midwest,2022-11-16,A,N,Y,2026-09-11T04:28:49.990377+00:00,data/raw/master/customers.csv,customers
CUST00004118,Riley Smith 4118,Enterprise,Detroit,Midwest,2019-02-23,D,N,Y,2026-09-11T04:28:49.990377+00:00,data/raw/master/customers.csv,customers
CUST00004119,Morgan Garcia 4119,consumer ,Philadelphia,Northeast,2019-02-02,B,0,Y,2026-09-11T04:28:49.990377+00:00,data/raw/master/customers.csv,customers
CUST00004120,Morgan Lee 4120,consumer ,Jacksonville,Southeast,08/06/2025,B,N,True,2026-09-11T04:28:49.990377+00:00,data/raw/master/customers.csv,customers
CUST00004121,Riley Lee 4121,Enterprise,Denver,West,12/02/2020,A,Yes,Y,2026-09-11T04:28:49.990377+00:00,data/raw/master/customers.csv,customers
CUST00004122,Morgan Brown 4122,Enterprise,Denver,West,09/06/2025,C,N,Y,2026-09-11T04:28:49.990377+00:00,data/raw/master/customers.csv,customers
CUST00004123,Riley Brown 4123,Consumer,Portland,West,2023-10-02,a,0,True,2026-09-11T04:28:49.990377+00:00,data/raw/master/customers.csv,customers
CUST00004124,Alex Brown 4124,Government,Dallas,Southwest,11/24/2019,B,1,Y,2026-09-11T04:28:49.990377+00:00,data/raw/master/customers.csv,customers
CUST00004125,Casey Smith 4125,Consumer,Dallas,Southwest,2021-05-04,a,0,Y,2026-09-11T04:28:49.990377+00:00,data/raw/master/customers.csv,customers
CUST00004126,Taylor Lee 4126,Government,Albuquerque,Southwest,03/09/2019,a,N,Y,2026-09-11T04:28:49.990377+00:00,data/raw/master/customers.csv,customers
CUST00004127,Alex Brown 4127,Enterprise,Austin,Southwest,04/12/2024,a,No,Y,2026-09-11T04:28:49.990377+00:00,data/raw/master/customers.csv,customers
CUST00004128,Casey Smith 4128,Government,Buffalo,Northeast,12/02/2025,C,Y,Y,2026-09-11T04:28:49.990377+00:00,data/raw/master/customers.csv,customers
CUST00004129,Riley Patel 4129,Government,Columbus,Midwest,2021-12-03,C,0,Y,2026-09-11T04:28:49.990377+00:00,data/raw/master/customers.csv,customers
CUST00004130,Riley Kim 4130,Consumer,Philadelphia,Northeast,06/03/2022,C,No,Y,2026-09-11T04:28:49.990377+00:00,data/raw/master/customers.csv,customers
CUST00004131,Riley Garcia 4131,Small Business,Atlanta,Southeast,07/26/2018,A,Y,True,2026-09-11T04:28:49.990377+00:00,data/raw/master/customers.csv,customers
CUST00004132,Jordan Garcia 4132,Government,Dallas,Southwest,08/31/2022,D,Yes,True,2026-09-11T04:28:49.990377+00:00,data/raw/master/customers.csv,customers
CUST00004133,Jordan Brown 4133,Consumer,Dallas,Southwest,2024-11-09,C,0,Y,2026-09-11T04:28:49.990377+00:00,data/raw/master/customers.csv,customers
CUST00004134,Taylor Brown 4134,consumer ,Detroit,Midwest,06/03/2021,C,N,N,2026-09-11T04:28:49.990377+00:00,data/raw/master/customers.csv,customers
CUST00004135,Morgan Brown 4135,Consumer,Detroit,Midwest,2020-03-08,A,N,Y,2026-09-11T04:28:49.990377+00:00,data/raw/master/customers.csv,customers
CUST00004136,Riley Patel 4136,Small Business,San Diego,West,11/08/2025,a,0,Y,2026-09-11T04:28:49.990377+00:00,data/raw/master/customers.csv,customers
CUST00004137,Riley Lee 4137,Government,Nashville,Southeast,2021-02-25,a,1,Y,2026-09-11T04:28:49.990377+00:00,data/raw/master/customers.csv,customers
CUST00004138,Jordan Brown 4138,consumer ,Nashville,Southeast,05/10/2019,C,No,Y,2026-09-11T04:28:49.990377+00:00,data/raw/master/customers.csv,customers
CUST00004139,Taylor Brown 4139,Small Business,Detroit,Midwest,11/30/2020,a,Yes,Y,2026-09-11T04:28:49.990377+00:00,data/raw/master/customers.csv,customers
CUST00004140,Morgan Kim 4140,Consumer,Columbus,Midwest,2025-11-19,A,Y,True,2026-09-11T04:28:49.990377+00:00,data/raw/master/customers.csv,customers
CUST00004141,Alex Lee 4141,Government,Albuquerque,Southwest,2022-07-02,A,Y,Y,2026-09-11T04:28:49.990377+00:00,data/raw/master/customers.csv,customers
CUST00004142,Riley Smith 4142,Government,Jacksonville,Southeast,03/06/2025,C,Yes,Y,2026-09-11T04:28:49.990377+00:00,data/raw/master/customers.csv,customers
CUST00004143,Jordan Patel 4143,Enterprise,Seattle,West,2023-11-11,C,Yes,Y,2026-09-11T04:28:49.990377+00:00,data/raw/master/customers.csv,customers
CUST00004144,Taylor Brown 4144,Small Business,Phoenix,Southwest,2018-04-26,D,Y,Y,2026-09-11T04:28:49.990377+00:00,data/raw/master/customers.csv,customers
CUST00004145,Riley Garcia 4145,Enterprise,Albany,Northeast,2024-07-05,A,1,True,2026-09-11T04:28:49.990377+00:00,data/raw/master/customers.csv,customers
CUST00004146,Casey Smith 4146,Enterprise,Seattle,West,05/10/2025,B,Y,True,2026-09-11T04:28:49.990377+00:00,data/raw/master/customers.csv,customers
CUST00004147,Morgan Lee 4147,Consumer,Albuquerque,Southwest,2021-01-25,B,1,True,2026-09-11T04:28:49.990377+00:00,data/raw/master/customers.csv,customers
CUST00004148,Taylor Smith 4148,consumer ,Philadelphia,Northeast,08/31/2022,a,0,Y,2026-09-11T04:28:49.990377+00:00,data/raw/master/customers.csv,customers
CUST00004149,Morgan Lee 4149,consumer ,Dallas,Southwest,2021-08-16,A,1,Y,2026-09-11T04:28:49.990377+00:00,data/raw/master/customers.csv,customers
CUST00004150,Casey Patel 4150,consumer ,Denver,West,2023-11-02,D,1,Y,2026-09-11T04:28:49.990377+00:00,data/raw/master/customers.csv,customers
CUST00004151,Riley Patel 4151,Government,Phoenix,Southwest,11/02/2020,C,No,Y,2026-09-11T04:28:49.990377+00:00,data/raw/master/customers.csv,customers
CUST00004152,Riley Kim 4152,Government,Buffalo,Northeast,2018-03-02,A,0,Y,2026-09-11T04:28:49.990377+00:00,data/raw/master/customers.csv,customers
CUST00004153,Riley Kim 4153,Small Business,Albuquerque,Southwest,2020-10-22,a,Yes,N,2026-09-11T04:28:49.990377+00:00,data/raw/master/customers.csv,customers
CUST00004154,Riley Patel 4154,consumer ,Dallas,Southwest,2021-03-27,D,N,True,2026-09-11T04:28:49.990377+00:00,data/raw/master/customers.csv,customers
CUST00004155,Jordan Garcia 4155,Consumer,Phoenix,Southwest,12/05/2018,B,0,Y,2026-09-11T04:28:49.990377+00:00,data/raw/master/customers.csv,customers
CUST00004156,Jordan Kim 4156,Government,San Diego,West,2019-12-31,A,1,Y,2026-09-11T04:28:49.990377+00:00,data/raw/master/customers.csv,customers
CUST00004157,Taylor Lee 4157,consumer ,San Diego,West,2024-03-04,A,Y,Y,2026-09-11T04:28:49.990377+00:00,data/raw/master/customers.csv,customers
CUST00004158,Morgan Brown 4158,Government,Columbus,Midwest,2019-01-06,D,No,Y,2026-09-11T04:28:49.990377+00:00,data/raw/master/customers.csv,customers
CUST00004159,Jordan Patel 4159,consumer ,Boston,Northeast,2020-07-21,D,Yes,True,2026-09-11T04:28:49.990377+00:00,data/raw/master/customers.csv,customers
CUST00004160,Alex Garcia 4160,Government,Chicago,Midwest,08/29/2025,D,Yes,Y,2026-09-11T04:28:49.990377+00:00,data/raw/master/customers.csv,customers
CUST00004161,Alex Kim 4161,Government,Indianapolis,Midwest,2020-02-21,a,0,Y,2026-09-11T04:28:49.990377+00:00,data/raw/master/customers.csv,customers
CUST00004162,Casey Brown 4162,Small Business,Portland,West,12/09/2024,C,0,Y,2026-09-11T04:28:49.990377+00:00,data/raw/master/customers.csv,customers
CUST00004163,Alex Smith 4163,Enterprise,Albuquerque,Southwest,2022-08-16,a,Yes,Y,2026-09-11T04:28:49.990377+00:00,data/raw/master/customers.csv,customers
CUST00004164,Taylor Kim 4164,Government,Phoenix,Southwest,2019-12-19,A,Y,Y,2026-09-11T04:28:49.990377+00:00,data/raw/master/customers.csv,customers
CUST00004165,Jordan Kim 4165,Government,Atlanta,Southeast,2022-07-13,C,Yes,N,2026-09-11T04:28:49.990377+00:00,data/raw/master/customers.csv,customers
CUST00004166,Morgan Patel 4166,Enterprise,Dallas,Southwest,02/24/2019,D,No,N,2026-09-11T04:28:49.990377+00:00,data/raw/master/customers.csv,customers
CUST00004167,Taylor Patel 4167,Enterprise,Nashville,Southeast,01/29/2025,D,Yes,True,2026-09-11T04:28:49.990377+00:00,data/raw/master/customers.csv,customers
CUST00004168,Alex Patel 4168,Consumer,Denver,West,2026-02-28,C,No,Y,2026-09-11T04:28:49.990377+00:00,data/raw/master/customers.csv,customers
CUST00004169,Taylor Garcia 4169,consumer ,Phoenix,Southwest,2020-03-30,a,1,True,2026-09-11T04:28:49.990377+00:00,data/raw/master/customers.csv,customers
CUST00004170,Taylor Smith 4170,Consumer,Birmingham,Southeast,2022-02-11,D,0,N,2026-09-11T04:28:49.990377+00:00,data/raw/master/customers.csv,customers
CUST00004171,Alex Garcia 4171,Consumer,Philadelphia,Northeast,2025-09-30,C,Yes,N,2026-09-11T04:28:49.990377+00:00,data/raw/master/customers.csv,customers
CUST00004172,Morgan Lee 4172,Enterprise,Atlanta,Southeast,07/02/2021,a,Y,Y,2026-09-11T04:28:49.990377+00:00,data/raw/master/customers.csv,customers
CUST00004173,Alex Kim 4173,Consumer,Phoenix,Southwest,2021-07-11,A,1,N,2026-09-11T04:28:49.990377+00:00,data/raw/master/customers.csv,customers
CUST00004174,Alex Lee 4174,Small Business,Jacksonville,Southeast,03/24/2019,D,N,Y,2026-09-11T04:28:49.990377+00:00,data/raw/master/customers.csv,customers
CUST00004175,Morgan Lee 4175,Enterprise,Detroit,Midwest,2018-02-19,B,Y,Y,2026-09-11T04:28:49.990377+00:00,data/raw/master/customers.csv,customers
CUST00004176,Casey Patel 4176,Small Business,Albuquerque,Southwest,04/17/2019,D,Yes,Y,2026-09-11T04:28:49.990377+00:00,data/raw/master/customers.csv,customers
CUST00004177,Riley Patel 4177,Small Business,Boston,Northeast,04/12/2020,C,No,Y,2026-09-11T04:28:49.990377+00:00,data/raw/master/customers.csv,customers
CUST00004178,Jordan Smith 4178,consumer ,Dallas,Southwest,12/14/2018,a,1,Y,2026-09-11T04:28:49.990377+00:00,data/raw/master/customers.csv,customers
CUST00004179,Morgan Brown 4179,Small Business,Austin,Southwest,02/27/2019,C,Yes,Y,2026-09-11T04:28:49.990377+00:00,data/raw/master/customers.csv,customers
CUST00004180,Casey Kim 4180,Small Business,Columbus,Midwest,02/26/2026,D,1,N,2026-09-11T04:28:49.990377+00:00,data/raw/master/customers.csv,customers
CUST00004181,Morgan Kim 4181,Government,Portland,West,06/02/2018,D,Y,Y,2026-09-11T04:28:49.990377+00:00,data/raw/master/customers.csv,customers
CUST00004182,Alex Lee 4182,Enterprise,Chicago,Midwest,08/29/2018,C,N,Y,2026-09-11T04:28:49.990377+00:00,data/raw/master/customers.csv,customers
CUST00004183,Morgan Brown 4183,Government,Dallas,Southwest,2024-05-02,B,No,Y,2026-09-11T04:28:49.990377+00:00,data/raw/master/customers.csv,customers
CUST00004184,Jordan Lee 4184,Small Business,Albuquerque,Southwest,2025-01-27,B,1,True,2026-09-11T04:28:49.990377+00:00,data/raw/master/customers.csv,customers
CUST00004185,Casey Patel 4185,Government,San Diego,West,05/27/2019,D,1,Y,2026-09-11T04:28:49.990377+00:00,data/raw/master/customers.csv,customers
CUST00004186,Jordan Lee 4186,Government,Denver,West,03/02/2025,A,Y,Y,2026-09-11T04:28:49.990377+00:00,data/raw/master/customers.csv,customers
CUST00004187,Morgan Kim 4187,consumer ,Albany,Northeast,2022-02-01,C,1,Y,2026-09-11T04:28:49.990377+00:00,data/raw/master/customers.csv,customers
CUST00004188,Morgan Lee 4188,Consumer,Albuquerque,Southwest,2024-09-06,a,No,N,2026-09-11T04:28:49.990377+00:00,data/raw/master/customers.csv,customers
CUST00004189,Alex Lee 4189,Government,Portland,West,04/11/2024,D,Yes,Y,2026-09-11T04:28:49.990377+00:00,data/raw/master/customers.csv,customers
CUST00004190,Jordan Lee 4190,Enterprise,Seattle,West,2024-04-24,D,No,Y,2026-09-11T04:28:49.990377+00:00,data/raw/master/customers.csv,customers
CUST00004191,Jordan Smith 4191,Consumer,Atlanta,Southeast,12/04/2024,B,No,Y,2026-09-11T04:28:49.990377+00:00,data/raw/master/customers.csv,customers
CUST00004192,Morgan Smith 4192,consumer ,Portland,West,12/26/2021,D,No,Y,2026-09-11T04:28:49.990377+00:00,data/raw/master/customers.csv,customers
CUST00004193,Morgan Brown 4193,Government,Chicago,Midwest,05/02/2024,C,Yes,N,2026-09-11T04:28:49.990377+00:00,data/raw/master/customers.csv,customers
CUST00004194,Casey Garcia 4194,consumer ,Columbus,Midwest,10/01/2025,B,Y,N,2026-09-11T04:28:49.990377+00:00,data/raw/master/customers.csv,customers
CUST00004195,Taylor Kim 4195,consumer ,Albany,Northeast,11/25/2023,C,Y,Y,2026-09-11T04:28:49.990377+00:00,data/raw/master/customers.csv,customers
CUST00004196,Morgan Lee 4196,Government,Birmingham,Southeast,2025-01-03,B,N,Y,2026-09-11T04:28:49.990377+00:00,data/raw/master/customers.csv,customers
CUST00004197,Jordan Lee 4197,Consumer,Seattle,West,2025-08-11,D,No,Y,2026-09-11T04:28:49.990377+00:00,data/raw/master/customers.csv,customers
CUST00004198,Jordan Lee 4198,Government,Columbus,Midwest,09/19/2020,a,Y,Y,2026-09-11T04:28:49.990377+00:00,data/raw/master/customers.csv,customers
CUST00004199,Morgan Garcia 4199,Consumer,Columbus,Midwest,2018-12-03,C,Y,True,2026-09-11T04:28:49.990377+00:00,data/raw/master/customers.csv,customers
CUST00004200,Riley Brown 4200,Small Business,Nashville,Southeast,02/12/2021,C,Y,N,2026-09-11T04:28:49.990377+00:00,data/raw/master/customers.csv,customers
CUST00004201,Morgan Patel 4201,Enterprise,Nashville,Southeast,2025-12-22,a,0,Y,2026-09-11T04:28:49.990377+00:00,data/raw/master/customers.csv,customers
CUST00004202,Morgan Patel 4202,Government,San Diego,West,12/19/2018,B,Yes,Y,2026-09-11T04:28:49.990377+00:00,data/raw/master/customers.csv,customers
CUST00004203,Casey Kim 4203,Enterprise,Columbus,Midwest,2021-12-19,C,Y,True,2026-09-11T04:28:49.990377+00:00,data/raw/master/customers.csv,customers
CUST00004204,Casey Lee 4204,Government,Detroit,Midwest,2023-06-11,a,Yes,N,2026-09-11T04:28:49.990377+00:00,data/raw/master/customers.csv,customers
CUST00004205,Jordan Kim 4205,Consumer,Atlanta,Southeast,2024-07-20,B,1,Y,2026-09-11T04:28:49.990377+00:00,data/raw/master/customers.csv,customers
CUST00004206,Riley Smith 4206,Small Business,Dallas,Southwest,09/15/2018,B,Yes,Y,2026-09-11T04:28:49.990377+00:00,data/raw/master/customers.csv,customers
CUST00004207,Alex Garcia 4207,Government,Chicago,Midwest,04/15/2021,A,N,Y,2026-09-11T04:28:49.990377+00:00,data/raw/master/customers.csv,customers
CUST00004208,Casey Patel 4208,Small Business,Boston,Northeast,07/01/2023,C,0,Y,2026-09-11T04:28:49.990377+00:00,data/raw/master/customers.csv,customers
CUST00004209,Morgan Lee 4209,Enterprise,Seattle,West,01/22/2020,A,0,Y,2026-09-11T04:28:49.990377+00:00,data/raw/master/customers.csv,customers
CUST00004210,Jordan Smith 4210,Government,Chicago,Midwest,2020-09-13,a,N,Y,2026-09-11T04:28:49.990377+00:00,data/raw/master/customers.csv,customers
CUST00004211,Morgan Smith 4211,Small Business,Albany,Northeast,08/18/2018,D,Y,Y,2026-09-11T04:28:49.990377+00:00,data/raw/master/customers.csv,customers
CUST00004212,Casey Brown 4212,Enterprise,Atlanta,Southeast,2026-04-06,B,Yes,Y,2026-09-11T04:28:49.990377+00:00,data/raw/master/customers.csv,customers
CUST00004213,Jordan Smith 4213,Enterprise,Boston,Northeast,2019-01-01,C,1,N,2026-09-11T04:28:49.990377+00:00,data/raw/master/customers.csv,customers
CUST00004214,Riley Smith 4214,Consumer,Columbus,Midwest,09/06/2019,A,0,Y,2026-09-11T04:28:49.990377+00:00,data/raw/master/customers.csv,customers
CUST00004215,Jordan Lee 4215,Enterprise,Atlanta,Southeast,2020-04-14,B,N,Y,2026-09-11T04:28:49.990377+00:00,data/raw/master/customers.csv,customers
CUST00004216,Casey Patel 4216,Consumer,Jacksonville,Southeast,07/01/2022,C,0,N,2026-09-11T04:28:49.990377+00:00,data/raw/master/customers.csv,customers
CUST00004217,Riley Garcia 4217,Consumer,San Diego,West,11/15/2022,A,0,Y,2026-09-11T04:28:49.990377+00:00,data/raw/master/customers.csv,customers
CUST00004218,Morgan Garcia 4218,Government,Buffalo,Northeast,01/19/2021,a,Yes,Y,2026-09-11T04:28:49.990377+00:00,data/raw/master/customers.csv,customers
CUST00004219,Alex Patel 4219,Consumer,Columbus,Midwest,11/22/2018,A,Yes,Y,2026-09-11T04:28:49.990377+00:00,data/raw/master/customers.csv,customers
CUST00004220,Casey Brown 4220,Government,Buffalo,Northeast,07/12/2025,D,N,Y,2026-09-11T04:28:49.990377+00:00,data/raw/master/customers.csv,customers
CUST00004221,Alex Kim 4221,consumer ,Denver,West,05/23/2022,A,N,Y,2026-09-11T04:28:49.990377+00:00,data/raw/master/customers.csv,customers
CUST00004222,Taylor Brown 4222,Enterprise,Albany,Northeast,04/08/2024,A,Y,N,2026-09-11T04:28:49.990377+00:00,data/raw/master/customers.csv,customers
CUST00004223,Morgan Smith 4223,Enterprise,Philadelphia,Northeast,08/20/2018,D,0,Y,2026-09-11T04:28:49.990377+00:00,data/raw/master/customers.csv,customers
CUST00004224,Alex Lee 4224,consumer ,Boston,Northeast,03/30/2021,a,Y,True,2026-09-11T04:28:49.990377+00:00,data/raw/master/customers.csv,customers
CUST00004225,Casey Smith 4225,consumer ,Columbus,Midwest,2023-07-23,B,Yes,Y,2026-09-11T04:28:49.990377+00:00,data/raw/master/customers.csv,customers
CUST00004226,Jordan Lee 4226,Enterprise,Birmingham,Southeast,2020-01-08,a,Yes,True,2026-09-11T04:28:49.990377+00:00,data/raw/master/customers.csv,customers
CUST00004227,Morgan Patel 4227,Consumer,Chicago,Midwest,03/22/2026,a,No,N,2026-09-11T04:28:49.990377+00:00,data/raw/master/customers.csv,customers
CUST00004228,Riley Lee 4228,Small Business,Dallas,Southwest,11/29/2023,C,Y,Y,2026-09-11T04:28:49.990377+00:00,data/raw/master/customers.csv,customers
CUST00004229,Riley Kim 4229,Consumer,Nashville,Southeast,10/01/2025,B,1,Y,2026-09-11T04:28:49.990377+00:00,data/raw/master/customers.csv,customers
CUST00004230,Taylor Patel 4230,Small Business,San Diego,West,2025-01-03,a,Y,N,2026-09-11T04:28:49.990377+00:00,data/raw/master/customers.csv,customers
CUST00004231,Alex Brown 4231,consumer ,Chicago,Midwest,03/24/2019,A,1,Y,2026-09-11T04:28:49.990377+00:00,data/raw/master/customers.csv,customers
CUST00004232,Casey Brown 4232,Consumer,Indianapolis,Midwest,01/16/2019,C,Y,Y,2026-09-11T04:28:49.990377+00:00,data/raw/master/customers.csv,customers
CUST00004233,Alex Kim 4233,Enterprise,Phoenix,Southwest,2019-07-05,C,1,Y,2026-09-11T04:28:49.990377+00:00,data/raw/master/customers.csv,customers
CUST00004234,Riley Garcia 4234,consumer ,Chicago,Midwest,2020-12-08,C,Yes,N,2026-09-11T04:28:49.990377+00:00,data/raw/master/customers.csv,customers
CUST00004235,Casey Smith 4235,Enterprise,Austin,Southwest,09/16/2023,B,1,Y,2026-09-11T04:28:49.990377+00:00,data/raw/master/customers.csv,customers
CUST00004236,Casey Patel 4236,consumer ,Dallas,Southwest,06/07/2022,a,No,Y,2026-09-11T04:28:49.990377+00:00,data/raw/master/customers.csv,customers
CUST00004237,Morgan Lee 4237,Small Business,Dallas,Southwest,08/01/2022,C,0,N,2026-09-11T04:28:49.990377+00:00,data/raw/master/customers.csv,customers
CUST00004238,Jordan Brown 4238,Enterprise,Philadelphia,Northeast,2024-05-25,B,1,Y,2026-09-11T04:28:49.990377+00:00,data/raw/master/customers.csv,customers
CUST00004239,Taylor Brown 4239,Government,Albuquerque,Southwest,11/23/2021,C,No,Y,2026-09-11T04:28:49.990377+00:00,data/raw/master/customers.csv,customers
CUST00004240,Morgan Garcia 4240,consumer ,Albany,Northeast,11/29/2018,A,No,N,2026-09-11T04:28:49.990377+00:00,data/raw/master/customers.csv,customers
CUST00004241,Morgan Lee 4241,Government,Portland,West,2023-04-24,A,Yes,Y,2026-09-11T04:28:49.990377+00:00,data/raw/master/customers.csv,customers
CUST00004242,Riley Garcia 4242,Consumer,Albany,Northeast,11/15/2021,B,No,Y,2026-09-11T04:28:49.990377+00:00,data/raw/master/customers.csv,customers
CUST00004243,Morgan Smith 4243,Small Business,Jacksonville,Southeast,2025-09-25,B,0,Y,2026-09-11T04:28:49.990377+00:00,data/raw/master/customers.csv,customers
CUST00004244,Jordan Lee 4244,Enterprise,Denver,West,12/16/2022,C,Yes,Y,2026-09-11T04:28:49.990377+00:00,data/raw/master/customers.csv,customers
CUST00004245,Jordan Garcia 4245,Small Business,Albany,Northeast,02/18/2020,A,N,Y,2026-09-11T04:28:49.990377+00:00,data/raw/master/customers.csv,customers
CUST00004246,Riley Lee 4246,consumer ,San Diego,West,2018-07-13,D,No,N,2026-09-11T04:28:49.990377+00:00,data/raw/master/customers.csv,customers
CUST00004247,Taylor Brown 4247,Government,Indianapolis,Midwest,2023-06-28,D,No,Y,2026-09-11T04:28:49.990377+00:00,data/raw/master/customers.csv,customers
CUST00004248,Taylor Smith 4248,Enterprise,Chicago,Midwest,2025-04-10,B,1,Y,2026-09-11T04:28:49.990377+00:00,data/raw/master/customers.csv,customers
CUST00004249,Morgan Patel 4249,Small Business,Chicago,Midwest,06/04/2021,A,1,True,2026-09-11T04:28:49.990377+00:00,data/raw/master/customers.csv,customers
CUST00004250,Alex Kim 4250,Consumer,Albuquerque,Southwest,02/16/2024,A,No,Y,2026-09-11T04:28:49.990377+00:00,data/raw/master/customers.csv,customers
CUST00004251,Casey Smith 4251,Consumer,Albuquerque,Southwest,02/25/2025,A,No,Y,2026-09-11T04:28:49.990377+00:00,data/raw/master/customers.csv,customers
CUST00004252,Taylor Garcia 4252,Consumer,Chicago,Midwest,11/30/2022,D,1,N,2026-09-11T04:28:49.990377+00:00,data/raw/master/customers.csv,customers
CUST00004253,Riley Garcia 4253,Enterprise,Dallas,Southwest,04/08/2019,B,0,True,2026-09-11T04:28:49.990377+00:00,data/raw/master/customers.csv,customers
CUST00004254,Morgan Brown 4254,consumer ,Indianapolis,Midwest,06/12/2024,A,No,True,2026-09-11T04:28:49.990377+00:00,data/raw/master/customers.csv,customers
CUST00004255,Alex Kim 4255,Enterprise,Buffalo,Northeast,02/20/2022,D,N,Y,2026-09-11T04:28:49.990377+00:00,data/raw/master/customers.csv,customers
CUST00004256,Jordan Garcia 4256,Small Business,Denver,West,2018-10-29,a,0,True,2026-09-11T04:28:49.990377+00:00,data/raw/master/customers.csv,customers
CUST00004257,Alex Kim 4257,Government,Atlanta,Southeast,2020-06-15,A,Yes,Y,2026-09-11T04:28:49.990377+00:00,data/raw/master/customers.csv,customers
CUST00004258,Morgan Kim 4258,consumer ,Boston,Northeast,09/10/2020,a,1,True,2026-09-11T04:28:49.990377+00:00,data/raw/master/customers.csv,customers
CUST00004259,Casey Garcia 4259,Enterprise,Birmingham,Southeast,12/24/2023,B,0,Y,2026-09-11T04:28:49.990377+00:00,data/raw/master/customers.csv,customers
CUST00004260,Morgan Brown 4260,Enterprise,Buffalo,Northeast,2021-03-19,D,1,Y,2026-09-11T04:28:49.990377+00:00,data/raw/master/customers.csv,customers
CUST00004261,Casey Smith 4261,Government,Atlanta,Southeast,11/19/2019,C,No,Y,2026-09-11T04:28:49.990377+00:00,data/raw/master/customers.csv,customers
CUST00004262,Alex Brown 4262,Enterprise,Chicago,Midwest,08/09/2021,A,0,Y,2026-09-11T04:28:49.990377+00:00,data/raw/master/customers.csv,customers
CUST00004263,Alex Garcia 4263,Enterprise,Philadelphia,Northeast,2020-02-12,B,0,True,2026-09-11T04:28:49.990377+00:00,data/raw/master/customers.csv,customers
CUST00004264,Morgan Garcia 4264,Small Business,Albuquerque,Southwest,08/14/2020,D,1,Y,2026-09-11T04:28:49.990377+00:00,data/raw/master/customers.csv,customers
CUST00004265,Morgan Patel 4265,Enterprise,Buffalo,Northeast,06/17/2018,a,1,Y,2026-09-11T04:28:49.990377+00:00,data/raw/master/customers.csv,customers
CUST00004266,Casey Lee 4266,Small Business,Austin,Southwest,05/19/2021,B,Yes,Y,2026-09-11T04:28:49.990377+00:00,data/raw/master/customers.csv,customers
CUST00004267,Taylor Garcia 4267,Small Business,Atlanta,Southeast,2023-12-01,C,0,True,2026-09-11T04:28:49.990377+00:00,data/raw/master/customers.csv,customers
CUST00004268,Morgan Smith 4268,Consumer,Denver,West,2018-10-12,a,No,True,2026-09-11T04:28:49.990377+00:00,data/raw/master/customers.csv,customers
CUST00004269,Jordan Smith 4269,Consumer,Austin,Southwest,2018-11-18,D,Yes,Y,2026-09-11T04:28:49.990377+00:00,data/raw/master/customers.csv,customers
CUST00004270,Alex Patel 4270,Government,Nashville,Southeast,2021-08-24,B,Yes,Y,2026-09-11T04:28:49.990377+00:00,data/raw/master/customers.csv,customers
CUST00004271,Casey Brown 4271,Enterprise,Buffalo,Northeast,03/04/2018,C,No,Y,2026-09-11T04:28:49.990377+00:00,data/raw/master/customers.csv,customers
CUST00004272,Riley Brown 4272,Government,Albany,Northeast,11/14/2019,a,1,True,2026-09-11T04:28:49.990377+00:00,data/raw/master/customers.csv,customers
CUST00004273,Morgan Kim 4273,Consumer,Austin,Southwest,2022-12-20,B,Y,Y,2026-09-11T04:28:49.990377+00:00,data/raw/master/customers.csv,customers
CUST00004274,Jordan Patel 4274,Consumer,Jacksonville,Southeast,07/01/2025,a,1,True,2026-09-11T04:28:49.990377+00:00,data/raw/master/customers.csv,customers
CUST00004275,Alex Smith 4275,Consumer,Denver,West,2024-08-02,C,0,Y,2026-09-11T04:28:49.990377+00:00,data/raw/master/customers.csv,customers
CUST00004276,Riley Brown 4276,Small Business,Albuquerque,Southwest,2025-11-20,B,Yes,Y,2026-09-11T04:28:49.990377+00:00,data/raw/master/customers.csv,customers
CUST00004277,Alex Lee 4277,Government,Detroit,Midwest,11/06/2019,D,Y,Y,2026-09-11T04:28:49.990377+00:00,data/raw/master/customers.csv,customers
CUST00004278,Taylor Kim 4278,Government,Dallas,Southwest,2020-12-31,B,1,True,2026-09-11T04:28:49.990377+00:00,data/raw/master/customers.csv,customers
CUST00004279,Morgan Lee 4279,Small Business,San Diego,West,01/30/2025,C,Yes,Y,2026-09-11T04:28:49.990377+00:00,data/raw/master/customers.csv,customers
CUST00004280,Jordan Garcia 4280,Government,Albuquerque,Southwest,06/24/2025,B,N,True,2026-09-11T04:28:49.990377+00:00,data/raw/master/customers.csv,customers
CUST00004281,Jordan Kim 4281,consumer ,Buffalo,Northeast,2022-10-31,D,0,Y,2026-09-11T04:28:49.990377+00:00,data/raw/master/customers.csv,customers
CUST00004282,Jordan Garcia 4282,Consumer,Indianapolis,Midwest,10/31/2019,D,N,True,2026-09-11T04:28:49.990377+00:00,data/raw/master/customers.csv,customers
CUST00004283,Morgan Patel 4283,Enterprise,Portland,West,03/03/2023,D,Y,Y,2026-09-11T04:28:49.990377+00:00,data/raw/master/customers.csv,customers
CUST00004284,Alex Smith 4284,Government,Denver,West,2020-10-17,a,N,N,2026-09-11T04:28:49.990377+00:00,data/raw/master/customers.csv,customers
CUST00004285,Jordan Lee 4285,Enterprise,Austin,Southwest,2019-03-21,A,Yes,Y,2026-09-11T04:28:49.990377+00:00,data/raw/master/customers.csv,customers
CUST00004286,Riley Brown 4286,consumer ,Birmingham,Southeast,2019-04-03,a,No,Y,2026-09-11T04:28:49.990377+00:00,data/raw/master/customers.csv,customers
CUST00004287,Riley Brown 4287,Government,Seattle,West,2025-06-01,C,Yes,Y,2026-09-11T04:28:49.990377+00:00,data/raw/master/customers.csv,customers
CUST00004288,Taylor Smith 4288,consumer ,Birmingham,Southeast,2025-10-30,B,1,Y,2026-09-11T04:28:49.990377+00:00,data/raw/master/customers.csv,customers
CUST00004289,Morgan Brown 4289,consumer ,Phoenix,Southwest,02/09/2018,D,0,Y,2026-09-11T04:28:49.990377+00:00,data/raw/master/customers.csv,customers
CUST00004290,Riley Garcia 4290,Enterprise,Albuquerque,Southwest,2024-09-07,a,1,Y,2026-09-11T04:28:49.990377+00:00,data/raw/master/customers.csv,customers
CUST00004291,Taylor Patel 4291,consumer ,Phoenix,Southwest,02/25/2026,D,0,N,2026-09-11T04:28:49.990377+00:00,data/raw/master/customers.csv,customers
CUST00004292,Riley Brown 4292,consumer ,Detroit,Midwest,2019-11-06,B,Yes,Y,2026-09-11T04:28:49.990377+00:00,data/raw/master/customers.csv,customers
CUST00004293,Riley Kim 4293,consumer ,Albany,Northeast,07/05/2022,C,Yes,Y,2026-09-11T04:28:49.990377+00:00,data/raw/master/customers.csv,customers
CUST00004294,Alex Patel 4294,consumer ,Nashville,Southeast,2018-01-26,A,1,Y,2026-09-11T04:28:49.990377+00:00,data/raw/master/customers.csv,customers
CUST00004295,Jordan Brown 4295,Consumer,Denver,West,2025-09-24,a,0,Y,2026-09-11T04:28:49.990377+00:00,data/raw/master/customers.csv,customers
CUST00004296,Riley Garcia 4296,Small Business,Birmingham,Southeast,08/23/2018,B,Yes,Y,2026-09-11T04:28:49.990377+00:00,data/raw/master/customers.csv,customers
CUST00004297,Taylor Lee 4297,Government,Jacksonville,Southeast,10/18/2020,D,No,Y,2026-09-11T04:28:49.990377+00:00,data/raw/master/customers.csv,customers
CUST00004298,Taylor Brown 4298,Enterprise,Detroit,Midwest,2019-12-28,a,1,True,2026-09-11T04:28:49.990377+00:00,data/raw/master/customers.csv,customers
CUST00004299,Morgan Patel 4299,Small Business,Buffalo,Northeast,2025-10-02,a,No,N,2026-09-11T04:28:49.990377+00:00,data/raw/master/customers.csv,customers
CUST00004300,Morgan Lee 4300,Enterprise,Albany,Northeast,01/28/2019,B,0,Y,2026-09-11T04:28:49.990377+00:00,data/raw/master/customers.csv,customers
CUST00004301,Alex Smith 4301,Consumer,Portland,West,2019-10-05,a,Y,Y,2026-09-11T04:28:49.990377+00:00,data/raw/master/customers.csv,customers
CUST00004302,Alex Patel 4302,Enterprise,Austin,Southwest,2025-03-11,C,1,Y,2026-09-11T04:28:49.990377+00:00,data/raw/master/customers.csv,customers
CUST00004303,Casey Kim 4303,consumer ,Dallas,Southwest,2022-08-12,B,No,Y,2026-09-11T04:28:49.990377+00:00,data/raw/master/customers.csv,customers
CUST00004304,Alex Smith 4304,Government,Boston,Northeast,2020-05-13,D,Y,Y,2026-09-11T04:28:49.990377+00:00,data/raw/master/customers.csv,customers
CUST00004305,Casey Patel 4305,consumer ,Buffalo,Northeast,03/17/2018,A,Yes,True,2026-09-11T04:28:49.990377+00:00,data/raw/master/customers.csv,customers
CUST00004306,Riley Garcia 4306,Government,Chicago,Midwest,2020-11-30,D,N,Y,2026-09-11T04:28:49.990377+00:00,data/raw/master/customers.csv,customers
CUST00004307,Jordan Brown 4307,Enterprise,Seattle,West,08/04/2019,B,No,True,2026-09-11T04:28:49.990377+00:00,data/raw/master/customers.csv,customers
CUST00004308,Morgan Patel 4308,Small Business,Jacksonville,Southeast,05/12/2022,C,Yes,Y,2026-09-11T04:28:49.990377+00:00,data/raw/master/customers.csv,customers
CUST00004309,Jordan Brown 4309,Enterprise,Portland,West,2024-07-29,B,No,Y,2026-09-11T04:28:49.990377+00:00,data/raw/master/customers.csv,customers
CUST00004310,Jordan Lee 4310,Enterprise,Atlanta,Southeast,2019-09-05,C,Y,Y,2026-09-11T04:28:49.990377+00:00,data/raw/master/customers.csv,customers
CUST00004311,Jordan Patel 4311,Consumer,Columbus,Midwest,2024-11-30,a,N,N,2026-09-11T04:28:49.990377+00:00,data/raw/master/customers.csv,customers
CUST00004312,Riley Brown 4312,Small Business,Nashville,Southeast,2025-07-21,C,1,Y,2026-09-11T04:28:49.990377+00:00,data/raw/master/customers.csv,customers
CUST00004313,Alex Kim 4313,Consumer,Portland,West,10/21/2018,a,No,Y,2026-09-11T04:28:49.990377+00:00,data/raw/master/customers.csv,customers
CUST00004314,Casey Lee 4314,Consumer,Atlanta,Southeast,04/27/2018,A,0,True,2026-09-11T04:28:49.990377+00:00,data/raw/master/customers.csv,customers
CUST00004315,Jordan Lee 4315,Government,Detroit,Midwest,2023-03-09,a,N,N,2026-09-11T04:28:49.990377+00:00,data/raw/master/customers.csv,customers
CUST00004316,Taylor Kim 4316,Enterprise,Albany,Northeast,2022-12-09,D,0,N,2026-09-11T04:28:49.990377+00:00,data/raw/master/customers.csv,customers
CUST00004317,Casey Kim 4317,Enterprise,Albuquerque,Southwest,12/04/2023,D,N,N,2026-09-11T04:28:49.990377+00:00,data/raw/master/customers.csv,customers
CUST00004318,Jordan Patel 4318,Government,Jacksonville,Southeast,07/15/2022,C,Y,Y,2026-09-11T04:28:49.990377+00:00,data/raw/master/customers.csv,customers
CUST00004319,Alex Smith 4319,Government,Chicago,Midwest,06/28/2024,A,Y,True,2026-09-11T04:28:49.990377+00:00,data/raw/master/customers.csv,customers
CUST00004320,Riley Smith 4320,consumer ,Columbus,Midwest,2023-04-17,D,1,Y,2026-09-11T04:28:49.990377+00:00,data/raw/master/customers.csv,customers
CUST00004321,Taylor Kim 4321,Enterprise,Austin,Southwest,11/15/2021,C,N,Y,2026-09-11T04:28:49.990377+00:00,data/raw/master/customers.csv,customers
CUST00004322,Casey Lee 4322,Small Business,Philadelphia,Northeast,08/29/2020,A,0,Y,2026-09-11T04:28:49.990377+00:00,data/raw/master/customers.csv,customers
CUST00004323,Alex Garcia 4323,Enterprise,Nashville,Southeast,2022-04-05,C,0,N,2026-09-11T04:28:49.990377+00:00,data/raw/master/customers.csv,customers
CUST00004324,Morgan Brown 4324,Government,Detroit,Midwest,07/31/2022,A,1,Y,2026-09-11T04:28:49.990377+00:00,data/raw/master/customers.csv,customers
CUST00004325,Taylor Kim 4325,Small Business,San Diego,West,03/12/2022,C,Yes,Y,2026-09-11T04:28:49.990377+00:00,data/raw/master/customers.csv,customers
CUST00004326,Jordan Smith 4326,Government,Seattle,West,2020-03-29,D,No,Y,2026-09-11T04:28:49.990377+00:00,data/raw/master/customers.csv,customers
CUST00004327,Riley Brown 4327,consumer ,Birmingham,Southeast,07/18/2022,a,1,Y,2026-09-11T04:28:49.990377+00:00,data/raw/master/customers.csv,customers
CUST00004328,Taylor Patel 4328,consumer ,Jacksonville,Southeast,10/15/2019,B,1,Y,2026-09-11T04:28:49.990377+00:00,data/raw/master/customers.csv,customers
CUST00004329,Jordan Kim 4329,consumer ,Seattle,West,05/20/2024,a,0,N,2026-09-11T04:28:49.990377+00:00,data/raw/master/customers.csv,customers
CUST00004330,Riley Garcia 4330,Government,Austin,Southwest,12/14/2022,C,Y,True,2026-09-11T04:28:49.990377+00:00,data/raw/master/customers.csv,customers
CUST00004331,Casey Patel 4331,Small Business,Albany,Northeast,09/10/2019,C,Yes,Y,2026-09-11T04:28:49.990377+00:00,data/raw/master/customers.csv,customers
CUST00004332,Riley Patel 4332,consumer ,Dallas,Southwest,2019-11-07,C,0,Y,2026-09-11T04:28:49.990377+00:00,data/raw/master/customers.csv,customers
CUST00004333,Morgan Lee 4333,Enterprise,San Diego,West,2018-02-19,a,0,True,2026-09-11T04:28:49.990377+00:00,data/raw/master/customers.csv,customers
CUST00004334,Casey Lee 4334,Small Business,Birmingham,Southeast,2022-03-29,D,Y,Y,2026-09-11T04:28:49.990377+00:00,data/raw/master/customers.csv,customers
CUST00004335,Casey Brown 4335,Consumer,Philadelphia,Northeast,2021-06-25,A,1,N,2026-09-11T04:28:49.990377+00:00,data/raw/master/customers.csv,customers
CUST00004336,Alex Kim 4336,Consumer,Philadelphia,Northeast,03/22/2018,a,Yes,N,2026-09-11T04:28:49.990377+00:00,data/raw/master/customers.csv,customers
CUST00004337,Riley Patel 4337,Small Business,Atlanta,Southeast,2019-03-22,C,0,N,2026-09-11T04:28:49.990377+00:00,data/raw/master/customers.csv,customers
CUST00004338,Jordan Patel 4338,Enterprise,Albuquerque,Southwest,10/22/2022,B,N,True,2026-09-11T04:28:49.990377+00:00,data/raw/master/customers.csv,customers
CUST00004339,Taylor Kim 4339,Consumer,Albany,Northeast,2019-12-24,B,No,Y,2026-09-11T04:28:49.990377+00:00,data/raw/master/customers.csv,customers
CUST00004340,Alex Lee 4340,Government,Portland,West,06/19/2020,a,Yes,Y,2026-09-11T04:28:49.990377+00:00,data/raw/master/customers.csv,customers
CUST00004341,Casey Smith 4341,Enterprise,Phoenix,Southwest,03/06/2020,a,Y,Y,2026-09-11T04:28:49.990377+00:00,data/raw/master/customers.csv,customers
CUST00004342,Jordan Lee 4342,Government,Seattle,West,2021-10-07,B,1,Y,2026-09-11T04:28:49.990377+00:00,data/raw/master/customers.csv,customers
CUST00004343,Morgan Patel 4343,consumer ,Buffalo,Northeast,2022-10-05,D,Y,Y,2026-09-11T04:28:49.990377+00:00,data/raw/master/customers.csv,customers
CUST00004344,Alex Brown 4344,Consumer,Nashville,Southeast,2020-04-02,a,Yes,True,2026-09-11T04:28:49.990377+00:00,data/raw/master/customers.csv,customers
CUST00004345,Taylor Patel 4345,consumer ,Detroit,Midwest,2022-04-24,C,No,Y,2026-09-11T04:28:49.990377+00:00,data/raw/master/customers.csv,customers
CUST00004346,Riley Smith 4346,Consumer,Denver,West,2018-09-22,B,No,True,2026-09-11T04:28:49.990377+00:00,data/raw/master/customers.csv,customers
CUST00004347,Jordan Patel 4347,Consumer,Chicago,Midwest,2024-04-24,a,1,Y,2026-09-11T04:28:49.990377+00:00,data/raw/master/customers.csv,customers
CUST00004348,Alex Patel 4348,Government,Albuquerque,Southwest,07/05/2019,a,Yes,N,2026-09-11T04:28:49.990377+00:00,data/raw/master/customers.csv,customers
CUST00004349,Riley Smith 4349,Enterprise,Phoenix,Southwest,2022-12-09,C,Yes,True,2026-09-11T04:28:49.990377+00:00,data/raw/master/customers.csv,customers
CUST00004350,Riley Smith 4350,Small Business,Birmingham,Southeast,2024-09-01,D,N,Y,2026-09-11T04:28:49.990377+00:00,data/raw/master/customers.csv,customers
CUST00004351,Morgan Lee 4351,Enterprise,Indianapolis,Midwest,2023-10-07,A,N,N,2026-09-11T04:28:49.990377+00:00,data/raw/master/customers.csv,customers
CUST00004352,Riley Brown 4352,Small Business,Chicago,Midwest,09/29/2023,A,1,Y,2026-09-11T04:28:49.990377+00:00,data/raw/master/customers.csv,customers
CUST00004353,Riley Garcia 4353,Enterprise,Denver,West,2024-02-19,B,Y,True,2026-09-11T04:28:49.990377+00:00,data/raw/master/customers.csv,customers
CUST00004354,Riley Kim 4354,Small Business,Phoenix,Southwest,08/09/2018,a,N,Y,2026-09-11T04:28:49.990377+00:00,data/raw/master/customers.csv,customers
CUST00004355,Morgan Patel 4355,Enterprise,Columbus,Midwest,03/11/2020,A,0,Y,2026-09-11T04:28:49.990377+00:00,data/raw/master/customers.csv,customers
CUST00004356,Jordan Patel 4356,Consumer,Birmingham,Southeast,09/14/2023,a,0,N,2026-09-11T04:28:49.990377+00:00,data/raw/master/customers.csv,customers
CUST00004357,Riley Patel 4357,Small Business,Columbus,Midwest,06/16/2020,B,No,Y,2026-09-11T04:28:49.990377+00:00,data/raw/master/customers.csv,customers
CUST00004358,Jordan Smith 4358,Consumer,Boston,Northeast,01/15/2023,B,No,N,2026-09-11T04:28:49.990377+00:00,data/raw/master/customers.csv,customers
CUST00004359,Alex Kim 4359,Enterprise,Jacksonville,Southeast,2020-12-10,a,Y,True,2026-09-11T04:28:49.990377+00:00,data/raw/master/customers.csv,customers
CUST00004360,Jordan Lee 4360,Enterprise,San Diego,West,2018-11-07,a,No,Y,2026-09-11T04:28:49.990377+00:00,data/raw/master/customers.csv,customers
CUST00004361,Jordan Patel 4361,Government,Portland,West,2023-09-09,A,Y,Y,2026-09-11T04:28:49.990377+00:00,data/raw/master/customers.csv,customers
CUST00004362,Casey Kim 4362,Consumer,Austin,Southwest,2025-09-19,A,0,N,2026-09-11T04:28:49.990377+00:00,data/raw/master/customers.csv,customers
CUST00004363,Jordan Garcia 4363,Small Business,Buffalo,Northeast,2020-12-23,D,Y,Y,2026-09-11T04:28:49.990377+00:00,data/raw/master/customers.csv,customers
CUST00004364,Riley Kim 4364,Enterprise,San Diego,West,2018-04-22,A,0,Y,2026-09-11T04:28:49.990377+00:00,data/raw/master/customers.csv,customers
CUST00004365,Jordan Brown 4365,Small Business,Austin,Southwest,2024-11-30,C,Y,Y,2026-09-11T04:28:49.990377+00:00,data/raw/master/customers.csv,customers
CUST00004366,Taylor Patel 4366,consumer ,Albuquerque,Southwest,03/28/2026,D,No,Y,2026-09-11T04:28:49.990377+00:00,data/raw/master/customers.csv,customers
CUST00004367,Alex Patel 4367,consumer ,Atlanta,Southeast,2019-04-29,D,Y,Y,2026-09-11T04:28:49.990377+00:00,data/raw/master/customers.csv,customers
CUST00004368,Taylor Patel 4368,Small Business,Phoenix,Southwest,10/01/2020,a,Yes,True,2026-09-11T04:28:49.990377+00:00,data/raw/master/customers.csv,customers
CUST00004369,Morgan Patel 4369,Consumer,Birmingham,Southeast,2023-08-18,B,1,N,2026-09-11T04:28:49.990377+00:00,data/raw/master/customers.csv,customers
CUST00004370,Jordan Garcia 4370,consumer ,Birmingham,Southeast,2022-10-06,C,Y,N,2026-09-11T04:28:49.990377+00:00,data/raw/master/customers.csv,customers
CUST00004371,Alex Kim 4371,Small Business,Atlanta,Southeast,2019-02-25,a,1,N,2026-09-11T04:28:49.990377+00:00,data/raw/master/customers.csv,customers
CUST00004372,Riley Smith 4372,Consumer,Columbus,Midwest,12/15/2021,a,0,True,2026-09-11T04:28:49.990377+00:00,data/raw/master/customers.csv,customers
CUST00004373,Taylor Patel 4373,Government,Buffalo,Northeast,11/20/2018,D,Yes,True,2026-09-11T04:28:49.990377+00:00,data/raw/master/customers.csv,customers
CUST00004374,Taylor Lee 4374,Small Business,Birmingham,Southeast,2023-01-31,a,Yes,Y,2026-09-11T04:28:49.990377+00:00,data/raw/master/customers.csv,customers
CUST00004375,Taylor Smith 4375,consumer ,Columbus,Midwest,2019-12-19,B,N,Y,2026-09-11T04:28:49.990377+00:00,data/raw/master/customers.csv,customers
CUST00004376,Riley Smith 4376,Small Business,Buffalo,Northeast,12/26/2020,D,Y,Y,2026-09-11T04:28:49.990377+00:00,data/raw/master/customers.csv,customers
CUST00004377,Riley Garcia 4377,Small Business,Birmingham,Southeast,2024-12-16,B,0,Y,2026-09-11T04:28:49.990377+00:00,data/raw/master/customers.csv,customers
CUST00004378,Morgan Garcia 4378,Small Business,San Diego,West,04/21/2025,D,N,True,2026-09-11T04:28:49.990377+00:00,data/raw/master/customers.csv,customers
CUST00004379,Morgan Garcia 4379,Enterprise,Birmingham,Southeast,2019-03-10,D,N,N,2026-09-11T04:28:49.990377+00:00,data/raw/master/customers.csv,customers
CUST00004380,Casey Kim 4380,Government,Portland,West,2022-02-15,B,N,True,2026-09-11T04:28:49.990377+00:00,data/raw/master/customers.csv,customers
CUST00004381,Morgan Garcia 4381,Government,Buffalo,Northeast,2025-08-21,a,Y,N,2026-09-11T04:28:49.990377+00:00,data/raw/master/customers.csv,customers
CUST00004382,Taylor Garcia 4382,Government,Phoenix,Southwest,04/17/2021,A,No,Y,2026-09-11T04:28:49.990377+00:00,data/raw/master/customers.csv,customers
CUST00004383,Taylor Kim 4383,Small Business,Albuquerque,Southwest,2022-11-10,A,Yes,Y,2026-09-11T04:28:49.990377+00:00,data/raw/master/customers.csv,customers
CUST00004384,Jordan Kim 4384,consumer ,Denver,West,09/18/2020,C,0,Y,2026-09-11T04:28:49.990377+00:00,data/raw/master/customers.csv,customers
CUST00004385,Riley Brown 4385,consumer ,Buffalo,Northeast,02/20/2021,D,N,Y,2026-09-11T04:28:49.990377+00:00,data/raw/master/customers.csv,customers
CUST00004386,Alex Brown 4386,Small Business,Birmingham,Southeast,2022-12-20,D,1,N,2026-09-11T04:28:49.990377+00:00,data/raw/master/customers.csv,customers
CUST00004387,Alex Garcia 4387,Consumer,Buffalo,Northeast,2025-07-13,B,Yes,Y,2026-09-11T04:28:49.990377+00:00,data/raw/master/customers.csv,customers
CUST00004388,Alex Kim 4388,Small Business,Portland,West,2023-02-13,A,No,Y,2026-09-11T04:28:49.990377+00:00,data/raw/master/customers.csv,customers
CUST00004389,Taylor Lee 4389,Enterprise,Buffalo,Northeast,2025-07-14,B,Y,Y,2026-09-11T04:28:49.990377+00:00,data/raw/master/customers.csv,customers
CUST00004390,Casey Garcia 4390,Enterprise,Detroit,Midwest,01/05/2022,D,0,N,2026-09-11T04:28:49.990377+00:00,data/raw/master/customers.csv,customers
CUST00004391,Taylor Garcia 4391,Government,Philadelphia,Northeast,2020-07-28,a,Y,Y,2026-09-11T04:28:49.990377+00:00,data/raw/master/customers.csv,customers
CUST00004392,Riley Garcia 4392,Consumer,Phoenix,Southwest,02/26/2019,B,0,True,2026-09-11T04:28:49.990377+00:00,data/raw/master/customers.csv,customers
CUST00004393,Riley Patel 4393,Small Business,Philadelphia,Northeast,2018-12-05,C,1,Y,2026-09-11T04:28:49.990377+00:00,data/raw/master/customers.csv,customers
CUST00004394,Casey Kim 4394,consumer ,Boston,Northeast,06/14/2018,B,Yes,Y,2026-09-11T04:28:49.990377+00:00,data/raw/master/customers.csv,customers
CUST00004395,Jordan Lee 4395,Enterprise,Austin,Southwest,2021-06-06,a,No,Y,2026-09-11T04:28:49.990377+00:00,data/raw/master/customers.csv,customers
CUST00004396,Jordan Smith 4396,Enterprise,Detroit,Midwest,04/06/2021,D,Yes,Y,2026-09-11T04:28:49.990377+00:00,data/raw/master/customers.csv,customers
CUST00004397,Jordan Garcia 4397,Small Business,Buffalo,Northeast,03/30/2020,B,Yes,Y,2026-09-11T04:28:49.990377+00:00,data/raw/master/customers.csv,customers
CUST00004398,Morgan Lee 4398,Enterprise,Denver,West,07/07/2023,C,1,Y,2026-09-11T04:28:49.990377+00:00,data/raw/master/customers.csv,customers
CUST00004399,Jordan Kim 4399,Consumer,Phoenix,Southwest,2021-05-12,C,N,True,2026-09-11T04:28:49.990377+00:00,data/raw/master/customers.csv,customers
CUST00004400,Alex Kim 4400,Consumer,Austin,Southwest,06/20/2024,C,No,Y,2026-09-11T04:28:49.990377+00:00,data/raw/master/customers.csv,customers
CUST00004401,Morgan Brown 4401,Consumer,Denver,West,12/13/2025,B,No,N,2026-09-11T04:28:49.990377+00:00,data/raw/master/customers.csv,customers
CUST00004402,Morgan Garcia 4402,consumer ,Birmingham,Southeast,2024-01-08,A,No,Y,2026-09-11T04:28:49.990377+00:00,data/raw/master/customers.csv,customers
CUST00004403,Jordan Garcia 4403,Consumer,Austin,Southwest,2019-05-26,A,1,Y,2026-09-11T04:28:49.990377+00:00,data/raw/master/customers.csv,customers
CUST00004404,Casey Smith 4404,Government,Portland,West,03/10/2018,a,Y,True,2026-09-11T04:28:49.990377+00:00,data/raw/master/customers.csv,customers
CUST00004405,Morgan Patel 4405,Consumer,Nashville,Southeast,01/30/2026,C,N,N,2026-09-11T04:28:49.990377+00:00,data/raw/master/customers.csv,customers
CUST00004406,Taylor Brown 4406,Small Business,Boston,Northeast,2025-12-15,D,Yes,Y,2026-09-11T04:28:49.990377+00:00,data/raw/master/customers.csv,customers
CUST00004407,Alex Brown 4407,Small Business,Seattle,West,09/05/2020,a,N,Y,2026-09-11T04:28:49.990377+00:00,data/raw/master/customers.csv,customers
CUST00004408,Jordan Garcia 4408,Government,Jacksonville,Southeast,2018-07-29,a,N,Y,2026-09-11T04:28:49.990377+00:00,data/raw/master/customers.csv,customers
CUST00004409,Alex Smith 4409,consumer ,Columbus,Midwest,2025-12-10,a,0,True,2026-09-11T04:28:49.990377+00:00,data/raw/master/customers.csv,customers
CUST00004410,Riley Brown 4410,Enterprise,Phoenix,Southwest,2019-12-24,a,No,N,2026-09-11T04:28:49.990377+00:00,data/raw/master/customers.csv,customers
CUST00004411,Jordan Smith 4411,Small Business,Albuquerque,Southwest,2024-09-29,B,1,Y,2026-09-11T04:28:49.990377+00:00,data/raw/master/customers.csv,customers
CUST00004412,Alex Kim 4412,Enterprise,Chicago,Midwest,2024-08-01,A,0,Y,2026-09-11T04:28:49.990377+00:00,data/raw/master/customers.csv,customers
CUST00004413,Casey Smith 4413,consumer ,Jacksonville,Southeast,04/23/2019,B,Y,Y,2026-09-11T04:28:49.990377+00:00,data/raw/master/customers.csv,customers
CUST00004414,Morgan Patel 4414,Small Business,Phoenix,Southwest,2018-11-16,a,1,True,2026-09-11T04:28:49.990377+00:00,data/raw/master/customers.csv,customers
CUST00004415,Riley Kim 4415,consumer ,Portland,West,03/04/2018,C,N,Y,2026-09-11T04:28:49.990377+00:00,data/raw/master/customers.csv,customers
CUST00004416,Casey Garcia 4416,Government,Boston,Northeast,2025-10-05,C,No,Y,2026-09-11T04:28:49.990377+00:00,data/raw/master/customers.csv,customers
CUST00004417,Jordan Patel 4417,Consumer,Dallas,Southwest,2020-09-13,B,No,True,2026-09-11T04:28:49.990377+00:00,data/raw/master/customers.csv,customers
CUST00004418,Morgan Smith 4418,Small Business,Buffalo,Northeast,2020-11-14,C,Yes,Y,2026-09-11T04:28:49.990377+00:00,data/raw/master/customers.csv,customers
CUST00004419,Riley Garcia 4419,Small Business,Dallas,Southwest,2023-03-24,C,0,Y,2026-09-11T04:28:49.990377+00:00,data/raw/master/customers.csv,customers
CUST00004420,Casey Smith 4420,Government,Albuquerque,Southwest,2025-01-28,C,N,True,2026-09-11T04:28:49.990377+00:00,data/raw/master/customers.csv,customers
CUST00004421,Casey Smith 4421,Government,Albuquerque,Southwest,05/02/2024,C,N,Y,2026-09-11T04:28:49.990377+00:00,data/raw/master/customers.csv,customers
CUST00004422,Casey Brown 4422,Small Business,Austin,Southwest,11/23/2018,A,N,Y,2026-09-11T04:28:49.990377+00:00,data/raw/master/customers.csv,customers
CUST00004423,Taylor Patel 4423,Government,Detroit,Midwest,2023-10-20,C,No,Y,2026-09-11T04:28:49.990377+00:00,data/raw/master/customers.csv,customers
CUST00004424,Morgan Garcia 4424,consumer ,Philadelphia,Northeast,09/16/2023,D,Y,Y,2026-09-11T04:28:49.990377+00:00,data/raw/master/customers.csv,customers
CUST00004425,Riley Brown 4425,Consumer,Portland,West,04/01/2021,B,No,Y,2026-09-11T04:28:49.990377+00:00,data/raw/master/customers.csv,customers
CUST00004426,Alex Smith 4426,Consumer,Buffalo,Northeast,04/10/2021,D,N,True,2026-09-11T04:28:49.990377+00:00,data/raw/master/customers.csv,customers
CUST00004427,Morgan Brown 4427,Consumer,Birmingham,Southeast,2020-03-17,B,1,True,2026-09-11T04:28:49.990377+00:00,data/raw/master/customers.csv,customers
CUST00004428,Casey Kim 4428,Small Business,Albany,Northeast,10/13/2020,A,0,Y,2026-09-11T04:28:49.990377+00:00,data/raw/master/customers.csv,customers
CUST00004429,Jordan Kim 4429,consumer ,Birmingham,Southeast,08/08/2020,a,N,True,2026-09-11T04:28:49.990377+00:00,data/raw/master/customers.csv,customers
CUST00004430,Casey Lee 4430,consumer ,Portland,West,03/19/2026,D,Y,Y,2026-09-11T04:28:49.990377+00:00,data/raw/master/customers.csv,customers
CUST00004431,Alex Brown 4431,Government,Buffalo,Northeast,04/10/2025,D,0,Y,2026-09-11T04:28:49.990377+00:00,data/raw/master/customers.csv,customers
CUST00004432,Morgan Garcia 4432,Government,Albuquerque,Southwest,2021-12-18,B,1,Y,2026-09-11T04:28:49.990377+00:00,data/raw/master/customers.csv,customers
CUST00004433,Morgan Garcia 4433,Government,Dallas,Southwest,08/04/2025,B,0,Y,2026-09-11T04:28:49.990377+00:00,data/raw/master/customers.csv,customers
CUST00004434,Riley Lee 4434,Consumer,Denver,West,12/24/2018,D,N,N,2026-09-11T04:28:49.990377+00:00,data/raw/master/customers.csv,customers
CUST00004435,Taylor Lee 4435,Consumer,Atlanta,Southeast,12/30/2022,B,1,True,2026-09-11T04:28:49.990377+00:00,data/raw/master/customers.csv,customers
CUST00004436,Alex Lee 4436,consumer ,Albuquerque,Southwest,2019-10-19,B,Y,Y,2026-09-11T04:28:49.990377+00:00,data/raw/master/customers.csv,customers
CUST00004437,Riley Lee 4437,Enterprise,Buffalo,Northeast,2024-12-09,B,Y,Y,2026-09-11T04:28:49.990377+00:00,data/raw/master/customers.csv,customers
CUST00004438,Riley Kim 4438,consumer ,Buffalo,Northeast,04/11/2025,D,Y,N,2026-09-11T04:28:49.990377+00:00,data/raw/master/customers.csv,customers
CUST00004439,Jordan Lee 4439,Consumer,Seattle,West,2023-03-23,B,Y,True,2026-09-11T04:28:49.990377+00:00,data/raw/master/customers.csv,customers
CUST00004440,Casey Smith 4440,Small Business,Albany,Northeast,12/19/2020,B,Yes,Y,2026-09-11T04:28:49.990377+00:00,data/raw/master/customers.csv,customers
CUST00004441,Casey Brown 4441,consumer ,Philadelphia,Northeast,03/02/2023,a,N,N,2026-09-11T04:28:49.990377+00:00,data/raw/master/customers.csv,customers
CUST00004442,Riley Brown 4442,Small Business,Phoenix,Southwest,2019-09-05,a,N,Y,2026-09-11T04:28:49.990377+00:00,data/raw/master/customers.csv,customers
CUST00004443,Alex Smith 4443,Enterprise,Albuquerque,Southwest,02/17/2023,a,N,Y,2026-09-11T04:28:49.990377+00:00,data/raw/master/customers.csv,customers
CUST00004444,Jordan Kim 4444,consumer ,Austin,Southwest,05/16/2019,C,Yes,Y,2026-09-11T04:28:49.990377+00:00,data/raw/master/customers.csv,customers
CUST00004445,Casey Kim 4445,consumer ,Seattle,West,12/12/2018,B,No,Y,2026-09-11T04:28:49.990377+00:00,data/raw/master/customers.csv,customers
CUST00004446,Alex Lee 4446,Consumer,Indianapolis,Midwest,10/03/2018,A,1,Y,2026-09-11T04:28:49.990377+00:00,data/raw/master/customers.csv,customers
CUST00004447,Casey Smith 4447,Consumer,Boston,Northeast,2025-09-13,D,No,N,2026-09-11T04:28:49.990377+00:00,data/raw/master/customers.csv,customers
CUST00004448,Jordan Garcia 4448,Enterprise,Dallas,Southwest,05/14/2018,C,Y,Y,2026-09-11T04:28:49.990377+00:00,data/raw/master/customers.csv,customers
CUST00004449,Morgan Kim 4449,Enterprise,Birmingham,Southeast,01/07/2019,D,1,Y,2026-09-11T04:28:49.990377+00:00,data/raw/master/customers.csv,customers
CUST00004450,Morgan Kim 4450,Government,Albany,Northeast,2023-01-02,C,No,N,2026-09-11T04:28:49.990377+00:00,data/raw/master/customers.csv,customers
CUST00004451,Taylor Lee 4451,Small Business,Seattle,West,08/10/2023,B,N,Y,2026-09-11T04:28:49.990377+00:00,data/raw/master/customers.csv,customers
CUST00004452,Morgan Brown 4452,Government,Birmingham,Southeast,2019-08-02,a,Yes,True,2026-09-11T04:28:49.990377+00:00,data/raw/master/customers.csv,customers
CUST00004453,Casey Kim 4453,consumer ,Birmingham,Southeast,01/24/2025,B,Yes,Y,2026-09-11T04:28:49.990377+00:00,data/raw/master/customers.csv,customers
CUST00004454,Casey Kim 4454,Enterprise,Columbus,Midwest,2023-12-24,A,Yes,Y,2026-09-11T04:28:49.990377+00:00,data/raw/master/customers.csv,customers
CUST00004455,Morgan Brown 4455,Enterprise,Philadelphia,Northeast,01/09/2026,C,Yes,Y,2026-09-11T04:28:49.990377+00:00,data/raw/master/customers.csv,customers
CUST00004456,Alex Kim 4456,consumer ,Nashville,Southeast,2024-04-04,D,N,Y,2026-09-11T04:28:49.990377+00:00,data/raw/master/customers.csv,customers
CUST00004457,Riley Smith 4457,consumer ,Jacksonville,Southeast,04/12/2022,B,Y,True,2026-09-11T04:28:49.990377+00:00,data/raw/master/customers.csv,customers
CUST00004458,Jordan Patel 4458,Enterprise,Jacksonville,Southeast,12/31/2023,D,No,Y,2026-09-11T04:28:49.990377+00:00,data/raw/master/customers.csv,customers
CUST00004459,Riley Smith 4459,Consumer,Denver,West,12/15/2021,A,No,Y,2026-09-11T04:28:49.990377+00:00,data/raw/master/customers.csv,customers
CUST00004460,Taylor Brown 4460,Small Business,Dallas,Southwest,09/24/2020,A,0,Y,2026-09-11T04:28:49.990377+00:00,data/raw/master/customers.csv,customers
CUST00004461,Casey Lee 4461,Government,Buffalo,Northeast,2024-06-14,B,0,Y,2026-09-11T04:28:49.990377+00:00,data/raw/master/customers.csv,customers
CUST00004462,Taylor Smith 4462,Enterprise,Columbus,Midwest,07/31/2020,a,No,Y,2026-09-11T04:28:49.990377+00:00,data/raw/master/customers.csv,customers
CUST00004463,Morgan Lee 4463,Small Business,Austin,Southwest,2018-06-02,C,No,Y,2026-09-11T04:28:49.990377+00:00,data/raw/master/customers.csv,customers
CUST00004464,Riley Lee 4464,Enterprise,Nashville,Southeast,04/29/2025,a,Y,True,2026-09-11T04:28:49.990377+00:00,data/raw/master/customers.csv,customers
CUST00004465,Jordan Lee 4465,consumer ,Detroit,Midwest,2022-07-16,A,N,True,2026-09-11T04:28:49.990377+00:00,data/raw/master/customers.csv,customers
CUST00004466,Alex Kim 4466,Enterprise,Detroit,Midwest,09/07/2019,B,No,Y,2026-09-11T04:28:49.990377+00:00,data/raw/master/customers.csv,customers
CUST00004467,Taylor Smith 4467,Enterprise,Nashville,Southeast,12/14/2019,B,1,Y,2026-09-11T04:28:49.990377+00:00,data/raw/master/customers.csv,customers
CUST00004468,Alex Smith 4468,Enterprise,Albuquerque,Southwest,2023-09-30,C,Yes,Y,2026-09-11T04:28:49.990377+00:00,data/raw/master/customers.csv,customers
CUST00004469,Riley Smith 4469,Government,Jacksonville,Southeast,06/02/2019,D,No,N,2026-09-11T04:28:49.990377+00:00,data/raw/master/customers.csv,customers
CUST00004470,Riley Garcia 4470,Government,Nashville,Southeast,2023-03-15,C,Yes,N,2026-09-11T04:28:49.990377+00:00,data/raw/master/customers.csv,customers
CUST00004471,Riley Lee 4471,Consumer,Columbus,Midwest,03/13/2026,B,Yes,Y,2026-09-11T04:28:49.990377+00:00,data/raw/master/customers.csv,customers
CUST00004472,Morgan Lee 4472,Small Business,Boston,Northeast,2025-06-06,A,No,True,2026-09-11T04:28:49.990377+00:00,data/raw/master/customers.csv,customers
CUST00004473,Alex Lee 4473,Enterprise,Boston,Northeast,02/08/2023,B,Yes,Y,2026-09-11T04:28:49.990377+00:00,data/raw/master/customers.csv,customers
CUST00004474,Casey Lee 4474,Small Business,Detroit,Midwest,01/03/2018,a,No,Y,2026-09-11T04:28:49.990377+00:00,data/raw/master/customers.csv,customers
CUST00004475,Morgan Kim 4475,Small Business,Indianapolis,Midwest,07/31/2024,a,N,Y,2026-09-11T04:28:49.990377+00:00,data/raw/master/customers.csv,customers
CUST00004476,Jordan Smith 4476,Consumer,San Diego,West,03/28/2023,A,N,Y,2026-09-11T04:28:49.990377+00:00,data/raw/master/customers.csv,customers
CUST00004477,Riley Lee 4477,Government,Indianapolis,Midwest,08/14/2018,B,Y,N,2026-09-11T04:28:49.990377+00:00,data/raw/master/customers.csv,customers
CUST00004478,Morgan Kim 4478,consumer ,Indianapolis,Midwest,05/04/2024,C,N,Y,2026-09-11T04:28:49.990377+00:00,data/raw/master/customers.csv,customers
CUST00004479,Morgan Kim 4479,Enterprise,Albuquerque,Southwest,2026-01-27,A,Y,True,2026-09-11T04:28:49.990377+00:00,data/raw/master/customers.csv,customers
CUST00004480,Jordan Garcia 4480,Enterprise,Detroit,Midwest,2019-10-10,C,1,N,2026-09-11T04:28:49.990377+00:00,data/raw/master/customers.csv,customers
CUST00004481,Morgan Brown 4481,Enterprise,Dallas,Southwest,09/05/2019,C,N,N,2026-09-11T04:28:49.990377+00:00,data/raw/master/customers.csv,customers
CUST00004482,Alex Brown 4482,consumer ,Columbus,Midwest,07/14/2020,D,Yes,N,2026-09-11T04:28:49.990377+00:00,data/raw/master/customers.csv,customers
CUST00004483,Casey Patel 4483,Consumer,Philadelphia,Northeast,09/28/2021,C,Yes,True,2026-09-11T04:28:49.990377+00:00,data/raw/master/customers.csv,customers
CUST00004484,Taylor Garcia 4484,Consumer,Atlanta,Southeast,2021-08-24,a,N,Y,2026-09-11T04:28:49.990377+00:00,data/raw/master/customers.csv,customers
CUST00004485,Riley Smith 4485,consumer ,Austin,Southwest,2023-06-24,B,Y,N,2026-09-11T04:28:49.990377+00:00,data/raw/master/customers.csv,customers
CUST00004486,Jordan Smith 4486,consumer ,Indianapolis,Midwest,2024-07-01,C,1,True,2026-09-11T04:28:49.990377+00:00,data/raw/master/customers.csv,customers
CUST00004487,Taylor Brown 4487,Consumer,Dallas,Southwest,2018-06-26,D,0,True,2026-09-11T04:28:49.990377+00:00,data/raw/master/customers.csv,customers
CUST00004488,Jordan Kim 4488,consumer ,Portland,West,2018-08-15,C,0,Y,2026-09-11T04:28:49.990377+00:00,data/raw/master/customers.csv,customers
CUST00004489,Morgan Lee 4489,Consumer,San Diego,West,2025-07-12,C,Y,Y,2026-09-11T04:28:49.990377+00:00,data/raw/master/customers.csv,customers
CUST00004490,Riley Brown 4490,Consumer,Indianapolis,Midwest,2022-08-14,C,Y,Y,2026-09-11T04:28:49.990377+00:00,data/raw/master/customers.csv,customers
CUST00004491,Casey Lee 4491,consumer ,Albuquerque,Southwest,2022-05-23,a,1,True,2026-09-11T04:28:49.990377+00:00,data/raw/master/customers.csv,customers
CUST00004492,Jordan Smith 4492,Small Business,Portland,West,03/10/2022,C,Y,Y,2026-09-11T04:28:49.990377+00:00,data/raw/master/customers.csv,customers
CUST00004493,Taylor Kim 4493,consumer ,Portland,West,01/26/2021,B,1,Y,2026-09-11T04:28:49.990377+00:00,data/raw/master/customers.csv,customers
CUST00004494,Alex Brown 4494,Consumer,Denver,West,09/03/2024,C,No,Y,2026-09-11T04:28:49.990377+00:00,data/raw/master/customers.csv,customers
CUST00004495,Riley Smith 4495,consumer ,Buffalo,Northeast,08/07/2023,a,N,Y,2026-09-11T04:28:49.990377+00:00,data/raw/master/customers.csv,customers
CUST00004496,Riley Brown 4496,consumer ,Phoenix,Southwest,2021-03-27,B,Y,Y,2026-09-11T04:28:49.990377+00:00,data/raw/master/customers.csv,customers
CUST00004497,Jordan Patel 4497,Enterprise,Philadelphia,Northeast,2021-05-02,a,Yes,Y,2026-09-11T04:28:49.990377+00:00,data/raw/master/customers.csv,customers
CUST00004498,Casey Lee 4498,Small Business,Philadelphia,Northeast,10/19/2023,B,No,Y,2026-09-11T04:28:49.990377+00:00,data/raw/master/customers.csv,customers
CUST00004499,Taylor Smith 4499,Small Business,Dallas,Southwest,10/30/2021,D,No,N,2026-09-11T04:28:49.990377+00:00,data/raw/master/customers.csv,customers
CUST00004500,Riley Smith 4500,Consumer,Denver,West,12/03/2024,D,1,N,2026-09-11T04:28:49.990377+00:00,data/raw/master/customers.csv,customers
CUST00000089,Jordan Garcia 89,Government,Seattle,West,10/15/2019,C,1,True,2026-09-11T04:28:49.990377+00:00,data/raw/master/customers.csv,customers
