transaction_id,basket_sales,basket_margin,units,sku_count,store_id,register_id,associate_id,customer_id,transaction_ts,transaction_type,sales_channel,receipt_status,batch_id,transaction_date,high_value_basket_flag
TXN000000003,2117.7400000000002,1004.0400000000001,9.0,4,STR0012,REG022,ASC000313,CUST00000465,2026-04-14 11:04:00,SALE,Store,Completed,POS_B,2026-04-14,True
TXN000000006,914.63,538.62,1.0,1,STR0004,REG006,ASC000354,,2026-05-05 23:03:00,SALE,Store,Completed,POS_C,2026-05-05,True
TXN000000007,1097.3,498.31999999999994,2.0,1,STR0018,REG016,ASC000199,CUST00001593,,SALE,Store,Completed,POS_C,,True
TXN000000008,3843.96,1488.62,9.0,4,STR0021,REG011,ASC000424,CUST00001755,,SALE,Store,Completed,POS_A,,True
TXN000000009,360.93,196.87,2.0,2,STR0002,REG014,ASC000253,CUST00000842,2026-05-28 02:48:00,SALE,Pickup,Completed,POS_B,2026-05-28,False
TXN000000011,1649.25,994.6299999999999,5.0,2,STR0012,REG028,ASC000345,CUST00000415,2026-05-11 09:20:00,SALE,Pickup,Completed,POS_A,2026-05-11,True
TXN000000013,880.08,142.58000000000004,2.0,1,STR0012,REG005,ASC000069,,2026-05-14 02:19:00,SALE,Pickup,Completed,POS_B,2026-05-14,True
TXN000000014,1875.4399999999998,1048.95,5.0,3,STR0021,REG015,ASC000210,CUST00001755,2026-05-27 21:22:00,SALE,Store,Completed,POS_C,2026-05-27,True
TXN000000015,2326.18,1454.1599999999999,2.0,1,STR0016,REG016,ASC000100,CUST00000295,,SALE,Pickup,Completed,POS_B,,True
TXN000000018,882.93,43.91000000000001,3.0,2,STR0013,REG006,ASC000149,CUST00001229,,SALE,Pickup,Completed,POS_A,,True
TXN000000019,355.96,208.04,2.0,1,STR0017,REG010,ASC000309,CUST00000027,,SALE,Pickup,Completed,POS_B,,False
TXN000000023,569.45,178.83000000000004,1.0,1,STR0011,REG019,ASC000399,,2026-05-01 04:23:00,SALE,Pickup,Completed,POS_C,2026-05-01,True
TXN000000024,756.32,144.74,2.0,1,STR0004,REG009,ASC000062,CUST00001610,,SALE,Pickup,Completed,POS_C,,True
TXN000000025,402.32,88.36000000000001,4.0,1,STR0002,REG021,ASC000253,CUST00000800,,SALE,Store,Completed,POS_C,,False
TXN000000026,5947.5199999999995,2616.0699999999997,11.0,4,STR0010,REG001,ASC000064,,,SALE,Store,Completed,POS_C,,True
TXN000000029,1919.8,1092.92,2.0,1,STR0020,REG006,ASC000358,,,SALE,Store,Completed,POS_B,,True
TXN000000030,1782.3200000000002,740.9000000000001,5.0,2,STR0023,REG026,ASC000487,CUST00000991,,SALE,Store,Completed,POS_B,,True
TXN000000031,226.3,44.78,2.0,1,STR0003,REG014,ASC000073,CUST00001397,,SALE,Pickup,Completed,POS_B,,False
TXN000000032,4932.74,2511.82,10.0,4,STR0025,REG007,ASC000174,CUST00001794,,SALE,Pickup,Completed,POS_C,,True
TXN000000034,362.55,57.860000000000014,1.0,1,STR0010,REG021,ASC000414,CUST00001196,2026-05-22 01:50:00,SALE,Store,Completed,POS_B,2026-05-22,False
TXN000000035,330.19,84.64000000000001,3.0,1,STR0025,REG025,ASC000352,CUST00000681,2026-04-13 17:26:00,SALE,Store,Completed,POS_C,2026-04-13,False
TXN000000036,841.4,454.0799999999999,8.0,2,STR0007,REG005,ASC000079,,,SALE,Store,Completed,POS_C,,True
TXN000000041,5170.400000000001,2431.78,12.0,3,STR0017,REG012,ASC000164,CUST00001296,2026-04-06 04:10:00,SALE,Store,Completed,POS_C,2026-04-06,True
TXN000000043,115.04,54.00000000000001,1.0,1,STR0015,REG018,ASC000212,CUST00000223,2026-04-21 21:33:00,SALE,Store,Completed,POS_B,2026-04-21,False
TXN000000048,1652.08,656.03,7.0,3,STR0013,REG022,ASC000091,CUST00000550,2026-04-09 13:07:00,SALE,Store,Completed,POS_A,2026-04-09,True
TXN000000049,1551.44,518.65,9.0,4,STR0019,REG020,ASC000292,,2026-05-28 20:48:00,SALE,Pickup,Completed,POS_B,2026-05-28,True
TXN000000050,1336.59,533.9599999999999,5.0,2,STR0005,REG001,ASC000334,CUST00001750,2026-04-18 04:29:00,SALE,Store,Completed,POS_B,2026-04-18,True
TXN000000053,3131.6200000000003,1605.2700000000002,5.0,2,STR0007,REG009,ASC000270,CUST00000757,,SALE,Store,Completed,POS_B,,True
TXN000000056,2321.09,977.3500000000001,4.0,4,STR0009,REG020,ASC000178,CUST00000208,2026-05-15 03:07:00,SALE,Store,Completed,POS_A,2026-05-15,True
TXN000000060,924.12,519.13,1.0,1,STR0003,REG012,ASC000481,CUST00001105,2026-04-06 04:39:00,SALE,Pickup,Completed,POS_A,2026-04-06,True
TXN000000062,722.33,371.63000000000005,1.0,1,STR0017,REG022,ASC000024,CUST00001118,,SALE,Store,Completed,POS_C,,True
TXN000000064,2429.4,1299.64,9.0,2,STR0004,REG015,ASC000240,CUST00000627,,SALE,Store,Completed,POS_B,,True
TXN000000066,4109.31,1853.9400000000005,7.0,2,STR0002,REG011,ASC000114,,,SALE,Store,Completed,POS_A,,True
TXN000000067,6394.38,3404.88,11.0,4,STR0011,REG012,ASC000325,,,SALE,Store,Completed,POS_B,,True
TXN000000070,5197.79,2739.7300000000005,8.0,4,STR0006,REG020,ASC000319,CUST00001602,2026-04-17 20:15:00,SALE,Store,Completed,POS_C,2026-04-17,True
TXN000000072,1883.67,644.5699999999999,7.0,4,STR0004,REG010,ASC000074,CUST00001328,,SALE,Store,Completed,POS_A,,True
TXN000000073,2038.2999999999997,565.6099999999998,4.0,2,STR0021,REG009,ASC000268,CUST00001330,,SALE,Pickup,Completed,POS_A,,True
TXN000000075,3492.83,651.21,7.0,3,STR0005,REG015,ASC000343,CUST00001454,,SALE,Pickup,Completed,POS_C,,True
TXN000000077,1927.8500000000001,902.46,5.0,3,STR0025,REG022,ASC000464,CUST00000158,,SALE,Pickup,Completed,POS_B,,True
TXN000000079,587.03,118.78000000000003,2.0,2,STR0016,REG025,ASC000182,CUST00001255,2026-05-19 14:29:00,SALE,Pickup,Completed,POS_B,2026-05-19,True
TXN000000082,2456.67,1050.05,5.0,3,STR0010,REG026,ASC000439,CUST00001440,,SALE,Store,Completed,POS_B,,True
TXN000000084,4794.5,2005.65,9.0,3,STR0008,REG002,ASC000458,,,SALE,Store,Completed,POS_C,,True
TXN000000085,1155.72,454.32000000000005,2.0,1,STR0018,REG012,ASC000297,CUST00000529,,SALE,Store,Completed,POS_C,,True
TXN000000087,2956.52,1716.7,10.0,3,STR0010,REG028,ASC000064,CUST00000550,2026-04-23 06:47:00,SALE,Store,Completed,POS_C,2026-04-23,True
TXN000000090,4045.3900000000003,2046.2700000000002,9.0,4,STR0005,REG021,ASC000480,CUST00000685,,SALE,Pickup,Completed,POS_C,,True
TXN000000095,1616.69,704.6399999999999,5.0,3,STR0009,REG012,ASC000058,CUST00001497,2026-04-19 18:15:00,SALE,Store,Completed,POS_A,2026-04-19,True
TXN000000098,1438.6799999999998,787.6999999999999,6.0,2,STR0024,REG009,ASC000340,CUST00000748,2026-04-29 09:21:00,SALE,Store,Completed,POS_C,2026-04-29,True
TXN000000099,1501.96,745.2700000000001,3.0,1,STR0021,REG001,ASC000234,CUST00000525,2026-05-30 15:38:00,SALE,Pickup,Completed,POS_C,2026-05-30,True
TXN000000104,101.67,28.5,1.0,1,STR0003,REG007,ASC000481,CUST00000521,2026-05-02 11:51:00,SALE,Store,Completed,POS_B,2026-05-02,False
TXN000000106,799.4300000000001,398.44000000000005,2.0,2,STR0015,REG010,ASC000054,,2026-05-13 11:43:00,SALE,Store,Completed,POS_C,2026-05-13,True
TXN000000115,566.4,224.32000000000005,4.0,2,STR0014,REG009,ASC000066,CUST00000647,2026-04-25 08:11:00,SALE,Store,Completed,POS_C,2026-04-25,True
TXN000000116,860.61,504.44,1.0,1,STR0016,REG024,ASC000077,,,SALE,Pickup,Completed,POS_A,,True
TXN000000117,1673.33,699.79,5.0,2,STR0009,REG009,ASC000245,CUST00001366,2026-04-27 07:29:00,SALE,Pickup,Completed,POS_B,2026-04-27,True
TXN000000119,3493.16,767.8799999999999,7.0,3,STR0022,REG008,ASC000131,CUST00000759,,SALE,Store,Completed,POS_B,,True
TXN000000125,1257.7600000000002,133.81000000000003,6.0,2,STR0023,REG016,ASC000407,CUST00001123,,SALE,Store,Completed,POS_A,,True
TXN000000131,1295.04,515.13,4.0,3,STR0004,REG004,ASC000154,CUST00000780,,SALE,Pickup,Completed,POS_B,,True
TXN000000140,2069.05,672.7199999999999,5.0,2,STR0008,REG010,ASC000366,CUST00000705,,SALE,Pickup,Completed,POS_B,,True
TXN000000141,2935.82,1338.8400000000001,6.0,3,STR0011,REG014,ASC000447,,2026-05-24 20:49:00,SALE,Store,Completed,POS_A,2026-05-24,True
TXN000000147,433.39,154.20999999999998,1.0,1,STR0013,REG002,ASC000317,CUST00001660,2026-04-24 00:30:00,SALE,Store,Completed,POS_B,2026-04-24,False
TXN000000150,4260.8,2388.8,10.0,2,STR0022,REG018,ASC000443,CUST00000076,,SALE,Store,Completed,POS_B,,True
TXN000000152,818.14,394.38,4.0,2,STR0014,REG023,ASC000293,CUST00001508,2026-05-11 19:01:00,SALE,Pickup,Completed,POS_B,2026-05-11,True
TXN000000154,4705.469999999999,1943.83,14.0,5,STR0023,REG003,ASC000407,,2026-05-22 14:46:00,SALE,Pickup,Completed,POS_B,2026-05-22,True
TXN000000155,6831.41,3797.11,15.0,4,STR0023,REG012,ASC000061,CUST00000366,,SALE,Store,Completed,POS_B,,True
TXN000000158,3353.01,1812.4700000000005,7.0,2,STR0009,REG003,ASC000246,CUST00000975,2026-04-27 02:18:00,SALE,Store,Completed,POS_B,2026-04-27,True
TXN000000160,6751.96,3847.48,8.0,2,STR0014,REG007,ASC000247,CUST00001282,,SALE,Pickup,Completed,POS_B,,True
TXN000000162,197.98,79.6,2.0,1,STR0022,REG024,ASC000248,CUST00001127,,SALE,Pickup,Completed,POS_B,,False
TXN000000163,5042.549999999999,2877.5199999999995,8.0,3,STR0010,REG007,ASC000408,CUST00000104,,SALE,Store,Completed,POS_C,,True
TXN000000165,1975.9299999999998,867.04,6.0,3,STR0019,REG014,ASC000279,CUST00000551,2026-04-02 09:07:00,SALE,Pickup,Completed,POS_C,2026-04-02,True
TXN000000170,657.58,312.88000000000005,1.0,1,STR0008,REG019,ASC000321,CUST00000767,2026-04-22 13:18:00,SALE,Pickup,Completed,POS_B,2026-04-22,True
TXN000000171,4341.95,2092.0599999999995,10.0,3,STR0001,REG024,ASC000475,CUST00000086,,SALE,Store,Completed,POS_B,,True
TXN000000172,3983.37,1065.65,9.0,4,STR0006,REG014,ASC000449,CUST00000039,2026-05-11 02:33:00,SALE,Store,Completed,POS_B,2026-05-11,True
TXN000000173,6500.74,2804.98,9.0,3,STR0011,REG028,ASC000314,,2026-04-12 16:55:00,SALE,Pickup,Completed,POS_A,2026-04-12,True
TXN000000178,3914.6600000000003,1964.54,8.0,4,STR0004,REG005,ASC000062,CUST00001343,,SALE,Store,Completed,POS_C,,True
TXN000000179,354.94,180.74,2.0,1,STR0010,REG023,ASC000070,,2026-04-02 09:40:00,SALE,Store,Completed,POS_B,2026-04-02,False
TXN000000180,33.5,13.86,1.0,1,STR0004,REG002,ASC000423,,2026-05-15 02:44:00,SALE,Pickup,Completed,POS_A,2026-05-15,False
TXN000000186,233.02999999999997,75.66,3.0,2,STR0003,REG028,ASC000261,CUST00000762,,SALE,Store,Completed,POS_A,,False
TXN000000187,3842.1800000000003,1923.45,15.0,4,STR0001,REG017,ASC000306,CUST00001173,,SALE,Store,Completed,POS_A,,True
TXN000000190,3894.7999999999997,1729.83,9.0,4,STR0014,REG009,ASC000469,,2026-04-30 13:05:00,SALE,Store,Completed,POS_B,2026-04-30,True
TXN000000196,4363.15,1041.4599999999998,9.0,3,STR0023,REG020,ASC000097,CUST00000273,2026-04-12 06:41:00,SALE,Store,Completed,POS_C,2026-04-12,True
TXN000000200,3530.04,1473.9099999999999,7.0,4,STR0005,REG011,ASC000015,CUST00000646,2026-05-06 23:50:00,SALE,Pickup,Completed,POS_A,2026-05-06,True
TXN000000201,988.23,227.56,3.0,2,STR0021,REG018,ASC000492,CUST00001682,2026-04-19 03:05:00,SALE,Store,Completed,POS_A,2026-04-19,True
TXN000000205,510.89,115.18,1.0,1,STR0005,REG022,ASC000343,CUST00000216,2026-05-23 23:30:00,SALE,Store,Completed,POS_B,2026-05-23,True
TXN000000206,1325.54,445.5799999999999,2.0,1,STR0023,REG027,ASC000363,CUST00000794,2026-04-05 01:57:00,SALE,Store,Completed,POS_A,2026-04-05,True
TXN000000208,9335.49,4984.469999999999,17.0,4,STR0010,REG011,ASC000122,CUST00001439,2026-04-17 21:55:00,SALE,Store,Completed,POS_A,2026-04-17,True
TXN000000210,2062.81,485.26000000000005,6.0,2,STR0015,REG025,ASC000415,CUST00001770,,SALE,Store,Completed,POS_A,,True
TXN000000217,3843.71,1273.2400000000002,6.0,2,STR0001,REG010,ASC000413,,,SALE,Store,Completed,POS_B,,True
TXN000000219,188.44,47.34,2.0,1,STR0014,REG006,ASC000494,CUST00001371,2026-05-12 01:20:00,SALE,Store,Completed,POS_A,2026-05-12,False
TXN000000226,2772.96,1201.0,4.0,1,STR0010,REG025,ASC000408,,2026-05-14 13:56:00,SALE,Store,Completed,POS_A,2026-05-14,True
TXN000000228,1173.75,499.79,2.0,2,STR0002,REG028,ASC000290,,,SALE,Store,Completed,POS_C,,True
TXN000000230,3150.6000000000004,1505.8700000000001,6.0,4,STR0012,REG022,ASC000333,,2026-04-02 13:03:00,SALE,Store,Completed,POS_C,2026-04-02,True
TXN000000231,2158.79,1186.66,4.0,2,STR0010,REG012,ASC000064,CUST00000604,2026-05-22 08:28:00,SALE,Pickup,Completed,POS_B,2026-05-22,True
TXN000000232,1184.3600000000001,251.1400000000001,8.0,3,STR0021,REG025,ASC000268,CUST00001306,2026-05-11 05:31:00,SALE,Store,Completed,POS_A,2026-05-11,True
TXN000000233,5311.37,2885.05,11.0,4,STR0004,REG011,ASC000165,CUST00001534,2026-04-23 13:37:00,SALE,Pickup,Completed,POS_C,2026-04-23,True
TXN000000234,1953.15,981.54,11.0,3,STR0015,REG016,ASC000014,CUST00000919,,SALE,Store,Completed,POS_A,,True
TXN000000235,1349.1999999999998,624.3699999999998,3.0,1,STR0008,REG005,ASC000303,,,SALE,Pickup,Completed,POS_B,,True
TXN000000236,847.08,285.1600000000001,4.0,1,STR0001,REG017,ASC000094,CUST00001340,,SALE,Store,Completed,POS_A,,True
TXN000000239,3505.7999999999997,1939.1,7.0,2,STR0009,REG014,ASC000349,CUST00001777,2026-04-05 10:53:00,SALE,Store,Completed,POS_A,2026-04-05,True
TXN000000240,389.78,181.33999999999997,1.0,1,STR0005,REG023,ASC000473,CUST00000396,,SALE,Store,Completed,POS_C,,False
TXN000000241,1904.5,291.6600000000001,4.0,2,STR0003,REG017,ASC000346,,2026-04-19 09:36:00,SALE,Store,Completed,POS_C,2026-04-19,True
TXN000000243,521.22,227.15000000000003,1.0,1,STR0008,REG023,ASC000366,CUST00000305,,SALE,Store,Completed,POS_C,,True
TXN000000244,959.34,474.08000000000004,2.0,1,STR0007,REG024,ASC000322,CUST00000518,,SALE,Store,Completed,POS_B,,True
TXN000000248,1111.9,597.96,2.0,1,STR0017,REG009,ASC000221,CUST00000594,2026-05-07 04:11:00,SALE,Pickup,Completed,POS_B,2026-05-07,True
TXN000000249,1027.86,512.3799999999999,2.0,1,STR0004,REG005,ASC000280,CUST00001507,,SALE,Pickup,Completed,POS_C,,True
TXN000000250,1446.85,389.9199999999999,4.0,2,STR0020,REG017,ASC000200,CUST00001042,2026-04-28 13:34:00,SALE,Store,Completed,POS_C,2026-04-28,True
TXN000000252,1407.5900000000001,326.06000000000006,3.0,2,STR0012,REG006,ASC000237,,2026-05-11 23:43:00,SALE,Pickup,Completed,POS_B,2026-05-11,True
TXN000000258,2647.16,1298.9199999999998,4.0,1,STR_UNKNOWN,REG005,ASC000423,CUST00000841,,SALE,Store,Completed,POS_C,,True
TXN000000260,3009.14,1005.97,5.0,3,STR0010,REG004,ASC000335,CUST00000738,,SALE,Store,Completed,POS_A,,True
TXN000000262,2492.0699999999997,935.32,5.0,3,STR0009,REG008,ASC000125,CUST00000071,,SALE,Store,Completed,POS_B,,True
TXN000000264,43.0,21.19,1.0,1,STR0018,REG023,ASC000199,,2026-04-20 20:43:00,SALE,Store,Completed,POS_B,2026-04-20,False
TXN000000265,2617.68,1268.2799999999997,4.0,1,STR0011,REG019,ASC000357,,2026-04-23 11:52:00,SALE,Pickup,Completed,POS_B,2026-04-23,True
TXN000000268,1430.44,739.6600000000001,3.0,2,STR0025,REG026,ASC000286,CUST00001698,2026-04-17 22:53:00,SALE,Store,Completed,POS_B,2026-04-17,True
TXN000000269,121.75,24.64999999999999,5.0,1,STR0021,REG016,ASC000113,CUST00001545,,SALE,Store,Completed,POS_A,,False
TXN000000276,2951.23,1676.36,5.0,3,STR0005,REG023,ASC000161,CUST00001129,2026-04-05 17:08:00,SALE,Store,Completed,POS_C,2026-04-05,True
TXN000000282,2367.34,853.3,7.0,5,STR0002,REG010,ASC000114,CUST00001200,2026-05-09 11:00:00,SALE,Store,Completed,POS_C,2026-05-09,True
TXN000000283,1585.22,962.26,2.0,1,STR0009,REG007,ASC000258,CUST00001141,,SALE,Store,Completed,POS_A,,True
TXN000000285,3935.8199999999997,1752.0900000000001,12.0,4,STR0018,REG004,ASC000451,CUST00000020,,SALE,Store,Completed,POS_B,,True
TXN000000288,2948.86,1078.89,6.0,4,STR0007,REG023,ASC000353,CUST00001393,,SALE,Store,Completed,POS_C,,True
TXN000000289,3030.84,1640.44,4.0,1,STR0010,REG020,ASC000408,,2026-04-28 08:58:00,SALE,Pickup,Completed,POS_A,2026-04-28,True
TXN000000293,326.38,148.88,1.0,1,STR0014,REG004,ASC000293,CUST00001437,2026-05-10 18:57:00,SALE,Pickup,Completed,POS_B,2026-05-10,False
TXN000000294,1452.26,777.56,2.0,1,STR0019,REG018,ASC000142,CUST00001501,2026-04-13 18:07:00,SALE,Store,Completed,POS_B,2026-04-13,True
TXN000000299,16.99,-6.280000000000001,1.0,1,STR0001,REG007,ASC000425,CUST00001570,,SALE,Store,Completed,POS_A,,False
TXN000000305,264.64,157.57,1.0,1,STR0018,REG024,ASC000036,CUST00001190,2026-05-07 11:51:00,SALE,Store,Completed,POS_A,2026-05-07,False
TXN000000306,3717.69,1819.06,10.0,5,STR0008,REG014,ASC000179,,2026-05-21 15:32:00,SALE,Store,Completed,POS_C,2026-05-21,True
TXN000000310,2626.0,710.9,5.0,2,STR0022,REG024,ASC000081,CUST00000064,,SALE,Store,Completed,POS_C,,True
TXN000000312,2099.59,300.71999999999997,5.0,2,STR0003,REG017,ASC000193,,2026-04-28 13:44:00,SALE,Pickup,Completed,POS_A,2026-04-28,True
TXN000000314,4996.89,2906.7299999999996,6.0,3,STR0018,REG021,ASC000127,CUST00000649,,SALE,Pickup,Completed,POS_A,,True
TXN000000315,878.14,533.08,4.0,2,STR0010,REG023,ASC000070,,,SALE,Store,Completed,POS_B,,True
TXN000000316,607.71,281.43000000000006,1.0,1,STR0018,REG017,ASC000036,,2026-04-15 01:47:00,SALE,Pickup,Completed,POS_A,2026-04-15,True
TXN000000322,1986.64,818.44,4.0,3,STR0007,REG004,ASC000364,CUST00001227,,SALE,Store,Completed,POS_C,,True
TXN000000329,7379.58,3285.3900000000003,11.0,4,STR0018,REG011,ASC000341,CUST00000698,,SALE,Store,Completed,POS_A,,True
TXN000000330,123.8,21.33,1.0,1,STR0012,REG022,ASC000069,CUST00001639,2026-05-30 08:27:00,SALE,Pickup,Completed,POS_A,2026-05-30,False
TXN000000331,1185.4,531.47,6.0,4,STR0021,REG025,ASC000336,CUST00000224,,SALE,Store,Completed,POS_A,,True
TXN000000332,3686.67,1621.2800000000002,10.0,3,STR0014,REG017,ASC000241,CUST00000755,,SALE,Pickup,Completed,POS_C,,True
TXN000000333,4460.43,2095.86,11.0,3,STR0009,REG005,ASC000362,CUST00001044,2026-04-13 16:03:00,SALE,Pickup,Completed,POS_B,2026-04-13,True
TXN000000334,1059.72,415.64000000000004,6.0,2,STR0017,REG014,ASC000087,CUST00001082,2026-05-06 08:23:00,SALE,Store,Completed,POS_C,2026-05-06,True
TXN000000336,2309.98,1160.13,6.0,4,STR0022,REG013,ASC000248,,2026-05-13 18:47:00,SALE,Store,Completed,POS_C,2026-05-13,True
TXN000000338,1442.4,769.2800000000001,6.0,3,STR0012,REG011,ASC000345,CUST00000816,,SALE,Store,Completed,POS_C,,True
TXN000000339,2396.4,1269.0500000000002,7.0,3,STR0024,REG018,ASC000144,CUST00001095,,SALE,Store,Completed,POS_C,,True
TXN000000344,1370.01,9.420000000000073,5.0,2,STR0017,REG026,ASC000133,CUST00000328,,SALE,Store,Completed,POS_B,,True
TXN000000345,1918.65,919.27,11.0,4,STR0019,REG008,ASC000019,CUST00001777,2026-05-03 10:54:00,SALE,Store,Completed,POS_C,2026-05-03,True
TXN000000347,150.5,91.3,5.0,1,STR0004,REG008,ASC000074,CUST00000032,,SALE,Store,Completed,POS_B,,False
TXN000000349,696.84,286.72,1.0,1,STR0013,REG019,ASC000372,,2026-05-04 02:10:00,SALE,Store,Completed,POS_C,2026-05-04,True
TXN000000353,4201.95,2256.1000000000004,9.0,3,STR0019,REG005,ASC000495,CUST00000228,2026-04-24 03:51:00,SALE,Store,Completed,POS_B,2026-04-24,True
TXN000000354,1250.06,285.98,3.0,2,STR0016,REG015,ASC000283,CUST00000317,2026-04-20 05:30:00,SALE,Store,Completed,POS_B,2026-04-20,True
TXN000000356,172.39,77.15999999999998,1.0,1,STR0025,REG015,ASC000083,CUST00001055,,SALE,Store,Completed,POS_C,,False
TXN000000357,3525.1099999999997,2030.9699999999998,4.0,2,STR0015,REG004,ASC000431,,2026-05-19 01:56:00,SALE,Store,Completed,POS_B,2026-05-19,True
TXN000000358,1246.76,594.5999999999999,3.0,2,STR0012,REG026,ASC000201,CUST00001245,,SALE,Pickup,Completed,POS_A,,True
TXN000000360,2393.2799999999997,1033.55,4.0,3,STR0001,REG023,ASC000006,,2026-05-23 01:43:00,SALE,Store,Completed,POS_A,2026-05-23,True
TXN000000362,1752.8,869.3599999999999,3.0,2,STR0024,REG001,ASC000289,CUST00001130,2026-05-11 07:39:00,SALE,Pickup,Completed,POS_A,2026-05-11,True
TXN000000364,6301.6,2851.61,10.0,3,STR0001,REG002,ASC000094,,,SALE,Store,Completed,POS_C,,True
TXN000000367,1987.28,361.76,4.0,1,STR0018,REG018,ASC000199,CUST00000348,2026-04-03 07:46:00,SALE,Store,Completed,POS_C,2026-04-03,True
TXN000000368,3403.4799999999996,1889.86,7.0,3,STR0022,REG006,ASC000406,CUST00000312,,SALE,Store,Completed,POS_C,,True
TXN000000369,2540.84,1198.0400000000002,10.0,3,STR0015,REG016,ASC000014,CUST00001036,2026-04-01 15:38:00,SALE,Store,Completed,POS_A,2026-04-01,True
TXN000000371,4169.25,2611.85,5.0,1,STR0020,REG015,ASC000382,,,SALE,Pickup,Completed,POS_B,,True
TXN000000373,6116.780000000001,3313.8300000000004,8.0,3,STR0015,REG007,ASC000054,CUST00000175,2026-05-02 01:04:00,SALE,Pickup,Completed,POS_C,2026-05-02,True
TXN000000377,249.88,19.519999999999982,4.0,1,STR0010,REG023,ASC000150,CUST00001765,,SALE,Store,Completed,POS_B,,False
TXN000000378,2584.86,1365.63,3.0,1,STR0024,REG004,ASC000272,CUST00001270,2026-04-21 13:11:00,SALE,Store,Completed,POS_C,2026-04-21,True
TXN000000379,187.0,55.2,2.0,2,STR0005,REG001,ASC000063,CUST00000657,,SALE,Store,Completed,POS_A,,False
TXN000000385,5161.08,3044.74,9.0,3,STR0021,REG004,ASC000210,CUST00000516,2026-04-23 19:06:00,SALE,Store,Completed,POS_A,2026-04-23,True
TXN000000386,2385.7400000000002,1196.66,4.0,4,STR0014,REG026,ASC000384,CUST00000140,2026-04-13 03:35:00,SALE,Store,Completed,POS_A,2026-04-13,True
TXN000000388,323.79,154.83,1.0,1,STR0013,REG011,ASC000327,CUST00000495,,SALE,Pickup,Completed,POS_A,,False
TXN000000389,631.33,30.830000000000005,6.0,2,STR0024,REG004,ASC000323,CUST00001052,,SALE,Pickup,Completed,POS_B,,True
TXN000000391,673.47,252.0300000000001,3.0,1,STR0016,REG003,ASC000218,CUST00000056,,SALE,Store,Completed,POS_C,,True
TXN000000392,628.77,151.00999999999996,2.0,2,STR0004,REG011,ASC000275,CUST00001422,,SALE,Pickup,Completed,POS_B,,True
TXN000000393,131.26,3.1599999999999966,2.0,1,STR0017,REG021,ASC000235,CUST00000769,,SALE,Pickup,Completed,POS_A,,False
TXN000000394,315.82,81.41,1.0,1,STR0023,REG012,ASC000236,CUST00001611,,SALE,Pickup,Completed,POS_C,,False
TXN000000395,93.48,18.400000000000006,2.0,1,STR0007,REG003,ASC000148,CUST00000414,,SALE,Store,Completed,POS_B,,False
TXN000000400,1040.29,418.67999999999995,4.0,2,STR0012,REG023,ASC000345,CUST00000921,,SALE,Store,Completed,POS_B,,True
TXN000000401,2397.6800000000003,1292.19,7.0,3,STR0003,REG005,ASC000500,CUST00001098,,SALE,Store,Completed,POS_B,,True
TXN000000403,459.89,215.11999999999998,1.0,1,STR0008,REG004,ASC000303,CUST00001707,2026-05-03 01:41:00,SALE,Store,Completed,POS_B,2026-05-03,False
TXN000000405,1038.64,519.6500000000001,3.0,2,STR0008,REG016,ASC000110,CUST00000564,2026-04-15 02:28:00,SALE,Store,Completed,POS_C,2026-04-15,True
TXN000000406,8192.18,4680.200000000001,14.0,4,STR0012,REG013,ASC000209,CUST00000703,,SALE,Pickup,Completed,POS_B,,True
TXN000000410,274.58,104.21000000000001,2.0,2,STR0009,REG023,ASC000167,CUST00000881,2026-05-07 09:44:00,SALE,Pickup,Completed,POS_C,2026-05-07,False
TXN000000411,921.3000000000001,231.52,3.0,2,STR0018,REG009,ASC000379,CUST00000636,,SALE,Store,Completed,POS_B,,True
TXN000000415,1972.44,831.76,8.0,2,STR0006,REG012,ASC000409,,,SALE,Store,Completed,POS_A,,True
TXN000000419,1100.1399999999999,405.4699999999999,3.0,2,STR0011,REG008,ASC000177,CUST00000976,,SALE,Store,Completed,POS_C,,True
TXN000000421,233.92,92.69,1.0,1,STR0020,REG016,ASC000195,CUST00001037,,SALE,Store,Completed,POS_B,,False
TXN000000422,1523.81,557.8999999999999,4.0,2,STR0001,REG022,ASC000360,CUST00001717,2026-04-29 05:20:00,SALE,Store,Completed,POS_C,2026-04-29,True
TXN000000424,1486.6,917.5799999999999,2.0,1,STR0009,REG004,ASC000058,CUST00001532,2026-04-29 01:32:00,SALE,Pickup,Completed,POS_C,2026-04-29,True
TXN000000428,2547.66,1340.87,6.0,4,STR0006,REG013,ASC000271,,2026-05-16 18:48:00,SALE,Pickup,Completed,POS_B,2026-05-16,True
TXN000000432,1379.1200000000001,543.8600000000001,6.0,2,STR0011,REG022,ASC000399,CUST00001133,,SALE,Pickup,Completed,POS_C,,True
TXN000000435,377.39,33.45999999999998,1.0,1,STR0004,REG021,ASC000471,CUST00001027,,SALE,Pickup,Completed,POS_A,,False
TXN000000437,202.36,59.5,1.0,1,STR0005,REG022,ASC000044,CUST00000645,2026-05-07 09:20:00,SALE,Store,Completed,POS_A,2026-05-07,False
TXN000000438,1416.4299999999998,583.9599999999999,5.0,2,STR0016,REG007,ASC000100,CUST00000621,,SALE,Store,Completed,POS_A,,True
TXN000000441,1612.92,73.12000000000009,12.0,3,STR0013,REG027,ASC000387,CUST00000255,2026-04-15 06:07:00,SALE,Pickup,Completed,POS_C,2026-04-15,True
TXN000000442,3482.7799999999997,1722.8,7.0,3,STR0006,REG024,ASC000310,CUST00000318,,SALE,Pickup,Completed,POS_A,,True
TXN000000447,1394.8100000000002,321.98,4.0,3,STR0024,REG026,ASC000108,CUST00001317,,SALE,Pickup,Completed,POS_B,,True
TXN000000449,3486.9,1761.51,6.0,2,STR0010,REG006,ASC000396,CUST00001420,,SALE,Store,Completed,POS_A,,True
TXN000000450,4360.46,1464.78,8.0,3,STR0021,REG014,ASC000184,CUST00000980,2026-04-21 01:22:00,SALE,Store,Completed,POS_B,2026-04-21,True
TXN000000454,1503.0,79.70999999999992,5.0,2,STR0005,REG019,ASC000161,,2026-04-25 12:25:00,SALE,Pickup,Completed,POS_B,2026-04-25,True
TXN000000455,7956.33,3540.46,13.0,3,STR0014,REG002,ASC000498,CUST00001115,2026-04-10 16:25:00,SALE,Store,Completed,POS_A,2026-04-10,True
TXN000000457,952.75,170.32,3.0,2,STR0015,REG024,ASC000014,,,SALE,Store,Completed,POS_C,,True
TXN000000458,4760.0,2783.75,5.0,1,STR0021,REG017,ASC000268,CUST00000454,2026-05-22 03:51:00,SALE,Pickup,Completed,POS_C,2026-05-22,True
TXN000000463,178.9,32.76000000000002,1.0,1,STR0006,REG002,ASC000409,CUST00001314,2026-05-16 01:25:00,SALE,Store,Completed,POS_A,2026-05-16,False
TXN000000465,9750.849999999999,2587.1599999999994,21.0,5,STR0010,REG014,ASC000414,CUST00001530,2026-04-21 13:15:00,SALE,Store,Completed,POS_B,2026-04-21,True
TXN000000466,2699.2,911.8399999999999,4.0,1,STR0019,REG007,ASC000013,CUST00001029,2026-04-11 11:32:00,SALE,Store,Completed,POS_C,2026-04-11,True
TXN000000467,3593.1000000000004,1738.58,8.0,4,STR0002,REG025,ASC000259,,,SALE,Pickup,Completed,POS_B,,True
TXN000000468,48.06,11.300000000000004,1.0,1,STR0019,REG021,ASC000026,CUST00000485,2026-04-13 14:23:00,SALE,Pickup,Completed,POS_B,2026-04-13,False
TXN000000473,4178.75,1742.6899999999998,13.0,5,STR0008,REG019,ASC000361,,2026-05-07 20:47:00,SALE,Store,Completed,POS_C,2026-05-07,True
TXN000000476,469.09,46.539999999999964,1.0,1,STR0023,REG021,ASC000363,,,SALE,Pickup,Completed,POS_B,,False
TXN000000479,34.52,17.930000000000003,1.0,1,STR0005,REG023,ASC000044,,2026-04-27 03:34:00,SALE,Store,Completed,POS_B,2026-04-27,False
TXN000000482,2958.84,1296.0900000000001,8.0,3,STR0007,REG019,ASC000075,CUST00001579,,SALE,Pickup,Completed,POS_A,,True
TXN000000484,777.64,386.76,4.0,1,STR0022,REG005,ASC000081,CUST00000958,2026-04-03 10:59:00,SALE,Pickup,Completed,POS_A,2026-04-03,True
TXN000000486,2373.77,1039.3,11.0,4,STR0013,REG007,ASC000224,CUST00001043,,SALE,Store,Completed,POS_C,,True
TXN000000487,320.68,78.82,2.0,2,STR0017,REG015,ASC000351,CUST00001660,,SALE,Store,Completed,POS_A,,False
TXN000000490,1106.0500000000002,278.2000000000003,5.0,1,STR0011,REG028,ASC000049,CUST00000604,,SALE,Store,Completed,POS_B,,True
TXN000000492,595.5699999999999,336.35,3.0,2,STR0017,REG028,ASC000001,CUST00000434,2026-05-09 23:50:00,SALE,Pickup,Completed,POS_A,2026-05-09,True
TXN000000493,3297.96,1989.32,4.0,1,STR0004,REG012,ASC000350,CUST00000261,,SALE,Pickup,Completed,POS_C,,True
TXN000000495,2059.9,591.71,5.0,4,STR0001,REG024,ASC000143,CUST00000068,,SALE,Store,Completed,POS_A,,True
TXN000000501,966.6800000000001,269.11,7.0,2,STR0015,REG019,ASC000121,CUST00000959,,SALE,Store,Completed,POS_B,,True
TXN000000502,1494.6399999999999,608.1599999999999,4.0,2,STR0018,REG025,ASC000127,CUST00001481,2026-04-13 05:02:00,SALE,Pickup,Completed,POS_A,2026-04-13,True
TXN000000510,5925.45,2737.52,10.0,3,STR0016,REG020,ASC000217,,,SALE,Pickup,Completed,POS_B,,True
TXN000000511,2418.0699999999997,910.14,10.0,4,STR0023,REG015,ASC000417,CUST00000854,,SALE,Store,Completed,POS_B,,True
TXN000000513,2996.4700000000003,1531.03,6.0,4,STR0021,REG020,ASC000184,CUST00000706,2026-04-12 17:24:00,SALE,Store,Completed,POS_C,2026-04-12,True
TXN000000517,1044.34,332.91999999999996,3.0,2,STR0021,REG005,ASC000347,CUST00001283,,SALE,Store,Completed,POS_B,,True
TXN000000518,2719.31,876.2299999999996,5.0,3,STR0023,REG019,ASC000203,CUST00001651,2026-04-14 03:08:00,SALE,Pickup,Completed,POS_A,2026-04-14,True
TXN000000520,1796.76,223.69999999999993,8.0,3,STR0007,REG025,ASC000022,CUST00000696,,SALE,Store,Completed,POS_B,,True
TXN000000521,438.3,33.55000000000001,1.0,1,STR0003,REG026,ASC000173,CUST00001224,2026-05-04 06:06:00,SALE,Pickup,Completed,POS_B,2026-05-04,False
TXN000000522,367.09,166.64999999999998,1.0,1,STR0001,REG019,ASC000316,,2026-05-29 12:10:00,SALE,Store,Completed,POS_B,2026-05-29,False
TXN000000523,3719.35,1575.2999999999997,10.0,2,STR0021,REG014,ASC000336,,2026-04-03 17:25:00,SALE,Store,Completed,POS_B,2026-04-03,True
TXN000000525,2484.1,452.1999999999998,5.0,1,STR0007,REG006,ASC000263,,,SALE,Pickup,Completed,POS_C,,True
TXN000000528,1393.1899999999998,486.4199999999999,8.0,2,STR0003,REG005,ASC000302,CUST00000047,,SALE,Store,Completed,POS_B,,True
TXN000000529,1311.58,361.82,4.0,3,STR0004,REG008,ASC000311,CUST00000908,2026-04-06 07:40:00,SALE,Pickup,Completed,POS_A,2026-04-06,True
TXN000000530,310.12,97.56,1.0,1,STR0016,REG002,ASC000262,,2026-04-14 08:09:00,SALE,Store,Completed,POS_C,2026-04-14,False
TXN000000533,1591.45,609.9000000000001,10.0,2,STR0008,REG027,ASC000257,CUST00000882,2026-05-30 07:15:00,SALE,Store,Completed,POS_B,2026-05-30,True
TXN000000536,1067.55,376.79999999999995,3.0,2,STR0003,REG026,ASC000067,,,SALE,Store,Completed,POS_A,,True
TXN000000537,1112.3300000000002,163.18000000000004,5.0,2,STR0019,REG021,ASC000142,CUST00000269,,SALE,Store,Completed,POS_C,,True
TXN000000541,833.99,201.44,2.0,2,STR0016,REG011,ASC000182,CUST00001369,,SALE,Pickup,Completed,POS_A,,True
TXN000000543,2353.92,1418.8400000000004,8.0,2,STR0023,REG018,ASC000061,CUST00000552,,SALE,Store,Completed,POS_C,,True
TXN000000544,1415.3600000000001,522.78,4.0,2,STR0007,REG003,ASC000255,CUST00001703,2026-05-06 19:25:00,SALE,Store,Completed,POS_C,2026-05-06,True
TXN000000545,1255.1100000000001,627.5700000000002,3.0,1,STR0015,REG015,ASC000438,CUST00000088,2026-05-13 04:18:00,SALE,Store,Completed,POS_A,2026-05-13,True
TXN000000548,866.52,346.36,4.0,3,STR0015,REG023,ASC000415,CUST00001553,2026-04-29 00:37:00,SALE,Store,Completed,POS_B,2026-04-29,True
TXN000000549,397.78,130.95,1.0,1,STR0006,REG012,ASC000319,CUST00001294,2026-04-16 10:17:00,SALE,Store,Completed,POS_C,2026-04-16,False
TXN000000553,2612.75,630.8299999999999,5.0,2,STR0011,REG021,ASC000300,CUST00000635,,SALE,Store,Completed,POS_A,,True
TXN000000561,1719.1399999999999,489.2699999999999,3.0,2,STR0010,REG002,ASC000388,CUST00000767,2026-05-18 21:33:00,SALE,Pickup,Completed,POS_C,2026-05-18,True
TXN000000562,5426.3099999999995,1298.44,12.0,3,STR0019,REG018,ASC000004,CUST00000288,,SALE,Store,Completed,POS_B,,True
TXN000000564,2949.96,1698.15,9.0,3,STR0020,REG016,ASC000109,CUST00001523,2026-05-31 16:17:00,SALE,Pickup,Completed,POS_A,2026-05-31,True
TXN000000567,473.78,231.12999999999997,6.0,2,STR0004,REG023,ASC000102,CUST00001144,2026-04-08 07:49:00,SALE,Pickup,Completed,POS_B,2026-04-08,False
TXN000000569,2181.91,847.6600000000001,4.0,3,STR0007,REG021,ASC000393,,2026-05-09 12:19:00,SALE,Store,Completed,POS_B,2026-05-09,True
TXN000000571,844.7900000000001,281.6600000000001,3.0,2,STR0004,REG013,ASC000220,,,SALE,Store,Completed,POS_B,,True
TXN000000573,5490.53,2509.04,9.0,4,STR0021,REG009,ASC000234,CUST00000872,,SALE,Pickup,Completed,POS_B,,True
TXN000000576,5249.84,2820.0200000000004,8.0,4,STR0012,REG010,ASC000005,CUST00001245,,SALE,Store,Completed,POS_B,,True
TXN000000579,2952.9999999999995,1654.4799999999998,6.0,2,STR0021,REG001,ASC000424,CUST00000875,2026-05-16 15:05:00,SALE,Store,Completed,POS_C,2026-05-16,True
TXN000000580,2028.38,845.98,9.0,4,STR0011,REG017,ASC000314,CUST00001553,,SALE,Store,Completed,POS_B,,True
TXN000000583,2442.16,1006.0199999999999,6.0,2,STR0018,REG017,ASC000461,CUST00000419,,SALE,Store,Completed,POS_A,,True
TXN000000587,2785.1800000000003,792.4800000000001,7.0,2,STR0003,REG025,ASC000344,CUST00000002,,SALE,Store,Completed,POS_A,,True
TXN000000592,331.03,109.76999999999998,1.0,1,STR0001,REG005,ASC000413,CUST00001602,,SALE,Store,Completed,POS_A,,False
TXN000000596,1575.79,659.4800000000001,4.0,3,STR0021,REG020,ASC000489,CUST00000703,2026-05-19 06:04:00,SALE,Store,Completed,POS_B,2026-05-19,True
TXN000000598,1087.8600000000001,646.2000000000002,3.0,1,STR0005,REG009,ASC000343,,,SALE,Store,Completed,POS_C,,True
TXN000000608,1729.48,947.9699999999998,3.0,2,STR0006,REG027,ASC000319,CUST00000579,,SALE,Store,Completed,POS_B,,True
TXN000000612,641.8,33.5,2.0,1,STR0014,REG002,ASC000498,CUST00001479,,SALE,Store,Completed,POS_C,,True
TXN000000616,1665.2,769.34,10.0,3,STR0003,REG010,ASC000261,CUST00000757,,SALE,Store,Completed,POS_C,,True
TXN000000622,2979.6499999999996,855.3599999999999,8.0,4,STR0024,REG012,ASC000340,CUST00001527,2026-04-26 02:12:00,SALE,Store,Completed,POS_A,2026-04-26,True
TXN000000625,2461.68,1103.56,7.0,3,STR0017,REG001,ASC000235,,2026-05-06 09:49:00,SALE,Pickup,Completed,POS_C,2026-05-06,True
TXN000000626,3837.6,1770.4,5.0,1,STR0005,REG003,ASC000334,CUST00001355,2026-05-23 21:15:00,SALE,Pickup,Completed,POS_B,2026-05-23,True
TXN000000628,11.23,2.3200000000000003,1.0,1,STR0024,REG019,ASC000139,,,SALE,Store,Completed,POS_A,,False
TXN000000629,1749.4,435.6500000000001,5.0,1,STR0004,REG003,ASC000311,CUST00001275,2026-05-18 01:58:00,SALE,Store,Completed,POS_A,2026-05-18,True
TXN000000630,2651.84,1335.83,5.0,4,STR0016,REG002,ASC000047,CUST00000796,2026-05-11 02:59:00,SALE,Store,Completed,POS_C,2026-05-11,True
TXN000000631,463.14,207.72,1.0,1,STR0014,REG012,ASC000444,,,SALE,Store,Completed,POS_C,,False
TXN000000633,2223.59,1160.53,6.0,2,STR0009,REG019,ASC000178,,,SALE,Store,Completed,POS_C,,True
TXN000000634,1706.1,723.35,3.0,2,STR0009,REG001,ASC000126,CUST00000238,2026-04-16 22:28:00,SALE,Pickup,Completed,POS_A,2026-04-16,True
TXN000000635,457.79999999999995,177.26999999999998,4.0,2,STR0002,REG012,ASC000259,CUST00000247,2026-04-05 20:25:00,SALE,Pickup,Completed,POS_A,2026-04-05,False
TXN000000636,3410.7799999999997,642.8299999999999,9.0,2,STR0006,REG002,ASC000310,CUST00001694,2026-05-24 15:40:00,SALE,Store,Completed,POS_C,2026-05-24,True
TXN000000638,274.26,70.05999999999999,2.0,2,STR0017,REG021,ASC000436,CUST00001377,,SALE,Store,Completed,POS_C,,False
TXN000000644,4023.9199999999996,1658.46,8.0,3,STR0003,REG014,ASC000355,CUST_BAD,,SALE,Pickup,Completed,POS_C,,True
TXN000000648,153.69,76.96,2.0,2,STR0021,REG017,ASC000268,CUST00000604,,SALE,Pickup,Completed,POS_A,,False
TXN000000650,1208.62,509.21,5.0,3,STR0001,REG026,ASC000035,CUST00000866,,SALE,Pickup,Completed,POS_B,,True
TXN000000651,2056.3199999999997,1114.96,6.0,2,STR0020,REG009,ASC000382,CUST00000262,,SALE,Pickup,Completed,POS_B,,True
TXN000000652,3467.1,1333.44,11.0,4,STR0006,REG009,ASC000226,CUST00000578,2026-05-27 08:38:00,SALE,Store,Completed,POS_C,2026-05-27,True
TXN000000653,2503.4700000000003,1262.8000000000002,6.0,3,STR0012,REG024,ASC000371,CUST00000578,2026-04-22 00:00:00,SALE,Pickup,Completed,POS_B,2026-04-22,True
TXN000000654,3857.13,1548.77,12.0,4,STR0025,REG017,ASC000286,,,SALE,Store,Completed,POS_B,,True
TXN000000655,6193.099999999999,3073.0199999999995,10.0,4,STR0008,REG009,ASC000048,CUST00001111,2026-04-14 21:10:00,SALE,Pickup,Completed,POS_B,2026-04-14,True
TXN000000657,1471.38,863.7600000000001,2.0,1,STR0024,REG003,ASC000340,CUST00001798,,SALE,Store,Completed,POS_A,,True
TXN000000660,52.56,5.660000000000004,2.0,1,STR0006,REG009,ASC000034,,2026-05-14 13:45:00,SALE,Store,Completed,POS_C,2026-05-14,False
TXN000000661,3060.65,1529.6000000000001,5.0,1,STR0016,REG027,ASC000152,,2026-05-21 23:38:00,SALE,Pickup,Completed,POS_C,2026-05-21,True
TXN000000667,485.13,73.98000000000002,1.0,1,STR0022,REG003,ASC000081,CUST00001286,2026-04-06 00:32:00,SALE,Store,Completed,POS_B,2026-04-06,False
TXN000000672,911.9000000000001,7.010000000000105,3.0,1,STR0017,REG012,ASC000235,,2026-05-09 05:09:00,SALE,Store,Completed,POS_A,2026-05-09,True
TXN000000673,4468.5599999999995,2044.1799999999998,10.0,4,STR0013,REG015,ASC000098,CUST00000118,2026-04-15 15:42:00,SALE,Store,Completed,POS_B,2026-04-15,True
TXN000000675,805.43,281.52,5.0,3,STR0014,REG021,ASC000247,CUST00001008,,SALE,Pickup,Completed,POS_C,,True
TXN000000677,810.91,397.46999999999997,1.0,1,STR0018,REG027,ASC000017,CUST00000835,,SALE,Store,Completed,POS_A,,True
TXN000000678,2235.7,521.12,8.0,3,STR0006,REG024,ASC000310,,2026-04-10 18:53:00,SALE,Pickup,Completed,POS_B,2026-04-10,True
TXN000000680,5965.07,2860.86,16.0,3,STR0002,REG005,ASC000025,CUST00001086,,SALE,Store,Completed,POS_B,,True
TXN000000681,6993.66,3987.2099999999996,12.0,5,STR0014,REG017,ASC000066,CUST00001041,2026-05-16 08:47:00,SALE,Store,Completed,POS_C,2026-05-16,True
TXN000000684,572.09,279.82000000000005,1.0,1,STR0017,REG024,ASC000250,,2026-04-24 08:19:00,SALE,Pickup,Completed,POS_B,2026-04-24,True
TXN000000687,3257.92,1852.3600000000001,4.0,1,STR0007,REG019,ASC000364,CUST00001033,,SALE,Pickup,Completed,POS_A,,True
TXN000000689,1676.9,495.94,4.0,3,STR0001,REG010,ASC000094,CUST00001022,2026-05-14 20:04:00,SALE,Store,Completed,POS_B,2026-05-14,True
TXN000000691,1792.96,740.6500000000001,9.0,4,STR0021,REG026,ASC000113,,2026-04-14 20:48:00,SALE,Pickup,Completed,POS_A,2026-04-14,True
TXN000000692,1445.6999999999998,621.8699999999999,8.0,4,STR0006,REG005,ASC000310,CUST00001327,2026-05-22 17:41:00,SALE,Store,Completed,POS_A,2026-05-22,True
TXN000000694,1065.26,471.2199999999999,4.0,2,STR0012,REG001,ASC000201,,2026-05-12 16:24:00,SALE,Store,Completed,POS_C,2026-05-12,True
TXN000000699,2006.45,990.0500000000001,7.0,2,STR0019,REG017,ASC000222,CUST00000867,,SALE,Pickup,Completed,POS_B,,True
TXN000000700,2939.65,780.25,6.0,2,STR0021,REG015,ASC000450,CUST00000931,,SALE,Store,Completed,POS_C,,True
TXN000000701,1576.6100000000001,541.98,6.0,4,STR0022,REG013,ASC000369,,,SALE,Pickup,Completed,POS_C,,True
TXN000000703,429.14,218.48,2.0,1,STR0015,REG021,ASC000078,,2026-05-02 03:55:00,SALE,Store,Completed,POS_C,2026-05-02,False
TXN000000706,4322.0199999999995,2018.7399999999998,8.0,3,STR0012,REG012,ASC000023,CUST00001044,2026-05-15 02:29:00,SALE,Pickup,Completed,POS_A,2026-05-15,True
TXN000000707,255.75,118.19,1.0,1,STR0019,REG020,ASC000026,CUST00000029,2026-04-10 04:18:00,SALE,Pickup,Completed,POS_B,2026-04-10,False
TXN000000715,2178.2200000000003,884.2500000000002,6.0,2,STR0011,REG021,ASC000012,,,SALE,Store,Completed,POS_B,,True
TXN000000716,1094.34,179.4099999999999,6.0,2,STR0008,REG022,ASC000383,,,SALE,Pickup,Completed,POS_B,,True
TXN000000718,2754.3,1303.66,8.0,4,STR0012,REG012,ASC000371,CUST00001138,2026-04-30 20:38:00,SALE,Pickup,Completed,POS_C,2026-04-30,True
TXN000000719,741.16,49.24000000000001,4.0,1,STR0015,REG027,ASC000054,CUST00000104,,SALE,Store,Completed,POS_A,,True
TXN000000721,4259.98,1462.92,13.0,3,STR0009,REG014,ASC000167,CUST00000548,,SALE,Store,Completed,POS_B,,True
TXN000000722,598.4499999999999,187.64,5.0,2,STR0025,REG011,ASC000055,CUST00001406,,SALE,Pickup,Completed,POS_B,,True
TXN000000723,939.18,176.90999999999994,3.0,3,STR0019,REG021,ASC000026,,,SALE,Pickup,Completed,POS_C,,True
TXN000000724,3822.82,1159.31,9.0,3,STR0012,REG023,ASC000201,,2026-05-29 18:11:00,SALE,Store,Completed,POS_B,2026-05-29,True
TXN000000725,589.4000000000001,171.60000000000005,4.0,2,STR0001,REG026,ASC000231,CUST00000013,,SALE,Store,Completed,POS_C,,True
TXN000000726,966.5600000000001,319.37000000000006,6.0,3,STR0022,REG021,ASC000497,,2026-04-19 03:07:00,SALE,Store,Completed,POS_C,2026-04-19,True
TXN000000728,2314.52,1138.24,4.0,1,STR0002,REG025,ASC000011,CUST00001695,2026-05-30 05:31:00,SALE,Pickup,Completed,POS_A,2026-05-30,True
TXN000000730,174.41,87.08,1.0,1,STR0017,REG017,ASC000436,CUST00000697,2026-05-18 23:41:00,SALE,Pickup,Completed,POS_C,2026-05-18,False
TXN000000732,5026.36,2559.61,10.0,4,STR0020,REG023,ASC000183,CUST00000781,2026-05-13 06:26:00,SALE,Pickup,Completed,POS_B,2026-05-13,True
TXN000000734,1854.02,373.33000000000004,6.0,3,STR0005,REG018,ASC000111,CUST_BAD,2026-04-24 08:41:00,SALE,Store,Completed,POS_C,2026-04-24,True
TXN000000736,2451.3199999999997,524.4599999999998,7.0,3,STR0021,REG006,ASC000424,CUST00001408,,SALE,Store,Completed,POS_C,,True
TXN000000738,1069.09,712.92,2.0,2,STR0015,REG025,ASC000078,CUST00000719,2026-05-04 06:19:00,SALE,Store,Completed,POS_B,2026-05-04,True
TXN000000739,420.52,-56.04000000000002,2.0,1,STR0016,REG022,ASC000047,CUST00000994,,SALE,Pickup,Completed,POS_C,,False
TXN000000743,1310.02,164.38000000000005,4.0,2,STR0002,REG020,ASC000434,CUST_BAD,,SALE,Store,Completed,POS_A,,True
TXN000000745,927.26,498.07,7.0,2,STR0016,REG027,ASC000152,CUST00000668,,SALE,Store,Completed,POS_B,,True
TXN000000746,6429.4800000000005,2489.13,12.0,4,STR0004,REG018,ASC000350,CUST00001791,2026-04-15 12:20:00,SALE,Store,Completed,POS_B,2026-04-15,True
TXN000000747,4226.65,612.7000000000003,10.0,2,STR0018,REG013,ASC000036,CUST00000558,2026-04-09 01:09:00,SALE,Pickup,Completed,POS_B,2026-04-09,True
TXN000000749,1102.6,292.81,9.0,4,STR0024,REG016,ASC000272,,,SALE,Store,Completed,POS_A,,True
TXN000000752,1885.75,842.6999999999998,5.0,1,STR0010,REG013,ASC000196,CUST00000496,2026-05-26 15:32:00,SALE,Store,Completed,POS_B,2026-05-26,True
TXN000000758,3390.05,1570.5,6.0,4,STR0012,REG024,ASC000092,,,SALE,Pickup,Completed,POS_B,,True
TXN000000759,2049.98,515.42,6.0,2,STR0023,REG006,ASC000097,CUST00000034,2026-04-15 16:45:00,SALE,Pickup,Completed,POS_C,2026-04-15,True
TXN000000761,1213.05,549.24,6.0,2,STR0020,REG001,ASC000211,CUST00001369,2026-04-29 05:45:00,SALE,Store,Completed,POS_C,2026-04-29,True
TXN000000766,547.76,-2.380000000000024,4.0,2,STR0006,REG014,ASC000151,CUST00000696,2026-05-31 15:24:00,SALE,Store,Completed,POS_B,2026-05-31,True
TXN000000767,2743.25,1245.8,5.0,1,STR0022,REG022,ASC000454,,,SALE,Store,Completed,POS_B,,True
TXN000000773,1038.47,407.2,3.0,3,STR0017,REG009,ASC000309,,2026-04-13 01:42:00,SALE,Pickup,Completed,POS_A,2026-04-13,True
TXN000000774,72.2,33.25,1.0,1,STR0001,REG026,ASC000006,CUST00000708,2026-04-22 08:25:00,SALE,Store,Completed,POS_C,2026-04-22,False
TXN000000780,3955.9300000000003,1696.1300000000006,8.0,4,STR0022,REG003,ASC000124,,,SALE,Store,Completed,POS_A,,True
TXN000000781,2761.77,1308.42,12.0,4,STR0008,REG017,ASC000366,CUST00000674,,SALE,Store,Completed,POS_A,,True
TXN000000782,1043.16,189.21000000000015,3.0,1,STR0015,REG015,ASC000415,,2026-04-22 07:11:00,SALE,Store,Completed,POS_A,2026-04-22,True
TXN000000785,434.22,178.05,3.0,1,STR0011,REG001,ASC000136,,2026-05-19 16:43:00,SALE,Store,Completed,POS_B,2026-05-19,False
TXN000000788,6101.48,2953.2699999999995,10.0,3,STR0001,REG024,ASC000467,CUST00001204,,SALE,Store,Completed,POS_C,,True
TXN000000791,2250.89,788.8299999999998,8.0,3,STR0005,REG016,ASC000473,CUST00001255,,SALE,Store,Completed,POS_A,,True
TXN000000793,482.15999999999997,97.96,4.0,2,STR0007,REG013,ASC000079,,,SALE,Store,Completed,POS_C,,False
TXN000000796,6132.54,3025.75,13.0,5,STR0009,REG002,ASC000362,CUST00000644,,SALE,Pickup,Completed,POS_C,,True
TXN000000797,3226.84,1382.0499999999997,6.0,3,STR0014,REG008,ASC000385,CUST00001452,,SALE,Store,Completed,POS_A,,True
TXN000000798,2813.89,1342.46,6.0,3,STR0021,REG017,ASC000210,CUST00001794,,SALE,Store,Completed,POS_A,,True
TXN000000802,3923.76,1885.2000000000003,8.0,3,STR0017,REG015,ASC000389,,2026-04-28 21:26:00,SALE,Store,Completed,POS_A,2026-04-28,True
TXN000000803,4870.76,2756.1,7.0,2,STR0006,REG028,ASC000216,,,SALE,Store,Completed,POS_B,,True
TXN000000804,3765.92,1537.48,8.0,2,STR0014,REG028,ASC000494,CUST00000998,,SALE,Pickup,Completed,POS_B,,True
TXN000000806,2145.3,568.6899999999999,8.0,4,STR0003,REG014,ASC000193,CUST00000046,2026-05-15 07:27:00,SALE,Store,Completed,POS_B,2026-05-15,True
TXN000000808,1283.0,435.64,2.0,1,STR0018,REG006,ASC000490,CUST00000776,,SALE,Pickup,Completed,POS_B,,True
TXN000000814,581.52,275.31,1.0,1,STR0014,REG022,ASC000381,CUST00001253,2026-05-04 16:20:00,SALE,Store,Completed,POS_B,2026-05-04,True
TXN000000818,909.84,559.73,1.0,1,STR0008,REG024,ASC000298,CUST00001612,2026-05-17 01:44:00,SALE,Store,Completed,POS_C,2026-05-17,True
TXN000000821,4141.68,1844.2,9.0,3,STR0014,REG015,ASC000381,CUST00000147,,SALE,Store,Completed,POS_A,,True
TXN000000825,1032.57,491.15,3.0,2,STR0009,REG005,ASC000155,CUST00001063,,SALE,Store,Completed,POS_A,,True
TXN000000827,452.59999999999997,271.24999999999994,5.0,1,STR0003,REG016,ASC000261,CUST00001311,2026-04-20 04:50:00,SALE,Store,Completed,POS_A,2026-04-20,False
TXN000000831,1261.14,733.9200000000001,4.0,2,STR0008,REG017,ASC000395,CUST00001422,,SALE,Store,Completed,POS_C,,True
TXN000000837,1890.6200000000001,851.6600000000001,4.0,2,STR0015,REG018,ASC000020,CUST00000924,,SALE,Store,Completed,POS_A,,True
TXN000000838,740.3,391.84,1.0,1,STR0018,REG017,ASC000017,,2026-04-12 02:15:00,SALE,Pickup,Completed,POS_B,2026-04-12,True
TXN000000839,2542.4,1495.3000000000002,5.0,1,STR0002,REG003,ASC000011,CUST00001724,,SALE,Store,Completed,POS_C,,True
TXN000000841,4404.07,1393.0999999999997,9.0,4,STR0017,REG024,ASC000330,CUST00000565,,SALE,Pickup,Completed,POS_C,,True
TXN000000842,3323.31,873.0,8.0,2,STR0018,REG006,ASC000036,,2026-04-15 17:50:00,SALE,Pickup,Completed,POS_A,2026-04-15,True
TXN000000845,4051.7299999999996,1849.0899999999997,10.0,3,STR0008,REG015,ASC000455,CUST00001763,2026-05-03 15:09:00,SALE,Store,Completed,POS_C,2026-05-03,True
TXN000000846,1701.5700000000002,684.8400000000001,3.0,1,STR0021,REG025,ASC000101,,,SALE,Store,Completed,POS_B,,True
TXN000000848,482.08000000000004,198.73000000000002,4.0,2,STR0010,REG012,ASC000368,CUST00001246,,SALE,Store,Completed,POS_C,,False
TXN000000849,573.34,195.14000000000004,1.0,1,STR0020,REG020,ASC000200,CUST00000530,,SALE,Store,Completed,POS_B,,True
TXN000000852,3285.56,1748.39,5.0,3,STR0004,REG006,ASC000311,,2026-04-10 05:58:00,SALE,Store,Completed,POS_C,2026-04-10,True
TXN000000853,2628.05,1331.2199999999998,8.0,5,STR0020,REG012,ASC000137,CUST00001624,,SALE,Store,Completed,POS_A,,True
TXN000000854,2177.91,1022.42,6.0,4,STR0018,REG015,ASC000451,CUST00000296,2026-05-05 05:32:00,SALE,Pickup,Completed,POS_B,2026-05-05,True
TXN000000856,873.3,298.0,5.0,1,STR0020,REG023,ASC000382,CUST00000554,2026-05-01 21:53:00,SALE,Pickup,Completed,POS_B,2026-05-01,True
TXN000000857,2549.91,1263.84,3.0,1,STR0017,REG019,ASC000001,,2026-04-02 22:52:00,SALE,Store,Completed,POS_C,2026-04-02,True
TXN000000860,1224.47,481.72,2.0,2,STR0009,REG015,ASC000126,CUST00001289,2026-04-22 17:15:00,SALE,Pickup,Completed,POS_B,2026-04-22,True
TXN000000864,4895.58,2605.97,8.0,3,STR0018,REG020,ASC000470,CUST00000615,,SALE,Store,Completed,POS_B,,True
TXN000000865,1365.5,582.5999999999999,5.0,1,STR0021,REG009,ASC000484,CUST00001409,2026-05-27 12:10:00,SALE,Store,Completed,POS_A,2026-05-27,True
TXN000000867,3564.2,1980.76,6.0,2,STR0025,REG023,ASC000465,,,SALE,Pickup,Completed,POS_C,,True
TXN000000869,943.16,550.76,1.0,1,STR0019,REG002,ASC000027,CUST00001053,,SALE,Store,Completed,POS_A,,True
TXN000000871,1786.58,629.21,9.0,4,STR0012,REG027,ASC000371,CUST00001574,,SALE,Store,Completed,POS_C,,True
TXN000000873,949.14,354.49000000000007,5.0,3,STR0008,REG023,ASC000265,CUST00001514,,SALE,Store,Completed,POS_C,,True
TXN000000875,7678.59,3862.1899999999996,15.0,4,STR0021,REG017,ASC000268,CUST00000058,,SALE,Store,Completed,POS_A,,True
TXN000000878,4278.04,2015.74,13.0,3,STR0009,REG025,ASC000245,,2026-05-06 22:13:00,SALE,Pickup,Completed,POS_C,2026-05-06,True
TXN000000879,4175.43,1954.5500000000002,10.0,4,STR0007,REG017,ASC000496,CUST00000839,,SALE,Store,Completed,POS_C,,True
TXN000000880,104.56,40.040000000000006,2.0,1,STR0014,REG003,ASC000385,CUST00000767,,SALE,Pickup,Completed,POS_C,,False
TXN000000884,989.18,432.26,6.0,2,STR0004,REG020,ASC000165,,,SALE,Store,Completed,POS_A,,True
TXN000000886,2754.99,258.46999999999986,8.0,3,STR0011,REG004,ASC000012,CUST00001160,2026-04-21 19:44:00,SALE,Store,Completed,POS_A,2026-04-21,True
TXN000000887,2765.39,715.6500000000001,9.0,3,STR0016,REG009,ASC000378,CUST00000926,2026-04-28 10:22:00,SALE,Store,Completed,POS_C,2026-04-28,True
TXN000000888,1420.6499999999999,105.04999999999986,9.0,2,STR0019,REG028,ASC000117,CUST00001691,,SALE,Store,Completed,POS_B,,True
TXN000000889,3163.8199999999997,1720.87,12.0,4,STR0001,REG019,ASC000072,CUST00001238,2026-05-18 07:14:00,SALE,Store,Completed,POS_C,2026-05-18,True
TXN000000890,2911.59,1491.21,8.0,4,STR0018,REG020,ASC000451,,,SALE,Pickup,Completed,POS_A,,True
TXN000000894,2935.9100000000003,1413.7400000000002,6.0,3,STR0023,REG012,ASC000324,CUST00000627,,SALE,Pickup,Completed,POS_A,,True
TXN000000895,884.8,455.53,4.0,2,STR0021,REG023,ASC000113,,,SALE,Pickup,Completed,POS_C,,True
TXN000000898,2916.26,446.04,9.0,2,STR0024,REG008,ASC000144,,,SALE,Store,Completed,POS_C,,True
TXN000000899,101.32,35.66999999999999,1.0,1,STR0007,REG020,ASC000118,CUST00000986,2026-04-28 09:27:00,SALE,Store,Completed,POS_A,2026-04-28,False
TXN000000901,5085.24,2345.3599999999997,9.0,3,STR0017,REG003,ASC000221,CUST00000383,,SALE,Store,Completed,POS_B,,True
TXN000000902,892.78,43.95999999999992,2.0,1,STR0020,REG008,ASC000466,CUST00000259,2026-04-22 21:13:00,SALE,Store,Completed,POS_B,2026-04-22,True
TXN000000903,6236.0,3495.3400000000006,8.0,3,STR0005,REG024,ASC000480,,,SALE,Pickup,Completed,POS_C,,True
TXN000000904,308.19,146.26,1.0,1,STR0017,REG021,ASC000001,CUST00000798,,SALE,Pickup,Completed,POS_C,,False
TXN000000906,1233.94,107.0399999999999,7.0,2,STR0016,REG003,ASC000100,CUST00001671,2026-05-15 12:49:00,SALE,Pickup,Completed,POS_C,2026-05-15,True
TXN000000907,2691.95,1514.2499999999998,5.0,1,STR0009,REG016,ASC_BAD,,2026-05-03 10:57:00,SALE,Store,Completed,POS_C,2026-05-03,True
TXN000000911,1279.44,619.86,6.0,3,STR0014,REG021,ASC000247,CUST00000189,2026-04-22 03:05:00,SALE,Pickup,Completed,POS_C,2026-04-22,True
TXN000000914,852.46,216.48000000000002,2.0,1,STR0003,REG007,ASC000082,,2026-04-30 17:37:00,SALE,Store,Completed,POS_C,2026-04-30,True
TXN000000915,375.04,18.200000000000045,1.0,1,STR0019,REG012,ASC000004,CUST00001579,2026-05-27 11:49:00,SALE,Store,Completed,POS_B,2026-05-27,False
TXN000000916,1411.26,608.9,2.0,1,STR0023,REG003,ASC000324,,2026-05-26 21:46:00,SALE,Pickup,Completed,POS_B,2026-05-26,True
TXN000000917,1851.7199999999998,914.02,6.0,2,STR0018,REG027,ASC000451,CUST00000677,,SALE,Pickup,Completed,POS_C,,True
TXN000000918,160.44,82.53999999999999,2.0,1,STR0009,REG027,ASC000167,CUST00000877,,SALE,Store,Completed,POS_C,,False
TXN000000919,869.2,542.04,1.0,1,STR0015,REG017,ASC000412,CUST00000200,,SALE,Pickup,Completed,POS_C,,True
TXN000000920,1321.74,469.68999999999994,5.0,2,STR0010,REG026,ASC000328,CUST00001073,,SALE,Store,Completed,POS_B,,True
TXN000000921,68.19,29.239999999999995,1.0,1,STR0013,REG013,ASC000091,CUST00001682,2026-05-05 21:50:00,SALE,Pickup,Completed,POS_B,2026-05-05,False
TXN000000925,1420.72,251.39999999999998,8.0,3,STR0019,REG015,ASC000027,,2026-04-06 17:56:00,SALE,Store,Completed,POS_B,2026-04-06,True
TXN000000926,1843.8600000000001,614.18,4.0,2,STR0001,REG025,ASC000143,CUST00001324,,SALE,Store,Completed,POS_B,,True
TXN000000927,4115.75,2168.7200000000003,5.0,2,STR0003,REG002,ASC000249,CUST00000865,2026-05-17 03:07:00,SALE,Pickup,Completed,POS_C,2026-05-17,True
TXN000000931,1748.52,864.82,4.0,2,STR0024,REG015,ASC000323,,2026-05-31 23:21:00,SALE,Store,Completed,POS_C,2026-05-31,True
TXN000000932,2837.38,1379.9,8.0,4,STR0020,REG021,ASC000200,,,SALE,Store,Completed,POS_B,,True
TXN000000936,3491.4900000000002,750.77,10.0,3,STR0009,REG001,ASC000362,CUST00001501,,SALE,Store,Completed,POS_C,,True
TXN000000941,2543.98,1045.48,11.0,6,STR0008,REG020,ASC000395,CUST00000937,,SALE,Pickup,Completed,POS_B,,True
TXN000000942,2284.04,1002.6400000000001,14.0,5,STR0012,REG014,ASC000359,CUST00001197,2026-05-01 22:58:00,SALE,Store,Completed,POS_B,2026-05-01,True
TXN000000943,6968.78,2643.14,17.0,5,STR0024,REG009,ASC000186,CUST00001292,2026-05-14 01:34:00,SALE,Store,Completed,POS_C,2026-05-14,True
TXN000000947,1432.93,19.44999999999999,9.0,2,STR0017,REG028,ASC000031,CUST00001147,,SALE,Pickup,Completed,POS_C,,True
TXN000000952,4066.53,1924.05,12.0,5,STR0019,REG026,ASC000291,CUST00000968,2026-05-10 12:13:00,SALE,Store,Completed,POS_C,2026-05-10,True
TXN000000955,1596.24,901.04,2.0,1,STR0004,REG014,ASC000002,CUST00000118,2026-05-02 12:50:00,SALE,Store,Completed,POS_C,2026-05-02,True
TXN000000959,1727.94,844.1400000000001,2.0,1,STR0012,REG026,ASC000201,CUST00000565,2026-04-18 23:01:00,SALE,Store,Completed,POS_C,2026-04-18,True
TXN000000964,1091.5,472.44000000000005,2.0,1,STR0014,REG027,ASC000202,CUST00001564,,SALE,Store,Completed,POS_B,,True
TXN000000967,2787.55,1019.1800000000001,8.0,5,STR0002,REG015,ASC000332,CUST00000427,,SALE,Store,Completed,POS_C,,True
TXN000000969,2562.3,1279.7500000000002,5.0,1,STR0001,REG013,ASC000288,CUST00000446,2026-05-13 22:49:00,SALE,Store,Completed,POS_C,2026-05-13,True
TXN000000973,1231.0800000000002,350.84000000000015,6.0,2,STR0011,REG019,ASC000432,,2026-05-07 14:33:00,SALE,Store,Completed,POS_C,2026-05-07,True
TXN000000974,5147.07,2220.14,8.0,2,STR0019,REG007,ASC000222,CUST00000124,2026-05-05 12:49:00,SALE,Store,Completed,POS_B,2026-05-05,True
TXN000000983,2741.68,1078.7999999999997,4.0,1,STR0021,REG009,ASC000101,,,SALE,Store,Completed,POS_B,,True
TXN000000984,239.26,57.69999999999999,1.0,1,STR0017,REG004,ASC000130,CUST00001221,,SALE,Pickup,Completed,POS_B,,False
TXN000000990,7421.870000000001,4295.920000000001,8.0,3,STR0014,REG024,ASC000202,,,SALE,Store,Completed,POS_B,,True
TXN000000994,268.84,163.51,1.0,1,STR0008,REG016,ASC000140,CUST00001067,,SALE,Store,Completed,POS_A,,False
TXN000000995,6098.62,2680.0700000000006,9.0,3,STR0020,REG010,ASC000109,CUST00001320,,SALE,Store,Completed,POS_C,,True
TXN000000996,2768.8900000000003,721.8000000000001,12.0,4,STR0018,REG016,ASC000157,CUST00001145,2026-05-18 15:33:00,SALE,Store,Completed,POS_B,2026-05-18,True
TXN000001001,88.25,7.060000000000002,1.0,1,STR0015,REG016,ASC000029,CUST00001224,,SALE,Store,Completed,POS_B,,False
TXN000001002,1381.9,438.31,6.0,2,STR0021,REG028,ASC000268,CUST00000550,,SALE,Store,Completed,POS_B,,True
TXN000001004,811.76,92.0,4.0,1,STR0016,REG014,ASC000331,CUST00001110,,SALE,Store,Completed,POS_C,,True
TXN000001006,2033.58,1044.72,6.0,2,STR0011,REG013,ASC000314,CUST00000169,2026-05-18 10:54:00,SALE,Store,Completed,POS_A,2026-05-18,True
TXN000001007,411.0,142.32,2.0,1,STR0014,REG002,ASC000202,CUST00000424,2026-05-27 22:51:00,SALE,Pickup,Completed,POS_B,2026-05-27,False
TXN000001009,712.44,313.75000000000006,1.0,1,STR0019,REG019,ASC000462,CUST00001289,,SALE,Store,Completed,POS_C,,True
TXN000001012,650.25,336.76,2.0,2,STR0001,REG025,ASC000299,CUST00001499,,SALE,Store,Completed,POS_A,,True
TXN000001016,1261.34,630.8199999999999,2.0,1,STR0004,REG013,ASC000280,,2026-04-16 17:32:00,SALE,Pickup,Completed,POS_A,2026-04-16,True
TXN000001017,1339.7400000000002,556.5900000000001,4.0,2,STR0015,REG023,ASC000080,,,SALE,Store,Completed,POS_C,,True
TXN000001018,3672.47,1498.2599999999998,9.0,4,STR0021,REG017,ASC000210,CUST00000411,,SALE,Pickup,Completed,POS_C,,True
TXN000001024,558.48,149.23000000000005,5.0,1,STR0013,REG023,ASC000372,CUST00001244,,SALE,Store,Completed,POS_B,,True
TXN000001029,1795.23,980.3199999999999,8.0,3,STR0009,REG008,ASC000246,,,SALE,Store,Completed,POS_C,,True
TXN000001031,1319.04,207.65999999999997,7.0,2,STR0001,REG016,ASC000231,CUST00001791,,SALE,Pickup,Completed,POS_A,,True
TXN000001032,2496.05,1089.13,9.0,4,STR0003,REG025,ASC000249,CUST00000657,,SALE,Store,Completed,POS_A,,True
TXN000001036,2276.89,975.7099999999999,9.0,4,STR0001,REG026,ASC000472,CUST00001308,2026-05-05 23:17:00,SALE,Store,Completed,POS_B,2026-05-05,True
TXN000001037,367.7,80.5,2.0,1,STR0007,REG006,ASC000022,,2026-05-29 14:26:00,SALE,Store,Completed,POS_B,2026-05-29,False
TXN000001038,892.35,511.82000000000005,1.0,1,STR0023,REG025,ASC000312,CUST00000095,2026-05-21 10:45:00,SALE,Store,Completed,POS_C,2026-05-21,True
TXN000001039,1286.9,545.26,4.0,3,STR0025,REG005,ASC000453,CUST00000420,,SALE,Store,Completed,POS_B,,True
TXN000001040,4842.03,2246.31,8.0,4,STR0021,REG011,ASC000484,,2026-05-29 23:39:00,SALE,Store,Completed,POS_B,2026-05-29,True
TXN000001044,3459.89,857.1299999999999,8.0,4,STR0003,REG007,ASC000481,CUST00001024,,SALE,Store,Completed,POS_B,,True
TXN000001048,380.13,164.34999999999997,2.0,2,STR0006,REG010,ASC000107,CUST00001145,,SALE,Store,Completed,POS_A,,False
TXN000001049,3801.94,1377.15,13.0,4,STR0007,REG004,ASC000146,CUST00000044,2026-05-25 02:49:00,SALE,Store,Completed,POS_C,2026-05-25,True
TXN000001051,1380.6,649.73,6.0,2,STR0005,REG013,ASC000473,CUST00000130,,SALE,Pickup,Completed,POS_A,,True
TXN000001055,7128.81,3691.92,12.0,5,STR0011,REG018,ASC000459,CUST00000371,2026-04-27 18:05:00,SALE,Pickup,Completed,POS_B,2026-04-27,True
TXN000001059,3953.41,1932.7800000000002,9.0,3,STR0025,REG023,ASC000174,CUST00000849,2026-04-28 19:08:00,SALE,Store,Completed,POS_A,2026-04-28,True
TXN000001063,2390.91,714.05,7.0,4,STR0013,REG028,ASC000238,CUST00001729,2026-04-06 03:08:00,SALE,Store,Completed,POS_B,2026-04-06,True
TXN000001065,5106.64,2189.86,10.0,3,STR0003,REG003,ASC000405,CUST00001508,,SALE,Pickup,Completed,POS_A,,True
TXN000001071,619.96,357.98,10.0,3,STR0008,REG012,ASC000298,CUST00001784,2026-04-08 09:32:00,SALE,Pickup,Completed,POS_C,2026-04-08,True
TXN000001072,705.5,346.16,2.0,1,STR_UNKNOWN,REG022,ASC000028,CUST00001654,,SALE,Store,Completed,POS_C,,True
TXN000001078,4519.03,2288.02,9.0,3,STR0008,REG015,ASC000321,CUST00001742,,SALE,Store,Completed,POS_B,,True
TXN000001082,5602.049999999999,2844.55,9.0,3,STR0013,REG005,ASC000224,CUST00001077,,SALE,Store,Completed,POS_C,,True
TXN000001084,4649.540000000001,1794.5700000000002,16.0,4,STR0002,REG019,ASC000348,CUST00001274,,SALE,Store,Completed,POS_B,,True
TXN000001085,4076.6499999999996,2361.9799999999996,6.0,2,STR0013,REG001,ASC000163,CUST00000991,2026-05-08 05:45:00,SALE,Store,Completed,POS_C,2026-05-08,True
TXN000001087,5017.14,2716.9100000000003,12.0,4,STR0016,REG001,ASC000267,,2026-04-26 00:20:00,SALE,Store,Completed,POS_B,2026-04-26,True
TXN000001088,53.74,21.080000000000005,1.0,1,STR0025,REG007,ASC000453,,2026-04-07 08:11:00,SALE,Store,Completed,POS_A,2026-04-07,False
TXN000001089,3025.05,1106.31,7.0,2,STR0007,REG028,ASC000079,,,SALE,Store,Completed,POS_B,,True
TXN000001092,94.93,94.93,1.0,1,STR0015,REG020,ASC000438,,,SALE,Pickup,Completed,POS_C,,False
TXN000001093,431.46,61.15999999999997,2.0,1,STR0018,REG021,ASC000127,CUST00000298,2026-04-25 00:05:00,SALE,Pickup,Completed,POS_B,2026-04-25,False
TXN000001096,5324.4,2618.2200000000003,11.0,5,STR0016,REG027,ASC000158,,2026-05-10 23:19:00,SALE,Store,Completed,POS_C,2026-05-10,True
TXN000001102,1070.47,538.23,4.0,2,STR0008,REG025,ASC000110,CUST00001206,2026-05-29 11:58:00,SALE,Store,Completed,POS_C,2026-05-29,True
TXN000001106,4406.77,1241.1399999999999,11.0,5,STR0004,REG008,ASC000165,CUST00000110,,SALE,Store,Completed,POS_C,,True
TXN000001109,47.16,23.479999999999997,2.0,1,STR0018,REG004,ASC000127,CUST00000360,,SALE,Store,Completed,POS_C,,False
TXN000001110,563.42,123.17999999999995,2.0,1,STR0003,REG011,ASC000344,CUST00000721,2026-05-17 18:01:00,SALE,Pickup,Completed,POS_B,2026-05-17,True
TXN000001111,45.68,13.020000000000003,1.0,1,STR0022,REG026,ASC000248,,,SALE,Store,Completed,POS_A,,False
TXN000001113,497.11,241.42000000000002,2.0,2,STR0023,REG001,ASC000339,CUST00000702,,SALE,Pickup,Completed,POS_B,,False
TXN000001114,540.54,240.71999999999997,2.0,1,STR0004,REG011,ASC000002,CUST00000973,,SALE,Pickup,Completed,POS_B,,True
TXN000001117,4896.06,1631.3300000000002,8.0,3,STR0014,REG018,ASC000046,CUST00000087,,SALE,Pickup,Completed,POS_A,,True
TXN000001118,793.12,130.84000000000003,4.0,1,STR0024,REG023,ASC000289,,,SALE,Pickup,Completed,POS_A,,True
TXN000001120,58.5,13.379999999999999,5.0,2,STR0021,REG007,ASC000489,CUST00000735,2026-04-18 11:45:00,SALE,Store,Completed,POS_A,2026-04-18,False
TXN000001121,1586.46,736.92,4.0,2,STR0014,REG024,ASC000266,CUST00001015,2026-04-12 08:01:00,SALE,Store,Completed,POS_A,2026-04-12,True
TXN000001122,910.44,537.9300000000001,1.0,1,STR0005,REG002,ASC000473,,2026-05-11 21:19:00,SALE,Pickup,Completed,POS_C,2026-05-11,True
TXN000001124,3300.09,1342.58,7.0,3,STR0025,REG006,ASC000008,CUST00001143,2026-04-08 17:52:00,SALE,Pickup,Completed,POS_B,2026-04-08,True
TXN000001128,325.90000000000003,150.35000000000002,5.0,1,STR0023,REG027,ASC000060,,2026-04-29 17:38:00,SALE,Pickup,Completed,POS_C,2026-04-29,False
TXN000001129,934.03,273.66999999999996,3.0,1,STR0019,REG013,ASC000142,CUST00001151,2026-04-25 06:13:00,SALE,Store,Completed,POS_C,2026-04-25,True
TXN000001132,2777.87,830.3100000000001,7.0,3,STR0010,REG028,ASC000122,,2026-04-09 19:52:00,SALE,Store,Completed,POS_C,2026-04-09,True
TXN000001135,995.34,166.97000000000008,3.0,2,STR0005,REG014,ASC000063,CUST00001647,,SALE,Pickup,Completed,POS_A,,True
TXN000001145,2569.6499999999996,1280.9499999999996,5.0,1,STR0012,REG013,ASC000194,,2026-04-18 12:28:00,SALE,Store,Completed,POS_A,2026-04-18,True
TXN000001146,2370.25,1100.6799999999998,11.0,5,STR0004,REG008,ASC000062,CUST00000611,,SALE,Store,Completed,POS_C,,True
TXN000001147,3965.55,2408.15,5.0,1,STR0013,REG016,ASC000437,,2026-04-04 10:44:00,SALE,Store,Completed,POS_B,2026-04-04,True
TXN000001154,4647.62,843.8599999999998,11.0,2,STR0002,REG015,ASC000434,CUST00000993,2026-05-18 21:36:00,SALE,Store,Completed,POS_A,2026-05-18,True
TXN000001155,370.73,158.17000000000002,1.0,1,STR0008,REG019,ASC000395,,2026-04-17 23:42:00,SALE,Pickup,Completed,POS_A,2026-04-17,False
TXN000001156,551.32,156.05000000000007,1.0,1,STR0010,REG003,ASC000439,CUST00001590,,SALE,Store,Completed,POS_B,,True
TXN000001158,400.63,152.2,1.0,1,STR0009,REG022,ASC000485,CUST00001596,,SALE,Store,Completed,POS_C,,False
TXN000001163,45.7,-81.72,1.0,1,STR0013,REG014,ASC000437,CUST00001628,2026-04-27 17:11:00,SALE,Store,Completed,POS_B,2026-04-27,False
TXN000001167,319.02,52.19,1.0,1,STR0004,REG008,ASC000350,,2026-05-22 18:34:00,SALE,Store,Completed,POS_C,2026-05-22,False
TXN000001173,1943.15,782.9200000000001,5.0,2,STR0001,REG017,ASC000307,,2026-05-08 23:59:00,SALE,Store,Completed,POS_A,2026-05-08,True
TXN000001175,105.29,25.03,1.0,1,STR0009,REG013,ASC000258,CUST00000806,2026-05-20 00:42:00,SALE,Store,Completed,POS_A,2026-05-20,False
TXN000001176,1294.8899999999999,750.76,3.0,2,STR0009,REG020,ASC000126,CUST00001728,,SALE,Store,Completed,POS_C,,True
TXN000001178,1195.8600000000001,340.16999999999996,6.0,3,STR0013,REG018,ASC000435,,2026-05-23 02:17:00,SALE,Store,Completed,POS_C,2026-05-23,True
TXN000001183,714.75,183.47000000000003,7.0,2,STR0016,REG006,ASC000273,CUST00000301,,SALE,Store,Completed,POS_B,,True
TXN000001186,416.22,76.89000000000004,1.0,1,STR0019,REG021,ASC000488,CUST00001613,,SALE,Pickup,Completed,POS_B,,False
TXN000001189,895.36,501.67,1.0,1,STR0012,REG019,ASC000005,CUST00000642,2026-05-28 23:38:00,SALE,Pickup,Completed,POS_C,2026-05-28,True
TXN000001192,998.75,172.40000000000003,11.0,2,STR0010,REG020,ASC000196,,2026-04-27 11:34:00,SALE,Store,Completed,POS_B,2026-04-27,True
TXN000001193,2535.6,1048.7999999999997,5.0,1,STR0023,REG005,ASC000276,CUST00001326,,SALE,Store,Completed,POS_C,,True
TXN000001194,1491.46,644.52,3.0,2,STR0021,REG016,ASC000336,CUST00001088,,SALE,Pickup,Completed,POS_B,,True
TXN000001195,3054.4,1746.67,6.0,3,STR0021,REG020,ASC000326,CUST00000414,2026-05-09 06:32:00,SALE,Store,Completed,POS_B,2026-05-09,True
TXN000001196,808.88,390.04,2.0,1,STR0023,REG007,ASC000203,CUST_BAD,,SALE,Store,Completed,POS_C,,True
TXN000001197,1592.21,609.8,3.0,2,STR0009,REG002,ASC000167,CUST00001675,,SALE,Store,Completed,POS_A,,True
TXN000001200,629.16,208.79999999999995,2.0,1,STR0003,REG025,ASC000082,,,SALE,Pickup,Completed,POS_A,,True
TXN000001202,744.77,236.42000000000002,2.0,2,STR0007,REG002,ASC000285,CUST00000140,,SALE,Pickup,Completed,POS_A,,True
TXN000001204,794.8199999999999,275.99999999999994,8.0,4,STR0020,REG001,ASC000109,CUST00000433,2026-04-10 10:15:00,SALE,Store,Completed,POS_A,2026-04-10,True
TXN000001206,1827.8600000000001,699.6300000000001,6.0,4,STR0020,REG006,ASC000211,CUST00001302,2026-04-08 19:45:00,SALE,Pickup,Completed,POS_A,2026-04-08,True
TXN000001208,437.40000000000003,55.29000000000002,3.0,1,STR0008,REG003,ASC000455,,,SALE,Pickup,Completed,POS_B,,False
TXN000001210,3154.31,1605.71,7.0,2,STR0016,REG018,ASC000112,CUST00000269,,SALE,Store,Completed,POS_A,,True
TXN000001212,2710.15,1094.68,9.0,3,STR0020,REG016,ASC000200,CUST00000225,2026-05-27 05:47:00,SALE,Pickup,Completed,POS_A,2026-05-27,True
TXN000001218,1291.93,746.62,7.0,2,STR0004,REG012,ASC000062,,2026-04-09 20:36:00,SALE,Pickup,Completed,POS_C,2026-04-09,True
TXN000001219,1611.73,473.64,8.0,3,STR0007,REG007,ASC000474,CUST00000348,,SALE,Store,Completed,POS_B,,True
TXN000001224,1466.67,491.7900000000001,7.0,3,STR0008,REG028,ASC000361,,2026-04-26 21:11:00,SALE,Pickup,Completed,POS_A,2026-04-26,True
TXN000001226,862.67,218.74999999999994,3.0,2,STR0022,REG028,ASC000486,CUST00000868,,SALE,Store,Completed,POS_A,,True
TXN000001230,2008.5,935.5999999999999,7.0,2,STR0009,REG013,ASC000445,CUST00001182,2026-05-13 13:51:00,SALE,Pickup,Completed,POS_A,2026-05-13,True
TXN000001234,4283.75,1898.0,10.0,2,STR0025,REG011,ASC000416,,2026-05-12 19:35:00,SALE,Pickup,Completed,POS_B,2026-05-12,True
TXN000001235,2011.8899999999999,1042.9699999999998,4.0,3,STR0005,REG018,ASC000334,CUST00000196,2026-05-17 07:49:00,SALE,Pickup,Completed,POS_A,2026-05-17,True
TXN000001236,605.14,279.54999999999995,3.0,2,STR0002,REG027,ASC000301,CUST00000597,,SALE,Store,Completed,POS_B,,True
TXN000001243,2685.91,423.1799999999997,7.0,2,STR0003,REG009,ASC000028,CUST00001133,2026-05-28 01:46:00,SALE,Pickup,Completed,POS_A,2026-05-28,True
TXN000001249,643.47,364.51000000000005,1.0,1,STR0008,REG015,ASC000048,,2026-05-20 11:12:00,SALE,Store,Completed,POS_C,2026-05-20,True
TXN000001250,171.59,77.06,1.0,1,STR0004,REG026,ASC000240,,2026-04-09 09:51:00,SALE,Pickup,Completed,POS_B,2026-04-09,False
TXN000001251,51.12,21.729999999999997,1.0,1,STR0004,REG005,ASC000009,CUST00000415,2026-04-07 21:04:00,SALE,Store,Completed,POS_C,2026-04-07,False
TXN000001253,4970.88,2888.7799999999997,8.0,3,STR0006,REG028,ASC000319,,2026-04-27 01:27:00,SALE,Store,Completed,POS_A,2026-04-27,True
TXN000001255,593.57,278.31000000000006,1.0,1,STR0019,REG002,ASC000488,,,SALE,Store,Completed,POS_B,,True
TXN000001266,1423.72,764.38,2.0,1,STR0016,REG027,ASC000378,CUST00000405,,SALE,Store,Completed,POS_C,,True
TXN000001269,1922.48,916.5200000000001,5.0,3,STR0025,REG027,ASC000021,CUST00000033,2026-04-27 19:09:00,SALE,Store,Completed,POS_A,2026-04-27,True
TXN000001272,1721.81,504.96999999999997,3.0,2,STR0007,REG013,ASC000393,,2026-05-03 13:58:00,SALE,Pickup,Completed,POS_A,2026-05-03,True
TXN000001273,933.53,424.26,2.0,2,STR0007,REG026,ASC000239,CUST00000382,2026-04-17 06:17:00,SALE,Pickup,Completed,POS_B,2026-04-17,True
TXN000001276,2208.75,510.85,5.0,2,STR0012,REG026,ASC000116,CUST00001736,2026-04-06 12:11:00,SALE,Pickup,Completed,POS_B,2026-04-06,True
TXN000001278,602.73,215.1,2.0,2,STR0012,REG011,ASC000207,CUST00001678,,SALE,Store,Completed,POS_B,,True
TXN000001279,1590.92,476.74000000000007,4.0,2,STR0021,REG020,ASC000326,,2026-04-28 18:00:00,SALE,Store,Completed,POS_C,2026-04-28,True
TXN000001280,2211.0200000000004,643.9100000000001,9.0,3,STR0012,REG019,ASC000345,CUST00000602,2026-04-30 03:13:00,SALE,Pickup,Completed,POS_A,2026-04-30,True
TXN000001281,770.82,239.77,6.0,2,STR0019,REG009,ASC000142,CUST00001250,,SALE,Pickup,Completed,POS_C,,True
TXN000001283,1763.09,885.81,3.0,3,STR0013,REG010,ASC000435,,,SALE,Pickup,Completed,POS_B,,True
TXN000001284,877.72,313.62,2.0,1,STR0002,REG014,ASC000011,,2026-05-12 21:30:00,SALE,Store,Completed,POS_B,2026-05-12,True
TXN000001287,1690.98,781.23,3.0,1,STR0018,REG014,ASC000476,CUST00001627,2026-04-18 10:41:00,SALE,Store,Completed,POS_A,2026-04-18,True
TXN000001290,6999.58,3330.5299999999997,12.0,3,STR0006,REG022,ASC000057,,2026-05-26 00:06:00,SALE,Pickup,Completed,POS_A,2026-05-26,True
TXN000001292,1513.98,536.5500000000002,4.0,2,STR0004,REG012,ASC000153,,2026-05-11 06:05:00,SALE,Store,Completed,POS_B,2026-05-11,True
TXN000001293,2075.25,82.19999999999982,5.0,1,STR0024,REG024,ASC000139,,2026-05-08 10:17:00,SALE,Pickup,Completed,POS_A,2026-05-08,True
TXN000001295,2241.1,1174.24,7.0,3,STR0011,REG026,ASC000300,CUST00001181,2026-05-08 00:28:00,SALE,Store,Completed,POS_A,2026-05-08,True
TXN000001301,3584.7,1791.3799999999999,8.0,2,STR0017,REG027,ASC000164,,,SALE,Pickup,Completed,POS_B,,True
TXN000001303,3053.47,1746.3799999999999,5.0,3,STR0003,REG020,ASC000193,CUST00001690,2026-04-29 00:14:00,SALE,Pickup,Completed,POS_A,2026-04-29,True
TXN000001305,6413.389999999999,2729.48,10.0,4,STR0012,REG023,ASC000116,CUST00000507,,SALE,Pickup,Completed,POS_B,,True
TXN000001309,896.12,297.9,2.0,1,STR0021,REG006,ASC000101,CUST00001127,,SALE,Store,Completed,POS_C,,True
TXN000001311,1094.19,332.13,6.0,3,STR0016,REG023,ASC000100,CUST00000229,2026-04-03 09:55:00,SALE,Pickup,Completed,POS_B,2026-04-03,True
TXN000001315,4684.45,2071.17,10.0,3,STR0001,REG006,ASC000360,CUST00000595,,SALE,Store,Completed,POS_A,,True
TXN000001316,1993.8400000000001,812.63,5.0,4,STR0019,REG002,ASC000477,CUST00001692,2026-05-22 09:55:00,SALE,Store,Completed,POS_B,2026-05-22,True
TXN000001321,3911.1,1621.3999999999996,11.0,3,STR0009,REG023,ASC000258,CUST00001109,,SALE,Store,Completed,POS_A,,True
TXN000001322,1012.08,383.0400000000001,2.0,1,STR0020,REG027,ASC000382,CUST00000060,,SALE,Pickup,Completed,POS_C,,True
TXN000001323,1398.28,557.6400000000001,3.0,3,STR0005,REG001,ASC000397,,2026-05-21 23:39:00,SALE,Store,Completed,POS_B,2026-05-21,True
TXN000001325,1637.1699999999998,296.92999999999984,5.0,3,STR0013,REG027,ASC000435,CUST00000160,2026-05-01 20:27:00,SALE,Store,Completed,POS_C,2026-05-01,True
TXN000001327,34.25,-2.509999999999998,1.0,1,STR0002,REG012,ASC000332,,2026-04-01 13:03:00,SALE,Pickup,Completed,POS_B,2026-04-01,False
TXN000001328,5436.389999999999,2036.5599999999997,11.0,4,STR0021,REG002,ASC000347,CUST00001535,,SALE,Store,Completed,POS_C,,True
TXN000001330,2592.92,1117.38,6.0,5,STR0021,REG017,ASC000347,CUST00001466,2026-05-24 19:56:00,SALE,Store,Completed,POS_C,2026-05-24,True
TXN000001331,4428.969999999999,2159.1499999999996,11.0,4,STR0007,REG008,ASC000353,CUST00001244,,SALE,Store,Completed,POS_C,,True
TXN000001332,139.68,27.180000000000007,1.0,1,STR0019,REG021,ASC000019,CUST00001505,,SALE,Store,Completed,POS_A,,False
TXN000001336,3811.04,1846.7599999999998,6.0,3,STR0009,REG018,ASC000126,CUST00001673,,SALE,Store,Completed,POS_C,,True
TXN000001338,1962.7400000000002,413.41000000000014,6.0,3,STR0012,REG014,ASC000043,CUST00001409,,SALE,Store,Completed,POS_A,,True
TXN000001339,2407.87,1152.51,5.0,3,STR0016,REG006,ASC000007,,,SALE,Store,Completed,POS_B,,True
TXN000001340,2597.79,1191.62,7.0,3,STR0006,REG006,ASC000460,,,SALE,Store,Completed,POS_B,,True
TXN000001343,3585.25,1891.5,5.0,1,STR0015,REG005,ASC000003,,2026-05-06 13:30:00,SALE,Pickup,Completed,POS_B,2026-05-06,True
TXN000001349,5742.25,2816.7200000000003,10.0,3,STR0004,REG003,ASC000287,CUST00000463,2026-04-13 01:51:00,SALE,Store,Completed,POS_A,2026-04-13,True
TXN000001350,2014.0,1065.42,4.0,2,STR0014,REG014,ASC000411,CUST00001019,2026-05-06 18:52:00,SALE,Pickup,Completed,POS_A,2026-05-06,True
TXN000001351,3306.17,1166.25,11.0,3,STR0007,REG022,ASC000322,CUST00000375,,SALE,Store,Completed,POS_A,,True
TXN000001354,943.28,345.05999999999995,2.0,1,STR0017,REG013,ASC000309,CUST00000225,2026-04-16 13:20:00,SALE,Store,Completed,POS_A,2026-04-16,True
TXN000001356,156.05,68.72000000000001,1.0,1,STR0010,REG014,ASC000414,CUST00000299,2026-04-30 02:15:00,SALE,Pickup,Completed,POS_B,2026-04-30,False
TXN000001361,2917.99,799.0899999999999,9.0,2,STR_UNKNOWN,REG006,ASC000146,CUST00000609,,SALE,Store,Completed,POS_A,,True
TXN000001362,378.42999999999995,196.82999999999998,4.0,2,STR0004,REG027,ASC000287,CUST00000361,2026-05-31 08:10:00,SALE,Pickup,Completed,POS_A,2026-05-31,False
TXN000001363,1280.57,551.09,5.0,2,STR0022,REG011,ASC000278,CUST00001601,2026-05-13 13:31:00,SALE,Pickup,Completed,POS_C,2026-05-13,True
TXN000001365,3586.55,1517.5,8.0,3,STR0006,REG027,ASC000050,CUST00001630,2026-04-28 10:15:00,SALE,Pickup,Completed,POS_C,2026-04-28,True
TXN000001366,65.47,33.879999999999995,1.0,1,STR0021,REG020,ASC000492,CUST00001536,,SALE,Store,Completed,POS_C,,False
TXN000001367,2295.01,1130.29,8.0,5,STR0016,REG005,ASC000112,,2026-05-04 23:00:00,SALE,Store,Completed,POS_A,2026-05-04,True
TXN000001369,6646.4400000000005,3454.6600000000003,16.0,6,STR0023,REG027,ASC000276,,2026-04-20 11:15:00,SALE,Store,Completed,POS_B,2026-04-20,True
TXN000001370,1014.12,222.15999999999997,4.0,1,STR0006,REG020,ASC000294,,,SALE,Store,Completed,POS_A,,True
TXN000001373,3330.8900000000003,1756.52,7.0,4,STR0007,REG024,ASC000263,,2026-04-14 22:31:00,SALE,Store,Completed,POS_A,2026-04-14,True
TXN000001374,3114.3900000000003,1006.3000000000002,7.0,2,STR0006,REG002,ASC000057,CUST00001406,2026-05-05 22:08:00,SALE,Store,Completed,POS_A,2026-05-05,True
TXN000001375,2943.24,1429.12,4.0,2,STR0003,REG026,ASC000374,CUST00001208,2026-04-27 15:01:00,SALE,Store,Completed,POS_B,2026-04-27,True
TXN000001376,2008.11,734.4699999999999,6.0,3,STR0020,REG020,ASC000466,,,SALE,Store,Completed,POS_A,,True
TXN000001377,3281.33,742.1099999999999,11.0,4,STR0024,REG005,ASC000186,CUST00001724,2026-05-28 14:27:00,SALE,Store,Completed,POS_C,2026-05-28,True
TXN000001378,1233.75,676.78,3.0,3,STR0021,REG023,ASC000234,CUST00000981,,SALE,Store,Completed,POS_A,,True
TXN000001380,4521.95,2256.53,12.0,5,STR0015,REG008,ASC000375,CUST00000595,,SALE,Store,Completed,POS_C,,True
TXN000001387,5222.63,3063.2200000000003,8.0,3,STR0010,REG026,ASC000408,,2026-05-22 21:03:00,SALE,Store,Completed,POS_B,2026-05-22,True
TXN000001388,385.19,146.47,3.0,2,STR0023,REG018,ASC000479,CUST00001480,,SALE,Store,Completed,POS_A,,False
TXN000001390,441.44,34.51999999999998,2.0,1,STR0025,REG006,ASC000213,CUST00001306,2026-04-29 16:49:00,SALE,Pickup,Completed,POS_A,2026-04-29,False
TXN000001391,509.07,264.97,5.0,2,STR0007,REG012,ASC000239,CUST00000873,2026-04-14 23:55:00,SALE,Pickup,Completed,POS_B,2026-04-14,True
TXN000001392,1401.21,759.31,2.0,2,STR0011,REG012,ASC000033,CUST00000343,,SALE,Pickup,Completed,POS_B,,True
TXN000001393,5817.18,2764.66,9.0,3,STR0025,REG002,ASC000055,CUST00000966,2026-04-29 02:56:00,SALE,Store,Completed,POS_B,2026-04-29,True
TXN000001394,79.77000000000001,2.1499999999999986,6.0,2,STR0024,REG015,ASC000225,CUST00000166,,SALE,Pickup,Completed,POS_C,,False
TXN000001406,3742.4800000000005,1280.37,7.0,3,STR0020,REG015,ASC000284,CUST00001610,2026-04-19 07:43:00,SALE,Store,Completed,POS_A,2026-04-19,True
TXN000001408,9514.24,5324.32,12.0,4,STR0024,REG026,ASC000272,,2026-04-22 23:02:00,SALE,Store,Completed,POS_A,2026-04-22,True
TXN000001409,2437.67,805.0199999999999,5.0,2,STR0001,REG017,ASC000456,CUST00001292,,SALE,Store,Completed,POS_C,,True
TXN000001410,109.12,31.439999999999998,4.0,1,STR0025,REG002,ASC000230,,2026-05-26 06:59:00,SALE,Pickup,Completed,POS_B,2026-05-26,False
TXN000001412,1212.35,282.02,7.0,2,STR0002,REG013,ASC000025,CUST00000949,,SALE,Store,Completed,POS_C,,True
TXN000001413,2512.05,1227.2,5.0,1,STR0023,REG025,ASC000061,CUST00001374,2026-04-24 16:24:00,SALE,Store,Completed,POS_C,2026-04-24,True
TXN000001414,549.75,262.05,5.0,1,STR0004,REG002,ASC000002,CUST00000112,2026-05-17 07:12:00,SALE,Store,Completed,POS_B,2026-05-17,True
TXN000001416,1230.6,485.5799999999999,3.0,2,STR0019,REG007,ASC000142,CUST00001528,2026-05-08 07:22:00,SALE,Store,Completed,POS_A,2026-05-08,True
TXN000001418,1782.05,1105.19,7.0,2,STR0012,REG027,ASC000116,CUST00000880,,SALE,Store,Completed,POS_B,,True
TXN000001420,1226.48,621.3199999999999,6.0,2,STR0009,REG028,ASC000485,CUST00000599,2026-04-01 20:44:00,SALE,Pickup,Completed,POS_A,2026-04-01,True
TXN000001421,59.93,10.700000000000003,1.0,1,STR0025,REG026,ASC000329,,,SALE,Store,Completed,POS_B,,False
TXN000001424,3856.74,2180.18,6.0,2,STR0022,REG013,ASC000497,CUST00001761,,SALE,Store,Completed,POS_C,,True
TXN000001430,1260.23,177.61000000000004,9.0,3,STR0018,REG021,ASC000490,,,SALE,Store,Completed,POS_B,,True
TXN000001432,1348.95,298.70000000000005,5.0,1,STR0002,REG001,ASC000304,CUST00000436,2026-04-07 12:41:00,SALE,Store,Completed,POS_C,2026-04-07,True
TXN000001435,210.93,12.939999999999998,1.0,1,STR0003,REG020,ASC000197,CUST00000200,2026-04-26 22:34:00,SALE,Pickup,Completed,POS_C,2026-04-26,False
TXN000001441,658.3399999999999,248.96999999999997,3.0,2,STR0008,REG018,ASC000298,CUST00000981,2026-05-22 17:46:00,SALE,Pickup,Completed,POS_C,2026-05-22,True
TXN000001442,311.35,111.50000000000003,1.0,1,STR0012,REG016,ASC000145,CUST00001791,,SALE,Store,Completed,POS_A,,False
TXN000001443,3295.73,1897.37,8.0,4,STR0017,REG017,ASC000330,CUST00000334,,SALE,Pickup,Completed,POS_C,,True
TXN000001444,457.93999999999994,81.83999999999997,2.0,2,STR0021,REG027,ASC000489,CUST00000398,2026-05-22 01:53:00,SALE,Pickup,Completed,POS_C,2026-05-22,False
TXN000001449,1384.87,524.4799999999999,7.0,4,STR0014,REG015,ASC000494,,,SALE,Store,Completed,POS_B,,True
TXN000001451,1778.9499999999998,481.89,5.0,2,STR0015,REG016,ASC000054,CUST00000294,,SALE,Store,Completed,POS_B,,True
TXN000001453,199.64,59.91999999999999,2.0,1,STR0008,REG013,ASC000048,,2026-04-17 11:54:00,SALE,Store,Completed,POS_A,2026-04-17,False
TXN000001455,2791.58,975.1399999999999,9.0,2,STR0020,REG026,ASC000478,,2026-04-01 04:20:00,SALE,Pickup,Completed,POS_C,2026-04-01,True
TXN000001458,1370.46,786.27,6.0,2,STR0007,REG003,ASC000228,,2026-05-24 18:15:00,SALE,Store,Completed,POS_A,2026-05-24,True
TXN000001461,5112.009999999999,1684.8599999999997,15.0,6,STR0021,REG016,ASC000489,CUST00000648,,SALE,Store,Completed,POS_C,,True
TXN000001463,738.11,352.4,2.0,2,STR0017,REG026,ASC000130,CUST00000663,2026-04-20 01:53:00,SALE,Store,Completed,POS_B,2026-04-20,True
TXN000001467,3008.52,1417.84,4.0,1,STR0024,REG019,ASC000272,CUST00000793,,SALE,Store,Completed,POS_A,,True
TXN000001468,1063.76,356.71,3.0,2,STR0003,REG021,ASC000405,CUST00000699,2026-05-26 22:39:00,SALE,Pickup,Completed,POS_C,2026-05-26,True
TXN000001469,1751.52,322.26,5.0,2,STR0024,REG001,ASC000139,CUST00001211,2026-04-16 04:59:00,SALE,Pickup,Completed,POS_B,2026-04-16,True
TXN000001474,41.4,-5.140000000000001,2.0,1,STR0006,REG001,ASC000151,,2026-04-30 18:53:00,SALE,Store,Completed,POS_B,2026-04-30,False
TXN000001476,4235.03,1450.61,12.0,4,STR0017,REG019,ASC000250,CUST00000531,2026-05-31 07:32:00,SALE,Store,Completed,POS_A,2026-05-31,True
TXN000001478,904.57,89.74000000000007,5.0,2,STR0020,REG028,ASC000040,,,SALE,Store,Completed,POS_C,,True
TXN000001479,448.97,206.34000000000003,1.0,1,STR0016,REG028,ASC000172,CUST00000287,2026-05-02 14:32:00,SALE,Store,Completed,POS_A,2026-05-02,False
TXN000001480,1384.83,399.05999999999995,3.0,1,STR0014,REG017,ASC000266,CUST00001230,,SALE,Store,Completed,POS_C,,True
TXN000001484,1046.63,327.44,4.0,3,STR0006,REG017,ASC000156,,2026-04-24 17:08:00,SALE,Store,Completed,POS_B,2026-04-24,True
TXN000001486,1054.2,490.31000000000006,5.0,2,STR0005,REG013,ASC000015,CUST00001261,,SALE,Pickup,Completed,POS_C,,True
TXN000001489,1462.24,556.81,5.0,2,STR0005,REG026,ASC000111,CUST00000033,,SALE,Pickup,Completed,POS_C,,True
TXN000001490,2856.37,1371.8500000000001,6.0,3,STR0016,REG006,ASC000331,CUST00000515,,SALE,Store,Completed,POS_B,,True
TXN000001493,1709.84,645.24,4.0,1,STR0008,REG025,ASC000110,CUST00001503,,SALE,Pickup,Completed,POS_A,,True
TXN000001496,92.35,-544.75,5.0,1,STR0014,REG007,ASC000202,CUST00000314,2026-04-22 05:04:00,SALE,Store,Completed,POS_A,2026-04-22,False
TXN000001498,2859.45,1410.7799999999997,5.0,3,STR0022,REG006,ASC000406,CUST00001148,2026-05-15 16:11:00,SALE,Store,Completed,POS_B,2026-05-15,True
TXN000001499,6558.89,2618.31,15.0,5,STR0023,REG022,ASC000018,,,SALE,Pickup,Completed,POS_C,,True
TXN000001501,2053.54,1313.19,5.0,3,STR0009,REG009,ASC000485,,,SALE,Store,Completed,POS_A,,True
TXN000001504,303.09,128.28999999999996,1.0,1,STR0019,REG014,ASC000462,CUST00001700,2026-04-04 22:39:00,SALE,Store,Completed,POS_B,2026-04-04,False
TXN000001505,2647.48,1253.64,4.0,1,STR0004,REG011,ASC000423,,,SALE,Store,Completed,POS_C,,True
TXN000001508,1460.3,377.62,8.0,3,STR0009,REG018,ASC000178,CUST00000177,,SALE,Store,Completed,POS_B,,True
TXN000001513,4148.23,2168.7999999999997,8.0,4,STR0016,REG016,ASC000267,CUST00001263,,SALE,Store,Completed,POS_B,,True
TXN000001516,2047.2199999999998,645.74,7.0,2,STR0001,REG019,ASC000456,CUST00000272,2026-05-24 17:57:00,SALE,Store,Completed,POS_B,2026-05-24,True
TXN000001518,1180.74,481.47,2.0,2,STR0001,REG010,ASC000299,,,SALE,Store,Completed,POS_B,,True
TXN000001520,447.42,133.54000000000002,2.0,1,STR0019,REG013,ASC000026,CUST00000361,2026-04-03 21:53:00,SALE,Store,Completed,POS_C,2026-04-03,False
TXN000001521,918.99,311.52000000000004,2.0,2,STR0015,REG009,ASC000059,CUST00000492,2026-05-28 09:09:00,SALE,Store,Completed,POS_A,2026-05-28,True
TXN000001522,1196.54,202.6399999999999,6.0,2,STR0004,REG028,ASC000002,CUST00000313,2026-05-13 10:58:00,SALE,Store,Completed,POS_C,2026-05-13,True
TXN000001524,1684.9499999999998,439.7199999999999,5.0,3,STR0019,REG003,ASC000147,CUST00000841,,SALE,Pickup,Completed,POS_C,,True
TXN000001529,2522.42,402.89,9.0,3,STR0013,REG026,ASC000422,CUST00000779,2026-04-28 11:48:00,SALE,Store,Completed,POS_C,2026-04-28,True
TXN000001530,2945.64,1454.6099999999997,7.0,3,STR0003,REG008,ASC000405,CUST00001281,2026-04-02 08:25:00,SALE,Store,Completed,POS_B,2026-04-02,True
TXN000001533,2287.5,805.9000000000001,4.0,2,STR0022,REG001,ASC000443,CUST00001089,2026-04-25 05:21:00,SALE,Store,Completed,POS_C,2026-04-25,True
TXN000001534,657.92,299.84999999999997,7.0,3,STR0005,REG016,ASC000480,,2026-04-28 18:25:00,SALE,Pickup,Completed,POS_C,2026-04-28,True
TXN000001540,99.82,29.959999999999994,1.0,1,STR0008,REG021,ASC000342,,,SALE,Pickup,Completed,POS_B,,False
TXN000001543,1698.3899999999999,839.3699999999999,3.0,1,STR0023,REG023,ASC000171,CUST00000970,,SALE,Pickup,Completed,POS_A,,True
TXN000001547,6461.429999999999,2794.7499999999995,10.0,3,STR0003,REG019,ASC000261,,2026-05-05 17:38:00,SALE,Store,Completed,POS_B,2026-05-05,True
TXN000001549,3047.6400000000003,1253.6100000000001,6.0,4,STR0011,REG027,ASC000432,,,SALE,Store,Completed,POS_C,,True
TXN000001554,3595.7400000000002,1758.4700000000003,6.0,2,STR0022,REG025,ASC000443,CUST00001307,2026-04-11 11:35:00,SALE,Store,Completed,POS_A,2026-04-11,True
TXN000001555,2171.96,1317.3000000000002,2.0,1,STR0017,REG008,ASC000071,,2026-05-05 07:48:00,SALE,Pickup,Completed,POS_B,2026-05-05,True
TXN000001556,2164.7,611.8,5.0,1,STR0025,REG010,ASC000174,CUST00000586,2026-04-03 12:55:00,SALE,Pickup,Completed,POS_B,2026-04-03,True
TXN000001557,2155.1099999999997,1026.6299999999999,11.0,3,STR0008,REG009,ASC000265,,2026-04-07 03:15:00,SALE,Pickup,Completed,POS_C,2026-04-07,True
TXN000001559,93.46,35.919999999999995,1.0,1,STR0013,REG017,ASC000437,,2026-04-17 14:32:00,SALE,Store,Completed,POS_C,2026-04-17,False
TXN000001562,4018.0099999999998,1450.2599999999998,10.0,5,STR0008,REG008,ASC000342,,2026-05-26 08:24:00,SALE,Pickup,Completed,POS_B,2026-05-26,True
TXN000001563,899.11,338.99,2.0,2,STR0004,REG017,ASC000354,CUST00001765,2026-04-29 17:43:00,SALE,Pickup,Completed,POS_A,2026-04-29,True
TXN000001564,1697.6100000000001,414.72000000000025,3.0,1,STR0011,REG019,ASC000012,CUST00000605,,SALE,Store,Completed,POS_B,,True
TXN000001567,4310.94,1705.23,14.0,5,STR0001,REG020,ASC000475,CUST00000625,,SALE,Store,Completed,POS_C,,True
TXN000001570,969.3199999999999,475.65999999999997,2.0,2,STR0008,REG011,ASC000159,CUST00000310,,SALE,Store,Completed,POS_A,,True
TXN000001572,2423.87,1241.48,3.0,1,STR0017,REG010,ASC000250,CUST00001252,2026-04-17 05:58:00,SALE,Pickup,Completed,POS_A,2026-04-17,True
TXN000001574,7880.06,3915.5900000000006,15.0,4,STR0002,REG027,ASC000348,CUST00001318,2026-04-17 22:07:00,SALE,Store,Completed,POS_C,2026-04-17,True
TXN000001579,496.05,102.17000000000002,7.0,3,STR0017,REG005,ASC000436,CUST00001524,2026-04-24 00:23:00,SALE,Store,Completed,POS_B,2026-04-24,False
TXN000001581,2784.65,1074.72,6.0,3,STR0018,REG009,ASC000297,CUST00001422,,SALE,Store,Completed,POS_C,,True
TXN000001583,1410.2,428.97,4.0,3,STR0013,REG020,ASC000091,,,SALE,Pickup,Completed,POS_A,,True
TXN000001584,2337.64,951.3,6.0,3,STR0021,REG012,ASC000336,CUST00000422,,SALE,Store,Completed,POS_C,,True
TXN000001586,1409.5,854.59,3.0,1,STR0006,REG026,ASC000243,CUST00000811,,SALE,Store,Completed,POS_C,,True
TXN000001587,2465.84,1166.58,7.0,3,STR0020,REG002,ASC000358,,,SALE,Store,Completed,POS_A,,True
TXN000001590,4759.72,1499.2900000000004,15.0,4,STR0005,REG010,ASC000334,CUST00001584,2026-04-14 10:46:00,SALE,Store,Completed,POS_A,2026-04-14,True
TXN000001592,397.63,149.2,1.0,1,STR0007,REG002,ASC000228,CUST00000009,2026-05-25 11:07:00,SALE,Store,Completed,POS_C,2026-05-25,False
TXN000001593,692.49,299.5,1.0,1,STR0006,REG006,ASC000057,CUST00000711,2026-04-26 11:03:00,SALE,Store,Completed,POS_C,2026-04-26,True
TXN000001594,1720.22,1007.88,2.0,1,STR0013,REG026,ASC000452,CUST00000367,,SALE,Store,Completed,POS_B,,True
TXN000001596,2386.22,895.3799999999999,14.0,5,STR0004,REG007,ASC000280,,,SALE,Pickup,Completed,POS_A,,True
TXN000001597,1731.2,887.44,3.0,3,STR0015,REG026,ASC000080,CUST00000182,2026-04-27 10:05:00,SALE,Store,Completed,POS_A,2026-04-27,True
TXN000001598,2630.2400000000002,1120.9500000000003,9.0,3,STR0025,REG001,ASC000083,,2026-05-08 11:16:00,SALE,Store,Completed,POS_C,2026-05-08,True
TXN000001600,1509.0,261.55999999999995,7.0,3,STR0021,REG023,ASC000184,,2026-04-28 05:04:00,SALE,Store,Completed,POS_B,2026-04-28,True
TXN000001601,1643.06,694.2,7.0,3,STR0015,REG022,ASC000338,CUST00000729,2026-04-24 13:58:00,SALE,Store,Completed,POS_A,2026-04-24,True
TXN000001602,404.68,159.91,1.0,1,STR0021,REG010,ASC000113,,,SALE,Store,Completed,POS_B,,False
TXN000001607,1357.66,799.7400000000001,2.0,1,STR0008,REG016,ASC000106,CUST00001148,2026-05-19 04:58:00,SALE,Store,Completed,POS_A,2026-05-19,True
TXN000001610,264.9,50.319999999999965,2.0,1,STR0007,REG013,ASC000160,CUST00000290,,SALE,Store,Completed,POS_C,,False
TXN000001611,3166.38,1883.0600000000002,4.0,3,STR0013,REG011,ASC000317,CUST00001295,,SALE,Store,Completed,POS_B,,True
TXN000001612,48.32,28.96,4.0,1,STR0001,REG007,ASC000472,,2026-04-10 20:53:00,SALE,Store,Completed,POS_A,2026-04-10,False
TXN000001614,923.64,418.36,2.0,1,STR0016,REG011,ASC000182,CUST00000964,2026-05-17 02:39:00,SALE,Store,Completed,POS_A,2026-05-17,True
TXN000001615,1008.78,482.05999999999995,2.0,1,STR0022,REG027,ASC000419,CUST00000233,,SALE,Store,Completed,POS_C,,True
TXN000001616,500.66,72.01000000000003,2.0,2,STR0002,REG008,ASC000320,CUST00001747,2026-04-09 18:46:00,SALE,Store,Completed,POS_B,2026-04-09,True
TXN000001617,176.88,66.75,2.0,2,STR0005,REG015,ASC000473,CUST00001241,,SALE,Pickup,Completed,POS_C,,False
TXN000001619,1995.22,911.2,8.0,3,STR0018,REG024,ASC000403,CUST00001117,2026-05-12 23:17:00,SALE,Store,Completed,POS_A,2026-05-12,True
TXN000001621,1169.5500000000002,621.58,6.0,2,STR0010,REG022,ASC000150,,2026-04-08 07:04:00,SALE,Store,Completed,POS_C,2026-04-08,True
TXN000001627,1034.8400000000001,221.96999999999997,6.0,2,STR0003,REG004,ASC000374,,,SALE,Store,Completed,POS_B,,True
TXN000001629,2199.44,742.3900000000001,6.0,2,STR0003,REG005,ASC000405,CUST00001254,,SALE,Pickup,Completed,POS_B,,True
TXN000001632,346.87,145.72999999999996,3.0,2,STR0020,REG014,ASC000170,CUST00001199,,SALE,Store,Completed,POS_C,,False
TXN000001636,118.28,59.5,2.0,1,STR0024,REG018,ASC000139,,2026-04-06 09:10:00,SALE,Pickup,Completed,POS_C,2026-04-06,False
TXN000001637,131.67000000000002,35.17000000000001,3.0,2,STR0022,REG007,ASC000443,,2026-05-30 14:19:00,SALE,Pickup,Completed,POS_B,2026-05-30,False
TXN000001638,1860.9800000000002,392.0600000000003,5.0,2,STR0021,REG027,ASC000113,,,SALE,Store,Completed,POS_B,,True
TXN000001639,327.82,138.68,4.0,2,STR0021,REG018,ASC000450,CUST00000165,2026-04-11 11:12:00,SALE,Store,Completed,POS_A,2026-04-11,False
TXN000001641,2413.72,1017.3499999999997,6.0,2,STR0014,REG018,ASC000384,CUST00000393,,SALE,Store,Completed,POS_A,,True
TXN000001642,2667.0499999999997,970.0899999999999,5.0,2,STR0017,REG020,ASC000141,CUST00001661,,SALE,Store,Completed,POS_C,,True
TXN000001643,793.7,354.45000000000005,5.0,1,STR0010,REG021,ASC000010,,2026-05-11 12:31:00,SALE,Store,Completed,POS_A,2026-05-11,True
TXN000001648,3663.07,1112.71,10.0,4,STR0003,REG021,ASC000193,CUST00000090,2026-04-24 18:51:00,SALE,Pickup,Completed,POS_B,2026-04-24,True
TXN000001650,1843.99,768.2,4.0,3,STR0006,REG020,ASC000107,CUST00000245,,SALE,Pickup,Completed,POS_B,,True
TXN000001651,2187.7999999999997,975.9499999999999,8.0,4,STR0023,REG018,ASC000162,,,SALE,Pickup,Completed,POS_C,,True
TXN000001652,548.65,249.15999999999997,1.0,1,STR0011,REG022,ASC000138,,,SALE,Pickup,Completed,POS_B,,True
TXN000001653,8825.04,4711.79,17.0,4,STR0008,REG027,ASC000458,CUST00000546,,SALE,Pickup,Completed,POS_A,,True
TXN000001654,490.72,244.66000000000003,3.0,1,STR0013,REG014,ASC000163,CUST00000374,,SALE,Pickup,Completed,POS_C,,False
TXN000001659,518.54,211.86,3.0,2,STR0022,REG018,ASC000497,CUST00001745,2026-04-12 12:52:00,SALE,Pickup,Completed,POS_C,2026-04-12,True
TXN000001662,2392.74,819.1399999999999,6.0,4,STR0010,REG028,ASC000328,CUST00000892,2026-05-11 10:14:00,SALE,Store,Completed,POS_A,2026-05-11,True
TXN000001663,436.5,13.949999999999989,1.0,1,STR0005,REG004,ASC000442,CUST00001678,,SALE,Pickup,Completed,POS_A,,False
TXN000001664,2069.7200000000003,1110.66,5.0,2,STR0005,REG021,ASC000480,CUST00000586,2026-05-08 06:17:00,SALE,Pickup,Completed,POS_C,2026-05-08,True
TXN000001666,707.6800000000001,242.69000000000005,7.0,2,STR0014,REG021,ASC000385,CUST00000417,2026-05-05 17:41:00,SALE,Store,Completed,POS_B,2026-05-05,True
TXN000001671,1154.72,585.56,2.0,2,STR0019,REG024,ASC000222,CUST00000908,,SALE,Store,Completed,POS_A,,True
TXN000001672,3402.69,1380.97,8.0,4,STR0021,REG017,ASC000450,CUST00000931,,SALE,Store,Completed,POS_B,,True
TXN000001673,7709.849999999999,3679.9399999999996,15.0,5,STR0009,REG025,ASC000155,,2026-04-12 03:55:00,SALE,Pickup,Completed,POS_B,2026-04-12,True
TXN000001674,855.7,406.00000000000006,2.0,1,STR0013,REG007,ASC000215,,,SALE,Pickup,Completed,POS_C,,True
TXN000001675,257.47,21.100000000000023,1.0,1,STR0009,REG001,ASC000485,CUST00000507,,SALE,Pickup,Completed,POS_A,,False
TXN000001677,2408.41,751.43,8.0,4,STR0025,REG020,ASC000230,,2026-04-13 08:48:00,SALE,Store,Completed,POS_A,2026-04-13,True
TXN000001678,3392.6,722.69,9.0,4,STR0009,REG004,ASC000245,CUST00000508,2026-04-03 18:20:00,SALE,Pickup,Completed,POS_A,2026-04-03,True
TXN000001681,2887.06,595.3299999999999,9.0,3,STR0025,REG023,ASC000204,,,SALE,Store,Completed,POS_A,,True
TXN000001683,6278.04,3488.4900000000002,10.0,4,STR0006,REG012,ASC000050,CUST00001266,2026-04-24 15:48:00,SALE,Pickup,Completed,POS_B,2026-04-24,True
TXN000001684,374.76,191.2,6.0,2,STR0010,REG017,ASC000150,CUST00000648,,SALE,Pickup,Completed,POS_A,,False
TXN000001688,1317.57,689.7900000000001,3.0,2,STR0023,REG021,ASC000312,,,SALE,Store,Completed,POS_C,,True
TXN000001689,4106.09,2198.37,11.0,5,STR0023,REG017,ASC000324,,,SALE,Store,Completed,POS_B,,True
TXN000001690,369.16,56.30000000000001,1.0,1,STR0018,REG017,ASC000401,,,SALE,Store,Completed,POS_A,,False
TXN000001692,442.38,65.84999999999997,3.0,1,STR0004,REG026,ASC_BAD,,2026-04-29 02:07:00,SALE,Store,Completed,POS_A,2026-04-29,False
TXN000001700,3439.23,1991.9,7.0,2,STR0020,REG013,ASC000211,CUST00001044,2026-04-26 06:43:00,SALE,Store,Completed,POS_B,2026-04-26,True
TXN000001701,5262.7,2888.7999999999997,13.0,5,STR0025,REG010,ASC000174,CUST00000567,,SALE,Pickup,Completed,POS_A,,True
TXN000001703,1985.3,1060.4499999999998,5.0,1,STR0003,REG027,ASC000115,CUST00000182,2026-04-22 13:31:00,SALE,Pickup,Completed,POS_A,2026-04-22,True
TXN000001710,5350.25,1906.4399999999998,9.0,3,STR0004,REG002,ASC000220,,2026-04-02 17:01:00,SALE,Store,Completed,POS_C,2026-04-02,True
TXN000001712,1595.51,606.3799999999999,6.0,2,STR0021,REG005,ASC000184,,,SALE,Store,Completed,POS_A,,True
TXN000001716,3481.57,1601.5600000000002,8.0,3,STR0020,REG001,ASC000099,CUST00001716,,SALE,Store,Completed,POS_A,,True
TXN000001717,350.36,110.09,6.0,2,STR0021,REG008,ASC000489,CUST00000151,2026-05-29 05:00:00,SALE,Store,Completed,POS_B,2026-05-29,False
TXN000001719,2350.67,660.14,6.0,2,STR0006,REG001,ASC000391,CUST00001097,,SALE,Store,Completed,POS_C,,True
TXN000001721,1844.75,1019.6999999999999,6.0,3,STR0002,REG020,ASC000253,CUST00001757,2026-05-03 02:30:00,SALE,Store,Completed,POS_B,2026-05-03,True
TXN000001723,2093.1600000000003,1209.7700000000002,12.0,5,STR0019,REG017,ASC000370,,,SALE,Store,Completed,POS_C,,True
TXN000001725,4041.4799999999996,2072.25,12.0,4,STR0023,REG011,ASC000324,,2026-05-03 11:40:00,SALE,Store,Completed,POS_B,2026-05-03,True
TXN000001728,1800.19,677.08,5.0,3,STR0008,REG004,ASC000179,CUST00001652,2026-05-27 02:07:00,SALE,Store,Completed,POS_A,2026-05-27,True
TXN000001731,1455.27,182.73000000000002,3.0,1,STR0011,REG022,ASC000300,CUST00001573,2026-04-26 01:46:00,SALE,Store,Completed,POS_C,2026-04-26,True
TXN000001733,2791.3100000000004,947.8700000000001,8.0,4,STR0003,REG003,ASC000355,CUST00001738,,SALE,Pickup,Completed,POS_A,,True
TXN000001737,2111.54,382.63,9.0,5,STR0018,REG023,ASC000036,CUST00000698,,SALE,Pickup,Completed,POS_B,,True
TXN000001741,172.54,13.359999999999985,3.0,1,STR0009,REG010,ASC000125,CUST00000286,2026-04-07 07:22:00,SALE,Pickup,Completed,POS_B,2026-04-07,False
TXN000001742,3979.87,1297.47,9.0,4,STR0006,REG014,ASC000294,,,SALE,Store,Completed,POS_C,,True
TXN000001745,1091.62,579.32,5.0,2,STR0012,REG003,ASC000116,CUST00001769,2026-04-29 14:16:00,SALE,Store,Completed,POS_A,2026-04-29,True
TXN000001747,292.86,77.41000000000003,3.0,2,STR0011,REG024,ASC000177,CUST00000492,2026-04-21 15:33:00,SALE,Store,Completed,POS_A,2026-04-21,False
TXN000001748,4102.66,1481.79,12.0,5,STR0021,REG008,ASC000484,CUST00001387,,SALE,Pickup,Completed,POS_A,,True
TXN000001750,194.9,46.140000000000015,2.0,1,STR0012,REG020,ASC000043,CUST00001348,2026-05-31 18:19:00,SALE,Pickup,Completed,POS_B,2026-05-31,False
TXN000001755,105.92,29.070000000000007,1.0,1,STR0006,REG010,ASC000391,CUST00001543,,SALE,Store,Completed,POS_C,,False
TXN000001760,2244.98,298.44999999999993,7.0,2,STR0020,REG026,ASC000200,CUST00000197,2026-05-03 15:01:00,SALE,Store,Completed,POS_B,2026-05-03,True
TXN000001766,801.73,415.5,2.0,2,STR0020,REG019,ASC000189,CUST00001179,,SALE,Store,Completed,POS_C,,True
TXN000001767,714.29,200.16000000000003,4.0,3,STR0011,REG021,ASC000120,,2026-04-03 03:53:00,SALE,Store,Completed,POS_B,2026-04-03,True
TXN000001770,792.36,-35.75999999999999,2.0,1,STR0013,REG014,ASC000387,,,SALE,Pickup,Completed,POS_A,,True
TXN000001772,2197.76,989.5,4.0,2,STR0007,REG019,ASC000242,,,SALE,Store,Completed,POS_A,,True
TXN000001779,7365.959999999999,2955.29,14.0,4,STR0008,REG010,ASC000159,CUST00000255,2026-05-07 08:43:00,SALE,Store,Completed,POS_B,2026-05-07,True
TXN000001781,4870.54,2732.58,8.0,3,STR0006,REG024,ASC000057,CUST00000705,2026-05-14 22:13:00,SALE,Store,Completed,POS_A,2026-05-14,True
TXN000001787,4395.77,2247.82,7.0,3,STR0014,REG015,ASC000202,,,SALE,Store,Completed,POS_B,,True
TXN000001788,1708.13,570.59,6.0,3,STR0023,REG013,ASC000056,CUST00000691,,SALE,Pickup,Completed,POS_C,,True
TXN000001789,2261.37,695.65,8.0,3,STR0019,REG011,ASC000004,,2026-05-24 23:34:00,SALE,Store,Completed,POS_B,2026-05-24,True
TXN000001794,789.1500000000001,187.49000000000007,3.0,2,STR0013,REG016,ASC000224,CUST00000018,,SALE,Pickup,Completed,POS_B,,True
TXN000001795,2957.62,1652.08,6.0,3,STR0009,REG011,ASC000245,CUST00001649,2026-05-23 23:25:00,SALE,Store,Completed,POS_C,2026-05-23,True
TXN000001799,1610.88,640.94,6.0,4,STR0018,REG028,ASC000199,,2026-05-17 17:52:00,SALE,Pickup,Completed,POS_C,2026-05-17,True
TXN000001802,1225.7199999999998,263.81,4.0,3,STR0020,REG018,ASC000189,CUST00001374,2026-05-27 17:26:00,SALE,Store,Completed,POS_C,2026-05-27,True
TXN000001803,221.77,78.37000000000003,3.0,1,STR0018,REG010,ASC000451,CUST00001451,2026-04-17 18:01:00,SALE,Store,Completed,POS_B,2026-04-17,False
TXN000001804,86.35,17.97999999999999,3.0,1,STR0013,REG013,ASC000387,CUST00000669,,SALE,Pickup,Completed,POS_B,,False
TXN000001807,178.19,40.03999999999999,1.0,1,STR0015,REG012,ASC000134,CUST00000317,,SALE,Store,Completed,POS_C,,False
TXN000001814,3885.02,1814.1100000000001,9.0,3,STR0012,REG013,ASC000359,,2026-04-13 07:44:00,SALE,Store,Completed,POS_C,2026-04-13,True
TXN000001815,642.13,321.06,1.0,1,STR0008,REG018,ASC000140,,,SALE,Store,Completed,POS_A,,True
TXN000001817,1710.6200000000001,683.9600000000002,8.0,4,STR0024,REG006,ASC000272,CUST00000831,,SALE,Store,Completed,POS_A,,True
TXN000001821,1664.7,1041.74,2.0,1,STR0015,REG025,ASC000054,CUST00000470,2026-05-10 21:51:00,SALE,Store,Completed,POS_C,2026-05-10,True
TXN000001827,508.68,299.26,1.0,1,STR0011,REG023,ASC000325,,2026-04-13 09:15:00,SALE,Pickup,Completed,POS_C,2026-04-13,True
TXN000001829,8.3,0.9400000000000004,1.0,1,STR0008,REG013,ASC000298,,2026-04-30 10:38:00,SALE,Store,Completed,POS_C,2026-04-30,False
TXN000001830,2751.48,1199.0,8.0,2,STR0021,REG023,ASC000424,,2026-05-20 22:16:00,SALE,Pickup,Completed,POS_B,2026-05-20,True
TXN000001831,829.9300000000001,308.96000000000004,6.0,3,STR0013,REG021,ASC000296,CUST00000266,2026-05-29 00:17:00,SALE,Store,Completed,POS_B,2026-05-29,True
TXN000001832,776.95,242.85999999999996,4.0,3,STR0018,REG015,ASC000365,,2026-04-20 14:31:00,SALE,Pickup,Completed,POS_B,2026-04-20,True
TXN000001833,502.78,309.28,1.0,1,STR0025,REG025,ASC000286,CUST00001050,,SALE,Store,Completed,POS_B,,True
TXN000001837,6195.66,3066.08,11.0,3,STR0015,REG014,ASC000121,,,SALE,Pickup,Completed,POS_B,,True
TXN000001840,1009.74,624.23,1.0,1,STR0018,REG020,ASC000461,CUST00001435,2026-05-11 21:20:00,SALE,Pickup,Completed,POS_A,2026-05-11,True
TXN000001848,3306.74,1179.54,10.0,4,STR0003,REG025,ASC000073,CUST00000979,,SALE,Store,Completed,POS_A,,True
TXN000001850,6184.9400000000005,3608.0699999999997,8.0,2,STR0016,REG008,ASC000105,CUST00001425,2026-05-02 08:34:00,SALE,Store,Completed,POS_C,2026-05-02,True
TXN000001851,418.13,84.69999999999999,1.0,1,STR0006,REG014,ASC000391,CUST00000218,2026-04-08 23:23:00,SALE,Pickup,Completed,POS_A,2026-04-08,False
TXN000001852,656.58,318.66,2.0,1,STR0014,REG004,ASC000498,,,SALE,Store,Completed,POS_A,,True
TXN000001854,2085.76,1266.7200000000003,4.0,1,STR0021,REG024,ASC000268,,2026-05-11 09:31:00,SALE,Store,Completed,POS_A,2026-05-11,True
TXN000001856,2877.77,1662.6700000000003,5.0,2,STR0018,REG023,ASC000401,CUST00001411,2026-04-08 03:34:00,SALE,Store,Completed,POS_B,2026-04-08,True
TXN000001858,2920.3199999999997,1388.6499999999999,7.0,2,STR0021,REG023,ASC000268,CUST00000142,2026-04-06 19:39:00,SALE,Store,Completed,POS_C,2026-04-06,True
TXN000001859,735.56,315.41999999999996,4.0,2,STR0008,REG006,ASC000298,,,SALE,Pickup,Completed,POS_A,,True
TXN000001860,90.23,15.460000000000008,1.0,1,STR0021,REG001,ASC000336,CUST00001508,2026-05-12 02:52:00,SALE,Pickup,Completed,POS_B,2026-05-12,False
TXN000001861,1063.4,1063.4,2.0,1,STR0006,REG028,ASC000057,,,SALE,Store,Completed,POS_B,,True
TXN000001864,1617.68,345.72,4.0,1,STR0007,REG014,ASC000474,CUST00000228,,SALE,Store,Completed,POS_C,,True
TXN000001869,4736.17,2402.26,7.0,2,STR0025,REG016,ASC000464,,2026-04-28 10:10:00,SALE,Pickup,Completed,POS_C,2026-04-28,True
TXN000001870,2640.7799999999997,750.7,10.0,3,STR0006,REG021,ASC000076,CUST00000847,,SALE,Store,Completed,POS_A,,True
TXN000001874,77.50999999999999,19.31,2.0,2,STR0005,REG027,ASC000397,CUST00000750,,SALE,Pickup,Completed,POS_B,,False
TXN000001876,798.1800000000001,137.82000000000005,3.0,1,STR0002,REG006,ASC000011,CUST00001542,2026-05-31 06:05:00,SALE,Store,Completed,POS_B,2026-05-31,True
TXN000001877,629.1899999999999,313.31999999999994,4.0,2,STR0022,REG027,ASC000131,CUST00001546,,SALE,Pickup,Completed,POS_A,,True
TXN000001879,2258.7,1104.1799999999998,3.0,1,STR0018,REG003,ASC000127,CUST00000685,2026-05-07 06:56:00,SALE,Store,Completed,POS_A,2026-05-07,True
TXN000001880,878.0,32.89999999999998,2.0,1,STR0007,REG018,ASC000242,,2026-04-06 09:50:00,SALE,Store,Completed,POS_C,2026-04-06,True
TXN000001884,1650.1200000000001,860.7500000000001,5.0,2,STR0007,REG010,ASC000270,CUST00000882,,SALE,Store,Completed,POS_C,,True
TXN000001887,893.0,354.52000000000004,4.0,2,STR0018,REG021,ASC000157,CUST00001618,,SALE,Store,Completed,POS_B,,True
TXN000001891,1352.33,226.51999999999987,4.0,2,STR0015,REG007,ASC000274,,,SALE,Store,Completed,POS_A,,True
TXN000001893,3345.75,1747.1,5.0,1,STR0023,REG020,ASC000018,,2026-05-30 11:56:00,SALE,Store,Completed,POS_A,2026-05-30,True
TXN000001894,4317.97,1956.6100000000001,9.0,5,STR0001,REG013,ASC000041,CUST00001726,2026-04-17 02:57:00,SALE,Store,Completed,POS_B,2026-04-17,True
TXN000001899,1542.02,570.34,4.0,3,STR0022,REG008,ASC000124,,,SALE,Pickup,Completed,POS_C,,True
TXN000001901,3124.22,1380.9899999999998,9.0,3,STR0014,REG014,ASC000498,CUST00001780,,SALE,Store,Completed,POS_B,,True
TXN000001906,146.58,31.400000000000006,2.0,1,STR0001,REG018,ASC000094,CUST00001257,2026-04-29 17:04:00,SALE,Store,Completed,POS_C,2026-04-29,False
TXN000001910,639.52,330.49,1.0,1,STR0012,REG017,ASC000095,CUST00001317,,SALE,Store,Completed,POS_C,,True
TXN000001912,901.9300000000001,80.8200000000001,3.0,2,STR0001,REG013,ASC000306,CUST00001800,2026-05-19 23:18:00,SALE,Store,Completed,POS_B,2026-05-19,True
TXN000001913,2182.58,494.35,6.0,4,STR0003,REG025,ASC000405,CUST00001452,,SALE,Pickup,Completed,POS_B,,True
TXN000001915,293.46999999999997,109.47,3.0,2,STR0012,REG015,ASC000333,CUST00000180,,SALE,Store,Completed,POS_A,,False
TXN000001917,3503.21,1351.3400000000004,10.0,5,STR0019,REG027,ASC000370,CUST00001758,2026-05-01 01:58:00,SALE,Store,Completed,POS_C,2026-05-01,True
TXN000001918,1487.39,551.61,8.0,3,STR0024,REG010,ASC000373,,2026-05-04 21:04:00,SALE,Store,Completed,POS_C,2026-05-04,True
TXN000001920,588.58,316.46,3.0,2,STR0009,REG009,ASC000349,CUST00001070,2026-05-06 22:16:00,SALE,Store,Completed,POS_A,2026-05-06,True
TXN000001921,2349.8199999999997,605.04,7.0,3,STR0022,REG016,ASC000486,CUST00000591,,SALE,Pickup,Completed,POS_B,,True
TXN000001925,14.86,5.379999999999999,1.0,1,STR0022,REG004,ASC000251,CUST00000348,,SALE,Store,Completed,POS_B,,False
TXN000001926,1429.18,787.0400000000001,2.0,1,STR0001,REG014,ASC000316,,,SALE,Store,Completed,POS_B,,True
TXN000001927,112.26,39.67,1.0,1,STR0023,REG014,ASC000018,CUST00001645,2026-04-17 17:54:00,SALE,Store,Completed,POS_A,2026-04-17,False
TXN000001928,5919.45,2723.31,17.0,5,STR0006,REG014,ASC000391,CUST00001171,2026-04-08 05:33:00,SALE,Store,Completed,POS_C,2026-04-08,True
TXN000001929,4037.34,1396.8100000000002,12.0,4,STR0013,REG011,ASC000163,CUST00000112,2026-05-10 20:00:00,SALE,Pickup,Completed,POS_B,2026-05-10,True
TXN000001935,2186.54,649.1800000000001,6.0,2,STR0025,REG001,ASC000416,CUST00000630,,SALE,Store,Completed,POS_B,,True
TXN000001938,5382.06,2294.6800000000003,15.0,4,STR0019,REG026,ASC000027,CUST00000336,,SALE,Store,Completed,POS_A,,True
TXN000001939,885.9100000000001,221.68000000000006,7.0,2,STR0018,REG018,ASC000386,CUST00001341,2026-04-03 04:46:00,SALE,Store,Completed,POS_B,2026-04-03,True
TXN000001940,790.77,131.51999999999992,4.0,3,STR0004,REG028,ASC000398,CUST00001283,,SALE,Store,Completed,POS_C,,True
TXN000001942,1588.17,692.1599999999999,8.0,3,STR0016,REG017,ASC000158,CUST00000253,,SALE,Store,Completed,POS_B,,True
TXN000001945,816.36,431.44999999999993,5.0,2,STR0024,REG013,ASC000225,CUST00000926,2026-04-13 13:45:00,SALE,Store,Completed,POS_A,2026-04-13,True
TXN000001946,2036.13,1013.7,7.0,4,STR0005,REG011,ASC000442,,2026-04-25 00:11:00,SALE,Pickup,Completed,POS_A,2026-04-25,True
TXN000001947,115.3,18.589999999999996,3.0,2,STR0002,REG026,ASC000483,CUST00000461,2026-05-17 23:21:00,SALE,Store,Completed,POS_A,2026-05-17,False
TXN000001951,3247.0,1448.79,9.0,3,STR0003,REG014,ASC000197,,,SALE,Pickup,Completed,POS_B,,True
TXN000001954,1328.5900000000001,283.33,7.0,2,STR0025,REG020,ASC000329,CUST00001233,,SALE,Store,Completed,POS_C,,True
TXN000001955,179.62,34.44,2.0,1,STR0020,REG012,ASC000211,CUST00000290,2026-05-02 14:31:00,SALE,Pickup,Completed,POS_C,2026-05-02,False
TXN000001957,288.75,107.10000000000002,5.0,1,STR0023,REG012,ASC000032,CUST00001243,,SALE,Pickup,Completed,POS_B,,False
TXN000001959,5577.68,2914.4500000000003,13.0,4,STR0019,REG003,ASC000004,CUST00001588,,SALE,Pickup,Completed,POS_A,,True
TXN000001962,5866.46,3309.68,10.0,3,STR0006,REG027,ASC000034,,,SALE,Pickup,Completed,POS_C,,True
TXN000001965,286.42,94.07,2.0,2,STR0024,REG001,ASC000418,CUST00001692,2026-04-29 17:14:00,SALE,Pickup,Completed,POS_A,2026-04-29,False
TXN000001967,682.21,266.38,2.0,2,STR0024,REG011,ASC000441,CUST00001519,,SALE,Pickup,Completed,POS_B,,True
TXN000001968,26.28,2.830000000000002,1.0,1,STR0008,REG012,ASC000179,,,SALE,Store,Completed,POS_A,,False
TXN000001969,3196.92,1572.89,15.0,4,STR0007,REG013,ASC000270,,,SALE,Pickup,Completed,POS_C,,True
TXN000001970,118.56,68.79,3.0,1,STR0002,REG002,ASC000332,,,SALE,Store,Completed,POS_C,,False
TXN000001971,1274.0100000000002,510.35000000000014,8.0,3,STR0018,REG012,ASC000476,CUST00000006,,SALE,Store,Completed,POS_C,,True
TXN000001981,1449.7800000000002,702.34,5.0,2,STR0009,REG020,ASC000246,CUST00000158,2026-04-01 20:08:00,SALE,Store,Completed,POS_B,2026-04-01,True
TXN000001982,3282.67,1648.09,11.0,4,STR0019,REG013,ASC000222,CUST00000051,2026-05-15 11:27:00,SALE,Store,Completed,POS_B,2026-05-15,True
TXN000001983,1023.8599999999999,600.0,6.0,2,STR0007,REG008,ASC000075,CUST00001590,2026-04-07 04:54:00,SALE,Pickup,Completed,POS_A,2026-04-07,True
TXN000001986,490.8,257.59000000000003,1.0,1,STR0007,REG001,ASC000318,CUST00000869,,SALE,Store,Completed,POS_B,,False
TXN000001987,1481.3600000000001,873.8900000000001,3.0,1,STR0021,REG028,ASC000326,CUST00001563,2026-04-07 10:58:00,SALE,Store,Completed,POS_B,2026-04-07,True
TXN000001988,757.23,418.48,1.0,1,STR0019,REG011,ASC000260,CUST00000435,2026-05-16 08:34:00,SALE,Store,Completed,POS_C,2026-05-16,True
TXN000001990,228.68,112.71000000000001,6.0,2,STR0009,REG013,ASC000126,,,SALE,Store,Completed,POS_B,,False
TXN000001996,1222.85,633.79,2.0,2,STR0006,REG011,ASC000034,CUST00001719,,SALE,Store,Completed,POS_C,,True
TXN000001998,454.21000000000004,248.34000000000003,3.0,2,STR0021,REG021,ASC000492,CUST00001742,2026-05-15 22:58:00,SALE,Pickup,Completed,POS_B,2026-05-15,False
TXN000001999,5024.03,2665.15,9.0,3,STR0023,REG023,ASC000042,,2026-04-19 02:08:00,SALE,Store,Completed,POS_B,2026-04-19,True
TXN000002001,3027.18,1086.51,8.0,4,STR0015,REG014,ASC000412,CUST00001045,,SALE,Pickup,Completed,POS_B,,True
TXN000002002,1130.0,387.5,2.0,1,STR0012,REG016,ASC000214,,,SALE,Pickup,Completed,POS_C,,True
TXN000002005,51.74,19.080000000000005,1.0,1,STR0014,REG023,ASC000187,,,SALE,Pickup,Completed,POS_C,,False
TXN000002009,75.08,41.9,2.0,1,STR0009,REG005,ASC000245,CUST00000867,2026-04-13 01:19:00,SALE,Store,Completed,POS_C,2026-04-13,False
TXN000002011,431.39,152.20999999999998,1.0,1,STR0002,REG006,ASC000188,CUST00000702,2026-05-05 06:55:00,SALE,Pickup,Completed,POS_A,2026-05-05,False
TXN000002012,1502.83,682.1100000000001,4.0,3,STR0015,REG018,ASC000438,CUST00001383,2026-05-16 15:50:00,SALE,Pickup,Completed,POS_C,2026-05-16,True
TXN000002016,3590.79,1449.81,6.0,3,STR0018,REG014,ASC000093,,,SALE,Store,Completed,POS_A,,True
TXN000002020,2177.89,901.75,9.0,4,STR0004,REG018,ASC000311,,2026-04-15 17:38:00,SALE,Pickup,Completed,POS_C,2026-04-15,True
TXN000002021,1389.28,721.59,6.0,2,STR0008,REG013,ASC000400,,2026-05-26 02:11:00,SALE,Store,Completed,POS_A,2026-05-26,True
TXN000002022,1361.44,584.33,2.0,2,STR0008,REG013,ASC000342,,,SALE,Pickup,Completed,POS_C,,True
TXN000002025,961.1700000000001,591.35,3.0,2,STR0013,REG007,ASC000163,CUST00000804,,SALE,Pickup,Completed,POS_C,,True
TXN000002028,89.73,-37.69,1.0,1,STR0025,REG006,ASC000453,CUST00001552,,SALE,Store,Completed,POS_A,,False
TXN000002029,2682.1,712.8299999999999,7.0,4,STR0012,REG012,ASC000244,CUST00000078,,SALE,Store,Completed,POS_A,,True
TXN000002033,386.34000000000003,152.82000000000002,3.0,1,STR0006,REG021,ASC000076,CUST00000979,,SALE,Store,Completed,POS_B,,False
TXN000002034,2319.75,324.5,5.0,1,STR0019,REG006,ASC000147,CUST00000020,,SALE,Store,Completed,POS_C,,True
TXN000002035,1208.36,427.1199999999999,2.0,1,STR0002,REG025,ASC000483,CUST00001670,2026-04-06 12:25:00,SALE,Pickup,Completed,POS_C,2026-04-06,True
TXN000002038,1584.53,718.6300000000001,7.0,5,STR0002,REG012,ASC000332,,,SALE,Store,Completed,POS_A,,True
TXN000002042,733.8199999999999,311.08,2.0,2,STR0024,REG016,ASC000340,CUST00000518,2026-05-22 06:55:00,SALE,Store,Completed,POS_C,2026-05-22,True
TXN000002043,1935.6799999999998,777.06,7.0,3,STR0005,REG007,ASC000086,,,SALE,Store,Completed,POS_C,,True
TXN000002048,2051.16,683.9699999999998,5.0,4,STR0023,REG010,ASC000417,CUST00000663,,SALE,Pickup,Completed,POS_C,,True
TXN000002049,214.5,69.20000000000002,4.0,2,STR0014,REG014,ASC000385,CUST00000299,,SALE,Store,Completed,POS_B,,False
TXN000002050,2244.62,1342.0600000000002,5.0,2,STR0012,REG017,ASC000005,CUST00000380,2026-05-29 03:14:00,SALE,Store,Completed,POS_A,2026-05-29,True
TXN000002052,1356.1,73.21000000000004,3.0,1,STR0023,REG001,ASC000236,,,SALE,Store,Completed,POS_C,,True
TXN000002054,325.3,176.42000000000002,2.0,1,STR0019,REG019,ASC000004,CUST00000162,2026-04-16 07:13:00,SALE,Pickup,Completed,POS_C,2026-04-16,False
TXN000002057,643.1999999999999,175.88999999999996,5.0,2,STR0013,REG020,ASC000215,CUST00000875,2026-04-13 08:21:00,SALE,Store,Completed,POS_A,2026-04-13,True
TXN000002058,897.42,503.19999999999993,1.0,1,STR0020,REG024,ASC000468,CUST00000178,,SALE,Pickup,Completed,POS_C,,True
TXN000002059,55.78,16.660000000000004,2.0,1,STR0017,REG020,ASC000087,CUST00000779,2026-04-04 06:43:00,SALE,Pickup,Completed,POS_B,2026-04-04,False
TXN000002061,1625.23,686.06,3.0,3,STR0017,REG012,ASC000351,CUST00001012,2026-05-19 03:07:00,SALE,Store,Completed,POS_A,2026-05-19,True
TXN000002065,7048.34,3776.1800000000003,14.0,3,STR0013,REG004,ASC000053,CUST00000655,,SALE,Store,Completed,POS_B,,True
TXN000002067,5895.320000000001,3466.8100000000004,9.0,3,STR0001,REG022,ASC000231,CUST00000725,,SALE,Store,Completed,POS_A,,True
TXN000002068,1630.69,871.33,7.0,2,STR0009,REG010,ASC000058,,2026-05-08 06:58:00,SALE,Store,Completed,POS_C,2026-05-08,True
TXN000002070,2360.2400000000002,1240.4600000000003,7.0,4,STR0010,REG008,ASC000104,CUST00001345,,SALE,Store,Completed,POS_C,,True
TXN000002073,903.11,212.04,6.0,3,STR0008,REG006,ASC000106,CUST00000365,2026-05-06 14:50:00,SALE,Store,Completed,POS_B,2026-05-06,True
TXN000002074,687.9000000000001,338.70000000000005,5.0,1,STR0003,REG023,ASC000115,CUST00000595,,SALE,Store,Completed,POS_C,,True
TXN000002076,350.68,217.18,3.0,1,STR0014,REG004,ASC000381,CUST00000140,2026-05-18 10:54:00,SALE,Store,Completed,POS_C,2026-05-18,False
TXN000002078,93.3,20.129999999999995,1.0,1,STR0011,REG015,ASC000357,,2026-05-25 18:41:00,SALE,Pickup,Completed,POS_C,2026-05-25,False
TXN000002083,4239.3099999999995,2119.63,5.0,2,STR0022,REG003,ASC000497,CUST00000759,,SALE,Store,Completed,POS_C,,True
TXN000002086,5665.23,3188.5099999999998,7.0,3,STR0013,REG025,ASC000437,CUST00000077,,SALE,Store,Completed,POS_A,,True
TXN000002088,1814.8,761.3599999999999,4.0,1,STR0003,REG024,ASC000233,CUST00001287,,SALE,Pickup,Completed,POS_B,,True
TXN000002089,121.32,28.599999999999994,2.0,1,STR0021,REG025,ASC000184,CUST00000452,2026-04-11 08:57:00,SALE,Store,Completed,POS_C,2026-04-11,False
TXN000002092,6203.3099999999995,3652.7799999999993,7.0,2,STR0025,REG028,ASC000204,,,SALE,Store,Completed,POS_C,,True
TXN000002096,646.9,244.89,1.0,1,STR0012,REG007,ASC000145,,,SALE,Store,Completed,POS_B,,True
TXN000002098,4852.700000000001,1369.1100000000001,9.0,3,STR0005,REG028,ASC000334,,2026-04-12 17:33:00,SALE,Pickup,Completed,POS_C,2026-04-12,True
TXN000002102,2888.55,994.99,8.0,4,STR0013,REG011,ASC000387,CUST00000021,2026-04-26 18:57:00,SALE,Pickup,Completed,POS_A,2026-04-26,True
TXN000002103,788.74,400.47999999999996,2.0,2,STR0001,REG013,ASC000316,CUST00001027,,SALE,Store,Completed,POS_A,,True
TXN000002105,471.17,135.8,1.0,1,STR0016,REG023,ASC000172,CUST00001208,,SALE,Pickup,Completed,POS_B,,False
TXN000002107,446.65,159.38,5.0,2,STR0020,REG006,ASC000468,CUST00000802,,SALE,Store,Completed,POS_C,,False
TXN000002108,3256.35,1167.2799999999997,11.0,4,STR0013,REG013,ASC000380,CUST00000541,,SALE,Store,Completed,POS_B,,True
TXN000002110,4190.610000000001,1158.7700000000002,8.0,4,STR0009,REG020,ASC000155,,,SALE,Store,Completed,POS_B,,True
TXN000002111,2555.6499999999996,1372.9899999999996,3.0,1,STR0024,REG026,ASC000323,,,SALE,Pickup,Completed,POS_A,,True
TXN000002112,508.31,301.22,2.0,2,STR0007,REG007,ASC000474,CUST00001775,,SALE,Store,Completed,POS_B,,True
TXN000002115,4967.03,2973.22,9.0,3,STR0004,REG028,ASC000287,CUST00001799,,SALE,Store,Completed,POS_B,,True
TXN000002119,3243.85,1925.1999999999998,5.0,1,STR0003,REG024,ASC000190,CUST00001237,2026-04-09 02:16:00,SALE,Store,Completed,POS_C,2026-04-09,True
TXN000002123,676.52,412.43000000000006,3.0,2,STR0020,REG014,ASC000282,CUST00001594,2026-04-27 05:18:00,SALE,Pickup,Completed,POS_B,2026-04-27,True
TXN000002124,478.05,228.99,3.0,2,STR0012,REG020,ASC000194,CUST00000834,2026-05-23 12:49:00,SALE,Store,Completed,POS_C,2026-05-23,False
TXN000002128,1828.9099999999999,851.1599999999999,4.0,3,STR0012,REG009,ASC000201,CUST00001471,2026-05-03 18:02:00,SALE,Store,Completed,POS_A,2026-05-03,True
TXN000002129,2627.97,1244.4799999999998,7.0,2,STR0002,REG013,ASC000290,CUST00000224,2026-05-15 07:27:00,SALE,Store,Completed,POS_B,2026-05-15,True
TXN000002130,1286.59,368.1,6.0,3,STR0024,REG022,ASC000337,,2026-05-20 21:11:00,SALE,Store,Completed,POS_C,2026-05-20,True
TXN000002133,4054.9300000000003,1128.2300000000005,10.0,4,STR0023,REG004,ASC000410,CUST00000707,2026-05-26 09:05:00,SALE,Pickup,Completed,POS_B,2026-05-26,True
TXN000002135,3074.65,1273.53,7.0,2,STR0019,REG020,ASC000019,CUST00000231,2026-05-17 06:34:00,SALE,Pickup,Completed,POS_C,2026-05-17,True
TXN000002143,2458.5,1145.3,8.0,5,STR0009,REG013,ASC000245,,2026-05-15 23:05:00,SALE,Store,Completed,POS_A,2026-05-15,True
TXN000002147,1584.0,597.3,5.0,3,STR0023,REG022,ASC000281,,2026-04-19 11:10:00,SALE,Store,Completed,POS_C,2026-04-19,True
TXN000002150,246.42,54.0,1.0,1,STR0012,REG004,ASC000069,CUST00001452,,SALE,Pickup,Completed,POS_B,,False
TXN000002152,1458.18,414.7600000000002,8.0,3,STR0021,REG004,ASC000424,CUST00001220,2026-04-09 22:23:00,SALE,Store,Completed,POS_C,2026-04-09,True
TXN000002153,2214.0099999999998,877.2399999999998,5.0,2,STR0022,REG008,ASC000081,CUST00001074,2026-04-27 20:09:00,SALE,Store,Completed,POS_C,2026-04-27,True
TXN000002154,4350.44,2353.92,6.0,3,STR0019,REG018,ASC000227,CUST00001311,2026-04-13 12:25:00,SALE,Store,Completed,POS_A,2026-04-13,True
TXN000002156,1734.94,589.9100000000001,7.0,2,STR0024,REG015,ASC000186,CUST00000933,,SALE,Store,Completed,POS_B,,True
TXN000002157,4748.84,2243.5299999999997,17.0,6,STR0009,REG009,ASC000245,CUST00000323,,SALE,Store,Completed,POS_C,,True
TXN000002159,542.02,58.15999999999997,2.0,1,STR0019,REG001,ASC000477,CUST00001094,,SALE,Store,Completed,POS_B,,True
TXN000002160,801.2800000000001,252.62000000000006,4.0,2,STR0025,REG007,ASC000021,CUST00001220,,SALE,Store,Completed,POS_A,,True
TXN000002161,516.35,230.89000000000001,2.0,2,STR0015,REG014,ASC000134,CUST00001178,,SALE,Store,Completed,POS_A,,True
TXN000002164,5121.1900000000005,2623.6500000000005,8.0,2,STR0014,REG011,ASC000266,CUST00000099,,SALE,Store,Completed,POS_B,,True
TXN000002166,15.36,5.68,2.0,1,STR0022,REG005,ASC000248,,2026-05-05 08:03:00,SALE,Pickup,Completed,POS_A,2026-05-05,False
TXN000002167,651.72,155.14000000000004,2.0,1,STR0011,REG011,ASC000138,CUST00001194,2026-04-14 14:10:00,SALE,Pickup,Completed,POS_B,2026-04-14,True
TXN000002169,267.24,37.30000000000001,1.0,1,STR0013,REG014,ASC000215,CUST00001371,2026-05-30 22:56:00,SALE,Store,Completed,POS_B,2026-05-30,False
TXN000002170,2319.3399999999997,878.04,6.0,3,STR0008,REG026,ASC000166,CUST00001002,2026-04-13 09:11:00,SALE,Store,Completed,POS_A,2026-04-13,True
TXN000002171,1654.1399999999999,896.2199999999999,3.0,1,STR0017,REG017,ASC000071,CUST00000347,,SALE,Pickup,Completed,POS_A,,True
TXN000002174,894.71,455.96,5.0,2,STR0025,REG022,ASC000021,CUST00001524,2026-04-02 05:18:00,SALE,Store,Completed,POS_B,2026-04-02,True
TXN000002175,5581.360000000001,3036.4799999999996,10.0,4,STR0014,REG007,ASC000469,CUST00001104,,SALE,Store,Completed,POS_B,,True
TXN000002177,4555.530000000001,1848.67,9.0,4,STR0005,REG013,ASC000015,,,SALE,Pickup,Completed,POS_A,,True
TXN000002178,518.3199999999999,200.45999999999998,7.0,2,STR0004,REG018,ASC000354,,,SALE,Pickup,Completed,POS_C,,True
TXN000002183,1879.26,897.33,4.0,2,STR0020,REG005,ASC000382,CUST00001700,2026-05-07 16:17:00,SALE,Pickup,Completed,POS_B,2026-05-07,True
TXN000002184,2433.21,1329.38,7.0,3,STR0017,REG004,ASC000309,CUST00001264,,SALE,Store,Completed,POS_A,,True
TXN000002185,3896.43,1697.58,7.0,2,STR0010,REG026,ASC000394,CUST00000801,2026-05-13 16:17:00,SALE,Store,Completed,POS_C,2026-05-13,True
TXN000002188,875.99,479.04999999999995,2.0,2,STR0010,REG026,ASC000328,,2026-04-26 09:44:00,SALE,Store,Completed,POS_B,2026-04-26,True
TXN000002190,793.32,290.24000000000007,2.0,1,STR0005,REG006,ASC000397,CUST00000561,,SALE,Pickup,Completed,POS_C,,True
TXN000002191,702.3299999999999,269.81999999999994,2.0,2,STR0003,REG024,ASC000082,CUST00001219,2026-04-13 20:38:00,SALE,Store,Completed,POS_A,2026-04-13,True
TXN000002193,687.53,244.27999999999994,5.0,3,STR0006,REG021,ASC000107,CUST00001530,,SALE,Store,Completed,POS_C,,True
TXN000002194,1136.2,504.9,5.0,1,STR0003,REG019,ASC000073,CUST00000850,2026-04-11 16:01:00,SALE,Store,Completed,POS_A,2026-04-11,True
TXN000002196,1477.5500000000002,632.7500000000001,5.0,1,STR0016,REG022,ASC000315,CUST00000055,2026-05-07 06:57:00,SALE,Pickup,Completed,POS_C,2026-05-07,True
TXN000002200,455.5,120.39999999999998,2.0,1,STR0015,REG022,ASC000412,CUST00000654,,SALE,Pickup,Completed,POS_B,,False
TXN000002201,1070.4099999999999,456.84,7.0,2,STR0012,REG013,ASC000244,CUST00001545,,SALE,Pickup,Completed,POS_C,,True
TXN000002205,1364.09,746.4100000000001,4.0,2,STR0007,REG005,ASC000318,CUST00001474,2026-04-14 01:13:00,SALE,Store,Completed,POS_C,2026-04-14,True
TXN000002211,507.32,144.27999999999997,4.0,1,STR0002,REG008,ASC000188,CUST00001365,,SALE,Store,Completed,POS_B,,True
TXN000002212,2124.48,845.7800000000001,4.0,3,STR0013,REG026,ASC000296,CUST00000035,,SALE,Pickup,Completed,POS_A,,True
TXN000002213,3011.2,876.82,6.0,3,STR0001,REG025,ASC000456,CUST00000397,,SALE,Store,Completed,POS_B,,True
TXN000002214,663.48,224.62000000000003,3.0,2,STR0011,REG009,ASC000447,,,SALE,Pickup,Completed,POS_C,,True
TXN000002217,1325.91,621.69,3.0,2,STR0025,REG015,ASC000453,CUST00001206,2026-05-14 05:42:00,SALE,Store,Completed,POS_B,2026-05-14,True
TXN000002218,1556.2,830.36,2.0,1,STR0014,REG023,ASC000384,,2026-04-18 11:54:00,SALE,Store,Completed,POS_B,2026-04-18,True
TXN000002219,766.24,280.14,2.0,1,STR0018,REG010,ASC000157,CUST00000771,,SALE,Pickup,Completed,POS_C,,True
TXN000002221,1527.31,742.5199999999999,5.0,3,STR0001,REG026,ASC000035,CUST00001355,2026-04-08 21:07:00,SALE,Store,Completed,POS_B,2026-04-08,True
TXN000002224,1684.28,901.1999999999999,4.0,1,STR0008,REG008,ASC000455,CUST00000214,,SALE,Store,Completed,POS_C,,True
TXN000002232,4303.1,2271.05,5.0,1,STR0002,REG015,ASC000269,CUST00000267,,SALE,Store,Completed,POS_C,,True
TXN000002235,3924.7000000000003,2041.0100000000002,6.0,2,STR0004,REG002,ASC000220,CUST00000464,2026-04-19 16:10:00,SALE,Pickup,Completed,POS_C,2026-04-19,True
TXN000002238,1278.8600000000001,456.71999999999997,3.0,2,STR0004,REG017,ASC000287,CUST00000894,2026-05-07 05:39:00,SALE,Store,Completed,POS_C,2026-05-07,True
TXN000002240,1437.21,570.4200000000001,8.0,4,STR0013,REG005,ASC000437,,2026-05-08 00:44:00,SALE,Pickup,Completed,POS_B,2026-05-08,True
TXN000002242,1768.61,857.4199999999998,6.0,3,STR0015,REG022,ASC000078,,2026-04-02 03:06:00,SALE,Store,Completed,POS_B,2026-04-02,True
TXN000002243,750.44,214.68000000000006,2.0,1,STR0002,REG023,ASC000253,,,SALE,Pickup,Completed,POS_B,,True
TXN000002244,1795.73,666.64,7.0,3,STR0001,REG017,ASC000143,,2026-05-11 06:30:00,SALE,Store,Completed,POS_B,2026-05-11,True
TXN000002246,1584.0,499.43000000000006,8.0,4,STR0005,REG016,ASC000480,CUST00001516,2026-04-24 03:45:00,SALE,Pickup,Completed,POS_B,2026-04-24,True
TXN000002254,104.5,64.08,1.0,1,STR0024,REG006,ASC000376,CUST00000905,2026-05-02 06:14:00,SALE,Store,Completed,POS_B,2026-05-02,False
TXN000002256,654.99,89.18,5.0,2,STR0011,REG018,ASC000012,,,SALE,Pickup,Completed,POS_C,,True
TXN000002257,3795.68,1920.1999999999998,7.0,3,STR0017,REG010,ASC000429,CUST00001388,,SALE,Store,Completed,POS_A,,True
TXN000002258,154.98,92.69,1.0,1,STR0022,REG008,ASC000124,,,SALE,Store,Completed,POS_B,,False
TXN000002261,2070.79,527.55,8.0,2,STR0016,REG011,ASC000007,CUST00001081,,SALE,Store,Completed,POS_A,,True
TXN000002264,980.06,154.36000000000004,6.0,2,STR0020,REG016,ASC000040,,,SALE,Pickup,Completed,POS_C,,True
TXN000002267,5158.0,2611.9000000000005,8.0,3,STR0022,REG008,ASC000369,CUST00001525,,SALE,Pickup,Completed,POS_C,,True
TXN000002269,1735.0900000000001,494.74000000000007,5.0,3,STR0009,REG016,ASC000362,CUST00001594,,SALE,Store,Completed,POS_B,,True
TXN000002270,14.12,-0.6000000000000014,2.0,1,STR0007,REG018,ASC000079,CUST_BAD,2026-05-07 04:24:00,SALE,Pickup,Completed,POS_C,2026-05-07,False
TXN000002271,2509.99,1221.75,8.0,4,STR0005,REG001,ASC000473,CUST00001040,2026-04-24 09:54:00,SALE,Pickup,Completed,POS_B,2026-04-24,True
TXN000002273,188.94,112.61,1.0,1,STR0011,REG004,ASC000177,CUST00001615,2026-05-31 12:35:00,SALE,Store,Completed,POS_A,2026-05-31,False
TXN000002274,6803.18,2317.56,16.0,4,STR0001,REG028,ASC000316,CUST00000019,2026-04-11 12:44:00,SALE,Store,Completed,POS_B,2026-04-11,True
TXN000002275,4262.91,1556.6400000000003,10.0,4,STR0024,REG010,ASC000377,CUST00000564,2026-04-11 19:08:00,SALE,Store,Completed,POS_A,2026-04-11,True
TXN000002277,2759.8,1442.3600000000001,4.0,1,STR0008,REG018,ASC000106,,,SALE,Store,Completed,POS_B,,True
TXN000002280,2314.5,495.52000000000004,6.0,3,STR0025,REG017,ASC000493,,,SALE,Store,Completed,POS_A,,True
TXN000002285,109.08,17.789999999999992,1.0,1,STR0010,REG015,ASC000394,CUST00000544,,SALE,Store,Completed,POS_A,,False
TXN000002286,676.01,391.28,1.0,1,STR0006,REG021,ASC000294,CUST00001644,,SALE,Pickup,Completed,POS_C,,True
TXN000002288,1653.5099999999998,887.2499999999998,3.0,1,STR0015,REG002,ASC000415,CUST00000824,,SALE,Store,Completed,POS_A,,True
TXN000002289,6815.28,3232.28,14.0,5,STR0013,REG004,ASC000296,,,SALE,Pickup,Completed,POS_A,,True
TXN000002290,5467.37,2861.07,9.0,4,STR0016,REG021,ASC000112,CUST00000443,2026-04-15 09:50:00,SALE,Pickup,Completed,POS_A,2026-04-15,True
TXN000002292,1286.66,761.61,3.0,3,STR0021,REG017,ASC000210,,2026-05-22 10:30:00,SALE,Store,Completed,POS_B,2026-05-22,True
TXN000002295,1433.1799999999998,672.54,4.0,2,STR0001,REG017,ASC000467,CUST00000171,,SALE,Pickup,Completed,POS_A,,True
TXN000002296,2648.8,983.0799999999999,7.0,3,STR0016,REG007,ASC000105,CUST00001370,,SALE,Store,Completed,POS_C,,True
TXN000002297,3128.1,1730.58,7.0,4,STR0025,REG012,ASC000180,,2026-04-02 13:37:00,SALE,Pickup,Completed,POS_B,2026-04-02,True
TXN000002301,5742.89,3088.12,9.0,3,STR0008,REG023,ASC000140,CUST00001588,,SALE,Store,Completed,POS_A,,True
TXN000002302,5545.95,2650.03,10.0,4,STR0010,REG024,ASC000414,CUST00000658,,SALE,Store,Completed,POS_C,,True
TXN000002303,1232.67,666.37,5.0,3,STR0009,REG015,ASC000246,CUST00000729,2026-04-25 18:28:00,SALE,Store,Completed,POS_B,2026-04-25,True
TXN000002304,3000.5,1714.29,4.0,3,STR0003,REG009,ASC000173,,2026-05-23 23:26:00,SALE,Store,Completed,POS_B,2026-05-23,True
TXN000002307,213.49,118.26,1.0,1,STR0007,REG021,ASC000239,CUST00001487,2026-04-28 01:06:00,SALE,Store,Completed,POS_C,2026-04-28,False
TXN000002309,1161.76,656.44,4.0,1,STR0014,REG008,ASC000444,CUST00000283,2026-05-30 11:20:00,SALE,Store,Completed,POS_C,2026-05-30,True
TXN000002310,549.69,187.69000000000005,1.0,1,STR0025,REG011,ASC000420,,2026-05-12 11:58:00,SALE,Store,Completed,POS_A,2026-05-12,True
TXN000002311,2735.6000000000004,1249.64,8.0,3,STR0012,REG016,ASC000313,CUST00001325,2026-05-23 18:29:00,SALE,Store,Completed,POS_C,2026-05-23,True
TXN000002312,2156.01,1001.75,8.0,4,STR0007,REG003,ASC000160,,2026-04-20 19:54:00,SALE,Store,Completed,POS_B,2026-04-20,True
TXN000002315,7920.92,2215.91,17.0,4,STR0001,REG020,ASC000006,CUST00000381,,SALE,Pickup,Completed,POS_A,,True
TXN000002316,4152.59,1156.6999999999998,11.0,4,STR0005,REG027,ASC000229,,2026-05-24 07:43:00,SALE,Store,Completed,POS_C,2026-05-24,True
TXN000002319,3309.93,528.4399999999998,10.0,4,STR0009,REG005,ASC000125,CUST00000796,,SALE,Store,Completed,POS_B,,True
TXN000002320,4826.51,2383.08,13.0,4,STR0016,REG027,ASC000315,CUST00001541,,SALE,Store,Completed,POS_C,,True
TXN000002322,2289.48,1075.9199999999998,7.0,4,STR0014,REG024,ASC000241,CUST00001786,,SALE,Pickup,Completed,POS_A,,True
TXN000002324,1716.8700000000001,555.5800000000002,6.0,2,STR0016,REG018,ASC000047,CUST00000522,2026-05-16 21:27:00,SALE,Pickup,Completed,POS_C,2026-05-16,True
TXN000002334,826.88,372.22,5.0,2,STR0009,REG020,ASC000178,CUST00001397,,SALE,Store,Completed,POS_A,,True
TXN000002335,1833.0,1095.08,6.0,2,STR0016,REG027,ASC000112,CUST00000195,2026-05-11 10:18:00,SALE,Store,Completed,POS_C,2026-05-11,True
TXN000002342,528.96,97.67000000000003,2.0,2,STR0013,REG012,ASC000452,,2026-04-10 05:52:00,SALE,Store,Completed,POS_C,2026-04-10,True
TXN000002343,4581.75,2252.18,13.0,4,STR0009,REG001,ASC000485,CUST00000946,2026-05-04 02:54:00,SALE,Pickup,Completed,POS_B,2026-05-04,True
TXN000002348,1127.69,549.48,2.0,2,STR0013,REG008,ASC000422,,,SALE,Store,Completed,POS_A,,True
TXN000002350,2411.5299999999997,1176.67,6.0,2,STR0019,REG028,ASC000026,,,SALE,Pickup,Completed,POS_C,,True
TXN000002351,2078.36,1188.77,7.0,3,STR0018,REG015,ASC000036,CUST00000340,2026-04-19 20:32:00,SALE,Store,Completed,POS_B,2026-04-19,True
TXN000002352,1472.4099999999999,313.19999999999993,7.0,4,STR0005,REG002,ASC000343,,2026-05-02 02:36:00,SALE,Pickup,Completed,POS_C,2026-05-02,True
TXN000002356,239.14,106.78999999999999,1.0,1,STR0016,REG008,ASC000077,,2026-04-14 20:38:00,SALE,Store,Completed,POS_A,2026-04-14,False
TXN000002359,3082.47,1177.26,7.0,5,STR0022,REG020,ASC000443,CUST00000537,2026-05-29 11:11:00,SALE,Store,Completed,POS_A,2026-05-29,True
TXN000002360,3539.06,442.3200000000002,10.0,4,STR0006,REG007,ASC000271,CUST00001055,,SALE,Pickup,Completed,POS_A,,True
TXN000002362,1263.57,555.87,2.0,2,STR0004,REG017,ASC000280,CUST00000136,2026-05-20 15:12:00,SALE,Pickup,Completed,POS_B,2026-05-20,True
TXN000002363,28.849999999999998,10.499999999999996,5.0,1,STR0005,REG010,ASC000111,CUST00001783,,SALE,Store,Completed,POS_A,,False
TXN000002364,5452.23,1289.9199999999996,13.0,4,STR0019,REG018,ASC000291,CUST00000863,,SALE,Pickup,Completed,POS_A,,True
TXN000002365,1058.01,503.06,2.0,2,STR0010,REG011,ASC000368,CUST00001437,,SALE,Pickup,Completed,POS_A,,True
TXN000002368,193.55,86.09000000000002,1.0,1,STR0012,REG004,ASC000201,CUST00001322,,SALE,Store,Completed,POS_C,,False
TXN000002369,2902.72,983.2099999999998,12.0,4,STR0007,REG018,ASC000393,,,SALE,Pickup,Completed,POS_A,,True
TXN000002371,1555.75,-127.19999999999982,5.0,1,STR0024,REG022,ASC000418,,2026-05-15 15:58:00,SALE,Store,Completed,POS_A,2026-05-15,True
TXN000002374,1878.24,213.83999999999992,4.0,1,STR0002,REG001,ASC000025,,2026-05-15 13:11:00,SALE,Pickup,Completed,POS_A,2026-05-15,True
TXN000002380,2600.33,1629.61,6.0,4,STR0024,REG021,ASC000144,CUST00001617,2026-05-07 14:12:00,SALE,Pickup,Completed,POS_A,2026-05-07,True
TXN000002381,2420.6,1180.0499999999997,5.0,1,STR0005,REG012,ASC000334,CUST00000595,2026-04-16 20:45:00,SALE,Pickup,Completed,POS_A,2026-04-16,True
TXN000002383,409.94,145.24,2.0,1,STR0011,REG009,ASC000123,,,SALE,Pickup,Completed,POS_B,,False
TXN000002385,331.18,54.85000000000002,7.0,2,STR0019,REG009,ASC000026,CUST00001352,,SALE,Store,Completed,POS_A,,False
TXN000002386,883.71,418.05,3.0,2,STR0020,REG002,ASC000175,CUST00000199,2026-05-16 16:50:00,SALE,Pickup,Completed,POS_A,2026-05-16,True
TXN000002389,574.91,312.86,3.0,1,STR0004,REG004,ASC000062,CUST00001607,2026-05-19 20:05:00,SALE,Store,Completed,POS_C,2026-05-19,True
TXN000002392,2477.12,1200.82,4.0,2,STR0017,REG024,ASC000130,CUST00001782,,SALE,Store,Completed,POS_B,,True
TXN000002394,1434.1,756.5999999999999,2.0,1,STR0005,REG015,ASC000473,CUST00001569,2026-04-21 23:01:00,SALE,Store,Completed,POS_B,2026-04-21,True
TXN000002395,1967.1999999999998,527.04,5.0,2,STR0009,REG006,ASC000155,CUST00000023,,SALE,Store,Completed,POS_C,,True
TXN000002396,908.76,321.74,3.0,2,STR0024,REG022,ASC000289,CUST00001032,2026-04-12 16:57:00,SALE,Store,Completed,POS_A,2026-04-12,True
TXN000002400,2859.96,1507.4799999999998,8.0,2,STR0001,REG025,ASC000231,CUST00001408,,SALE,Store,Completed,POS_B,,True
TXN000002406,1299.65,405.93000000000006,5.0,3,STR0017,REG011,ASC000130,CUST00001331,,SALE,Store,Completed,POS_B,,True
TXN000002407,2944.1,1210.07,7.0,4,STR0012,REG001,ASC000069,CUST00001562,,SALE,Store,Completed,POS_B,,True
TXN000002409,928.87,283.2099999999999,4.0,3,STR0019,REG002,ASC000026,CUST00001674,2026-04-19 02:15:00,SALE,Store,Completed,POS_A,2026-04-19,True
TXN000002410,576.85,338.93000000000006,1.0,1,STR0017,REG015,ASC000235,,,SALE,Store,Completed,POS_B,,True
TXN000002411,128.78,50.94,1.0,1,STR0006,REG003,ASC000391,CUST00000284,,SALE,Pickup,Completed,POS_C,,False
TXN000002412,4888.97,2236.13,12.0,4,STR0004,REG017,ASC000398,CUST00000438,,SALE,Store,Completed,POS_A,,True
TXN000002413,3640.89,1478.12,10.0,4,STR0017,REG023,ASC000309,CUST00000019,2026-04-04 11:06:00,SALE,Store,Completed,POS_C,2026-04-04,True
TXN000002414,5383.549999999999,2685.95,10.0,2,STR0014,REG006,ASC000494,CUST00000503,2026-05-02 12:08:00,SALE,Store,Completed,POS_B,2026-05-02,True
TXN000002417,5636.110000000001,2601.4700000000003,11.0,4,STR0016,REG022,ASC000007,CUST00000822,2026-05-01 15:25:00,SALE,Store,Completed,POS_A,2026-05-01,True
TXN000002420,2563.46,1344.67,5.0,3,STR0009,REG023,ASC000246,CUST00001089,2026-05-18 00:56:00,SALE,Store,Completed,POS_B,2026-05-18,True
TXN000002426,3470.4800000000005,1890.38,8.0,4,STR0002,REG026,ASC000290,CUST00001242,2026-05-31 03:21:00,SALE,Store,Completed,POS_B,2026-05-31,True
TXN000002427,2736.85,1188.1499999999999,5.0,1,STR0007,REG024,ASC000239,CUST00000423,,SALE,Store,Completed,POS_C,,True
TXN000002428,6040.92,3230.67,10.0,4,STR0014,REG009,ASC000066,,2026-04-15 20:45:00,SALE,Pickup,Completed,POS_B,2026-04-15,True
TXN000002430,645.47,366.51000000000005,1.0,1,STR0024,REG005,ASC000373,CUST00000224,2026-05-23 21:05:00,SALE,Store,Completed,POS_A,2026-05-23,True
TXN000002432,2472.68,832.1999999999998,4.0,1,STR0009,REG014,ASC000258,CUST00000819,2026-05-03 16:11:00,SALE,Store,Completed,POS_C,2026-05-03,True
TXN000002433,4478.509999999999,1125.51,10.0,3,STR0013,REG002,ASC000149,,,SALE,Pickup,Completed,POS_A,,True
TXN000002436,2362.08,1128.14,6.0,2,STR0014,REG023,ASC000494,,2026-05-11 23:20:00,SALE,Store,Completed,POS_C,2026-05-11,True
TXN000002438,510.58,180.39,2.0,2,STR0004,REG003,ASC000398,CUST00000398,,SALE,Store,Completed,POS_A,,True
TXN000002439,1109.46,507.9,3.0,1,STR0012,REG004,ASC000207,CUST00001797,,SALE,Store,Completed,POS_A,,True
TXN000002444,4499.8,1022.2400000000002,8.0,2,STR0003,REG010,ASC000067,CUST00000100,,SALE,Store,Completed,POS_A,,True
TXN000002447,6132.48,3174.78,9.0,4,STR0008,REG014,ASC000342,,2026-05-11 21:17:00,SALE,Store,Completed,POS_A,2026-05-11,True
TXN000002449,264.78,12.339999999999975,1.0,1,STR0005,REG023,ASC000015,,2026-05-05 21:57:00,SALE,Store,Completed,POS_C,2026-05-05,False
TXN000002452,4566.1900000000005,2021.9600000000003,9.0,2,STR0007,REG009,ASC000270,CUST00000781,2026-05-13 04:46:00,SALE,Store,Completed,POS_C,2026-05-13,True
TXN000002453,683.22,10.540000000000077,2.0,1,STR0008,REG026,ASC000455,CUST00000220,,SALE,Pickup,Completed,POS_A,,True
TXN000002454,595.36,135.48000000000002,2.0,1,STR0005,REG018,ASC000334,,,SALE,Store,Completed,POS_C,,True
TXN000002455,1043.41,79.31000000000003,9.0,3,STR0007,REG018,ASC000160,CUST00001201,2026-05-15 21:00:00,SALE,Pickup,Completed,POS_B,2026-05-15,True
TXN000002463,3490.47,1467.6099999999997,7.0,2,STR0020,REG027,ASC000358,,2026-04-19 20:10:00,SALE,Store,Completed,POS_C,2026-04-19,True
TXN000002466,2341.2,292.3499999999999,5.0,1,STR0022,REG022,ASC000406,CUST00000736,,SALE,Store,Completed,POS_A,,True
TXN000002471,4313.46,2472.8,6.0,2,STR0021,REG008,ASC000184,CUST00000979,,SALE,Store,Completed,POS_C,,True
TXN000002472,609.9,186.21999999999997,1.0,1,STR0003,REG028,ASC000346,CUST00000014,2026-05-11 09:54:00,SALE,Store,Completed,POS_C,2026-05-11,True
TXN000002473,3510.2000000000003,1884.0100000000004,5.0,3,STR0009,REG016,ASC000126,CUST00001772,,SALE,Pickup,Completed,POS_B,,True
TXN000002474,577.5699999999999,241.3,2.0,2,STR0015,REG020,ASC000054,,,SALE,Store,Completed,POS_C,,True
TXN000002476,681.12,-38.15999999999997,2.0,1,STR0015,REG006,ASC000054,CUST00001490,2026-04-08 11:23:00,SALE,Store,Completed,POS_A,2026-04-08,True
TXN000002479,491.34,271.15,1.0,1,STR0015,REG026,ASC000338,CUST00000880,,SALE,Pickup,Completed,POS_B,,False
TXN000002482,2779.9500000000003,1439.43,9.0,5,STR0016,REG015,ASC000172,,,SALE,Store,Completed,POS_A,,True
TXN000002485,1601.5500000000002,466.58000000000004,5.0,3,STR0009,REG010,ASC000349,CUST00001375,,SALE,Store,Completed,POS_A,,True
TXN000002486,213.07,107.74,1.0,1,STR0018,REG012,ASC000491,CUST00001656,2026-05-14 19:56:00,SALE,Store,Completed,POS_A,2026-05-14,False
TXN000002487,2435.25,456.70000000000005,5.0,1,STR0003,REG018,ASC000405,,2026-04-27 12:42:00,SALE,Pickup,Completed,POS_B,2026-04-27,True
TXN000002488,1271.92,960.47,10.0,2,STR0013,REG021,ASC000128,CUST00001060,2026-04-04 14:16:00,SALE,Store,Completed,POS_A,2026-04-04,True
TXN000002490,285.86,38.80000000000001,2.0,1,STR0025,REG002,ASC000286,,2026-04-16 08:14:00,SALE,Store,Completed,POS_C,2026-04-16,False
TXN000002491,1079.6200000000001,133.57000000000005,3.0,1,STR0023,REG014,ASC000042,CUST00001256,2026-04-04 13:24:00,SALE,Pickup,Completed,POS_A,2026-04-04,True
TXN000002493,1763.3,971.4399999999999,6.0,3,STR0001,REG024,ASC000041,CUST00001367,,SALE,Pickup,Completed,POS_C,,True
TXN000002495,6252.379999999999,2608.3299999999995,12.0,4,STR0014,REG005,ASC000444,CUST00000900,2026-05-16 16:48:00,SALE,Store,Completed,POS_B,2026-05-16,True
TXN000002496,220.54,112.94,1.0,1,STR0025,REG018,ASC000180,,,SALE,Pickup,Completed,POS_C,,False
TXN000002497,230.65,138.55,5.0,1,STR0010,REG004,ASC000064,CUST00000419,2026-05-25 00:14:00,SALE,Store,Completed,POS_B,2026-05-25,False
TXN000002498,2391.12,722.4,7.0,4,STR0010,REG027,ASC_BAD,CUST00001717,2026-04-19 02:37:00,SALE,Store,Completed,POS_C,2026-04-19,True
TXN000002499,5846.299999999999,2549.2499999999995,13.0,5,STR0021,REG014,ASC000484,,,SALE,Store,Completed,POS_B,,True
TXN000002500,777.6,337.02000000000004,2.0,2,STR0006,REG027,ASC000446,CUST00001140,2026-04-12 17:24:00,SALE,Store,Completed,POS_C,2026-04-12,True
TXN000002505,212.28,62.74000000000001,2.0,1,STR0013,REG003,ASC000224,CUST00001163,,SALE,Pickup,Completed,POS_C,,False
TXN000002507,288.45000000000005,113.01000000000005,3.0,1,STR0025,REG022,ASC000453,,2026-05-09 03:00:00,SALE,Pickup,Completed,POS_C,2026-05-09,False
TXN000002508,2499.13,1295.58,4.0,3,STR0024,REG007,ASC000289,CUST00001076,,SALE,Store,Completed,POS_B,,True
TXN000002514,485.47,282.6700000000001,3.0,1,STR0009,REG002,ASC000258,CUST00001797,2026-04-27 23:16:00,SALE,Store,Completed,POS_C,2026-04-27,False
TXN000002516,2728.3599999999997,1076.62,7.0,4,STR0003,REG009,ASC000132,,2026-04-09 06:30:00,SALE,Store,Completed,POS_C,2026-04-09,True
TXN000002517,1224.6,345.45,5.0,2,STR0011,REG020,ASC000432,,2026-05-06 19:53:00,SALE,Store,Completed,POS_B,2026-05-06,True
TXN000002519,3569.66,2061.52,6.0,3,STR0013,REG008,ASC000422,CUST00001683,2026-04-04 23:00:00,SALE,Store,Completed,POS_A,2026-04-04,True
TXN000002520,3301.08,956.91,9.0,3,STR0008,REG020,ASC000321,,2026-04-03 14:14:00,SALE,Pickup,Completed,POS_C,2026-04-03,True
TXN000002522,308.29,173.86,1.0,1,STR0006,REG009,ASC000294,CUST00000193,,SALE,Store,Completed,POS_A,,False
TXN000002528,843.94,426.72,2.0,1,STR0024,REG008,ASC000340,CUST00001385,2026-05-16 17:01:00,SALE,Pickup,Completed,POS_C,2026-05-16,True
TXN000002529,3761.3300000000004,1593.94,10.0,5,STR0008,REG027,ASC000179,CUST00000868,,SALE,Store,Completed,POS_A,,True
TXN000002530,293.29999999999995,117.74999999999994,5.0,1,STR0023,REG005,ASC000281,CUST00001491,2026-04-30 15:03:00,SALE,Store,Completed,POS_B,2026-04-30,False
TXN000002532,1437.1,622.48,6.0,3,STR0001,REG013,ASC000299,CUST00001066,,SALE,Store,Completed,POS_C,,True
TXN000002533,881.64,36.02999999999999,3.0,2,STR0018,REG018,ASC000093,CUST00001740,,SALE,Pickup,Completed,POS_B,,True
TXN000002534,3120.75,1341.6599999999999,8.0,3,STR0017,REG006,ASC000133,CUST00000746,2026-04-29 21:05:00,SALE,Pickup,Completed,POS_C,2026-04-29,True
TXN000002536,1026.1000000000001,246.2100000000001,8.0,2,STR0025,REG016,ASC000055,CUST00001566,2026-04-16 03:22:00,SALE,Pickup,Completed,POS_C,2026-04-16,True
TXN000002538,562.44,139.50000000000006,2.0,1,STR0005,REG022,ASC000086,CUST00001667,2026-04-08 08:56:00,SALE,Store,Completed,POS_B,2026-04-08,True
TXN000002541,589.38,143.75,2.0,2,STR0014,REG004,ASC000444,CUST00000231,2026-04-16 19:33:00,SALE,Store,Completed,POS_B,2026-04-16,True
TXN000002544,345.12,162.0,3.0,1,STR0020,REG008,ASC000195,CUST00001670,2026-05-14 10:37:00,SALE,Store,Completed,POS_A,2026-05-14,False
TXN000002546,165.97,82.5,1.0,1,STR0008,REG026,ASC000048,CUST00001541,,SALE,Store,Completed,POS_C,,False
TXN000002548,3672.56,2205.4000000000005,5.0,2,STR0012,REG017,ASC000116,CUST00001385,,SALE,Store,Completed,POS_B,,True
TXN000002551,1449.6,562.1800000000001,9.0,2,STR0018,REG015,ASC000476,,2026-04-03 14:47:00,SALE,Store,Completed,POS_B,2026-04-03,True
TXN000002556,1355.04,422.03999999999996,3.0,1,STR0015,REG007,ASC000121,,,SALE,Pickup,Completed,POS_C,,True
TXN000002557,318.28000000000003,109.7,3.0,3,STR0008,REG011,ASC000395,,2026-04-19 11:19:00,SALE,Store,Completed,POS_A,2026-04-19,False
TXN000002558,867.97,231.30999999999995,6.0,3,STR0025,REG013,ASC000204,CUST00000136,2026-05-22 12:28:00,SALE,Pickup,Completed,POS_C,2026-05-22,True
TXN000002559,888.45,370.69000000000005,2.0,2,STR0013,REG012,ASC000091,CUST00000292,,SALE,Store,Completed,POS_B,,True
TXN000002563,2459.82,1199.88,3.0,1,STR0019,REG021,ASC000117,,2026-05-01 20:19:00,SALE,Store,Completed,POS_A,2026-05-01,True
TXN000002565,457.81,248.39000000000001,1.0,1,STR0014,REG002,ASC000498,CUST00001230,2026-04-22 09:27:00,SALE,Store,Completed,POS_A,2026-04-22,False
TXN000002567,2745.52,1476.28,4.0,1,STR0014,REG007,ASC000266,,,SALE,Pickup,Completed,POS_C,,True
TXN000002572,2798.37,1539.58,7.0,4,STR0002,REG008,ASC000038,,,SALE,Store,Completed,POS_B,,True
TXN000002577,49.27,28.85,1.0,1,STR0008,REG022,ASC000039,,2026-04-29 08:18:00,SALE,Store,Completed,POS_A,2026-04-29,False
TXN000002579,2167.96,1313.3000000000002,2.0,1,STR0015,REG028,ASC000415,CUST00001011,2026-04-19 20:07:00,SALE,Store,Completed,POS_B,2026-04-19,True
TXN000002580,4352.93,2087.7599999999998,7.0,4,STR0019,REG007,ASC000291,,2026-04-28 10:19:00,SALE,Pickup,Completed,POS_C,2026-04-28,True
TXN000002582,3542.92,1961.07,6.0,3,STR0005,REG004,ASC000015,CUST00000720,,SALE,Store,Completed,POS_B,,True
TXN000002584,545.76,254.25,5.0,2,STR0006,REG017,ASC000271,CUST00000615,2026-05-30 16:17:00,SALE,Store,Completed,POS_B,2026-05-30,True
TXN000002585,2079.2000000000003,655.9200000000001,6.0,2,STR0021,REG025,ASC000326,,,SALE,Store,Completed,POS_B,,True
TXN000002586,3331.17,1428.21,6.0,2,STR0010,REG007,ASC000396,CUST00001614,,SALE,Store,Completed,POS_A,,True
TXN000002593,262.44,52.19999999999998,2.0,2,STR0024,REG005,ASC000272,CUST00000062,2026-05-31 22:49:00,SALE,Pickup,Completed,POS_B,2026-05-31,False
TXN000002594,216.61,51.04000000000002,1.0,1,STR0013,REG003,ASC000149,CUST00000543,2026-05-13 04:30:00,SALE,Store,Completed,POS_A,2026-05-13,False
TXN000002601,745.8,461.28999999999996,1.0,1,STR0024,REG015,ASC000340,CUST00000434,2026-05-30 17:22:00,SALE,Store,Completed,POS_C,2026-05-30,True
TXN000002604,1598.15,396.5200000000001,3.0,2,STR0004,REG017,ASC000074,,2026-05-22 16:55:00,SALE,Pickup,Completed,POS_B,2026-05-22,True
TXN000002606,3713.2799999999997,2092.44,7.0,4,STR0025,REG023,ASC000204,,,SALE,Pickup,Completed,POS_C,,True
TXN000002607,694.8100000000001,198.10000000000008,3.0,1,STR0022,REG002,ASC000499,CUST00001761,2026-04-25 20:28:00,SALE,Store,Completed,POS_A,2026-04-25,True
TXN000002608,3343.1800000000003,1582.8400000000001,7.0,3,STR0021,REG016,ASC000113,,2026-04-19 11:26:00,SALE,Store,Completed,POS_A,2026-04-19,True
TXN000002610,2466.84,655.4999999999999,9.0,2,STR0015,REG019,ASC000415,CUST00001521,,SALE,Pickup,Completed,POS_A,,True
TXN000002614,1340.6200000000001,727.4300000000001,3.0,2,STR0019,REG022,ASC000004,CUST00000121,2026-05-13 04:22:00,SALE,Pickup,Completed,POS_A,2026-05-13,True
TXN000002617,4083.43,1475.4299999999998,14.0,4,STR0005,REG006,ASC000334,CUST00000347,,SALE,Pickup,Completed,POS_A,,True
TXN000002618,1944.52,399.72,4.0,1,STR0007,REG011,ASC000075,CUST00001619,2026-05-05 21:31:00,SALE,Store,Completed,POS_A,2026-05-05,True
TXN000002619,4170.139999999999,2021.1399999999999,7.0,3,STR0013,REG019,ASC000296,CUST00000108,2026-04-23 16:08:00,SALE,Store,Completed,POS_A,2026-04-23,True
TXN000002621,3387.1400000000003,1362.5500000000002,7.0,4,STR0021,REG002,ASC000484,,2026-04-21 18:05:00,SALE,Store,Completed,POS_A,2026-04-21,True
TXN000002622,1423.68,92.12000000000012,4.0,1,STR0020,REG015,ASC000478,CUST00000914,2026-05-01 11:50:00,SALE,Store,Completed,POS_A,2026-05-01,True
TXN000002626,3157.9,1737.6,8.0,4,STR0014,REG003,ASC000381,,,SALE,Pickup,Completed,POS_B,,True
TXN000002628,2951.41,1525.53,6.0,4,STR0025,REG016,ASC000329,CUST00000494,,SALE,Store,Completed,POS_B,,True
TXN000002629,6981.55,2976.73,16.0,4,STR0017,REG027,ASC000250,,2026-05-20 11:34:00,SALE,Store,Completed,POS_A,2026-05-20,True
TXN000002632,25.35,2.5600000000000023,1.0,1,STR0016,REG017,ASC000218,CUST00000250,,SALE,Store,Completed,POS_C,,False
TXN000002633,559.35,300.25,2.0,2,STR0024,REG025,ASC000323,CUST00000914,,SALE,Pickup,Completed,POS_B,,True
TXN000002634,1472.3,731.5,5.0,1,STR0012,REG026,ASC000244,CUST00001571,,SALE,Pickup,Completed,POS_A,,True
TXN000002636,2026.02,595.4699999999999,6.0,3,STR0011,REG007,ASC000177,CUST00000298,2026-05-15 16:19:00,SALE,Pickup,Completed,POS_C,2026-05-15,True
TXN000002638,2843.66,1312.8799999999999,7.0,3,STR0025,REG026,ASC000016,,2026-04-24 09:25:00,SALE,Store,Completed,POS_A,2026-04-24,True
TXN000002646,711.57,330.90000000000003,1.0,1,STR0017,REG017,ASC000436,CUST00000864,,SALE,Store,Completed,POS_C,,True
TXN000002648,1936.91,631.7,6.0,2,STR0007,REG007,ASC000353,,2026-05-30 12:34:00,SALE,Store,Completed,POS_A,2026-05-30,True
TXN000002650,2136.38,902.31,8.0,3,STR0018,REG009,ASC000036,,,SALE,Store,Completed,POS_C,,True
TXN000002652,2598.12,1441.52,6.0,3,STR0006,REG005,ASC000449,CUST00000908,2026-05-15 03:32:00,SALE,Store,Completed,POS_C,2026-05-15,True
TXN000002655,430.36,101.25999999999999,1.0,1,STR0003,REG026,ASC000193,CUST00001050,,SALE,Store,Completed,POS_C,,False
TXN000002658,7682.51,3427.8599999999997,13.0,5,STR0002,REG004,ASC000320,,2026-05-13 22:56:00,SALE,Store,Completed,POS_A,2026-05-13,True
TXN000002662,178.42000000000002,70.91,4.0,3,STR0007,REG028,ASC000285,CUST00001332,,SALE,Store,Completed,POS_B,,False
TXN000002663,287.14,44.52999999999997,1.0,1,STR0014,REG020,ASC000384,CUST00001047,2026-05-25 23:23:00,SALE,Pickup,Completed,POS_B,2026-05-25,False
TXN000002664,536.24,331.96000000000004,1.0,1,STR0006,REG019,ASC000256,CUST00000711,2026-05-15 20:37:00,SALE,Store,Completed,POS_A,2026-05-15,True
TXN000002666,3744.0400000000004,1390.63,10.0,4,STR0002,REG019,ASC000269,CUST00000910,,SALE,Store,Completed,POS_A,,True
TXN000002668,2265.61,1256.76,5.0,2,STR0004,REG028,ASC000009,CUST00000169,,SALE,Store,Completed,POS_B,,True
TXN000002669,3227.68,1875.1599999999999,4.0,1,STR0004,REG028,ASC000009,CUST00001014,2026-05-20 07:35:00,SALE,Pickup,Completed,POS_B,2026-05-20,True
TXN000002671,746.52,125.74999999999997,6.0,3,STR0005,REG008,ASC000063,CUST00000596,,SALE,Pickup,Completed,POS_A,,True
TXN000002673,1694.3200000000002,791.6200000000001,4.0,3,STR0019,REG027,ASC000027,CUST00001064,2026-04-29 13:18:00,SALE,Pickup,Completed,POS_C,2026-04-29,True
TXN000002679,678.86,357.79,1.0,1,STR0015,REG021,ASC000134,CUST00000430,2026-05-06 12:00:00,SALE,Store,Completed,POS_C,2026-05-06,True
TXN000002683,354.29,167.74,1.0,1,STR0022,REG002,ASC000499,CUST00000578,2026-04-19 02:34:00,SALE,Store,Completed,POS_B,2026-04-19,False
TXN000002686,231.12,67.42000000000002,2.0,1,STR0016,REG018,ASC000267,,2026-04-25 21:47:00,SALE,Pickup,Completed,POS_B,2026-04-25,False
TXN000002687,563.15,340.65,5.0,1,STR0001,REG009,ASC000425,CUST00000770,2026-04-06 04:32:00,SALE,Store,Completed,POS_A,2026-04-06,True
TXN000002689,565.24,196.8,2.0,1,STR0005,REG013,ASC000442,CUST00001676,2026-04-14 09:38:00,SALE,Pickup,Completed,POS_C,2026-04-14,True
TXN000002692,7835.49,4281.43,12.0,3,STR0018,REG010,ASC000341,CUST00001734,,SALE,Store,Completed,POS_C,,True
TXN000002693,2336.3,1127.15,5.0,3,STR0008,REG019,ASC000303,CUST00000969,,SALE,Store,Completed,POS_A,,True
TXN000002694,1143.57,375.08,7.0,2,STR0025,REG003,ASC000465,CUST00001465,2026-04-12 18:40:00,SALE,Pickup,Completed,POS_C,2026-04-12,True
TXN000002696,794.74,398.09000000000003,6.0,2,STR0005,REG013,ASC000063,CUST00001134,2026-05-20 23:17:00,SALE,Pickup,Completed,POS_B,2026-05-20,True
TXN000002697,1566.2,627.5100000000001,5.0,2,STR0012,REG002,ASC000448,CUST00000127,,SALE,Pickup,Completed,POS_B,,True
TXN000002701,3491.9800000000005,2069.59,4.0,3,STR0017,REG012,ASC000024,CUST00000626,2026-05-21 22:45:00,SALE,Store,Completed,POS_A,2026-05-21,True
TXN000002707,2690.85,1342.23,5.0,2,STR0024,REG018,ASC000337,CUST00001362,2026-05-09 15:14:00,SALE,Pickup,Completed,POS_C,2026-05-09,True
TXN000002708,1253.1399999999999,563.2299999999999,6.0,4,STR0008,REG018,ASC000455,CUST00001725,,SALE,Pickup,Completed,POS_A,,True
TXN000002709,2607.6000000000004,1626.1200000000003,3.0,1,STR0015,REG014,ASC000375,CUST00000795,,SALE,Pickup,Completed,POS_A,,True
TXN000002710,3433.35,1354.7499999999995,5.0,1,STR0002,REG022,ASC000320,CUST00000505,2026-05-06 14:28:00,SALE,Store,Completed,POS_A,2026-05-06,True
TXN000002712,210.35,68.74000000000001,2.0,2,STR0007,REG003,ASC000075,CUST00001112,2026-05-02 05:45:00,SALE,Store,Completed,POS_B,2026-05-02,False
TXN000002717,518.2,290.79,2.0,2,STR0007,REG012,ASC000118,CUST00001782,2026-05-04 05:09:00,SALE,Pickup,Completed,POS_C,2026-05-04,True
TXN000002719,1191.7,692.5,5.0,1,STR0012,REG016,ASC000333,CUST00001002,2026-05-31 06:01:00,SALE,Store,Completed,POS_C,2026-05-31,True
TXN000002721,331.68,134.11,1.0,1,STR0009,REG001,ASC000125,CUST00000452,,SALE,Store,Completed,POS_A,,False
TXN000002722,1609.32,661.9199999999998,3.0,2,STR0025,REG023,ASC000453,CUST00001416,2026-05-28 08:32:00,SALE,Pickup,Completed,POS_B,2026-05-28,True
TXN000002724,1278.32,340.56000000000006,10.0,4,STR0015,REG009,ASC000121,CUST00000216,,SALE,Store,Completed,POS_A,,True
TXN000002725,2631.02,748.1400000000001,8.0,3,STR0006,REG008,ASC000391,CUST00000049,2026-04-14 20:55:00,SALE,Store,Completed,POS_B,2026-04-14,True
TXN000002730,2569.66,1052.99,8.0,4,STR0014,REG008,ASC000494,CUST00000085,,SALE,Pickup,Completed,POS_A,,True
TXN000002731,1679.74,820.3800000000001,6.0,2,STR0021,REG012,ASC000336,CUST00000177,2026-04-07 12:36:00,SALE,Store,Completed,POS_C,2026-04-07,True
TXN000002734,4875.54,2171.3899999999994,11.0,4,STR0001,REG022,ASC000041,CUST00001212,,SALE,Store,Completed,POS_C,,True
TXN000002736,1103.15,320.90999999999997,5.0,2,STR0006,REG007,ASC000226,CUST00001212,,SALE,Pickup,Completed,POS_A,,True
TXN000002738,715.02,415.5,3.0,1,STR0019,REG011,ASC000027,,,SALE,Store,Completed,POS_C,,True
TXN000002743,1172.6,507.9999999999999,4.0,1,STR0005,REG003,ASC000086,CUST00000274,2026-04-30 02:42:00,SALE,Store,Completed,POS_C,2026-04-30,True
TXN000002744,3059.24,852.2800000000001,6.0,2,STR0008,REG003,ASC000039,CUST00000600,,SALE,Store,Completed,POS_A,,True
TXN000002749,465.49,160.01000000000002,4.0,3,STR0006,REG002,ASC000050,CUST00001033,,SALE,Pickup,Completed,POS_B,,False
TXN000002753,6809.71,3506.8299999999995,13.0,5,STR0021,REG025,ASC000184,CUST00000695,,SALE,Store,Completed,POS_C,,True
TXN000002754,1694.29,641.3200000000002,4.0,3,STR0003,REG026,ASC000132,CUST00001352,,SALE,Store,Completed,POS_B,,True
TXN000002756,5621.25,3211.56,11.0,4,STR0012,REG010,ASC000043,CUST00000046,,SALE,Store,Completed,POS_C,,True
TXN000002758,787.51,326.73,3.0,2,STR0025,REG003,ASC000090,CUST00001426,2026-05-14 07:14:00,SALE,Store,Completed,POS_B,2026-05-14,True
TXN000002760,352.39,200.3,3.0,2,STR0007,REG018,ASC000474,,2026-05-25 03:15:00,SALE,Pickup,Completed,POS_A,2026-05-25,False
TXN000002762,3566.9900000000002,1858.0800000000002,12.0,5,STR0008,REG018,ASC000392,CUST00001545,,SALE,Store,Completed,POS_B,,True
TXN000002763,1478.6399999999999,249.32999999999993,3.0,1,STR0003,REG007,ASC000249,CUST00001563,2026-04-28 18:15:00,SALE,Store,Completed,POS_B,2026-04-28,True
TXN000002764,2597.21,1162.1899999999998,6.0,2,STR0024,REG015,ASC000289,CUST00000756,2026-05-07 05:24:00,SALE,Pickup,Completed,POS_C,2026-05-07,True
TXN000002766,857.5,515.47,5.0,2,STR0014,REG026,ASC000381,,2026-04-29 05:32:00,SALE,Store,Completed,POS_C,2026-04-29,True
TXN000002767,640.44,243.0600000000001,6.0,2,STR0013,REG007,ASC000372,CUST00001346,,SALE,Store,Completed,POS_A,,True
TXN000002771,3570.0299999999997,1383.23,7.0,2,STR0003,REG013,ASC000421,CUST00001371,,SALE,Store,Completed,POS_A,,True
TXN000002772,2425.58,469.2999999999998,6.0,2,STR0004,REG001,ASC000311,CUST00001403,,SALE,Store,Completed,POS_A,,True
TXN000002777,3135.6899999999996,790.9799999999998,8.0,4,STR0001,REG028,ASC000308,CUST00000578,,SALE,Pickup,Completed,POS_C,,True
TXN000002783,7272.41,3931.9500000000003,15.0,5,STR0015,REG011,ASC000054,CUST00001332,,SALE,Pickup,Completed,POS_C,,True
TXN000002784,933.08,270.80000000000007,4.0,1,STR0016,REG018,ASC000217,CUST00000099,2026-05-26 21:45:00,SALE,Store,Completed,POS_C,2026-05-26,True
TXN000002785,1284.44,651.24,4.0,1,STR0025,REG012,ASC000465,CUST00000293,2026-04-24 21:38:00,SALE,Store,Completed,POS_C,2026-04-24,True
TXN000002787,945.06,451.82,3.0,2,STR0019,REG010,ASC000279,CUST00000900,2026-04-27 13:19:00,SALE,Pickup,Completed,POS_C,2026-04-27,True
TXN000002788,1515.04,780.1300000000001,3.0,2,STR0014,REG004,ASC000411,,2026-04-16 13:37:00,SALE,Pickup,Completed,POS_B,2026-04-16,True
TXN000002790,1804.77,926.91,3.0,1,STR0002,REG007,ASC000332,CUST00001190,2026-05-05 03:34:00,SALE,Store,Completed,POS_C,2026-05-05,True
TXN000002791,4123.36,2060.91,10.0,4,STR0019,REG008,ASC000147,,2026-04-21 12:34:00,SALE,Store,Completed,POS_A,2026-04-21,True
TXN000002792,180.04,56.16,1.0,1,STR0025,REG007,ASC000329,,,SALE,Store,Completed,POS_A,,False
TXN000002797,640.76,45.15999999999997,2.0,1,STR0022,REG020,ASC000497,CUST00001273,2026-05-08 06:44:00,SALE,Store,Completed,POS_C,2026-05-08,True
TXN000002798,1589.0600000000002,774.8000000000002,6.0,2,STR0016,REG022,ASC000158,CUST00001738,2026-04-07 19:31:00,SALE,Store,Completed,POS_B,2026-04-07,True
TXN000002800,3039.69,1317.5500000000004,14.0,3,STR0004,REG024,ASC000154,CUST00000818,2026-05-30 05:58:00,SALE,Store,Completed,POS_B,2026-05-30,True
TXN000002804,881.88,49.67999999999995,2.0,1,STR0024,REG001,ASC000272,CUST00000477,2026-04-04 11:03:00,SALE,Pickup,Completed,POS_B,2026-04-04,True
TXN000002806,1782.0699999999997,1004.5099999999999,4.0,2,STR0010,REG028,ASC000396,CUST00000803,,SALE,Store,Completed,POS_A,,True
TXN000002808,3535.5499999999997,1820.86,5.0,3,STR0015,REG009,ASC000134,CUST00001781,,SALE,Pickup,Completed,POS_B,,True
TXN000002811,5955.4400000000005,2925.92,10.0,3,STR0001,REG028,ASC000035,,,SALE,Store,Completed,POS_C,,True
TXN000002814,1492.4,543.2,4.0,1,STR0022,REG011,ASC000369,CUST00001483,,SALE,Store,Completed,POS_A,,True
TXN000002816,2101.8199999999997,1031.0,5.0,3,STR0006,REG014,ASC000294,,,SALE,Pickup,Completed,POS_B,,True
TXN000002817,642.13,321.06,1.0,1,STR0012,REG026,ASC000201,CUST00001252,,SALE,Pickup,Completed,POS_B,,True
TXN000002818,3289.93,1053.17,7.0,3,STR0006,REG016,ASC000305,CUST00000157,,SALE,Store,Completed,POS_C,,True
TXN000002825,1448.3600000000001,704.1400000000001,2.0,2,STR0016,REG011,ASC000105,CUST00000364,2026-05-30 01:42:00,SALE,Store,Completed,POS_B,2026-05-30,True
TXN000002826,3034.23,1308.95,10.0,5,STR0015,REG019,ASC000212,,,SALE,Pickup,Completed,POS_B,,True
TXN000002827,2995.41,444.5500000000002,9.0,2,STR0004,REG011,ASC000350,CUST00000140,2026-04-22 11:44:00,SALE,Store,Completed,POS_B,2026-04-22,True
TXN000002828,5538.79,2551.7,12.0,5,STR0024,REG028,ASC000108,,,SALE,Store,Completed,POS_A,,True
TXN000002831,3129.42,1444.1,5.0,2,STR0024,REG024,ASC000186,CUST00001153,2026-05-28 10:12:00,SALE,Pickup,Completed,POS_A,2026-05-28,True
TXN000002832,624.72,96.07999999999998,3.0,2,STR0013,REG010,ASC000091,CUST00000097,2026-04-19 03:49:00,SALE,Pickup,Completed,POS_A,2026-04-19,True
TXN000002833,4006.2799999999997,1324.8999999999999,9.0,4,STR0012,REG007,ASC000371,,2026-04-11 03:16:00,SALE,Pickup,Completed,POS_A,2026-04-11,True
TXN000002836,356.88,52.769999999999996,3.0,2,STR0023,REG008,ASC000281,,,SALE,Pickup,Completed,POS_B,,False
TXN000002838,1335.02,640.45,7.0,2,STR0019,REG004,ASC000222,CUST00000258,,SALE,Pickup,Completed,POS_C,,True
TXN000002841,995.28,399.99,3.0,1,STR0015,REG017,ASC000003,CUST00000531,,SALE,Pickup,Completed,POS_B,,True
TXN000002842,5079.53,2737.4900000000002,8.0,4,STR0021,REG007,ASC000101,,,SALE,Store,Completed,POS_A,,True
TXN000002847,25.89,6.330000000000002,1.0,1,STR0011,REG025,ASC000432,,,SALE,Pickup,Completed,POS_B,,False
TXN000002851,1165.0,612.48,4.0,1,STR0025,REG020,ASC000286,CUST00000776,2026-04-26 07:28:00,SALE,Pickup,Completed,POS_C,2026-04-26,True
TXN000002856,1780.94,134.15000000000003,5.0,2,STR0014,REG019,ASC000187,CUST00000953,2026-04-27 17:06:00,SALE,Store,Completed,POS_C,2026-04-27,True
TXN000002860,703.56,254.71999999999997,4.0,1,STR0012,REG022,ASC000313,,,SALE,Store,Completed,POS_B,,True
TXN000002861,1458.58,713.14,3.0,2,STR0014,REG021,ASC000066,CUST00001408,,SALE,Pickup,Completed,POS_A,,True
TXN000002863,287.5,79.88999999999999,3.0,2,STR0005,REG026,ASC000111,CUST00000666,2026-04-19 02:05:00,SALE,Store,Completed,POS_B,2026-04-19,False
TXN000002864,732.02,281.37,2.0,2,STR0003,REG025,ASC000073,CUST00001140,2026-05-26 09:58:00,SALE,Pickup,Completed,POS_C,2026-05-26,True
TXN000002865,1108.95,327.2600000000001,7.0,2,STR0009,REG013,ASC000258,,,SALE,Store,Completed,POS_A,,True
TXN000002870,2500.58,751.4599999999999,7.0,3,STR0005,REG018,ASC000086,CUST00000852,2026-05-27 19:16:00,SALE,Pickup,Completed,POS_A,2026-05-27,True
TXN000002872,94.93,94.93,1.0,1,STR0009,REG006,ASC000155,CUST00000156,,SALE,Store,Completed,POS_C,,False
TXN000002873,80.15,-88.4,5.0,1,STR0013,REG013,ASC000149,CUST00001602,,SALE,Pickup,Completed,POS_A,,False
TXN000002875,3818.3300000000004,1892.3500000000001,9.0,3,STR0007,REG023,ASC000263,,2026-05-09 11:22:00,SALE,Store,Completed,POS_A,2026-05-09,True
TXN000002876,3084.2,1376.6599999999999,10.0,4,STR0019,REG014,ASC000291,,2026-05-01 09:13:00,SALE,Pickup,Completed,POS_C,2026-05-01,True
TXN000002883,1901.0700000000002,853.5300000000002,3.0,1,STR0013,REG007,ASC000327,CUST00000819,,SALE,Pickup,Completed,POS_A,,True
TXN000002887,2376.02,631.6499999999999,11.0,4,STR0003,REG013,ASC000344,CUST00001515,,SALE,Store,Completed,POS_A,,True
TXN000002889,2586.3399999999997,617.4299999999998,5.0,2,STR0011,REG008,ASC000135,CUST00000383,2026-05-01 13:53:00,SALE,Pickup,Completed,POS_A,2026-05-01,True
TXN000002890,379.62,64.26999999999998,1.0,1,STR0003,REG003,ASC000190,CUST00000388,2026-04-22 19:45:00,SALE,Pickup,Completed,POS_C,2026-04-22,False
TXN000002891,2516.27,1387.1299999999999,5.0,2,STR0013,REG009,ASC000327,CUST00001138,2026-04-25 19:13:00,SALE,Store,Completed,POS_B,2026-04-25,True
TXN000002892,1131.52,219.12999999999988,3.0,2,STR0013,REG013,ASC000053,CUST00000422,2026-05-20 04:02:00,SALE,Store,Completed,POS_B,2026-05-20,True
TXN000002894,2250.2799999999997,504.73999999999984,9.0,3,STR0001,REG021,ASC000472,CUST00000859,,SALE,Pickup,Completed,POS_C,,True
TXN000002896,145.67000000000002,60.56,2.0,2,STR0002,REG018,ASC000188,CUST00000460,,SALE,Pickup,Completed,POS_C,,False
TXN000002901,458.22,112.26000000000005,2.0,1,STR0025,REG026,ASC000204,CUST00000122,,SALE,Pickup,Completed,POS_A,,False
TXN000002903,1185.28,401.79999999999995,3.0,1,STR0021,REG002,ASC000326,,2026-04-24 19:35:00,SALE,Store,Completed,POS_C,2026-04-24,True
TXN000002904,4350.92,2372.81,6.0,3,STR0014,REG006,ASC000411,CUST00000369,,SALE,Store,Completed,POS_A,,True
TXN000002906,2402.4,460.3600000000002,6.0,3,STR0009,REG028,ASC000155,,,SALE,Store,Completed,POS_C,,True
TXN000002908,3617.96,1494.5700000000002,10.0,4,STR0001,REG017,ASC000006,,2026-04-30 22:54:00,SALE,Store,Completed,POS_C,2026-04-30,True
TXN000002910,1207.3600000000001,271.36,8.0,2,STR0012,REG022,ASC000345,CUST00001518,2026-04-30 02:51:00,SALE,Pickup,Completed,POS_C,2026-04-30,True
TXN000002913,4356.3,2298.6400000000003,9.0,2,STR0019,REG018,ASC000291,CUST00000182,,SALE,Store,Completed,POS_A,,True
TXN000002914,532.41,212.48000000000002,4.0,2,STR0011,REG005,ASC000357,CUST00000406,2026-04-09 09:46:00,SALE,Store,Completed,POS_A,2026-04-09,True
TXN000002915,3122.8499999999995,1388.9699999999998,6.0,3,STR0003,REG003,ASC000264,CUST00000379,2026-05-18 00:19:00,SALE,Store,Completed,POS_A,2026-05-18,True
TXN000002916,2097.96,756.48,4.0,1,STR0017,REG020,ASC000429,CUST00000909,2026-05-13 08:04:00,SALE,Pickup,Completed,POS_C,2026-05-13,True
TXN000002919,135.1,47.25,1.0,1,STR0011,REG009,ASC000065,CUST00001198,,SALE,Store,Completed,POS_C,,False
TXN000002920,1522.6599999999999,505.19000000000005,5.0,4,STR0019,REG021,ASC000026,,,SALE,Pickup,Completed,POS_A,,True
TXN000002921,1959.2,768.8800000000001,4.0,1,STR0021,REG020,ASC000347,,2026-04-05 17:40:00,SALE,Store,Completed,POS_C,2026-04-05,True
TXN000002924,758.6700000000001,203.14000000000001,6.0,3,STR0012,REG010,ASC000043,CUST00000681,,SALE,Pickup,Completed,POS_A,,True
TXN000002926,901.36,355.84000000000003,3.0,3,STR0018,REG008,ASC000365,CUST00001311,,SALE,Store,Completed,POS_C,,True
TXN000002927,1382.08,620.1099999999999,2.0,2,STR0024,REG007,ASC000323,,2026-05-10 03:55:00,SALE,Store,Completed,POS_A,2026-05-10,True
TXN000002929,1046.78,545.2500000000001,3.0,2,STR0015,REG013,ASC000054,CUST00001051,2026-05-14 11:17:00,SALE,Store,Completed,POS_B,2026-05-14,True
TXN000002930,124.2,6.920000000000002,1.0,1,STR0021,REG002,ASC000210,CUST00000883,2026-04-09 17:34:00,SALE,Store,Completed,POS_B,2026-04-09,False
TXN000002931,336.88,100.52000000000002,4.0,2,STR0006,REG014,ASC000226,,,SALE,Store,Completed,POS_A,,False
TXN000002932,277.69,130.88,5.0,2,STR0017,REG009,ASC000250,CUST00000058,,SALE,Store,Completed,POS_C,,False
TXN000002938,1738.2600000000002,351.7400000000002,6.0,2,STR0015,REG014,ASC000375,CUST00000915,,SALE,Store,Completed,POS_A,,True
TXN000002939,1464.64,615.0000000000001,2.0,1,STR0011,REG019,ASC000314,CUST00001185,2026-05-11 18:14:00,SALE,Pickup,Completed,POS_A,2026-05-11,True
TXN000002940,396.6,76.20000000000005,4.0,1,STR0006,REG025,ASC000409,CUST00001531,2026-04-30 04:59:00,SALE,Pickup,Completed,POS_B,2026-04-30,False
TXN000002941,741.03,184.47000000000003,7.0,3,STR0002,REG016,ASC000290,,2026-04-04 02:52:00,SALE,Store,Completed,POS_B,2026-04-04,True
TXN000002943,8213.29,4105.29,14.0,5,STR0008,REG018,ASC000106,CUST00000128,2026-05-15 12:43:00,SALE,Pickup,Completed,POS_B,2026-05-15,True
TXN000002947,2883.42,565.73,11.0,3,STR0022,REG009,ASC000454,CUST00000601,2026-04-23 11:04:00,SALE,Pickup,Completed,POS_B,2026-04-23,True
TXN000002948,4952.83,2160.1800000000003,12.0,4,STR0023,REG026,ASC000042,CUST00000186,,SALE,Pickup,Completed,POS_C,,True
TXN000002950,1074.3600000000001,341.43,3.0,2,STR0010,REG016,ASC000192,,,SALE,Pickup,Completed,POS_A,,True
TXN000002952,77.75,32.2,10.0,2,STR0024,REG001,ASC000377,CUST00001185,,SALE,Pickup,Completed,POS_A,,False
TXN000002957,4341.41,2424.6299999999997,9.0,3,STR0017,REG004,ASC000429,CUST00001655,,SALE,Store,Completed,POS_B,,True
TXN000002958,1120.58,495.05999999999995,3.0,2,STR0016,REG015,ASC000100,,,SALE,Pickup,Completed,POS_A,,True
TXN000002959,2224.33,1497.81,12.0,5,STR0024,REG005,ASC000225,CUST00001132,2026-05-06 03:00:00,SALE,Store,Completed,POS_A,2026-05-06,True
TXN000002960,347.54,58.660000000000025,1.0,1,STR0015,REG007,ASC000274,CUST00000695,,SALE,Store,Completed,POS_B,,False
TXN000002962,1948.4199999999998,1166.24,3.0,2,STR0013,REG023,ASC000163,CUST00000428,2026-04-29 21:19:00,SALE,Store,Completed,POS_B,2026-04-29,True
TXN000002963,867.2,540.04,1.0,1,STR0019,REG009,ASC000495,,,SALE,Store,Completed,POS_C,,True
TXN000002964,2471.6400000000003,1501.02,6.0,2,STR0022,REG006,ASC000499,CUST00000627,,SALE,Store,Completed,POS_B,,True
TXN000002965,284.94,141.97,1.0,1,STR0001,REG006,ASC000143,CUST00000452,,SALE,Store,Completed,POS_C,,False
TXN000002968,629.54,248.57000000000002,6.0,2,STR0008,REG028,ASC000458,,,SALE,Store,Completed,POS_A,,True
TXN000002973,3022.5499999999997,770.3199999999999,9.0,4,STR0018,REG001,ASC000127,,2026-05-29 16:07:00,SALE,Store,Completed,POS_A,2026-05-29,True
TXN000002975,1175.8,351.27,3.0,3,STR0011,REG022,ASC000357,,,SALE,Pickup,Completed,POS_C,,True
TXN000002980,2296.73,1124.38,7.0,2,STR0025,REG003,ASC000286,CUST00000696,,SALE,Store,Completed,POS_A,,True
TXN000002986,2551.86,956.35,7.0,2,STR0015,REG021,ASC000134,CUST00001048,2026-05-19 01:25:00,SALE,Store,Completed,POS_A,2026-05-19,True
TXN000002988,1297.1,304.87000000000006,5.0,2,STR0003,REG004,ASC000132,,,SALE,Store,Completed,POS_C,,True
TXN000002990,1563.88,636.26,5.0,4,STR0016,REG028,ASC000105,CUST00000019,,SALE,Store,Completed,POS_B,,True
TXN000002995,976.77,518.37,2.0,2,STR0007,REG001,ASC000263,CUST00001676,2026-04-16 15:42:00,SALE,Store,Completed,POS_A,2026-04-16,True
TXN000002996,1564.94,630.8399999999999,4.0,3,STR0005,REG015,ASC000229,CUST00000688,2026-04-16 12:32:00,SALE,Pickup,Completed,POS_B,2026-04-16,True
TXN000002997,1906.21,887.1600000000002,7.0,3,STR0003,REG021,ASC000197,,,SALE,Store,Completed,POS_A,,True
TXN000002999,2429.15,594.4300000000002,6.0,2,STR0019,REG018,ASC000370,CUST00000574,,SALE,Pickup,Completed,POS_C,,True
TXN000003000,3158.1000000000004,1036.39,5.0,2,STR0017,REG008,ASC000235,CUST00000644,,SALE,Store,Completed,POS_C,,True
TXN000003002,2319.5099999999998,394.8299999999999,6.0,2,STR0025,REG022,ASC000206,,2026-05-31 08:10:00,SALE,Store,Completed,POS_C,2026-05-31,True
TXN000003003,2104.76,469.7700000000002,5.0,3,STR0017,REG027,ASC000463,CUST00001639,2026-04-18 03:46:00,SALE,Store,Completed,POS_A,2026-04-18,True
TXN000003005,440.23,170.36,2.0,2,STR0010,REG018,ASC000196,CUST00001179,,SALE,Pickup,Completed,POS_C,,False
TXN000003006,2237.41,473.73999999999984,11.0,5,STR0025,REG010,ASC000008,,2026-04-13 05:18:00,SALE,Pickup,Completed,POS_B,2026-04-13,True
TXN000003009,5553.35,2870.7500000000005,7.0,3,STR0008,REG018,ASC000048,,2026-04-16 12:38:00,SALE,Store,Completed,POS_B,2026-04-16,True
TXN000003010,263.41,124.77000000000004,1.0,1,STR0024,REG011,ASC000169,CUST00000829,2026-04-11 11:45:00,SALE,Pickup,Completed,POS_A,2026-04-11,False
TXN000003016,613.5600000000001,234.78000000000003,3.0,1,STR0017,REG013,ASC000309,,2026-05-21 19:02:00,SALE,Store,Completed,POS_B,2026-05-21,True
TXN000003019,1019.27,596.4300000000001,1.0,1,STR0016,REG024,ASC000273,CUST00000924,,SALE,Pickup,Completed,POS_A,,True
TXN000003028,1370.4499999999998,422.3399999999999,4.0,3,STR0003,REG008,ASC000344,CUST00001130,2026-04-03 15:15:00,SALE,Pickup,Completed,POS_A,2026-04-03,True
TXN000003030,1672.7600000000002,896.5300000000001,3.0,2,STR0007,REG020,ASC000228,CUST00001550,,SALE,Pickup,Completed,POS_C,,True
TXN000003032,5249.76,2876.54,15.0,4,STR0021,REG015,ASC000101,CUST00001042,,SALE,Store,Completed,POS_A,,True
TXN000003035,965.0,94.02000000000012,5.0,3,STR0018,REG026,ASC000157,CUST00001731,2026-04-15 00:45:00,SALE,Pickup,Completed,POS_C,2026-04-15,True
TXN000003037,521.53,234.67,3.0,2,STR0021,REG008,ASC000210,,2026-05-19 03:08:00,SALE,Pickup,Completed,POS_A,2026-05-19,True
TXN000003038,674.94,156.42999999999998,3.0,2,STR0017,REG010,ASC000164,CUST00000490,2026-04-27 05:00:00,SALE,Pickup,Completed,POS_B,2026-04-27,True
TXN000003039,3077.5,1313.0900000000001,9.0,4,STR0001,REG025,ASC000360,,,SALE,Store,Completed,POS_A,,True
TXN000003042,4341.62,2166.66,6.0,2,STR0004,REG025,ASC000009,CUST00001726,2026-04-09 11:59:00,SALE,Store,Completed,POS_A,2026-04-09,True
TXN000003043,1905.64,841.82,6.0,2,STR0022,REG017,ASC000497,CUST00001125,,SALE,Store,Completed,POS_A,,True
TXN000003047,1068.2,604.13,9.0,3,STR0012,REG010,ASC000333,,2026-04-20 05:02:00,SALE,Store,Completed,POS_B,2026-04-20,True
TXN000003049,743.88,408.0,3.0,1,STR0014,REG006,ASC000385,CUST00000101,2026-04-28 22:49:00,SALE,Pickup,Completed,POS_C,2026-04-28,True
TXN000003052,575.91,313.86,3.0,1,STR0015,REG017,ASC000121,CUST00001601,2026-05-01 07:47:00,SALE,Store,Completed,POS_B,2026-05-01,True
TXN000003054,798.65,-11.670000000000044,3.0,2,STR0022,REG026,ASC000219,,2026-05-25 14:37:00,SALE,Pickup,Completed,POS_C,2026-05-25,True
TXN000003057,1623.15,794.24,4.0,3,STR0017,REG021,ASC000071,CUST00000013,,SALE,Store,Completed,POS_A,,True
TXN000003061,1787.9899999999998,502.4899999999998,8.0,2,STR0006,REG024,ASC000319,CUST00001204,2026-05-12 21:19:00,SALE,Pickup,Completed,POS_B,2026-05-12,True
TXN000003062,7220.67,3721.9999999999995,14.0,4,STR0010,REG021,ASC000396,CUST00001062,2026-04-15 21:54:00,SALE,Store,Completed,POS_B,2026-04-15,True
TXN000003067,234.62,31.159999999999997,1.0,1,STR0013,REG021,ASC000053,CUST00000205,,SALE,Store,Completed,POS_B,,False
TXN000003069,3538.18,1707.7100000000003,12.0,4,STR0018,REG013,ASC000403,CUST00001330,,SALE,Pickup,Completed,POS_C,,True
TXN000003072,2636.84,1085.17,9.0,5,STR0021,REG022,ASC000268,CUST00000816,,SALE,Pickup,Completed,POS_C,,True
TXN000003073,2689.24,1370.5599999999997,4.0,1,STR0003,REG023,ASC000193,CUST00001361,2026-04-23 02:04:00,SALE,Pickup,Completed,POS_A,2026-04-23,True
TXN000003074,4937.63,2109.71,9.0,3,STR0008,REG025,ASC000039,CUST00001770,,SALE,Store,Completed,POS_C,,True
TXN000003076,4082.7,2042.8499999999997,8.0,3,STR0012,REG019,ASC000201,,,SALE,Store,Completed,POS_A,,True
TXN000003079,51.74,5.200000000000003,2.0,1,STR0005,REG027,ASC000473,CUST00001620,2026-05-26 18:09:00,SALE,Pickup,Completed,POS_C,2026-05-26,False
TXN000003087,517.8299999999999,224.97999999999996,5.0,3,STR0022,REG026,ASC000081,CUST00000299,2026-05-30 14:21:00,SALE,Store,Completed,POS_A,2026-05-30,True
TXN000003088,5918.09,3353.8900000000003,8.0,4,STR0014,REG025,ASC000411,,,SALE,Store,Completed,POS_C,,True
TXN000003090,3067.31,1586.5700000000002,7.0,3,STR0007,REG004,ASC000263,,,SALE,Store,Completed,POS_A,,True
TXN000003091,1206.65,583.97,7.0,3,STR0012,REG010,ASC000333,CUST00000180,2026-05-18 04:18:00,SALE,Store,Completed,POS_A,2026-05-18,True
TXN000003094,2997.2400000000002,1474.39,6.0,3,STR0017,REG006,ASC000463,CUST00000403,,SALE,Store,Completed,POS_A,,True
TXN000003095,2333.87,872.53,10.0,5,STR0016,REG019,ASC000273,CUST00001517,,SALE,Store,Completed,POS_B,,True
TXN000003097,2733.11,1300.06,11.0,5,STR0016,REG025,ASC000217,CUST00000959,,SALE,Store,Completed,POS_C,,True
TXN000003099,2656.0600000000004,918.3300000000003,9.0,3,STR0005,REG019,ASC000015,CUST00001344,,SALE,Pickup,Completed,POS_C,,True
TXN000003101,731.27,343.64,2.0,2,STR0004,REG007,ASC000354,CUST00000654,2026-05-05 21:29:00,SALE,Store,Completed,POS_A,2026-05-05,True
TXN000003102,1102.82,412.85,4.0,2,STR0011,REG003,ASC000033,CUST00001647,2026-04-24 15:03:00,SALE,Pickup,Completed,POS_B,2026-04-24,True
TXN000003104,268.96,70.34,2.0,2,STR0014,REG020,ASC000241,CUST00001585,2026-05-29 02:35:00,SALE,Store,Completed,POS_A,2026-05-29,False
TXN000003112,1114.7,587.5,2.0,2,STR0001,REG003,ASC000467,CUST00001121,,SALE,Store,Completed,POS_C,,True
TXN000003119,142.03,80.86,1.0,1,STR0015,REG014,ASC000431,CUST00001539,,SALE,Store,Completed,POS_C,,False
TXN000003121,835.44,515.71,1.0,1,STR0007,REG017,ASC000255,CUST00000320,,SALE,Store,Completed,POS_A,,True
TXN000003125,507.13,94.77000000000001,5.0,2,STR0019,REG012,ASC000147,CUST00001012,,SALE,Pickup,Completed,POS_A,,True
TXN000003126,1224.42,515.4000000000001,3.0,1,STR0006,REG003,ASC000089,,,SALE,Store,Completed,POS_C,,True
TXN000003131,304.5,112.94,1.0,1,STR0025,REG013,ASC000230,CUST00001658,2026-05-22 01:31:00,SALE,Store,Completed,POS_B,2026-05-22,False
TXN000003132,4471.16,2181.52,8.0,4,STR0014,REG010,ASC000469,CUST00001675,,SALE,Pickup,Completed,POS_C,,True
TXN000003133,4067.34,2007.71,11.0,3,STR0003,REG006,ASC000355,CUST00001568,,SALE,Pickup,Completed,POS_B,,True
TXN000003134,501.75,77.33999999999997,1.0,1,STR0020,REG004,ASC000189,CUST00000978,2026-05-09 21:53:00,SALE,Store,Completed,POS_A,2026-05-09,True
TXN000003137,2551.84,1029.16,4.0,1,STR0016,REG010,ASC000047,CUST00000303,2026-04-03 06:16:00,SALE,Store,Completed,POS_C,2026-04-03,True
TXN000003138,2761.1,680.5999999999999,5.0,1,STR0007,REG001,ASC000270,CUST00000879,2026-04-11 14:06:00,SALE,Pickup,Completed,POS_C,2026-04-11,True
TXN000003139,2385.51,397.32000000000005,9.0,4,STR0001,REG005,ASC000467,CUST00001589,,SALE,Store,Completed,POS_C,,True
TXN000003140,471.33,166.82,1.0,1,STR0010,REG022,ASC000388,CUST00000509,,SALE,Store,Completed,POS_C,,False
TXN000003144,437.75,75.75,1.0,1,STR0013,REG015,ASC000435,,,SALE,Store,Completed,POS_C,,False
TXN000003147,2901.37,1155.1899999999998,9.0,4,STR0014,REG021,ASC000469,CUST00000828,,SALE,Pickup,Completed,POS_B,,True
TXN000003148,646.6800000000001,288.81,5.0,2,STR0015,REG014,ASC000212,CUST00000356,2026-05-28 07:51:00,SALE,Store,Completed,POS_A,2026-05-28,True
TXN000003149,84.46,17.89,1.0,1,STR0022,REG001,ASC000454,CUST00001218,2026-05-27 09:52:00,SALE,Store,Completed,POS_A,2026-05-27,False
TXN000003150,4770.71,2234.7299999999996,8.0,2,STR0024,REG020,ASC000272,CUST00000540,2026-04-12 13:15:00,SALE,Store,Completed,POS_B,2026-04-12,True
TXN000003152,2133.4,1177.6000000000001,4.0,1,STR0019,REG027,ASC000291,CUST00000237,2026-04-01 20:33:00,SALE,Pickup,Completed,POS_C,2026-04-01,True
TXN000003154,1282.04,655.7199999999999,4.0,1,STR0023,REG010,ASC000181,,2026-05-16 08:31:00,SALE,Store,Completed,POS_C,2026-05-16,True
TXN000003158,438.11,39.5,1.0,1,STR0006,REG021,ASC000057,,,SALE,Store,Completed,POS_C,,False
TXN000003159,1440.79,580.1699999999998,3.0,2,STR0001,REG020,ASC000467,CUST00001091,2026-05-30 16:39:00,SALE,Store,Completed,POS_A,2026-05-30,True
TXN000003163,2055.2200000000003,819.3200000000002,9.0,2,STR0010,REG019,ASC000064,CUST00001558,,SALE,Store,Completed,POS_C,,True
TXN000003167,1865.04,932.1999999999999,4.0,1,STR0022,REG023,ASC000219,CUST00001484,,SALE,Store,Completed,POS_B,,True
TXN000003170,166.41,94.34,4.0,2,STR0011,REG010,ASC000459,,2026-05-13 13:27:00,SALE,Store,Completed,POS_C,2026-05-13,False
TXN000003174,856.96,416.56,3.0,1,STR0023,REG006,ASC000097,CUST00001639,,SALE,Pickup,Completed,POS_A,,True
TXN000003176,4933.450000000001,2071.8300000000004,7.0,2,STR0010,REG019,ASC000426,CUST00000466,2026-04-16 22:54:00,SALE,Store,Completed,POS_C,2026-04-16,True
TXN000003178,8889.45,5231.88,11.0,4,STR0008,REG024,ASC000361,CUST00000928,,SALE,Store,Completed,POS_B,,True
TXN000003180,3802.2099999999996,1286.2199999999998,9.0,3,STR0010,REG014,ASC000402,,2026-05-24 02:41:00,SALE,Store,Completed,POS_A,2026-05-24,True
TXN000003181,814.1400000000001,308.0200000000001,2.0,2,STR0011,REG011,ASC000177,CUST00000470,2026-04-19 13:18:00,SALE,Pickup,Completed,POS_B,2026-04-19,True
TXN000003182,1018.33,575.5100000000001,2.0,2,STR0008,REG018,ASC000383,,,SALE,Store,Completed,POS_A,,True
TXN000003185,1027.56,469.4299999999999,6.0,3,STR0009,REG002,ASC000445,CUST00000052,,SALE,Store,Completed,POS_C,,True
TXN000003187,1699.94,842.5600000000001,2.0,1,STR0010,REG001,ASC000104,CUST00000006,2026-05-01 19:02:00,SALE,Store,Completed,POS_C,2026-05-01,True
TXN000003190,403.63,89.11000000000001,1.0,1,STR0020,REG009,ASC000282,CUST00000400,,SALE,Store,Completed,POS_C,,False
TXN000003201,1279.6399999999999,284.32,4.0,2,STR0014,REG016,ASC000385,,2026-04-06 10:48:00,SALE,Store,Completed,POS_A,2026-04-06,True
TXN000003204,2803.1,1131.9099999999999,10.0,3,STR0011,REG001,ASC000049,CUST00000982,,SALE,Store,Completed,POS_C,,True
TXN000003205,2794.66,1623.12,5.0,3,STR0006,REG005,ASC000449,CUST00000936,,SALE,Pickup,Completed,POS_B,,True
TXN000003209,2300.57,577.56,6.0,4,STR0009,REG023,ASC000362,CUST00000341,,SALE,Store,Completed,POS_C,,True
TXN000003210,1479.6299999999999,468.7699999999999,7.0,4,STR0022,REG009,ASC000390,CUST00001700,,SALE,Pickup,Completed,POS_C,,True
TXN000003211,1951.76,281.2900000000001,5.0,2,STR0007,REG017,ASC000393,CUST00000849,,SALE,Store,Completed,POS_C,,True
TXN000003212,1150.65,363.79999999999995,7.0,3,STR0025,REG025,ASC000352,CUST00000342,2026-05-13 05:30:00,SALE,Pickup,Completed,POS_A,2026-05-13,True
TXN000003213,681.72,302.94,3.0,1,STR0002,REG014,ASC000114,CUST00000913,,SALE,Pickup,Completed,POS_C,,True
TXN000003217,1357.82,651.0400000000001,8.0,3,STR0009,REG017,ASC000246,CUST00000574,,SALE,Store,Completed,POS_C,,True
TXN000003219,6661.01,3574.0799999999995,16.0,6,STR0004,REG004,ASC000009,CUST00001211,2026-05-24 07:27:00,SALE,Store,Completed,POS_A,2026-05-24,True
TXN000003221,2621.61,1263.2099999999998,6.0,2,STR0001,REG009,ASC000041,CUST00000323,,SALE,Pickup,Completed,POS_C,,True
TXN000003223,663.52,266.65999999999997,2.0,1,STR0017,REG005,ASC000164,CUST00000119,2026-04-23 21:43:00,SALE,Store,Completed,POS_A,2026-04-23,True
TXN000003226,3628.28,1375.17,9.0,4,STR0002,REG014,ASC000038,CUST00000299,2026-04-07 01:48:00,SALE,Store,Completed,POS_B,2026-04-07,True
TXN000003227,2070.5200000000004,810.2500000000002,9.0,3,STR0005,REG019,ASC000063,CUST00001153,,SALE,Pickup,Completed,POS_B,,True
TXN000003228,2818.75,796.6999999999999,9.0,2,STR0016,REG026,ASC000378,CUST00001642,2026-05-27 23:29:00,SALE,Store,Completed,POS_C,2026-05-27,True
TXN000003229,949.7,285.34000000000003,6.0,2,STR0001,REG028,ASC000425,CUST00001635,2026-04-16 23:11:00,SALE,Store,Completed,POS_C,2026-04-16,True
TXN000003230,2678.49,1469.6299999999999,9.0,4,STR0001,REG011,ASC000299,CUST00001741,2026-05-04 02:27:00,SALE,Store,Completed,POS_C,2026-05-04,True
TXN000003232,874.89,165.77999999999997,3.0,1,STR0003,REG011,ASC000084,,,SALE,Store,Completed,POS_B,,True
TXN000003235,1848.33,813.47,6.0,3,STR0010,REG008,ASC000396,CUST00001097,2026-04-08 08:03:00,SALE,Pickup,Completed,POS_B,2026-04-08,True
TXN000003236,1175.46,188.15999999999997,3.0,1,STR0023,REG020,ASC000236,CUST00000089,2026-05-06 07:35:00,SALE,Pickup,Completed,POS_B,2026-05-06,True
TXN000003239,381.12,138.07,1.0,1,STR0009,REG009,ASC000126,CUST00001492,2026-04-27 00:45:00,SALE,Pickup,Completed,POS_A,2026-04-27,False
TXN000003242,7264.39,3440.4400000000005,12.0,4,STR0025,REG015,ASC000174,CUST00000209,,SALE,Store,Completed,POS_A,,True
TXN000003243,3762.79,1305.26,14.0,4,STR0001,REG006,ASC000425,CUST00001274,2026-05-03 20:09:00,SALE,Store,Completed,POS_B,2026-05-03,True
TXN000003244,1542.94,494.17999999999995,4.0,2,STR0006,REG025,ASC000050,,,SALE,Store,Completed,POS_B,,True
TXN000003245,371.61,152.46,1.0,1,STR0010,REG005,ASC000426,CUST00001189,2026-04-11 14:28:00,SALE,Pickup,Completed,POS_C,2026-04-11,False
TXN000003254,3639.36,2238.92,4.0,1,STR0022,REG009,ASC000131,CUST00001226,2026-05-30 09:02:00,SALE,Store,Completed,POS_A,2026-05-30,True
TXN000003255,7355.81,3601.7500000000005,14.0,4,STR0022,REG015,ASC000419,CUST00000629,2026-04-27 10:00:00,SALE,Store,Completed,POS_C,2026-04-27,True
TXN000003259,3584.7,1893.18,6.0,2,STR0022,REG007,ASC000390,CUST00000498,,SALE,Store,Completed,POS_C,,True
TXN000003261,514.73,128.53000000000003,1.0,1,STR0005,REG027,ASC000480,,,SALE,Store,Completed,POS_B,,True
TXN000003262,526.56,21.67999999999995,2.0,1,STR0023,REG007,ASC000056,,2026-04-15 20:29:00,SALE,Pickup,Completed,POS_A,2026-04-15,True
TXN000003263,5691.54,3336.9999999999995,10.0,3,STR0004,REG011,ASC000471,CUST00000681,2026-04-01 20:14:00,SALE,Store,Completed,POS_C,2026-04-01,True
TXN000003266,287.52,102.75999999999999,2.0,1,STR0025,REG002,ASC000352,,2026-04-16 02:14:00,SALE,Store,Completed,POS_C,2026-04-16,False
TXN000003267,687.1800000000001,327.11,3.0,2,STR0009,REG017,ASC000245,CUST00001274,2026-04-27 01:05:00,SALE,Store,Completed,POS_C,2026-04-27,True
TXN000003269,756.5699999999999,224.76999999999995,7.0,3,STR0004,REG003,ASC000311,,2026-04-16 16:19:00,SALE,Pickup,Completed,POS_C,2026-04-16,True
TXN000003272,1945.46,542.1799999999998,4.0,2,STR0023,REG015,ASC000417,,,SALE,Store,Completed,POS_C,,True
TXN000003273,233.05,142.34000000000003,1.0,1,STR0019,REG010,ASC000462,CUST00000166,,SALE,Pickup,Completed,POS_B,,False
TXN000003278,1176.26,252.69999999999987,4.0,2,STR0017,REG028,ASC000130,,,SALE,Pickup,Completed,POS_A,,True
TXN000003280,751.21,334.49,2.0,2,STR0023,REG005,ASC000417,,2026-04-04 01:36:00,SALE,Store,Completed,POS_A,2026-04-04,True
TXN000003284,1914.5,532.28,5.0,2,STR0022,REG020,ASC000497,CUST00001484,,SALE,Store,Completed,POS_A,,True
TXN000003286,4156.91,1651.67,12.0,5,STR0010,REG011,ASC000328,,,SALE,Store,Completed,POS_B,,True
TXN000003287,1422.1799999999998,-396.60000000000014,9.0,2,STR0022,REG024,ASC000406,,,SALE,Pickup,Completed,POS_A,,True
TXN000003290,3121.76,1739.0,14.0,5,STR0006,REG007,ASC000226,,2026-04-18 23:20:00,SALE,Store,Completed,POS_C,2026-04-18,True
TXN000003292,684.21,333.51000000000005,1.0,1,STR0015,REG004,ASC000338,CUST00000864,2026-05-01 21:52:00,SALE,Pickup,Completed,POS_A,2026-05-01,True
TXN000003293,3277.1000000000004,819.1400000000001,14.0,4,STR0021,REG022,ASC000424,,,SALE,Pickup,Completed,POS_B,,True
TXN000003294,1583.36,681.3799999999999,5.0,2,STR0006,REG024,ASC000294,CUST00001210,,SALE,Store,Completed,POS_B,,True
TXN000003295,1048.8999999999999,495.43,3.0,3,STR0020,REG025,ASC000195,,,SALE,Store,Completed,POS_B,,True
TXN000003296,134.78,74.22,1.0,1,STR0001,REG009,ASC000254,CUST00000368,,SALE,Store,Completed,POS_C,,False
TXN000003298,3909.92,1988.98,10.0,5,STR0025,REG014,ASC000213,CUST00000526,2026-04-06 17:59:00,SALE,Store,Completed,POS_C,2026-04-06,True
TXN000003299,287.47,69.44999999999999,3.0,2,STR0004,REG013,ASC000280,CUST00000092,2026-04-12 23:24:00,SALE,Store,Completed,POS_B,2026-04-12,False
TXN000003300,374.64,83.78999999999996,3.0,1,STR0023,REG016,ASC000042,,2026-04-20 22:20:00,SALE,Store,Completed,POS_A,2026-04-20,False
TXN000003302,111.86,111.86,1.0,1,STR0021,REG018,ASC000450,,,SALE,Pickup,Completed,POS_A,,False
TXN000003304,370.75,209.0,5.0,1,STR0002,REG011,ASC000253,,,SALE,Store,Completed,POS_A,,False
TXN000003306,1997.89,406.4,7.0,4,STR_UNKNOWN,REG026,ASC000100,,,SALE,Store,Completed,POS_A,,True
TXN000003310,1423.08,622.51,3.0,3,STR0023,REG012,ASC000312,CUST00000028,2026-04-19 12:11:00,SALE,Store,Completed,POS_C,2026-04-19,True
TXN000003312,363.55,58.860000000000014,1.0,1,STR0017,REG013,ASC000309,CUST00001635,,SALE,Pickup,Completed,POS_B,,False
TXN000003315,1062.46,633.77,1.0,1,STR0014,REG015,ASC000381,CUST00001259,2026-05-02 09:51:00,SALE,Pickup,Completed,POS_A,2026-05-02,True
TXN000003316,3978.23,1439.52,12.0,6,STR0009,REG018,ASC000167,CUST00001279,2026-05-07 10:37:00,SALE,Store,Completed,POS_C,2026-05-07,True
TXN000003319,698.32,316.2300000000001,1.0,1,STR0008,REG020,ASC000265,CUST00000077,,SALE,Pickup,Completed,POS_A,,True
TXN000003321,1975.04,968.99,12.0,3,STR0006,REG002,ASC000446,CUST00001130,,SALE,Store,Completed,POS_A,,True
TXN000003323,151.55,60.58000000000001,1.0,1,STR0001,REG003,ASC000306,CUST00001772,,SALE,Store,Completed,POS_C,,False
TXN000003324,3756.02,313.3299999999998,10.0,4,STR0008,REG025,ASC000048,CUST00001026,,SALE,Store,Completed,POS_A,,True
TXN000003327,695.3,-17.959999999999994,3.0,2,STR0016,REG012,ASC000315,CUST00000241,2026-04-15 19:38:00,SALE,Pickup,Completed,POS_C,2026-04-15,True
TXN000003333,905.4,50.139999999999986,2.0,1,STR0014,REG011,ASC000266,CUST00001222,,SALE,Store,Completed,POS_C,,True
TXN000003338,2931.54,1274.8799999999999,8.0,4,STR0001,REG006,ASC000254,CUST00001673,2026-04-20 21:29:00,SALE,Pickup,Completed,POS_B,2026-04-20,True
TXN000003341,6401.09,3205.9600000000005,16.0,4,STR0020,REG013,ASC000183,CUST00000827,2026-04-30 15:43:00,SALE,Store,Completed,POS_B,2026-04-30,True
TXN000003343,2534.19,953.9499999999999,5.0,3,STR0001,REG003,ASC000037,CUST00001511,2026-05-15 15:21:00,SALE,Store,Completed,POS_B,2026-05-15,True
TXN000003344,4688.87,1856.3200000000002,9.0,3,STR0001,REG024,ASC000006,CUST00000764,2026-05-11 07:52:00,SALE,Pickup,Completed,POS_A,2026-05-11,True
TXN000003345,3896.58,1591.6599999999999,8.0,3,STR0023,REG005,ASC000324,CUST00001433,,SALE,Store,Completed,POS_B,,True
TXN000003346,1281.29,343.04,3.0,2,STR0024,REG011,ASC000376,CUST00000364,2026-05-11 13:57:00,SALE,Store,Completed,POS_B,2026-05-11,True
TXN000003347,1479.05,601.16,5.0,2,STR0001,REG022,ASC000094,CUST00001333,,SALE,Store,Completed,POS_A,,True
TXN000003348,4676.34,2542.6200000000003,12.0,4,STR0002,REG007,ASC000253,,,SALE,Pickup,Completed,POS_A,,True
TXN000003349,699.66,225.05999999999995,2.0,1,STR0012,REG013,ASC000313,CUST00001276,2026-04-07 23:57:00,SALE,Store,Completed,POS_C,2026-04-07,True
TXN000003350,3304.99,1426.4099999999999,8.0,4,STR0024,REG004,ASC000139,CUST00000437,2026-04-18 17:41:00,SALE,Store,Completed,POS_B,2026-04-18,True
TXN000003356,1360.27,342.7499999999999,3.0,2,STR0010,REG009,ASC000064,,2026-05-05 16:10:00,SALE,Store,Completed,POS_B,2026-05-05,True
TXN000003358,721.86,331.12,3.0,2,STR0020,REG010,ASC000195,CUST00000256,2026-05-07 11:54:00,SALE,Pickup,Completed,POS_A,2026-05-07,True
TXN000003361,1548.8200000000002,203.34000000000015,8.0,2,STR0010,REG028,ASC000402,,2026-04-01 05:00:00,SALE,Store,Completed,POS_C,2026-04-01,True
TXN000003362,1632.6599999999999,466.45,4.0,4,STR0009,REG004,ASC000245,,,SALE,Store,Completed,POS_C,,True
TXN000003363,4902.15,763.5199999999998,11.0,4,STR0023,REG019,ASC000061,,,SALE,Pickup,Completed,POS_A,,True
TXN000003365,4829.25,1915.73,16.0,5,STR0008,REG008,ASC000140,CUST00000601,,SALE,Store,Completed,POS_A,,True
TXN000003366,2125.37,1049.8100000000002,5.0,3,STR0002,REG013,ASC000114,,,SALE,Pickup,Completed,POS_A,,True
TXN000003370,1814.8500000000001,964.1,11.0,3,STR0010,REG001,ASC000433,CUST00000895,,SALE,Store,Completed,POS_B,,True
TXN000003371,3354.37,555.68,12.0,4,STR0018,REG024,ASC000341,CUST00000041,,SALE,Store,Completed,POS_C,,True
TXN000003372,1512.0700000000002,405.09000000000003,5.0,4,STR0022,REG001,ASC000486,,,SALE,Store,Completed,POS_C,,True
TXN000003375,2388.79,112.69999999999999,6.0,2,STR0024,REG013,ASC000272,,,SALE,Store,Completed,POS_B,,True
TXN000003376,2534.76,1138.0400000000002,4.0,1,STR0010,REG017,ASC000064,CUST00001535,2026-05-09 16:15:00,SALE,Store,Completed,POS_B,2026-05-09,True
TXN000003379,3606.5499999999993,1861.9299999999998,10.0,5,STR0016,REG025,ASC000331,,,SALE,Store,Completed,POS_C,,True
TXN000003380,281.0,82.57,1.0,1,STR0016,REG013,ASC000172,CUST00001147,,SALE,Store,Completed,POS_B,,False
TXN000003381,2837.4,895.2,6.0,2,STR0005,REG011,ASC000480,CUST00000739,2026-05-19 09:46:00,SALE,Pickup,Completed,POS_C,2026-05-19,True
TXN000003383,1917.64,860.3900000000002,4.0,2,STR0004,REG028,ASC000165,CUST00000969,2026-05-06 04:48:00,SALE,Store,Completed,POS_C,2026-05-06,True
TXN000003384,33.11,14.059999999999999,1.0,1,STR0006,REG003,ASC000271,CUST00000996,,SALE,Pickup,Completed,POS_A,,False
TXN000003385,2735.69,984.3199999999998,12.0,3,STR0014,REG017,ASC000252,,2026-04-27 14:12:00,SALE,Store,Completed,POS_A,2026-04-27,True
TXN000003390,724.08,37.440000000000055,4.0,1,STR0025,REG028,ASC000464,,2026-05-11 07:34:00,SALE,Store,Completed,POS_C,2026-05-11,True
TXN000003391,710.44,323.88,2.0,2,STR0025,REG028,ASC000420,CUST00001112,2026-04-14 07:14:00,SALE,Pickup,Completed,POS_C,2026-04-14,True
TXN000003394,959.64,336.23999999999995,5.0,3,STR0004,REG027,ASC000062,CUST00000732,2026-05-30 05:04:00,SALE,Store,Completed,POS_C,2026-05-30,True
TXN000003395,2317.37,1095.3700000000001,7.0,3,STR0001,REG026,ASC000143,,2026-05-04 09:22:00,SALE,Store,Completed,POS_C,2026-05-04,True
TXN000003398,2441.69,1399.21,4.0,2,STR0011,REG009,ASC000300,CUST00000278,2026-05-22 00:05:00,SALE,Pickup,Completed,POS_B,2026-05-22,True
TXN000003401,4813.82,1316.8199999999997,10.0,4,STR0006,REG010,ASC000216,,2026-04-14 00:12:00,SALE,Store,Completed,POS_C,2026-04-14,True
TXN000003406,6952.0,3337.0199999999995,11.0,5,STR0013,REG021,ASC000387,CUST00000478,,SALE,Pickup,Completed,POS_C,,True
TXN000003409,875.28,395.25999999999993,4.0,2,STR0019,REG003,ASC000013,CUST00001093,2026-05-26 11:05:00,SALE,Store,Completed,POS_B,2026-05-26,True
TXN000003410,4150.28,1331.33,11.0,5,STR0011,REG003,ASC000012,CUST00000548,,SALE,Store,Completed,POS_C,,True
TXN000003411,3958.91,1249.6799999999998,7.0,3,STR0005,REG015,ASC000473,CUST00000808,,SALE,Store,Completed,POS_B,,True
TXN000003413,1852.81,649.69,6.0,3,STR0018,REG026,ASC000491,,,SALE,Store,Completed,POS_A,,True
TXN000003415,712.97,346.49000000000007,6.0,2,STR0015,REG004,ASC000431,CUST00000054,,SALE,Pickup,Completed,POS_C,,True
TXN000003416,3477.13,1530.9199999999998,11.0,4,STR0005,REG014,ASC000334,,,SALE,Pickup,Completed,POS_B,,True
TXN000003418,3560.2000000000003,1566.7500000000002,5.0,1,STR0002,REG015,ASC000038,,,SALE,Store,Completed,POS_B,,True
TXN000003421,4726.79,2353.65,10.0,3,STR0003,REG006,ASC000233,CUST00001654,,SALE,Pickup,Completed,POS_C,,True
TXN000003423,398.49,202.72,1.0,1,STR0016,REG012,ASC000112,CUST00001153,2026-04-01 18:38:00,SALE,Store,Completed,POS_B,2026-04-01,False
TXN000003424,2437.84,1132.7200000000003,4.0,1,STR0016,REG003,ASC000152,CUST00000946,,SALE,Store,Completed,POS_B,,True
TXN000003426,1274.5500000000002,723.6900000000002,2.0,2,STR0020,REG007,ASC000468,CUST00000775,2026-04-25 02:11:00,SALE,Pickup,Completed,POS_A,2026-04-25,True
TXN000003427,3535.62,1561.7200000000003,11.0,4,STR0024,REG023,ASC000418,CUST00000954,,SALE,Store,Completed,POS_C,,True
TXN000003430,5174.46,2777.12,10.0,3,STR0017,REG018,ASC000389,CUST00000210,2026-05-21 09:01:00,SALE,Store,Completed,POS_B,2026-05-21,True
TXN000003431,1196.08,689.22,2.0,2,STR0023,REG005,ASC000181,CUST00000199,,SALE,Store,Completed,POS_B,,True
TXN000003432,1009.74,624.23,1.0,1,STR0015,REG010,ASC000020,,,SALE,Store,Completed,POS_A,,True
TXN000003435,438.93000000000006,96.91000000000003,2.0,2,STR0005,REG003,ASC000015,,,SALE,Store,Completed,POS_C,,False
TXN000003443,537.76,176.73,4.0,3,STR0025,REG015,ASC000016,CUST00001546,,SALE,Pickup,Completed,POS_B,,True
TXN000003449,102.82,10.099999999999994,2.0,1,STR0017,REG015,ASC000389,CUST00001573,,SALE,Store,Completed,POS_A,,False
TXN000003450,1714.18,703.5,6.0,4,STR0022,REG024,ASC000248,CUST00000455,2026-04-22 10:28:00,SALE,Pickup,Completed,POS_B,2026-04-22,True
TXN000003451,742.88,527.96,3.0,2,STR0010,REG004,ASC000388,CUST00000091,,SALE,Store,Completed,POS_B,,True
TXN000003452,3561.24,1753.98,6.0,2,STR0003,REG013,ASC000405,CUST00000259,,SALE,Store,Completed,POS_B,,True
TXN000003454,876.94,291.4,2.0,2,STR0023,REG020,ASC000032,,2026-04-23 02:26:00,SALE,Store,Completed,POS_B,2026-04-23,True
TXN000003455,929.5,443.8,2.0,2,STR0014,REG018,ASC000384,CUST00000939,2026-04-26 06:54:00,SALE,Store,Completed,POS_A,2026-04-26,True
TXN000003457,4364.429999999999,2322.8599999999997,7.0,2,STR0007,REG028,ASC000168,CUST00000960,,SALE,Pickup,Completed,POS_A,,True
TXN000003463,345.24,10.920000000000016,3.0,1,STR0004,REG016,ASC000102,,2026-04-18 22:51:00,SALE,Store,Completed,POS_C,2026-04-18,False
TXN000003470,236.76,83.06,2.0,1,STR0006,REG021,ASC000449,CUST00000663,,SALE,Store,Completed,POS_B,,False
TXN000003475,415.78,234.55,6.0,2,STR0012,REG018,ASC000201,CUST00001523,2026-04-23 23:10:00,SALE,Store,Completed,POS_B,2026-04-23,False
TXN000003476,4915.99,2206.7200000000003,10.0,4,STR0017,REG004,ASC000031,,,SALE,Store,Completed,POS_C,,True
TXN000003479,1100.64,310.10000000000014,2.0,1,STR0016,REG003,ASC000315,,2026-05-21 15:10:00,SALE,Store,Completed,POS_A,2026-05-21,True
TXN000003482,305.82,13.54000000000002,2.0,1,STR0001,REG017,ASC000308,CUST00001413,,SALE,Store,Completed,POS_A,,False
TXN000003483,1838.84,437.5999999999999,7.0,3,STR0008,REG003,ASC000257,CUST00000858,2026-04-27 19:40:00,SALE,Pickup,Completed,POS_C,2026-04-27,True
TXN000003485,1193.2,398.73,5.0,2,STR0017,REG019,ASC000031,CUST00000012,,SALE,Store,Completed,POS_C,,True
TXN000003487,2965.72,1365.29,7.0,4,STR0015,REG012,ASC000274,CUST00001547,2026-05-27 02:53:00,SALE,Pickup,Completed,POS_A,2026-05-27,True
TXN000003489,930.8,310.44,3.0,2,STR0011,REG008,ASC000123,CUST00000729,,SALE,Store,Completed,POS_A,,True
TXN000003491,2569.62,1527.27,6.0,3,STR0021,REG011,ASC000184,CUST00000245,,SALE,Store,Completed,POS_C,,True
TXN000003494,3708.5,1341.96,7.0,4,STR0005,REG016,ASC000442,CUST00000057,,SALE,Store,Completed,POS_C,,True
TXN000003497,1119.7,480.82000000000005,2.0,1,STR0017,REG011,ASC000087,CUST00000300,,SALE,Pickup,Completed,POS_B,,True
TXN000003498,94.05,53.629999999999995,1.0,1,STR0005,REG004,ASC000343,CUST00000304,,SALE,Pickup,Completed,POS_C,,False
TXN000003499,2518.2799999999997,1264.1499999999999,7.0,3,STR0023,REG019,ASC000324,CUST00000481,,SALE,Store,Completed,POS_A,,True
TXN000003500,1612.72,676.49,7.0,5,STR0018,REG013,ASC000017,,,SALE,Pickup,Completed,POS_B,,True
TXN000003501,3712.89,1412.4899999999998,6.0,2,STR0019,REG028,ASC000291,CUST00000309,2026-05-27 04:09:00,SALE,Pickup,Completed,POS_A,2026-05-27,True
TXN000003506,385.82,121.12,2.0,1,STR0022,REG022,ASC000369,,2026-04-22 05:52:00,SALE,Store,Completed,POS_A,2026-04-22,False
TXN000003507,2912.11,1031.9900000000002,7.0,4,STR0013,REG022,ASC000163,CUST00000280,2026-04-26 07:44:00,SALE,Store,Completed,POS_A,2026-04-26,True
TXN000003511,836.3599999999999,368.03999999999996,2.0,2,STR0023,REG021,ASC000032,CUST00001775,2026-05-13 03:38:00,SALE,Store,Completed,POS_B,2026-05-13,True
TXN000003513,5512.87,2619.5400000000004,7.0,2,STR0002,REG017,ASC000025,CUST00000478,,SALE,Store,Completed,POS_A,,True
TXN000003518,7433.65,3582.29,13.0,5,STR0018,REG027,ASC000199,CUST00001034,2026-04-16 22:40:00,SALE,Store,Completed,POS_B,2026-04-16,True
TXN000003519,2071.8,1082.08,4.0,2,STR0005,REG019,ASC000086,CUST00001496,2026-04-29 10:42:00,SALE,Store,Completed,POS_C,2026-04-29,True
TXN000003520,1895.2,915.6999999999999,5.0,2,STR0001,REG008,ASC000472,,2026-04-19 23:41:00,SALE,Store,Completed,POS_B,2026-04-19,True
TXN000003521,1784.28,290.10999999999996,5.0,3,STR0019,REG027,ASC000462,CUST00000979,2026-04-09 08:35:00,SALE,Pickup,Completed,POS_B,2026-04-09,True
TXN000003527,1071.78,600.7,2.0,1,STR0012,REG009,ASC000214,CUST00000942,,SALE,Store,Completed,POS_C,,True
TXN000003531,3085.78,934.2000000000003,8.0,3,STR0017,REG008,ASC000351,CUST00001098,2026-04-28 17:07:00,SALE,Store,Completed,POS_A,2026-04-28,True
TXN000003534,585.74,143.60999999999996,6.0,2,STR0007,REG028,ASC000255,CUST00001625,,SALE,Store,Completed,POS_C,,True
TXN000003535,2374.39,1160.1999999999998,4.0,3,STR0025,REG020,ASC000206,CUST00000754,,SALE,Pickup,Completed,POS_B,,True
TXN000003541,1970.66,969.8299999999999,7.0,3,STR0004,REG024,ASC000153,CUST00001719,2026-04-18 21:30:00,SALE,Pickup,Completed,POS_B,2026-04-18,True
TXN000003542,75.5,18.189999999999998,1.0,1,STR0010,REG004,ASC000388,CUST00000613,2026-04-29 15:48:00,SALE,Store,Completed,POS_B,2026-04-29,False
TXN000003544,7810.84,3790.7,16.0,5,STR0020,REG002,ASC000189,CUST00000256,2026-04-27 08:33:00,SALE,Store,Completed,POS_C,2026-04-27,True
TXN000003548,2551.67,472.9699999999999,9.0,3,STR0025,REG007,ASC000440,CUST00000837,2026-04-13 18:11:00,SALE,Store,Completed,POS_A,2026-04-13,True
TXN000003549,4913.34,2589.09,6.0,2,STR0011,REG015,ASC000033,,,SALE,Pickup,Completed,POS_A,,True
TXN000003550,2729.62,1527.05,6.0,3,STR0008,REG021,ASC000048,,,SALE,Pickup,Completed,POS_B,,True
TXN000003554,1967.28,473.15999999999997,8.0,3,STR0014,REG008,ASC000202,CUST00001124,2026-04-13 04:14:00,SALE,Pickup,Completed,POS_C,2026-04-13,True
TXN000003556,2281.32,954.3000000000001,6.0,2,STR0002,REG003,ASC000188,,2026-04-23 06:09:00,SALE,Store,Completed,POS_C,2026-04-23,True
TXN000003559,1291.5,540.68,4.0,3,STR0008,REG016,ASC000455,CUST00000369,2026-04-14 02:07:00,SALE,Pickup,Completed,POS_A,2026-04-14,True
TXN000003561,3663.3199999999997,1880.7,12.0,4,STR0016,REG027,ASC000315,CUST00001709,,SALE,Store,Completed,POS_C,,True
TXN000003562,837.2,436.32000000000005,2.0,1,STR0025,REG009,ASC000174,CUST00000129,2026-05-18 00:47:00,SALE,Store,Completed,POS_B,2026-05-18,True
TXN000003563,762.1500000000001,368.53000000000003,4.0,2,STR0025,REG027,ASC000213,CUST00000474,,SALE,Pickup,Completed,POS_C,,True
TXN000003565,2028.49,910.75,5.0,2,STR0022,REG017,ASC000390,CUST00000449,,SALE,Pickup,Completed,POS_A,,True
TXN000003569,514.81,130.84999999999997,1.0,1,STR0005,REG010,ASC000063,CUST00000739,,SALE,Pickup,Completed,POS_A,,True
TXN000003573,502.78,309.28,1.0,1,STR0009,REG012,ASC000155,,2026-05-13 11:55:00,SALE,Pickup,Completed,POS_B,2026-05-13,True
TXN000003575,537.27,277.51,1.0,1,STR0005,REG009,ASC000044,CUST00001675,,SALE,Pickup,Completed,POS_A,,True
TXN000003577,1553.09,774.07,6.0,4,STR0016,REG023,ASC000007,,,SALE,Store,Completed,POS_A,,True
TXN000003580,1153.52,649.7199999999999,3.0,3,STR0013,REG026,ASC000437,CUST00000805,,SALE,Store,Completed,POS_C,,True
TXN000003581,1469.21,693.7399999999999,9.0,4,STR0016,REG019,ASC000267,CUST00000769,,SALE,Pickup,Completed,POS_B,,True
TXN000003585,4055.7699999999995,1834.1799999999998,7.0,3,STR0019,REG012,ASC000142,,,SALE,Pickup,Completed,POS_B,,True
TXN000003586,268.44,119.24000000000001,1.0,1,STR0012,REG027,ASC000371,CUST00000274,2026-04-29 15:31:00,SALE,Store,Completed,POS_B,2026-04-29,False
TXN000003590,415.39,176.29,1.0,1,STR0001,REG021,ASC000143,,2026-04-10 12:59:00,SALE,Pickup,Completed,POS_B,2026-04-10,False
TXN000003594,6028.8099999999995,2840.8899999999994,11.0,3,STR0008,REG017,ASC000140,,,SALE,Pickup,Completed,POS_A,,True
TXN000003596,3662.21,1145.8300000000002,9.0,3,STR0005,REG008,ASC000111,CUST00000029,,SALE,Pickup,Completed,POS_B,,True
TXN000003597,466.77,246.57999999999998,1.0,1,STR0003,REG021,ASC000197,CUST00001043,,SALE,Store,Completed,POS_A,,False
TXN000003599,637.7800000000001,176.72000000000003,3.0,2,STR0018,REG021,ASC000403,CUST00000265,2026-05-01 11:49:00,SALE,Store,Completed,POS_C,2026-05-01,True
TXN000003600,3080.16,1593.5599999999995,8.0,2,STR0022,REG014,ASC000248,,2026-04-18 06:49:00,SALE,Pickup,Completed,POS_B,2026-04-18,True
TXN000003605,702.28,339.65000000000003,4.0,3,STR0010,REG023,ASC000104,CUST00001441,,SALE,Store,Completed,POS_A,,True
TXN000003609,1821.34,520.5699999999999,10.0,5,STR0019,REG003,ASC000291,CUST00001684,,SALE,Store,Completed,POS_A,,True
TXN000003610,687.0300000000001,288.72,2.0,2,STR0003,REG003,ASC000115,,2026-05-24 16:42:00,SALE,Pickup,Completed,POS_C,2026-05-24,True
TXN000003611,592.87,172.09000000000003,1.0,1,STR0005,REG019,ASC000063,,,SALE,Store,Completed,POS_A,,True
TXN000003614,1356.02,786.56,2.0,1,STR0012,REG018,ASC000345,CUST00000778,,SALE,Store,Completed,POS_A,,True
TXN000003615,2661.93,1359.86,6.0,2,STR0002,REG007,ASC000259,CUST00001662,2026-05-30 03:08:00,SALE,Pickup,Completed,POS_A,2026-05-30,True
TXN000003618,423.74,116.69999999999999,2.0,1,STR0012,REG007,ASC000313,CUST00000755,,SALE,Store,Completed,POS_C,,False
TXN000003619,1435.88,700.28,4.0,3,STR0015,REG009,ASC000415,,2026-05-12 13:09:00,SALE,Store,Completed,POS_C,2026-05-12,True
TXN000003620,4675.88,2538.9399999999996,7.0,4,STR0013,REG007,ASC000327,CUST00000280,,SALE,Store,Completed,POS_A,,True
TXN000003623,2049.56,906.1599999999999,4.0,1,STR0009,REG009,ASC000125,CUST00000356,2026-05-12 04:23:00,SALE,Store,Completed,POS_A,2026-05-12,True
TXN000003625,1858.21,827.7299999999999,4.0,3,STR0023,REG027,ASC000061,,,SALE,Pickup,Completed,POS_B,,True
TXN000003628,3378.2200000000003,1175.4699999999998,7.0,3,STR0010,REG028,ASC000394,CUST00000953,,SALE,Store,Completed,POS_C,,True
TXN000003631,1270.02,485.03,5.0,4,STR0005,REG025,ASC000161,,2026-04-07 18:14:00,SALE,Pickup,Completed,POS_B,2026-04-07,True
TXN000003632,643.58,254.02000000000004,6.0,2,STR0020,REG025,ASC000170,CUST00001137,2026-05-06 03:59:00,SALE,Store,Completed,POS_A,2026-05-06,True
TXN000003633,5557.5599999999995,2699.5299999999997,11.0,5,STR0010,REG011,ASC000439,CUST00000940,,SALE,Store,Completed,POS_B,,True
TXN000003639,3095.1,1044.5,5.0,1,STR0021,REG027,ASC000424,CUST00001433,2026-05-13 10:02:00,SALE,Store,Completed,POS_A,2026-05-13,True
TXN000003640,2172.1,1041.02,3.0,2,STR0004,REG024,ASC000074,CUST00000189,2026-05-04 16:35:00,SALE,Pickup,Completed,POS_A,2026-05-04,True
TXN000003641,1718.05,665.95,5.0,4,STR0022,REG023,ASC000499,,2026-05-14 23:40:00,SALE,Pickup,Completed,POS_C,2026-05-14,True
TXN000003644,1204.9099999999999,543.63,6.0,3,STR0010,REG027,ASC000064,CUST00000413,2026-04-19 22:18:00,SALE,Store,Completed,POS_B,2026-04-19,True
TXN000003645,3438.23,1660.8200000000002,9.0,4,STR0009,REG024,ASC000058,CUST00000505,,SALE,Store,Completed,POS_A,,True
TXN000003650,437.09000000000003,46.720000000000056,3.0,2,STR0019,REG026,ASC000260,CUST00000907,2026-05-17 23:15:00,SALE,Pickup,Completed,POS_A,2026-05-17,False
TXN000003651,5126.12,2577.9599999999996,7.0,3,STR0003,REG024,ASC000082,CUST00001463,2026-05-05 18:00:00,SALE,Pickup,Completed,POS_C,2026-05-05,True
TXN000003653,1813.1999999999998,711.0299999999999,7.0,2,STR0013,REG027,ASC000128,CUST00000505,,SALE,Pickup,Completed,POS_A,,True
TXN000003654,837.29,470.36999999999995,1.0,1,STR0015,REG013,ASC000003,,,SALE,Store,Completed,POS_C,,True
TXN000003655,2691.35,1392.55,5.0,1,STR0019,REG017,ASC000222,,2026-05-20 02:43:00,SALE,Store,Completed,POS_B,2026-05-20,True
TXN000003657,2854.0,403.9999999999999,10.0,2,STR0011,REG001,ASC000065,,,SALE,Store,Completed,POS_B,,True
TXN000003660,1197.74,604.1700000000001,3.0,2,STR0003,REG012,ASC000173,CUST00000117,,SALE,Store,Completed,POS_B,,True
TXN000003668,620.4,262.46,2.0,1,STR0016,REG024,ASC000267,CUST00001546,,SALE,Pickup,Completed,POS_A,,True
TXN000003669,1006.3599999999999,375.71,2.0,2,STR0023,REG025,ASC000339,CUST00000253,,SALE,Pickup,Completed,POS_A,,True
TXN000003670,473.5,72.28000000000003,2.0,2,STR0018,REG015,ASC000341,CUST00001773,2026-04-01 12:58:00,SALE,Store,Completed,POS_B,2026-04-01,False
TXN000003673,3273.46,1736.29,7.0,3,STR0008,REG026,ASC000395,CUST00000337,,SALE,Pickup,Completed,POS_C,,True
TXN000003683,1235.71,309.02000000000004,4.0,3,STR0006,REG011,ASC000151,CUST00000182,2026-04-29 01:01:00,SALE,Pickup,Completed,POS_A,2026-04-29,True
TXN000003687,575.31,290.5799999999999,1.0,1,STR0009,REG013,ASC000246,CUST00000146,,SALE,Store,Completed,POS_C,,True
TXN000003693,1978.5,466.95000000000005,7.0,3,STR0015,REG025,ASC000412,CUST00000834,2026-04-09 02:16:00,SALE,Pickup,Completed,POS_B,2026-04-09,True
TXN000003694,909.2,369.1500000000001,2.0,2,STR0020,REG017,ASC000200,CUST00000561,,SALE,Store,Completed,POS_A,,True
TXN000003697,791.52,269.19999999999993,2.0,1,STR0020,REG014,ASC000170,CUST00000825,2026-05-25 12:48:00,SALE,Store,Completed,POS_C,2026-05-25,True
TXN000003698,922.25,433.65,5.0,1,STR0018,REG002,ASC000127,CUST00000342,2026-04-23 13:48:00,SALE,Store,Completed,POS_C,2026-04-23,True
TXN000003701,974.88,213.54000000000005,7.0,3,STR0001,REG019,ASC000456,,,SALE,Store,Completed,POS_B,,True
TXN000003702,234.14999999999998,137.09999999999997,3.0,1,STR0011,REG006,ASC000049,CUST00001478,,SALE,Store,Completed,POS_B,,False
TXN000003704,1252.04,371.55999999999995,4.0,1,STR0006,REG026,ASC000052,CUST00000590,,SALE,Pickup,Completed,POS_C,,True
TXN000003705,400.06,147.83,1.0,1,STR0006,REG019,ASC000191,CUST00000093,,SALE,Store,Completed,POS_A,,False
TXN000003706,1532.48,560.28,4.0,1,STR0018,REG012,ASC000403,,,SALE,Pickup,Completed,POS_B,,True
TXN000003709,3227.98,1164.5300000000002,7.0,2,STR0022,REG002,ASC000124,CUST00000749,,SALE,Pickup,Completed,POS_B,,True
TXN000003710,2127.84,1021.5799999999999,4.0,2,STR0020,REG004,ASC000099,CUST00001457,2026-05-11 07:27:00,SALE,Store,Completed,POS_A,2026-05-11,True
TXN000003711,4332.09,2030.45,9.0,3,STR0020,REG001,ASC000175,CUST00000032,,SALE,Pickup,Completed,POS_A,,True
TXN000003712,2820.83,1391.52,15.0,4,STR0007,REG012,ASC000353,CUST00001093,,SALE,Store,Completed,POS_B,,True
TXN000003714,638.94,401.0200000000001,1.0,1,STR0022,REG006,ASC000419,CUST00000628,,SALE,Store,Completed,POS_C,,True
TXN000003715,719.97,-3.759999999999973,3.0,2,STR0009,REG015,ASC000362,CUST00001149,2026-05-22 17:51:00,SALE,Pickup,Completed,POS_A,2026-05-22,True
TXN000003717,437.5,60.99,3.0,2,STR0008,REG025,ASC000400,CUST00001602,,SALE,Pickup,Completed,POS_B,,False
TXN000003718,3477.38,2169.17,5.0,2,STR0005,REG006,ASC000343,CUST00001485,,SALE,Store,Completed,POS_C,,True
TXN000003719,237.07,94.20999999999998,1.0,1,STR0013,REG019,ASC000452,CUST00000640,2026-04-10 16:58:00,SALE,Store,Completed,POS_C,2026-04-10,False
TXN000003720,1900.75,671.3399999999999,4.0,2,STR0009,REG005,ASC000178,CUST00001265,2026-05-13 20:36:00,SALE,Store,Completed,POS_C,2026-05-13,True
TXN000003721,3258.29,1543.3,7.0,2,STR0007,REG023,ASC000318,,2026-05-07 09:46:00,SALE,Store,Completed,POS_C,2026-05-07,True
TXN000003722,2630.01,1268.56,6.0,4,STR0009,REG007,ASC000167,CUST00000065,,SALE,Store,Completed,POS_B,,True
TXN000003724,1395.35,283.0,5.0,1,STR0019,REG006,ASC000356,,2026-04-01 07:47:00,SALE,Store,Completed,POS_B,2026-04-01,True
TXN000003726,1395.12,585.3399999999999,6.0,2,STR0010,REG025,ASC000388,,2026-04-01 05:11:00,SALE,Store,Completed,POS_C,2026-04-01,True
TXN000003727,1342.4,658.8000000000001,2.0,1,STR0015,REG004,ASC000059,CUST00000198,2026-05-24 12:29:00,SALE,Pickup,Completed,POS_A,2026-05-24,True
TXN000003729,1755.8,1036.01,5.0,3,STR0005,REG012,ASC000111,,,SALE,Store,Completed,POS_A,,True
TXN000003730,4547.83,1961.8699999999997,11.0,5,STR0023,REG016,ASC000312,CUST00000743,,SALE,Store,Completed,POS_C,,True
TXN000003734,3609.61,1602.0900000000001,9.0,3,STR0015,REG006,ASC000020,CUST00000390,2026-04-03 22:24:00,SALE,Store,Completed,POS_A,2026-04-03,True
TXN000003735,2945.16,942.49,8.0,5,STR0002,REG026,ASC000348,,2026-04-01 12:29:00,SALE,Store,Completed,POS_B,2026-04-01,True
TXN000003736,1969.11,1034.9099999999999,4.0,2,STR0007,REG006,ASC000255,CUST00000129,2026-04-22 16:23:00,SALE,Store,Completed,POS_B,2026-04-22,True
TXN000003737,2569.95,1180.31,5.0,4,STR0022,REG003,ASC000124,CUST00001533,,SALE,Store,Completed,POS_A,,True
TXN000003739,1760.16,285.1600000000001,4.0,1,STR0009,REG015,ASC000167,,2026-05-09 01:19:00,SALE,Store,Completed,POS_C,2026-05-09,True
TXN000003745,3418.09,1916.7600000000002,7.0,2,STR0006,REG006,ASC000089,CUST00001767,2026-05-03 03:17:00,SALE,Pickup,Completed,POS_C,2026-05-03,True
TXN000003747,1905.3,384.54999999999995,5.0,1,STR0022,REG008,ASC000486,,,SALE,Pickup,Completed,POS_C,,True
TXN000003749,962.2,329.09000000000003,3.0,2,STR0020,REG014,ASC000137,CUST00000219,2026-04-18 02:41:00,SALE,Store,Completed,POS_C,2026-04-18,True
TXN000003753,248.73999999999998,14.669999999999977,2.0,2,STR0009,REG027,ASC000155,,2026-04-29 12:08:00,SALE,Pickup,Completed,POS_B,2026-04-29,False
TXN000003757,3854.3600000000006,1850.1100000000001,7.0,2,STR0006,REG007,ASC000449,CUST00000504,2026-04-21 18:26:00,SALE,Store,Completed,POS_C,2026-04-21,True
TXN000003760,162.35,-17.590000000000003,1.0,1,STR0018,REG012,ASC000365,,,SALE,Store,Completed,POS_B,,False
TXN000003761,187.59,-9.360000000000014,3.0,1,STR0022,REG026,ASC000251,CUST00000991,,SALE,Pickup,Completed,POS_B,,False
TXN000003765,4614.48,2330.3099999999995,8.0,2,STR0006,REG009,ASC000076,CUST00001777,2026-04-21 08:08:00,SALE,Store,Completed,POS_B,2026-04-21,True
TXN000003767,789.54,320.71999999999997,2.0,1,STR0003,REG005,ASC000355,CUST00001188,,SALE,Pickup,Completed,POS_C,,True
TXN000003768,458.95,102.83999999999997,4.0,3,STR0025,REG007,ASC000055,CUST00001372,,SALE,Store,Completed,POS_C,,False
TXN000003771,3572.35,1703.6,10.0,2,STR0023,REG008,ASC000487,CUST_BAD,,SALE,Pickup,Completed,POS_C,,True
TXN000003772,3500.14,1732.4399999999996,7.0,3,STR0024,REG018,ASC000377,CUST00001320,2026-05-12 11:52:00,SALE,Pickup,Completed,POS_A,2026-05-12,True
TXN000003773,6040.54,2977.8,11.0,3,STR0017,REG002,ASC000096,CUST00000133,2026-04-26 17:15:00,SALE,Store,Completed,POS_A,2026-04-26,True
TXN000003774,397.76,245.1,2.0,1,STR0015,REG023,ASC000054,CUST00000435,,SALE,Store,Completed,POS_A,,False
TXN000003776,4804.1900000000005,2303.4200000000005,6.0,2,STR0016,REG026,ASC000077,,,SALE,Store,Completed,POS_B,,True
TXN000003781,1020.3199999999999,161.26000000000005,3.0,2,STR0021,REG023,ASC000492,CUST00001354,,SALE,Pickup,Completed,POS_A,,True
TXN000003782,1353.89,610.2600000000002,6.0,3,STR0021,REG008,ASC000492,CUST00001472,2026-05-29 20:52:00,SALE,Pickup,Completed,POS_B,2026-05-29,True
TXN000003783,1351.14,696.86,2.0,2,STR0020,REG006,ASC000211,CUST00000596,2026-04-15 20:58:00,SALE,Store,Completed,POS_C,2026-04-15,True
TXN000003784,2322.9700000000003,993.95,15.0,4,STR0017,REG005,ASC000429,CUST00001280,2026-04-27 10:02:00,SALE,Store,Completed,POS_A,2026-04-27,True
TXN000003785,5427.41,2792.3599999999997,10.0,3,STR0025,REG002,ASC000420,CUST00001474,2026-05-25 02:13:00,SALE,Pickup,Completed,POS_B,2026-05-25,True
TXN000003786,1576.9,917.5600000000001,2.0,1,STR0022,REG023,ASC000497,CUST00001396,,SALE,Pickup,Completed,POS_C,,True
TXN000003787,3369.74,1701.1999999999998,7.0,3,STR0005,REG020,ASC000343,CUST00000700,2026-05-29 16:50:00,SALE,Store,Completed,POS_B,2026-05-29,True
TXN000003791,2008.55,431.79999999999995,5.0,1,STR0015,REG009,ASC000054,CUST00000999,2026-04-30 14:39:00,SALE,Pickup,Completed,POS_A,2026-04-30,True
TXN000003793,4187.25,1860.43,7.0,3,STR0016,REG024,ASC000172,CUST00000230,,SALE,Pickup,Completed,POS_C,,True
TXN000003795,603.73,165.26,6.0,3,STR0006,REG028,ASC000107,CUST00001514,,SALE,Store,Completed,POS_B,,True
TXN000003800,1949.5,574.94,4.0,2,STR0020,REG001,ASC000183,CUST00000790,2026-05-10 15:25:00,SALE,Store,Completed,POS_B,2026-05-10,True
TXN000003807,1363.8899999999999,507.92999999999995,3.0,2,STR0002,REG011,ASC000269,CUST00000146,2026-05-21 12:31:00,SALE,Pickup,Completed,POS_B,2026-05-21,True
TXN000003813,3471.67,1203.81,9.0,3,STR0008,REG014,ASC000159,CUST00000350,,SALE,Store,Completed,POS_B,,True
TXN000003815,4303.62,1418.2,7.0,2,STR0001,REG020,ASC000467,,2026-04-28 17:27:00,SALE,Store,Completed,POS_A,2026-04-28,True
TXN000003816,2230.0299999999997,155.06999999999982,8.0,4,STR0022,REG026,ASC000486,CUST00001702,,SALE,Store,Completed,POS_C,,True
TXN000003820,3073.6099999999997,1406.9499999999998,10.0,3,STR0023,REG010,ASC000410,,,SALE,Pickup,Completed,POS_B,,True
TXN000003823,2084.99,430.64999999999986,6.0,4,STR0001,REG001,ASC000041,CUST00000235,,SALE,Store,Completed,POS_A,,True
TXN000003826,2458.93,1231.8500000000001,8.0,4,STR0015,REG005,ASC000134,CUST00000755,2026-04-20 20:14:00,SALE,Pickup,Completed,POS_B,2026-04-20,True
TXN000003830,3108.1,1510.72,9.0,4,STR0005,REG001,ASC000480,,,SALE,Store,Completed,POS_A,,True
TXN000003842,5365.13,2935.7400000000002,10.0,3,STR0020,REG027,ASC000466,CUST00001709,2026-05-23 10:40:00,SALE,Store,Completed,POS_A,2026-05-23,True
TXN000003843,3799.3,1336.8300000000002,13.0,4,STR0005,REG007,ASC000015,CUST00000110,2026-04-01 15:40:00,SALE,Pickup,Completed,POS_C,2026-04-01,True
TXN000003844,1601.84,340.4399999999998,4.0,1,STR0011,REG014,ASC000136,CUST00001617,,SALE,Store,Completed,POS_A,,True
TXN000003846,9435.26,4452.96,14.0,4,STR0008,REG021,ASC000277,,2026-05-14 01:56:00,SALE,Store,Completed,POS_A,2026-05-14,True
TXN000003847,3125.62,1226.43,5.0,2,STR0019,REG022,ASC000292,,2026-04-10 20:14:00,SALE,Store,Completed,POS_B,2026-04-10,True
TXN000003852,3783.73,1811.2800000000002,8.0,4,STR0006,REG025,ASC000449,,2026-04-07 21:07:00,SALE,Store,Completed,POS_B,2026-04-07,True
TXN000003853,837.29,470.36999999999995,1.0,1,STR0014,REG027,ASC000494,CUST00000675,,SALE,Store,Completed,POS_B,,True
TXN000003855,3491.2,1944.3199999999997,4.0,1,STR0009,REG017,ASC000126,CUST00001420,,SALE,Store,Completed,POS_B,,True
TXN000003856,560.3000000000001,197.35000000000002,5.0,1,STR0022,REG004,ASC000278,CUST00000963,2026-05-12 12:15:00,SALE,Store,Completed,POS_B,2026-05-12,True
TXN000003862,1712.68,929.3800000000001,2.0,2,STR0019,REG023,ASC000356,CUST00001197,2026-05-15 10:04:00,SALE,Store,Completed,POS_C,2026-05-15,True
TXN000003865,3183.3999999999996,1190.5699999999997,6.0,2,STR0024,REG014,ASC000272,CUST00000328,,SALE,Store,Completed,POS_B,,True
TXN000003866,8624.58,4558.73,13.0,5,STR0007,REG002,ASC000022,,2026-04-09 20:46:00,SALE,Store,Completed,POS_C,2026-04-09,True
TXN000003867,498.5,93.23000000000005,3.0,2,STR0025,REG018,ASC000493,CUST00000024,,SALE,Store,Completed,POS_A,,False
TXN000003870,1041.96,300.68000000000006,4.0,1,STR0019,REG001,ASC000222,CUST00000151,,SALE,Pickup,Completed,POS_C,,True
TXN000003871,2065.7000000000003,996.8600000000001,8.0,3,STR0012,REG011,ASC000244,CUST00000162,2026-05-06 03:08:00,SALE,Pickup,Completed,POS_A,2026-05-06,True
TXN000003881,1233.83,726.3600000000001,2.0,2,STR0007,REG016,ASC000146,CUST00000392,,SALE,Store,Completed,POS_A,,True
TXN000003882,109.95,52.410000000000004,1.0,1,STR0020,REG024,ASC000109,CUST00001166,2026-05-25 08:32:00,SALE,Pickup,Completed,POS_C,2026-05-25,False
TXN000003887,2795.56,1159.69,12.0,5,STR0008,REG021,ASC000110,CUST00000906,,SALE,Store,Completed,POS_A,,True
TXN000003888,64.16,6.769999999999996,1.0,1,STR0002,REG019,ASC000483,CUST00000294,,SALE,Store,Completed,POS_C,,False
TXN000003902,968.21,545.3700000000001,1.0,1,STR0021,REG017,ASC000210,CUST00001679,,SALE,Store,Completed,POS_C,,True
TXN000003903,6650.33,2931.6800000000003,15.0,4,STR0011,REG020,ASC000123,CUST00000389,,SALE,Store,Completed,POS_B,,True
TXN000003904,1320.8000000000002,590.8200000000002,2.0,2,STR0005,REG015,ASC000015,,2026-04-17 07:08:00,SALE,Store,Completed,POS_A,2026-04-17,True
TXN000003906,2581.79,1554.01,7.0,3,STR0005,REG024,ASC000229,CUST00000832,,SALE,Store,Completed,POS_C,,True
TXN000003912,431.39,151.94,2.0,2,STR0002,REG006,ASC000114,CUST00001420,2026-04-25 00:03:00,SALE,Pickup,Completed,POS_C,2026-04-25,False
TXN000003916,1323.55,290.79,4.0,3,STR0009,REG019,ASC000362,CUST00001672,2026-04-24 10:08:00,SALE,Pickup,Completed,POS_C,2026-04-24,True
TXN000003917,324.84000000000003,101.70000000000005,3.0,1,STR0019,REG012,ASC000227,,,SALE,Store,Completed,POS_B,,False
TXN000003918,2760.37,1676.2099999999996,4.0,2,STR0015,REG020,ASC000438,CUST00000076,2026-05-29 13:06:00,SALE,Store,Completed,POS_B,2026-05-29,True
TXN000003919,1719.74,349.1400000000001,4.0,2,STR0022,REG005,ASC000419,CUST00000484,,SALE,Store,Completed,POS_B,,True
TXN000003922,1579.03,577.29,5.0,5,STR0017,REG015,ASC000429,,,SALE,Pickup,Completed,POS_A,,True
TXN000003923,3581.99,1492.78,10.0,6,STR0016,REG027,ASC000262,,2026-05-19 17:56:00,SALE,Store,Completed,POS_B,2026-05-19,True
TXN000003924,116.87,33.43000000000001,3.0,2,STR0016,REG016,ASC000267,CUST00000186,,SALE,Store,Completed,POS_B,,False
TXN000003925,2189.5200000000004,721.8300000000002,12.0,3,STR0003,REG002,ASC000249,,,SALE,Store,Completed,POS_C,,True
TXN000003929,1652.42,583.9699999999998,5.0,2,STR0002,REG021,ASC000253,,2026-04-03 10:09:00,SALE,Pickup,Completed,POS_C,2026-04-03,True
TXN000003931,1851.21,945.6699999999998,7.0,3,STR0003,REG028,ASC000264,CUST00000650,,SALE,Pickup,Completed,POS_A,,True
TXN000003932,1330.28,409.69999999999993,4.0,2,STR0014,REG027,ASC000444,CUST00001130,,SALE,Store,Completed,POS_B,,True
TXN000003933,2866.36,715.5899999999999,9.0,4,STR0008,REG003,ASC000257,CUST00001617,,SALE,Store,Completed,POS_B,,True
TXN000003934,6.64,-0.7200000000000006,1.0,1,STR0013,REG009,ASC000098,,2026-05-21 01:27:00,SALE,Pickup,Completed,POS_B,2026-05-21,False
TXN000003936,2412.69,485.5699999999998,9.0,3,STR0004,REG002,ASC000002,CUST00000103,,SALE,Store,Completed,POS_C,,True
TXN000003937,815.91,402.46999999999997,1.0,1,STR0012,REG006,ASC000116,CUST00000893,2026-05-17 09:43:00,SALE,Store,Completed,POS_C,2026-05-17,True
TXN000003939,940.03,421.30000000000007,3.0,3,STR0024,REG021,ASC000108,CUST00000298,2026-05-15 08:13:00,SALE,Store,Completed,POS_B,2026-05-15,True
TXN000003940,2113.1,1268.58,2.0,1,STR0005,REG005,ASC000063,CUST00000499,2026-04-25 06:22:00,SALE,Store,Completed,POS_C,2026-04-25,True
TXN000003943,5072.77,2287.79,15.0,5,STR0010,REG004,ASC000394,,,SALE,Store,Completed,POS_A,,True
TXN000003946,323.28,127.83999999999997,2.0,1,STR0008,REG001,ASC000176,CUST00000002,,SALE,Store,Completed,POS_C,,False
TXN000003948,6409.530000000001,2470.4000000000005,13.0,4,STR0012,REG018,ASC000209,,,SALE,Store,Completed,POS_A,,True
TXN000003949,756.05,144.82000000000002,4.0,3,STR0004,REG021,ASC000009,CUST00000600,2026-05-30 15:45:00,SALE,Pickup,Completed,POS_A,2026-05-30,True
TXN000003953,3005.76,821.0099999999999,7.0,2,STR0011,REG026,ASC000367,,2026-04-01 15:08:00,SALE,Store,Completed,POS_C,2026-04-01,True
TXN000003955,917.95,481.30000000000007,5.0,1,STR0014,REG021,ASC000293,,,SALE,Store,Completed,POS_B,,True
TXN000003960,2151.37,1065.15,7.0,3,STR0005,REG005,ASC000229,CUST00000366,,SALE,Store,Completed,POS_B,,True
TXN000003968,535.09,231.01,5.0,2,STR0001,REG005,ASC000299,CUST00001516,2026-04-26 18:23:00,SALE,Pickup,Completed,POS_B,2026-04-26,True
TXN000003971,1300.12,688.9199999999998,4.0,1,STR0021,REG023,ASC000450,CUST00001781,,SALE,Store,Completed,POS_A,,True
TXN000003975,1772.3899999999999,423.80999999999995,5.0,2,STR0001,REG011,ASC000006,CUST00000578,2026-05-11 21:05:00,SALE,Store,Completed,POS_A,2026-05-11,True
TXN000003976,1310.62,242.79000000000005,3.0,2,STR0015,REG009,ASC000003,CUST00001366,2026-05-29 12:05:00,SALE,Store,Completed,POS_A,2026-05-29,True
TXN000003981,326.52,164.58999999999997,1.0,1,STR0008,REG015,ASC_BAD,CUST00001414,2026-05-28 21:56:00,SALE,Pickup,Completed,POS_B,2026-05-28,False
TXN000003983,3125.16,1313.1000000000001,8.0,4,STR0017,REG016,ASC000096,CUST00001450,2026-05-06 19:06:00,SALE,Pickup,Completed,POS_C,2026-05-06,True
TXN000003986,2482.15,428.22000000000014,9.0,3,STR0005,REG021,ASC000044,CUST00001451,,SALE,Store,Completed,POS_A,,True
TXN000003987,1902.65,903.75,8.0,4,STR0002,REG025,ASC000304,CUST00001759,,SALE,Store,Completed,POS_C,,True
TXN000003992,6381.31,2848.7400000000002,10.0,4,STR0024,REG027,ASC000377,,2026-05-18 09:18:00,SALE,Pickup,Completed,POS_A,2026-05-18,True
TXN000003996,2646.47,1120.6,5.0,2,STR0019,REG001,ASC000488,,2026-04-22 05:06:00,SALE,Pickup,Completed,POS_B,2026-04-22,True
TXN000003999,2639.69,687.74,12.0,5,STR0011,REG018,ASC000049,,,SALE,Store,Completed,POS_C,,True
TXN000004002,550.49,168.08,2.0,2,STR0017,REG025,ASC000232,CUST00000148,,SALE,Store,Completed,POS_B,,True
TXN000004006,3449.5,1080.4899999999998,6.0,2,STR0012,REG026,ASC000214,,,SALE,Pickup,Completed,POS_B,,True
TXN000004011,3258.7799999999997,1882.36,4.0,2,STR0010,REG005,ASC000150,CUST00000120,,SALE,Pickup,Completed,POS_A,,True
TXN000004012,958.14,434.6,4.0,2,STR0006,REG021,ASC000052,CUST00000655,,SALE,Store,Completed,POS_A,,True
TXN000004014,1882.33,365.86999999999995,6.0,2,STR0022,REG001,ASC000131,CUST00001780,2026-05-30 18:12:00,SALE,Store,Completed,POS_C,2026-05-30,True
TXN000004015,4788.950000000001,2592.5,7.0,2,STR0016,REG006,ASC000077,,2026-04-09 01:26:00,SALE,Store,Completed,POS_B,2026-04-09,True
TXN000004016,175.1,62.599999999999994,1.0,1,STR0013,REG012,ASC000437,CUST00001456,2026-05-14 10:41:00,SALE,Store,Completed,POS_C,2026-05-14,False
TXN000004017,2030.2599999999998,1072.23,6.0,4,STR0024,REG008,ASC000108,CUST00000518,,SALE,Pickup,Completed,POS_A,,True
TXN000004018,2540.38,982.78,7.0,2,STR0019,REG024,ASC000370,,,SALE,Store,Completed,POS_C,,True
TXN000004020,5378.59,2629.05,7.0,4,STR0007,REG009,ASC000242,,2026-05-29 18:32:00,SALE,Store,Completed,POS_C,2026-05-29,True
TXN000004021,236.33,38.34,1.0,1,STR0016,REG028,ASC000404,,2026-04-19 13:02:00,SALE,Pickup,Completed,POS_A,2026-04-19,False
TXN000004024,553.84,338.64000000000004,2.0,1,STR0010,REG005,ASC000104,CUST00000554,2026-04-15 06:36:00,SALE,Store,Completed,POS_C,2026-04-15,True
TXN000004025,5356.73,1940.45,13.0,6,STR0021,REG008,ASC000492,CUST00000627,,SALE,Store,Completed,POS_C,,True
TXN000004027,1685.56,552.92,8.0,3,STR0007,REG005,ASC000353,CUST00001788,,SALE,Pickup,Completed,POS_B,,True
TXN000004028,3659.89,1590.28,8.0,3,STR0020,REG012,ASC000175,,,SALE,Store,Completed,POS_A,,True
TXN000004029,421.48,219.58,2.0,1,STR0010,REG019,ASC000192,CUST00000174,,SALE,Pickup,Completed,POS_B,,False
TXN000004030,3205.9700000000003,1328.03,8.0,5,STR0007,REG003,ASC000318,CUST00000572,,SALE,Pickup,Completed,POS_C,,True
TXN000004031,491.02000000000004,254.31000000000003,2.0,2,STR0023,REG010,ASC000042,CUST00001064,2026-05-08 23:04:00,SALE,Store,Completed,POS_C,2026-05-08,False
TXN000004036,2768.08,1362.52,4.0,1,STR0021,REG028,ASC000489,CUST00001437,2026-04-08 00:01:00,SALE,Store,Completed,POS_B,2026-04-08,True
TXN000004037,3342.2,1380.0699999999997,8.0,2,STR0012,REG019,ASC000069,CUST00000622,2026-04-13 11:38:00,SALE,Pickup,Completed,POS_C,2026-04-13,True
TXN000004038,979.44,167.69000000000003,4.0,4,STR0017,REG005,ASC000330,,,SALE,Store,Completed,POS_A,,True
TXN000004039,558.45,301.48,1.0,1,STR0009,REG009,ASC000445,CUST00001472,,SALE,Store,Completed,POS_B,,True
TXN000004042,2230.59,911.0699999999999,4.0,2,STR0002,REG006,ASC000011,,,SALE,Pickup,Completed,POS_C,,True
TXN000004044,96.34,4.579999999999998,2.0,1,STR0007,REG024,ASC000228,CUST00000704,2026-05-26 20:22:00,SALE,Store,Completed,POS_B,2026-05-26,False
TXN000004049,1576.54,679.95,3.0,3,STR0004,REG026,ASC000275,,,SALE,Pickup,Completed,POS_A,,True
TXN000004052,3111.48,749.3900000000002,9.0,3,STR0018,REG010,ASC000476,,,SALE,Pickup,Completed,POS_B,,True
TXN000004054,3354.06,1303.4900000000002,8.0,4,STR0015,REG012,ASC000375,,2026-04-13 21:20:00,SALE,Store,Completed,POS_B,2026-04-13,True
TXN000004057,2049.73,693.4199999999998,4.0,3,STR0007,REG010,ASC000198,CUST00001402,,SALE,Store,Completed,POS_C,,True
TXN000004058,5099.3099999999995,2014.73,10.0,3,STR0015,REG012,ASC000438,CUST00001025,,SALE,Store,Completed,POS_B,,True
TXN000004062,4038.1800000000003,1094.2000000000003,8.0,3,STR0002,REG015,ASC000332,,2026-05-26 08:42:00,SALE,Store,Completed,POS_A,2026-05-26,True
TXN000004063,5043.11,2695.09,7.0,2,STR0014,REG025,ASC000241,CUST00001437,2026-05-22 19:47:00,SALE,Pickup,Completed,POS_C,2026-05-22,True
TXN000004064,250.52,20.580000000000013,1.0,1,STR0005,REG003,ASC000397,CUST00001510,2026-04-04 03:28:00,SALE,Pickup,Completed,POS_C,2026-04-04,False
TXN000004065,1425.8899999999999,620.47,5.0,3,STR0002,REG005,ASC000253,CUST00001595,2026-05-25 15:36:00,SALE,Store,Completed,POS_A,2026-05-25,True
TXN000004066,3102.24,1054.3600000000001,11.0,4,STR0014,REG008,ASC000202,CUST00000474,,SALE,Pickup,Completed,POS_A,,True
TXN000004070,2461.54,744.62,8.0,5,STR0022,REG013,ASC000486,CUST00000426,,SALE,Store,Completed,POS_A,,True
TXN000004071,1184.23,622.13,2.0,2,STR0004,REG001,ASC000154,CUST00000965,,SALE,Store,Completed,POS_B,,True
TXN000004073,1092.0,438.54,4.0,2,STR0009,REG027,ASC000349,,,SALE,Store,Completed,POS_A,,True
TXN000004074,2654.37,1279.74,5.0,2,STR0004,REG014,ASC000275,CUST00001229,2026-05-13 11:05:00,SALE,Pickup,Completed,POS_A,2026-05-13,True
TXN000004075,1175.46,188.15999999999997,3.0,1,STR0016,REG016,ASC000112,,,SALE,Store,Completed,POS_B,,True
TXN000004080,710.22,321.98,3.0,3,STR0008,REG005,ASC000103,CUST00000428,2026-05-09 04:49:00,SALE,Pickup,Completed,POS_C,2026-05-09,True
TXN000004083,6676.34,2745.0499999999997,11.0,4,STR0017,REG015,ASC000330,,2026-05-26 08:45:00,SALE,Pickup,Completed,POS_A,2026-05-26,True
TXN000004085,314.02,129.79999999999998,1.0,1,STR0011,REG009,ASC000012,,,SALE,Store,Completed,POS_C,,False
TXN000004086,884.25,46.60000000000002,5.0,2,STR0011,REG014,ASC000177,CUST00000772,2026-05-12 20:33:00,SALE,Pickup,Completed,POS_C,2026-05-12,True
TXN000004088,2419.12,1326.32,8.0,2,STR0003,REG021,ASC000374,,2026-04-23 11:32:00,SALE,Pickup,Completed,POS_B,2026-04-23,True
TXN000004091,739.88,353.15999999999997,1.0,1,STR0024,REG018,ASC000373,CUST00001304,,SALE,Store,Completed,POS_B,,True
TXN000004095,3947.8599999999997,2354.3399999999997,6.0,2,STR0009,REG004,ASC000178,CUST00001150,,SALE,Pickup,Completed,POS_B,,True
TXN000004097,5107.61,2675.81,12.0,5,STR0003,REG004,ASC000249,CUST00000893,,SALE,Store,Completed,POS_C,,True
TXN000004099,222.99,61.49000000000001,1.0,1,STR0016,REG028,ASC000105,CUST00000606,2026-05-10 11:55:00,SALE,Pickup,Completed,POS_A,2026-05-10,False
TXN000004102,1623.84,670.9999999999999,4.0,2,STR0018,REG008,ASC000470,CUST00001549,,SALE,Pickup,Completed,POS_A,,True
TXN000004106,3426.5499999999997,1878.8999999999999,5.0,1,STR0019,REG024,ASC000495,,2026-05-16 15:42:00,SALE,Pickup,Completed,POS_C,2026-05-16,True
TXN000004109,818.56,357.91999999999996,2.0,1,STR0005,REG001,ASC000044,CUST00000601,2026-04-19 13:39:00,SALE,Pickup,Completed,POS_A,2026-04-19,True
TXN000004112,313.98,73.68000000000004,3.0,1,STR0005,REG001,ASC000161,,,SALE,Pickup,Completed,POS_A,,False
TXN000004113,1334.1399999999999,422.90999999999997,5.0,3,STR0025,REG014,ASC000465,CUST00000638,2026-05-28 00:20:00,SALE,Store,Completed,POS_C,2026-05-28,True
TXN000004114,1935.94,1094.9700000000003,3.0,2,STR0002,REG001,ASC000304,CUST00000104,2026-05-24 19:49:00,SALE,Pickup,Completed,POS_C,2026-05-24,True
TXN000004116,1441.32,272.38,5.0,2,STR0011,REG013,ASC000399,CUST00001719,2026-04-05 01:01:00,SALE,Store,Completed,POS_B,2026-04-05,True
TXN000004120,2267.6800000000003,959.0700000000002,6.0,4,STR0018,REG003,ASC000427,CUST00000145,,SALE,Store,Completed,POS_C,,True
TXN000004123,280.56,24.360000000000014,4.0,1,STR0005,REG005,ASC000015,,,SALE,Pickup,Completed,POS_A,,False
TXN000004124,678.01,393.28,1.0,1,STR0001,REG024,ASC000035,CUST00000363,,SALE,Store,Completed,POS_B,,True
TXN000004125,507.34000000000003,218.22,4.0,2,STR0005,REG005,ASC000473,CUST00001752,2026-05-08 08:45:00,SALE,Store,Completed,POS_A,2026-05-08,True
TXN000004126,3200.26,1232.0099999999998,9.0,4,STR0006,REG022,ASC000310,CUST00000215,,SALE,Store,Completed,POS_B,,True
TXN000004131,3764.1500000000005,1677.8900000000003,13.0,3,STR0007,REG027,ASC000168,CUST00000622,2026-04-10 08:27:00,SALE,Store,Completed,POS_C,2026-04-10,True
TXN000004134,2447.1,947.4999999999998,5.0,1,STR0024,REG017,ASC000373,CUST00000373,2026-05-16 18:20:00,SALE,Store,Completed,POS_C,2026-05-16,True
TXN000004135,2150.23,704.95,9.0,4,STR0020,REG026,ASC000040,CUST00000202,2026-05-30 12:18:00,SALE,Store,Completed,POS_A,2026-05-30,True
TXN000004136,830.0699999999999,-56.190000000000055,3.0,1,STR0001,REG012,ASC000299,CUST00000521,,SALE,Pickup,Completed,POS_A,,True
TXN000004142,3150.33,1635.5700000000002,5.0,2,STR0023,REG018,ASC000312,,2026-04-07 21:12:00,SALE,Pickup,Completed,POS_A,2026-04-07,True
TXN000004143,2550.0299999999997,1033.53,7.0,3,STR0024,REG020,ASC000289,CUST00001616,2026-04-29 09:39:00,SALE,Pickup,Completed,POS_A,2026-04-29,True
TXN000004144,2617.0699999999997,439.1699999999995,6.0,2,STR0014,REG001,ASC000241,CUST00001790,2026-04-12 15:25:00,SALE,Pickup,Completed,POS_A,2026-04-12,True
TXN000004145,490.8,257.59000000000003,1.0,1,STR0016,REG028,ASC000315,CUST00000601,2026-04-04 19:40:00,SALE,Store,Completed,POS_B,2026-04-04,False
TXN000004150,564.74,306.58,2.0,1,STR0012,REG023,ASC000005,CUST00001463,,SALE,Pickup,Completed,POS_B,,True
TXN000004151,588.75,270.66999999999996,3.0,2,STR0008,REG012,ASC000176,,,SALE,Store,Completed,POS_A,,True
TXN000004152,1905.0700000000002,1035.53,8.0,4,STR0023,REG011,ASC000276,CUST00001058,2026-04-15 22:43:00,SALE,Store,Completed,POS_A,2026-04-15,True
TXN000004154,3368.14,1929.48,6.0,2,STR0014,REG011,ASC000469,CUST00001502,2026-04-13 22:15:00,SALE,Pickup,Completed,POS_C,2026-04-13,True
TXN000004159,2309.3599999999997,1195.92,6.0,2,STR0015,REG006,ASC000415,CUST00001115,,SALE,Pickup,Completed,POS_B,,True
TXN000004161,1938.75,1043.9,5.0,1,STR0002,REG001,ASC000253,CUST00001076,,SALE,Store,Completed,POS_B,,True
TXN000004164,811.8199999999999,204.52999999999997,2.0,2,STR0014,REG013,ASC000385,CUST00000357,2026-05-14 23:53:00,SALE,Store,Completed,POS_C,2026-05-14,True
TXN000004165,1734.41,730.9300000000001,9.0,3,STR0018,REG007,ASC000127,,2026-05-18 00:20:00,SALE,Store,Completed,POS_C,2026-05-18,True
TXN000004167,2879.51,942.1000000000001,6.0,3,STR0009,REG026,ASC000258,CUST00000254,2026-05-05 22:44:00,SALE,Store,Completed,POS_C,2026-05-05,True
TXN000004171,961.8,116.01999999999995,5.0,3,STR0011,REG021,ASC000447,CUST00000851,,SALE,Store,Completed,POS_C,,True
TXN000004172,1434.44,453.53000000000003,6.0,4,STR0004,REG006,ASC000074,CUST00000790,,SALE,Pickup,Completed,POS_B,,True
TXN000004174,2312.42,872.06,8.0,3,STR0001,REG022,ASC000037,CUST00000486,2026-05-03 09:34:00,SALE,Store,Completed,POS_A,2026-05-03,True
TXN000004178,3733.1800000000003,1980.1900000000005,6.0,4,STR0014,REG026,ASC000385,CUST00001458,,SALE,Store,Completed,POS_C,,True
TXN000004179,3073.52,1744.8799999999999,4.0,1,STR0019,REG028,ASC000142,CUST00001627,,SALE,Store,Completed,POS_A,,True
TXN000004181,1543.52,483.13999999999993,7.0,3,STR0021,REG017,ASC000234,,,SALE,Store,Completed,POS_B,,True
TXN000004185,2871.05,1432.2,9.0,2,STR0023,REG018,ASC000410,CUST00000078,2026-04-01 08:09:00,SALE,Store,Completed,POS_A,2026-04-01,True
TXN000004190,440.41,203.11,1.0,1,STR0019,REG023,ASC000222,,,SALE,Pickup,Completed,POS_B,,False
TXN000004193,3150.14,1025.8799999999999,9.0,2,STR0001,REG017,ASC000307,,2026-04-26 04:21:00,SALE,Store,Completed,POS_C,2026-04-26,True
TXN000004195,1742.0600000000002,442.2900000000001,7.0,2,STR0025,REG023,ASC000457,CUST00001415,,SALE,Pickup,Completed,POS_C,,True
TXN000004199,757.25,338.95000000000005,5.0,1,STR0017,REG028,ASC000351,CUST00001011,2026-04-17 06:28:00,SALE,Pickup,Completed,POS_B,2026-04-17,True
TXN000004200,5719.110000000001,2638.67,15.0,4,STR0017,REG007,ASC000436,CUST00001274,2026-05-18 01:17:00,SALE,Store,Completed,POS_B,2026-05-18,True
TXN000004205,1476.51,274.80999999999995,4.0,2,STR0010,REG004,ASC000064,,2026-04-19 06:57:00,SALE,Store,Completed,POS_A,2026-04-19,True
TXN000004206,741.37,427.32,1.0,1,STR0008,REG010,ASC000392,CUST00001714,2026-04-17 01:59:00,SALE,Store,Completed,POS_A,2026-04-17,True
TXN000004207,2039.1599999999999,-107.88000000000005,7.0,2,STR0003,REG022,ASC000067,,,SALE,Store,Completed,POS_C,,True
TXN000004210,952.2,589.3600000000001,4.0,1,STR0024,REG016,ASC000225,CUST00000380,,SALE,Store,Completed,POS_A,,True
TXN000004212,1248.6,624.7,3.0,2,STR0001,REG023,ASC000037,CUST00001375,2026-04-22 16:48:00,SALE,Store,Completed,POS_C,2026-04-22,True
TXN000004213,5924.49,3223.34,10.0,3,STR0010,REG027,ASC000070,CUST00001609,2026-05-10 02:19:00,SALE,Pickup,Completed,POS_B,2026-05-10,True
TXN000004220,2611.33,1223.8299999999997,10.0,4,STR0024,REG025,ASC000289,CUST00000362,2026-04-14 07:12:00,SALE,Store,Completed,POS_A,2026-04-14,True
TXN000004225,2474.66,1292.18,3.0,2,STR0012,REG004,ASC000194,CUST00000108,,SALE,Store,Completed,POS_A,,True
TXN000004227,670.9,321.97999999999996,1.0,1,STR0015,REG013,ASC000029,,2026-04-11 03:56:00,SALE,Pickup,Completed,POS_B,2026-04-11,True
TXN000004228,364.8,122.87,4.0,2,STR0021,REG001,ASC000336,CUST00001123,2026-04-22 13:54:00,SALE,Pickup,Completed,POS_A,2026-04-22,False
TXN000004229,1709.1299999999999,365.4999999999999,6.0,2,STR0008,REG009,ASC000458,,,SALE,Pickup,Completed,POS_B,,True
TXN000004231,782.76,424.07000000000005,3.0,3,STR0017,REG002,ASC000001,CUST00001702,,SALE,Store,Completed,POS_C,,True
TXN000004232,783.64,125.43999999999994,2.0,1,STR0012,REG021,ASC000333,,,SALE,Store,Completed,POS_C,,True
TXN000004237,206.99,118.67000000000002,1.0,1,STR0013,REG011,ASC000149,,,SALE,Store,Completed,POS_A,,False
TXN000004239,6544.95,2779.63,12.0,5,STR0016,REG002,ASC000152,,2026-05-18 09:39:00,SALE,Pickup,Completed,POS_B,2026-05-18,True
TXN000004242,1063.65,637.6899999999999,3.0,3,STR0011,REG006,ASC000136,CUST00000003,2026-04-12 19:30:00,SALE,Store,Completed,POS_A,2026-04-12,True
TXN000004243,809.62,313.88,3.0,3,STR0018,REG010,ASC000451,CUST00000014,,SALE,Store,Completed,POS_C,,True
TXN000004246,1757.79,605.97,8.0,4,STR0018,REG010,ASC000470,CUST00001590,2026-04-11 02:11:00,SALE,Pickup,Completed,POS_A,2026-04-11,True
TXN000004247,1910.38,768.3700000000001,3.0,1,STR0015,REG012,ASC000415,,,SALE,Store,Completed,POS_A,,True
TXN000004249,417.22,77.89000000000004,1.0,1,STR0005,REG002,ASC000442,CUST00001156,,SALE,Store,Completed,POS_C,,False
TXN000004250,301.61,122.99000000000001,1.0,1,STR0013,REG004,ASC000163,,2026-05-26 10:37:00,SALE,Pickup,Completed,POS_A,2026-05-26,False
TXN000004254,306.56,135.78,2.0,1,STR0002,REG008,ASC000269,,,SALE,Store,Completed,POS_B,,False
TXN000004256,8991.300000000001,5009.400000000001,13.0,6,STR0017,REG007,ASC000250,CUST00000979,,SALE,Pickup,Completed,POS_A,,True
TXN000004259,530.25,77.81000000000003,3.0,2,STR0009,REG026,ASC000362,CUST00001228,,SALE,Store,Completed,POS_B,,True
TXN000004260,4879.35,2508.9799999999996,12.0,3,STR0023,REG006,ASC000324,,2026-05-05 06:38:00,SALE,Store,Completed,POS_C,2026-05-05,True
TXN000004262,2176.89,812.5299999999999,7.0,2,STR0019,REG011,ASC000279,CUST00001524,2026-05-02 01:54:00,SALE,Store,Completed,POS_B,2026-05-02,True
TXN000004263,3121.6099999999997,1531.94,6.0,3,STR0023,REG020,ASC000363,CUST00000221,2026-05-31 12:48:00,SALE,Store,Completed,POS_A,2026-05-31,True
TXN000004264,1844.56,929.22,3.0,2,STR0004,REG008,ASC000240,CUST00001638,2026-05-08 07:11:00,SALE,Pickup,Completed,POS_B,2026-05-08,True
TXN000004265,2974.0699999999997,608.43,8.0,5,STR0019,REG013,ASC000477,CUST00001754,2026-05-29 10:34:00,SALE,Store,Completed,POS_A,2026-05-29,True
TXN000004268,2541.4700000000003,1151.8899999999999,7.0,2,STR0016,REG012,ASC000105,,,SALE,Store,Completed,POS_A,,True
TXN000004269,1202.82,210.3399999999999,4.0,2,STR0002,REG009,ASC000332,,2026-04-02 05:33:00,SALE,Store,Completed,POS_B,2026-04-02,True
TXN000004270,1940.68,563.42,9.0,3,STR0020,REG009,ASC000109,CUST00000550,2026-05-26 13:52:00,SALE,Pickup,Completed,POS_A,2026-05-26,True
TXN000004273,2603.71,370.9699999999999,8.0,3,STR0018,REG023,ASC000199,CUST00001792,,SALE,Store,Completed,POS_A,,True
TXN000004274,1071.1100000000001,496.17,8.0,2,STR0018,REG025,ASC000017,,,SALE,Store,Completed,POS_B,,True
TXN000004276,488.49,232.32,3.0,1,STR0004,REG013,ASC000062,CUST00000675,,SALE,Store,Completed,POS_B,,False
TXN000004279,4628.92,2655.44,12.0,3,STR_UNKNOWN,REG018,ASC000069,CUST00000100,,SALE,Pickup,Completed,POS_B,,True
TXN000004280,945.7099999999999,233.44,9.0,4,STR0018,REG002,ASC000427,CUST00001617,2026-05-24 04:43:00,SALE,Store,Completed,POS_C,2026-05-24,True
TXN000004281,3848.35,772.5999999999997,10.0,2,STR0020,REG020,ASC000211,CUST00000495,,SALE,Store,Completed,POS_C,,True
TXN000004284,143.85,32.41,1.0,1,STR0016,REG007,ASC000077,CUST00001227,2026-04-23 18:05:00,SALE,Store,Completed,POS_A,2026-04-23,False
TXN000004288,245.89,9.519999999999982,1.0,1,STR0002,REG022,ASC000011,CUST00000974,,SALE,Store,Completed,POS_A,,False
TXN000004291,3634.06,1250.82,13.0,5,STR0013,REG006,ASC000422,CUST00000530,,SALE,Store,Completed,POS_A,,True
TXN000004293,4737.76,2551.2400000000007,7.0,2,STR0025,REG006,ASC000465,CUST00000604,2026-04-11 15:56:00,SALE,Store,Completed,POS_C,2026-04-11,True
TXN000004297,814.2,366.3,4.0,2,STR0016,REG008,ASC000283,CUST00001267,2026-04-20 08:08:00,SALE,Store,Completed,POS_C,2026-04-20,True
TXN000004300,598.79,311.87,5.0,2,STR0021,REG006,ASC000492,,,SALE,Store,Completed,POS_B,,True
TXN000004301,4232.18,1881.5000000000002,9.0,4,STR0016,REG014,ASC000158,CUST00001188,2026-04-22 15:45:00,SALE,Store,Completed,POS_A,2026-04-22,True
TXN000004304,3116.8199999999997,903.04,18.0,5,STR0007,REG024,ASC000364,,,SALE,Store,Completed,POS_C,,True
TXN000004305,1900.6100000000001,934.02,8.0,5,STR0022,REG006,ASC000419,CUST00000598,2026-04-10 13:28:00,SALE,Store,Completed,POS_A,2026-04-10,True
TXN000004306,369.82,169.29999999999998,1.0,1,STR0022,REG027,ASC000219,CUST00001137,,SALE,Store,Completed,POS_A,,False
TXN000004308,2994.33,1410.6999999999996,5.0,2,STR0010,REG020,ASC000396,CUST00000166,2026-05-31 04:27:00,SALE,Store,Completed,POS_A,2026-05-31,True
TXN000004312,2884.3,1130.8000000000002,5.0,1,STR0004,REG008,ASC000287,CUST00001308,2026-05-15 00:48:00,SALE,Store,Completed,POS_C,2026-05-15,True
TXN000004314,1733.86,893.9599999999999,8.0,4,STR0015,REG021,ASC000080,,,SALE,Store,Completed,POS_C,,True
TXN000004315,1409.75,299.74000000000007,3.0,2,STR0020,REG013,ASC000040,CUST00001375,,SALE,Store,Completed,POS_A,,True
TXN000004317,1848.08,683.0,4.0,1,STR0001,REG019,ASC000254,CUST00000740,2026-04-11 07:40:00,SALE,Pickup,Completed,POS_C,2026-04-11,True
TXN000004320,171.72,56.629999999999995,1.0,1,STR0002,REG004,ASC000301,CUST00000446,,SALE,Store,Completed,POS_C,,False
TXN000004323,4651.38,1988.7099999999998,13.0,6,STR0018,REG028,ASC000430,CUST00001151,2026-04-04 01:45:00,SALE,Pickup,Completed,POS_A,2026-04-04,True
TXN000004325,5823.17,2467.3599999999997,12.0,5,STR0024,REG020,ASC000418,CUST00000028,2026-05-18 01:45:00,SALE,Store,Completed,POS_B,2026-05-18,True
TXN000004328,2888.3900000000003,603.1500000000002,9.0,2,STR0002,REG017,ASC000483,CUST00000018,,SALE,Store,Completed,POS_C,,True
TXN000004331,233.3,-3.069999999999993,1.0,1,STR0016,REG024,ASC000273,CUST00000505,,SALE,Store,Completed,POS_C,,False
TXN000004333,2260.46,1272.82,6.0,2,STR0015,REG013,ASC000078,CUST00001737,2026-04-15 11:02:00,SALE,Store,Completed,POS_C,2026-04-15,True
TXN000004337,1374.1399999999999,661.46,3.0,3,STR0007,REG010,ASC000079,,2026-05-02 12:55:00,SALE,Store,Completed,POS_B,2026-05-02,True
TXN000004338,237.99,36.059999999999995,3.0,2,STR0023,REG004,ASC000061,CUST00001799,,SALE,Store,Completed,POS_B,,False
TXN000004340,436.28,269.8,4.0,2,STR0023,REG010,ASC000236,CUST00000996,,SALE,Store,Completed,POS_B,,False
TXN000004345,3311.68,1229.0499999999997,9.0,3,STR0006,REG013,ASC000256,CUST00001625,,SALE,Store,Completed,POS_A,,True
TXN000004350,348.82,174.16,2.0,1,STR0011,REG003,ASC000367,CUST00001231,2026-04-07 06:21:00,SALE,Store,Completed,POS_A,2026-04-07,False
TXN000004351,390.81,146.1,4.0,2,STR0006,REG004,ASC000243,,,SALE,Store,Completed,POS_C,,False
TXN000004352,779.56,362.67999999999995,2.0,1,STR0022,REG012,ASC000278,CUST00000116,2026-04-17 12:29:00,SALE,Store,Completed,POS_C,2026-04-17,True
TXN000004353,3411.27,1598.35,9.0,4,STR0015,REG024,ASC000003,CUST00000287,,SALE,Store,Completed,POS_B,,True
TXN000004357,1603.6799999999998,605.5799999999999,4.0,2,STR0018,REG025,ASC000157,CUST00001535,,SALE,Pickup,Completed,POS_A,,True
TXN000004361,1663.4,275.04999999999995,11.0,3,STR0019,REG022,ASC000477,CUST00000507,,SALE,Pickup,Completed,POS_A,,True
TXN000004363,2184.06,1253.56,15.0,4,STR0016,REG012,ASC000100,CUST00001131,,SALE,Pickup,Completed,POS_B,,True
TXN000004365,3557.55,1473.3,8.0,4,STR0017,REG010,ASC000221,,,SALE,Store,Completed,POS_B,,True
TXN000004368,1965.0,855.7900000000001,4.0,2,STR0020,REG026,ASC000195,,,SALE,Pickup,Completed,POS_C,,True
TXN000004369,5380.01,2551.59,9.0,2,STR0016,REG015,ASC000172,CUST00000641,,SALE,Store,Completed,POS_C,,True
TXN000004374,828.32,331.4800000000001,2.0,1,STR0023,REG014,ASC000088,CUST00001413,2026-04-24 18:52:00,SALE,Store,Completed,POS_C,2026-04-24,True
TXN000004381,2245.77,683.03,5.0,2,STR0004,REG018,ASC000471,CUST00001541,,SALE,Pickup,Completed,POS_C,,True
TXN000004385,2288.25,1123.47,3.0,1,STR0011,REG020,ASC000300,,2026-05-06 13:15:00,SALE,Store,Completed,POS_C,2026-05-06,True
TXN000004386,821.4200000000001,376.49,5.0,2,STR0004,REG021,ASC000085,CUST00000945,,SALE,Store,Completed,POS_B,,True
TXN000004387,586.63,303.03999999999996,3.0,1,STR0019,REG001,ASC000462,CUST00000570,,SALE,Pickup,Completed,POS_C,,True
TXN000004388,3645.09,1188.68,6.0,2,STR0017,REG003,ASC000001,CUST00000851,,SALE,Store,Completed,POS_B,,True
TXN000004390,5419.12,2919.6399999999994,8.0,3,STR0006,REG003,ASC000391,CUST00001399,,SALE,Store,Completed,POS_B,,True
TXN000004391,348.98,170.01000000000002,1.0,1,STR0023,REG010,ASC000236,CUST00000467,2026-05-12 09:44:00,SALE,Store,Completed,POS_C,2026-05-12,False
TXN000004392,2667.24,1249.3399999999997,6.0,2,STR0016,REG021,ASC000283,CUST00001322,2026-04-11 08:55:00,SALE,Store,Completed,POS_C,2026-04-11,True
TXN000004394,3236.3700000000003,1552.0500000000002,5.0,2,STR0016,REG002,ASC000262,,,SALE,Pickup,Completed,POS_B,,True
TXN000004395,3089.8599999999997,1248.08,5.0,4,STR0007,REG007,ASC000198,,,SALE,Store,Completed,POS_A,,True
TXN000004396,2184.48,945.52,4.0,1,STR0012,REG014,ASC000092,CUST00001220,2026-05-11 15:05:00,SALE,Store,Completed,POS_C,2026-05-11,True
TXN000004398,428.81,92.95,2.0,2,STR0005,REG023,ASC000343,CUST00000510,,SALE,Store,Completed,POS_C,,False
TXN000004400,3287.7400000000002,1782.9,6.0,3,STR0019,REG016,ASC000260,CUST00001072,2026-04-03 16:39:00,SALE,Store,Completed,POS_A,2026-04-03,True
TXN000004402,7819.15,2563.37,15.0,4,STR0012,REG002,ASC000043,CUST00001723,2026-04-05 18:54:00,SALE,Store,Completed,POS_B,2026-04-05,True
TXN000004404,1875.44,924.42,4.0,2,STR0025,REG028,ASC000213,CUST00001497,2026-05-25 10:16:00,SALE,Store,Completed,POS_C,2026-05-25,True
TXN000004409,999.42,536.69,2.0,2,STR0007,REG028,ASC000474,CUST00001670,2026-04-24 23:56:00,SALE,Pickup,Completed,POS_A,2026-04-24,True
TXN000004411,1882.21,557.6800000000001,3.0,1,STR0023,REG012,ASC000018,CUST00000534,,SALE,Pickup,Completed,POS_C,,True
TXN000004414,4507.66,2477.55,13.0,5,STR0014,REG024,ASC000247,CUST00001512,,SALE,Pickup,Completed,POS_A,,True
TXN000004415,2142.68,1076.24,4.0,3,STR0014,REG002,ASC000411,CUST00001620,2026-04-11 20:25:00,SALE,Store,Completed,POS_B,2026-04-11,True
TXN000004416,3943.9700000000003,1811.5,6.0,2,STR0016,REG022,ASC000152,CUST00001730,2026-05-12 10:54:00,SALE,Pickup,Completed,POS_C,2026-05-12,True
TXN000004417,550.77,288.78,3.0,1,STR0021,REG018,ASC000101,,2026-04-02 08:15:00,SALE,Store,Completed,POS_B,2026-04-02,True
TXN000004418,2916.45,1542.3200000000002,5.0,3,STR0001,REG005,ASC000308,,2026-05-02 07:19:00,SALE,Store,Completed,POS_A,2026-05-02,True
TXN000004419,4546.22,2438.8900000000003,6.0,4,STR0017,REG019,ASC000389,CUST00000438,,SALE,Pickup,Completed,POS_A,,True
TXN000004424,398.25,61.98000000000002,1.0,1,STR0005,REG015,ASC000044,,2026-04-02 15:01:00,SALE,Store,Completed,POS_B,2026-04-02,False
TXN000004426,1689.88,753.31,6.0,4,STR0020,REG014,ASC000466,CUST00001788,,SALE,Pickup,Completed,POS_A,,True
TXN000004428,434.33,194.35999999999999,1.0,1,STR0014,REG009,ASC000046,CUST00001001,2026-05-28 21:24:00,SALE,Store,Completed,POS_B,2026-05-28,False
TXN000004430,1685.32,887.76,4.0,1,STR0019,REG013,ASC000370,CUST00000296,,SALE,Store,Completed,POS_B,,True
TXN000004431,314.02,129.79999999999998,1.0,1,STR0016,REG021,ASC000404,CUST00000194,2026-05-31 20:58:00,SALE,Pickup,Completed,POS_B,2026-05-31,False
TXN000004432,992.5699999999999,509.79999999999995,3.0,2,STR0014,REG014,ASC000444,CUST00001783,2026-04-11 18:57:00,SALE,Pickup,Completed,POS_C,2026-04-11,True
TXN000004435,2951.36,338.9900000000003,10.0,3,STR0021,REG014,ASC000484,CUST00000276,2026-04-16 15:45:00,SALE,Store,Completed,POS_A,2026-04-16,True
TXN000004436,4503.16,2518.82,5.0,2,STR0019,REG013,ASC000147,CUST00000909,,SALE,Pickup,Completed,POS_A,,True
TXN000004437,794.74,210.52999999999997,3.0,3,STR0007,REG011,ASC000474,CUST00000742,2026-04-23 11:44:00,SALE,Pickup,Completed,POS_A,2026-04-23,True
TXN000004442,187.57,89.16,2.0,2,STR0003,REG012,ASC000028,CUST00001202,2026-04-05 21:59:00,SALE,Store,Completed,POS_C,2026-04-05,False
TXN000004444,1703.3899999999999,450.2,9.0,3,STR0006,REG006,ASC000089,CUST00000670,2026-05-07 07:46:00,SALE,Pickup,Completed,POS_A,2026-05-07,True
TXN000004448,1118.6,534.47,5.0,2,STR0006,REG003,ASC000156,CUST00000626,,SALE,Store,Completed,POS_C,,True
TXN000004455,1088.88,643.0300000000001,3.0,2,STR0009,REG020,ASC000126,,2026-04-23 19:27:00,SALE,Store,Completed,POS_B,2026-04-23,True
TXN000004456,2818.94,1253.6599999999999,8.0,4,STR0011,REG007,ASC_BAD,,,SALE,Pickup,Completed,POS_C,,True
TXN000004458,1728.16,710.6100000000001,9.0,4,STR0022,REG022,ASC000486,CUST00001552,2026-04-12 11:24:00,SALE,Store,Completed,POS_B,2026-04-12,True
TXN000004459,930.24,561.5799999999999,2.0,1,STR0008,REG006,ASC000176,,2026-04-25 04:39:00,SALE,Store,Completed,POS_B,2026-04-25,True
TXN000004460,705.16,282.96,2.0,2,STR0014,REG009,ASC000066,CUST00000302,2026-05-27 13:48:00,SALE,Store,Completed,POS_C,2026-05-27,True
TXN000004463,174.28,14.080000000000013,2.0,1,STR0025,REG001,ASC000465,,,SALE,Store,Completed,POS_A,,False
TXN000004466,1205.36,390.75,6.0,3,STR0004,REG010,ASC000154,CUST00000040,,SALE,Pickup,Completed,POS_B,,True
TXN000004467,1388.98,603.0,2.0,1,STR0013,REG026,ASC000053,,2026-04-14 02:03:00,SALE,Store,Completed,POS_C,2026-04-14,True
TXN000004472,1517.8,675.2599999999999,8.0,3,STR0010,REG015,ASC000122,CUST00000770,,SALE,Pickup,Completed,POS_C,,True
TXN000004476,1156.3600000000001,574.69,5.0,2,STR0003,REG026,ASC000405,CUST00000383,2026-05-05 10:59:00,SALE,Store,Completed,POS_B,2026-05-05,True
TXN000004477,1233.35,270.11,6.0,3,STR0022,REG011,ASC000454,CUST00000651,,SALE,Store,Completed,POS_C,,True
TXN000004481,2745.25,1472.51,5.0,2,STR0023,REG028,ASC000236,,,SALE,Pickup,Completed,POS_C,,True
TXN000004484,714.78,254.39,3.0,2,STR0001,REG011,ASC000288,CUST00000717,,SALE,Store,Completed,POS_A,,True
TXN000004486,787.39,184.31,9.0,3,STR0008,REG006,ASC000106,CUST00000744,2026-05-06 14:31:00,SALE,Store,Completed,POS_A,2026-05-06,True
TXN000004487,1503.04,683.48,2.0,1,STR0019,REG017,ASC000026,CUST00000887,,SALE,Store,Completed,POS_C,,True
TXN000004489,2331.98,958.9600000000002,4.0,2,STR0005,REG007,ASC000480,CUST00000349,2026-04-10 15:50:00,SALE,Store,Completed,POS_A,2026-04-10,True
TXN000004493,3966.3,1253.3400000000001,14.0,4,STR0015,REG017,ASC000029,CUST00001002,,SALE,Store,Completed,POS_C,,True
TXN000004497,2414.7,1367.8899999999999,7.0,2,STR0021,REG008,ASC000113,CUST00000668,,SALE,Store,Completed,POS_A,,True
TXN000004501,3469.98,1286.0600000000002,10.0,5,STR0007,REG007,ASC000146,CUST00001562,2026-04-27 06:22:00,SALE,Store,Completed,POS_A,2026-04-27,True
TXN000004505,184.57,71.42999999999999,3.0,2,STR0001,REG015,ASC000037,CUST00000452,2026-04-27 06:01:00,SALE,Store,Completed,POS_B,2026-04-27,False
TXN000004506,1507.3000000000002,327.65000000000003,8.0,5,STR0024,REG007,ASC000418,,,SALE,Store,Completed,POS_A,,True
TXN000004508,1045.55,122.4,6.0,2,STR0001,REG017,ASC000425,CUST00000181,2026-04-23 11:08:00,SALE,Pickup,Completed,POS_B,2026-04-23,True
TXN000004510,4249.27,2142.69,10.0,4,STR0005,REG027,ASC000063,CUST00001018,2026-05-21 04:15:00,SALE,Store,Completed,POS_A,2026-05-21,True
TXN000004513,2497.62,466.04999999999995,9.0,3,STR0012,REG023,ASC000214,,2026-04-13 22:37:00,SALE,Pickup,Completed,POS_A,2026-04-13,True
TXN000004524,9576.04,5150.73,12.0,3,STR0011,REG012,ASC000135,CUST00001700,,SALE,Store,Completed,POS_A,,True
TXN000004525,2521.98,1237.3,7.0,5,STR0005,REG004,ASC000111,CUST00000382,2026-05-04 07:33:00,SALE,Store,Completed,POS_B,2026-05-04,True
TXN000004526,5688.68,2866.46,11.0,4,STR0015,REG006,ASC000014,CUST00000309,,SALE,Pickup,Completed,POS_C,,True
TXN000004527,2492.1400000000003,1061.3500000000001,5.0,2,STR0014,REG006,ASC000066,CUST00000626,,SALE,Store,Completed,POS_A,,True
TXN000004528,1419.8999999999999,774.6299999999999,3.0,2,STR0008,REG023,ASC000303,CUST00000340,,SALE,Store,Completed,POS_B,,True
TXN000004529,1570.5900000000001,772.44,7.0,2,STR0002,REG006,ASC000290,,2026-04-08 19:50:00,SALE,Pickup,Completed,POS_C,2026-04-08,True
TXN000004530,1305.29,507.65999999999997,3.0,2,STR0025,REG004,ASC000286,CUST00000223,2026-04-30 06:24:00,SALE,Pickup,Completed,POS_A,2026-04-30,True
TXN000004531,1316.26,496.02,2.0,1,STR0012,REG017,ASC000207,,2026-05-28 14:20:00,SALE,Store,Completed,POS_B,2026-05-28,True
TXN000004532,402.14,93.47,6.0,2,STR0013,REG006,ASC000452,CUST00000607,2026-05-16 03:12:00,SALE,Store,Completed,POS_C,2026-05-16,False
TXN000004535,1222.92,717.6000000000001,4.0,1,STR0011,REG021,ASC000065,CUST00001130,,SALE,Pickup,Completed,POS_A,,True
TXN000004538,594.72,161.01999999999998,4.0,2,STR0024,REG021,ASC000323,CUST00001235,,SALE,Pickup,Completed,POS_A,,True
TXN000004542,703.89,403.79999999999995,3.0,2,STR0013,REG009,ASC000053,,,SALE,Store,Completed,POS_C,,True
TXN000004544,1043.4,372.96,4.0,2,STR0008,REG004,ASC000106,,2026-05-31 17:04:00,SALE,Pickup,Completed,POS_B,2026-05-31,True
TXN000004545,1610.3000000000002,321.9600000000001,4.0,2,STR0012,REG012,ASC000237,CUST00000068,,SALE,Store,Completed,POS_B,,True
TXN000004546,281.48,99.92000000000002,1.0,1,STR0025,REG005,ASC000174,CUST00001584,,SALE,Store,Completed,POS_B,,False
TXN000004552,108.17,28.070000000000007,1.0,1,STR0015,REG004,ASC000121,CUST00000723,2026-04-22 01:11:00,SALE,Store,Completed,POS_A,2026-04-22,False
TXN000004553,2792.68,464.20000000000033,8.0,4,STR0020,REG024,ASC000175,,,SALE,Store,Completed,POS_A,,True
TXN000004556,3710.87,1484.1200000000001,8.0,4,STR0008,REG010,ASC000428,,,SALE,Pickup,Completed,POS_A,,True
TXN000004557,15.45,8.53,1.0,1,STR0002,REG015,ASC000038,CUST00001131,,SALE,Store,Completed,POS_B,,False
TXN000004558,131.79,14.509999999999991,1.0,1,STR0004,REG009,ASC000471,CUST00001069,,SALE,Store,Completed,POS_A,,False
TXN000004562,1717.9399999999998,810.8899999999999,7.0,2,STR0016,REG021,ASC000482,CUST00000096,,SALE,Pickup,Completed,POS_B,,True
TXN000004563,2153.81,893.8500000000001,6.0,2,STR0001,REG028,ASC000456,,2026-05-03 00:30:00,SALE,Pickup,Completed,POS_B,2026-05-03,True
TXN000004566,2559.45,580.8999999999999,5.0,1,STR0012,REG018,ASC000201,CUST00000369,,SALE,Store,Completed,POS_C,,True
TXN000004569,3933.56,2022.86,6.0,4,STR0017,REG017,ASC000087,CUST00000959,2026-05-03 05:53:00,SALE,Store,Completed,POS_A,2026-05-03,True
TXN000004570,1118.03,615.3199999999999,2.0,2,STR0008,REG020,ASC000106,CUST00001702,,SALE,Store,Completed,POS_A,,True
TXN000004572,1653.28,595.3599999999999,6.0,2,STR0016,REG027,ASC000283,,2026-05-29 20:15:00,SALE,Pickup,Completed,POS_A,2026-05-29,True
TXN000004573,3239.17,1805.8400000000001,7.0,2,STR0002,REG004,ASC000348,CUST00000282,,SALE,Pickup,Completed,POS_B,,True
TXN000004574,715.08,246.26000000000005,2.0,1,STR0014,REG008,ASC000066,CUST00000723,,SALE,Pickup,Completed,POS_B,,True
TXN000004575,5444.22,2958.6200000000003,16.0,4,STR0016,REG006,ASC000182,CUST00000721,2026-04-10 21:57:00,SALE,Store,Completed,POS_B,2026-04-10,True
TXN000004577,3787.2200000000003,1515.4500000000003,16.0,5,STR0005,REG028,ASC000086,CUST00000940,,SALE,Store,Completed,POS_B,,True
TXN000004578,3373.7200000000003,1601.54,6.0,2,STR0016,REG021,ASC000331,,,SALE,Pickup,Completed,POS_C,,True
TXN000004583,2391.96,528.2700000000001,7.0,3,STR0003,REG014,ASC000073,CUST00001037,,SALE,Store,Completed,POS_A,,True
TXN000004587,2217.2,911.3999999999996,5.0,1,STR0002,REG006,ASC000188,CUST00000788,2026-05-20 10:13:00,SALE,Store,Completed,POS_A,2026-05-20,True
TXN000004588,932.7,333.72,2.0,1,STR0018,REG002,ASC000365,CUST00001104,2026-04-20 22:12:00,SALE,Store,Completed,POS_C,2026-04-20,True
TXN000004590,119.46000000000001,27.869999999999997,2.0,2,STR0003,REG005,ASC000082,CUST00000411,,SALE,Store,Completed,POS_C,,False
TXN000004591,5650.51,3267.4200000000005,8.0,3,STR0025,REG017,ASC000457,CUST00000983,2026-05-31 04:47:00,SALE,Store,Completed,POS_C,2026-05-31,True
TXN000004592,1672.3899999999999,583.2499999999999,5.0,2,STR0015,REG005,ASC000274,CUST00000720,,SALE,Pickup,Completed,POS_A,,True
TXN000004595,1186.26,516.98,2.0,1,STR0014,REG014,ASC000046,CUST00000317,,SALE,Store,Completed,POS_A,,True
TXN000004601,2093.56,1221.54,2.0,1,STR0001,REG022,ASC000254,CUST00001118,,SALE,Store,Completed,POS_B,,True
TXN000004604,1103.74,252.39000000000004,3.0,2,STR0021,REG023,ASC000268,CUST00000809,2026-04-25 07:53:00,SALE,Pickup,Completed,POS_B,2026-04-25,True
TXN000004605,629.28,252.45999999999998,1.0,1,STR0020,REG020,ASC000282,,,SALE,Store,Completed,POS_A,,True
TXN000004607,1467.13,223.2400000000001,6.0,2,STR0004,REG011,ASC000002,,2026-05-01 19:28:00,SALE,Store,Completed,POS_A,2026-05-01,True
TXN000004608,2269.5699999999997,733.8199999999998,7.0,2,STR0018,REG018,ASC000401,CUST00001789,,SALE,Store,Completed,POS_B,,True
TXN000004609,220.26,102.55999999999999,2.0,1,STR0017,REG020,ASC000031,CUST00001225,2026-05-07 16:08:00,SALE,Store,Completed,POS_B,2026-05-07,False
TXN000004611,2627.52,886.2600000000001,6.0,3,STR0001,REG016,ASC000045,CUST00000478,,SALE,Store,Completed,POS_A,,True
TXN000004615,1206.9,412.29999999999995,3.0,3,STR0016,REG005,ASC000100,CUST00000351,2026-05-19 12:42:00,SALE,Store,Completed,POS_B,2026-05-19,True
TXN000004617,1092.68,565.22,2.0,1,STR0011,REG025,ASC000136,CUST00000962,2026-04-28 02:25:00,SALE,Pickup,Completed,POS_B,2026-04-28,True
TXN000004619,1062.65,504.32,5.0,2,STR0016,REG018,ASC000482,CUST00000379,2026-04-19 05:29:00,SALE,Store,Completed,POS_B,2026-04-19,True
TXN000004620,1936.29,347.98999999999995,10.0,3,STR0007,REG007,ASC000239,,2026-04-25 09:52:00,SALE,Pickup,Completed,POS_B,2026-04-25,True
TXN000004621,4199.21,1686.2199999999996,10.0,4,STR0009,REG025,ASC000155,CUST00000121,2026-05-25 23:29:00,SALE,Pickup,Completed,POS_A,2026-05-25,True
TXN000004622,4839.48,1700.9999999999995,11.0,4,STR0005,REG010,ASC000229,,,SALE,Pickup,Completed,POS_C,,True
TXN000004624,17.58,8.099999999999998,1.0,1,STR0001,REG019,ASC000072,CUST00001541,2026-05-19 02:29:00,SALE,Store,Completed,POS_C,2026-05-19,False
TXN000004627,3647.31,1861.46,8.0,3,STR0009,REG024,ASC000155,CUST00001674,,SALE,Pickup,Completed,POS_C,,True
TXN000004630,3175.78,1157.9799999999998,7.0,4,STR0004,REG015,ASC000074,CUST00000359,2026-04-10 23:04:00,SALE,Store,Completed,POS_B,2026-04-10,True
TXN000004631,3921.64,2454.8,4.0,1,STR0020,REG001,ASC000189,CUST00001628,2026-04-02 12:43:00,SALE,Pickup,Completed,POS_B,2026-04-02,True
TXN000004634,4012.39,1646.5099999999998,10.0,4,STR0023,REG010,ASC000417,CUST00000141,2026-04-21 03:37:00,SALE,Store,Completed,POS_B,2026-04-21,True
TXN000004635,560.3000000000001,197.35000000000002,5.0,1,STR0018,REG007,ASC000430,,2026-05-28 16:36:00,SALE,Store,Completed,POS_B,2026-05-28,True
TXN000004636,942.69,294.12,6.0,2,STR0007,REG014,ASC000148,,,SALE,Store,Completed,POS_B,,True
TXN000004637,651.68,651.68,2.0,1,STR0015,REG020,ASC000431,CUST00001513,2026-05-24 04:24:00,SALE,Store,Completed,POS_B,2026-05-24,True
TXN000004642,778.8399999999999,227.03999999999996,5.0,2,STR0019,REG017,ASC000026,,,SALE,Store,Completed,POS_B,,True
TXN000004646,793.03,248.94999999999996,3.0,2,STR0013,REG014,ASC000163,,,SALE,Store,Completed,POS_C,,True
TXN000004648,298.58,100.14999999999998,1.0,1,STR0010,REG015,ASC000426,CUST00001170,,SALE,Store,Completed,POS_B,,False
TXN000004649,3140.08,1593.1999999999998,4.0,1,STR0002,REG028,ASC000253,CUST00000167,,SALE,Store,Completed,POS_C,,True
TXN000004650,2798.73,1395.72,5.0,3,STR0021,REG010,ASC000326,,2026-04-22 02:50:00,SALE,Store,Completed,POS_A,2026-04-22,True
TXN000004652,1853.1999999999998,1034.03,3.0,2,STR0014,REG005,ASC000293,CUST00000694,,SALE,Store,Completed,POS_C,,True
TXN000004653,3883.71,1039.5399999999997,9.0,5,STR0017,REG011,ASC000250,,2026-05-29 20:29:00,SALE,Store,Completed,POS_C,2026-05-29,True
TXN000004654,1618.9399999999998,736.6199999999999,7.0,2,STR0001,REG013,ASC000467,CUST00000220,2026-05-10 08:43:00,SALE,Store,Completed,POS_B,2026-05-10,True
TXN000004657,1752.9499999999998,583.05,9.0,3,STR0023,REG020,ASC000056,CUST00001549,,SALE,Store,Completed,POS_C,,True
TXN000004662,5847.03,3174.6800000000003,13.0,4,STR0017,REG006,ASC000141,CUST00001268,2026-05-08 18:35:00,SALE,Store,Completed,POS_C,2026-05-08,True
TXN000004667,1646.01,630.77,5.0,3,STR0024,REG006,ASC000139,CUST00000532,,SALE,Store,Completed,POS_B,,True
TXN000004668,4834.45,2270.49,9.0,4,STR0013,REG025,ASC000163,,2026-05-18 08:10:00,SALE,Pickup,Completed,POS_C,2026-05-18,True
TXN000004671,762.12,153.82000000000005,2.0,1,STR0002,REG012,ASC000025,CUST00001361,2026-05-25 19:26:00,SALE,Pickup,Completed,POS_A,2026-05-25,True
TXN000004674,256.1,104.56,2.0,2,STR0020,REG017,ASC000208,,,SALE,Store,Completed,POS_C,,False
TXN000004676,298.32,114.1,1.0,1,STR0002,REG026,ASC000348,CUST00000333,,SALE,Store,Completed,POS_A,,False
TXN000004679,798.46,383.84000000000003,2.0,1,STR0013,REG018,ASC000224,,2026-04-14 22:33:00,SALE,Store,Completed,POS_A,2026-04-14,True
TXN000004683,1941.3,392.59,5.0,3,STR0020,REG018,ASC000358,CUST00000171,,SALE,Store,Completed,POS_C,,True
TXN000004684,1275.7199999999998,328.86999999999995,8.0,3,STR0011,REG019,ASC000033,CUST00001706,,SALE,Store,Completed,POS_C,,True
TXN000004685,1453.73,684.54,4.0,4,STR0024,REG012,ASC000376,,,SALE,Store,Completed,POS_C,,True
TXN000004691,782.75,206.95000000000005,5.0,1,STR0012,REG011,ASC000201,CUST00001163,2026-04-22 19:52:00,SALE,Store,Completed,POS_C,2026-04-22,True
TXN000004693,2057.95,708.86,7.0,3,STR0025,REG012,ASC000016,CUST00000169,2026-05-26 23:43:00,SALE,Store,Completed,POS_A,2026-05-26,True
TXN000004695,1151.05,707.3799999999999,2.0,2,STR0010,REG023,ASC000122,,2026-04-10 20:46:00,SALE,Store,Completed,POS_B,2026-04-10,True
TXN000004696,1287.04,660.7199999999999,4.0,1,STR0009,REG019,ASC000246,CUST00000396,,SALE,Pickup,Completed,POS_B,,True
TXN000004698,547.47,101.11000000000001,1.0,1,STR0010,REG015,ASC000335,CUST00000413,,SALE,Pickup,Completed,POS_C,,True
TXN000004700,328.84,46.639999999999986,4.0,1,STR0023,REG012,ASC000088,CUST00000178,,SALE,Store,Completed,POS_C,,False
TXN000004712,1295.95,575.4200000000001,2.0,2,STR0007,REG018,ASC000393,CUST00001657,,SALE,Pickup,Completed,POS_C,,True
TXN000004720,4038.15,1310.0700000000002,12.0,4,STR0018,REG009,ASC000093,,,SALE,Store,Completed,POS_C,,True
TXN000004728,6894.85,2702.03,15.0,5,STR0012,REG028,ASC000043,CUST00000911,2026-05-12 00:54:00,SALE,Store,Completed,POS_C,2026-05-12,True
TXN000004731,1884.47,806.4,8.0,4,STR0020,REG013,ASC000189,CUST00001107,2026-04-28 20:28:00,SALE,Store,Completed,POS_B,2026-04-28,True
TXN000004732,4605.04,2530.0000000000005,8.0,2,STR0010,REG009,ASC000328,,2026-04-21 03:57:00,SALE,Store,Completed,POS_B,2026-04-21,True
TXN000004734,2767.99,1675.0400000000002,5.0,2,STR0021,REG001,ASC000101,,2026-05-04 20:59:00,SALE,Store,Completed,POS_B,2026-05-04,True
TXN000004740,55.13,25.740000000000002,1.0,1,STR0017,REG020,ASC000436,,2026-04-13 10:31:00,SALE,Store,Completed,POS_C,2026-04-13,False
TXN000004741,2135.26,1232.98,6.0,3,STR0015,REG014,ASC000121,CUST00000930,2026-04-06 02:38:00,SALE,Store,Completed,POS_B,2026-04-06,True
TXN000004746,3934.4700000000003,1719.73,8.0,5,STR0018,REG024,ASC000476,CUST00001099,2026-04-16 02:31:00,SALE,Pickup,Completed,POS_B,2026-04-16,True
TXN000004749,7849.28,3304.03,14.0,5,STR0022,REG005,ASC000454,CUST00000410,2026-04-14 15:49:00,SALE,Store,Completed,POS_C,2026-04-14,True
TXN000004751,1785.08,781.75,5.0,4,STR0012,REG025,ASC000333,CUST00001397,,SALE,Store,Completed,POS_A,,True
TXN000004752,1033.8,245.67999999999995,8.0,3,STR0011,REG009,ASC000447,CUST00001750,,SALE,Pickup,Completed,POS_A,,True
TXN000004756,4614.719999999999,1750.3499999999997,13.0,4,STR0006,REG028,ASC000057,CUST00001482,2026-05-31 18:34:00,SALE,Store,Completed,POS_C,2026-05-31,True
TXN000004757,1060.3700000000001,544.3900000000001,7.0,4,STR0014,REG025,ASC000252,,2026-05-08 02:19:00,SALE,Store,Completed,POS_B,2026-05-08,True
TXN000004763,1273.0,468.66,2.0,2,STR0023,REG006,ASC000032,CUST00000648,,SALE,Pickup,Completed,POS_C,,True
TXN000004765,1214.08,572.25,8.0,3,STR0013,REG015,ASC000437,CUST00000202,,SALE,Store,Completed,POS_C,,True
TXN000004770,469.12,70.10000000000001,5.0,2,STR0001,REG005,ASC000072,CUST00001494,2026-04-27 05:47:00,SALE,Pickup,Completed,POS_C,2026-04-27,False
TXN000004774,2577.88,1191.72,13.0,5,STR0010,REG027,ASC000402,CUST00000275,,SALE,Store,Completed,POS_C,,True
TXN000004775,578.86,194.67999999999995,4.0,2,STR0001,REG002,ASC000299,CUST00001153,2026-04-24 09:13:00,SALE,Store,Completed,POS_B,2026-04-24,True
TXN000004776,3959.66,1743.56,8.0,3,STR0016,REG018,ASC000047,CUST00001539,2026-04-29 08:52:00,SALE,Store,Completed,POS_B,2026-04-29,True
TXN000004779,1706.92,485.18,8.0,2,STR0009,REG027,ASC000167,CUST00001071,2026-04-12 03:32:00,SALE,Pickup,Completed,POS_C,2026-04-12,True
TXN000004780,586.74,85.61999999999998,3.0,2,STR0008,REG015,ASC000277,CUST00000322,2026-04-09 19:28:00,SALE,Store,Completed,POS_A,2026-04-09,True
TXN000004782,1689.18,828.09,3.0,2,STR0004,REG018,ASC000154,CUST00000583,,SALE,Store,Completed,POS_B,,True
TXN000004784,2809.61,801.16,6.0,4,STR0002,REG015,ASC000114,,,SALE,Pickup,Completed,POS_C,,True
TXN000004785,1361.48,523.1300000000001,10.0,3,STR0001,REG019,ASC000413,,,SALE,Store,Completed,POS_A,,True
TXN000004786,617.82,69.5,2.0,1,STR0015,REG005,ASC000014,CUST00001442,2026-05-11 21:23:00,SALE,Pickup,Completed,POS_C,2026-05-11,True
TXN000004787,138.25,63.81,1.0,1,STR0013,REG012,ASC000128,CUST00001288,2026-04-17 09:25:00,SALE,Pickup,Completed,POS_A,2026-04-17,False
TXN000004790,1987.7900000000002,705.89,5.0,4,STR0012,REG011,ASC000005,CUST00000500,,SALE,Store,Completed,POS_C,,True
TXN000004791,383.07,-41.110000000000014,1.0,1,STR0010,REG027,ASC000368,,,SALE,Pickup,Completed,POS_C,,False
TXN000004796,952.9599999999999,42.12999999999994,10.0,3,STR0006,REG009,ASC000052,,,SALE,Store,Completed,POS_A,,True
TXN000004799,5893.72,2674.77,11.0,5,STR0025,REG020,ASC000083,CUST00000274,,SALE,Store,Completed,POS_C,,True
TXN000004808,1482.92,632.6800000000001,4.0,1,STR0016,REG025,ASC000378,CUST00001634,2026-05-20 17:42:00,SALE,Store,Completed,POS_B,2026-05-20,True
TXN000004812,952.0600000000001,563.9799999999999,3.0,2,STR0018,REG001,ASC000403,,2026-05-17 00:00:00,SALE,Pickup,Completed,POS_C,2026-05-17,True
TXN000004815,3079.9399999999996,1773.0799999999997,6.0,2,STR0016,REG027,ASC000273,,2026-05-30 01:42:00,SALE,Pickup,Completed,POS_B,2026-05-30,True
TXN000004818,1629.98,217.04,6.0,3,STR0022,REG023,ASC000278,CUST00001174,2026-04-26 00:05:00,SALE,Store,Completed,POS_A,2026-04-26,True
TXN000004819,1067.26,551.9,2.0,2,STR0009,REG022,ASC000178,,,SALE,Store,Completed,POS_A,,True
TXN000004820,654.68,654.68,2.0,1,STR0016,REG009,ASC000217,CUST00000104,2026-04-10 20:51:00,SALE,Store,Completed,POS_B,2026-04-10,True
TXN000004823,403.58,89.69999999999999,2.0,1,STR0005,REG010,ASC000086,CUST00000706,,SALE,Pickup,Completed,POS_B,,False
TXN000004825,5755.88,3301.8999999999996,11.0,4,STR0002,REG006,ASC000253,CUST_BAD,,SALE,Store,Completed,POS_C,,True
TXN000004831,46.7,19.740000000000002,1.0,1,STR0019,REG022,ASC000004,CUST00001264,,SALE,Store,Completed,POS_B,,False
TXN000004832,1077.1599999999999,398.15999999999997,4.0,3,STR0021,REG004,ASC000101,CUST00000267,,SALE,Pickup,Completed,POS_B,,True
TXN000004834,3069.3,1096.0500000000002,5.0,1,STR0003,REG008,ASC000264,,,SALE,Store,Completed,POS_A,,True
TXN000004835,1605.65,447.52,5.0,4,STR0004,REG007,ASC000220,CUST00001620,2026-04-22 11:33:00,SALE,Pickup,Completed,POS_A,2026-04-22,True
TXN000004836,1728.5,784.86,4.0,2,STR0019,REG014,ASC000462,CUST00001718,,SALE,Store,Completed,POS_A,,True
TXN000004839,4411.28,1104.24,14.0,5,STR0018,REG017,ASC000036,CUST00000424,,SALE,Store,Completed,POS_A,,True
TXN000004841,3696.5,1671.55,5.0,1,STR0016,REG004,ASC000331,CUST00001081,2026-04-14 15:37:00,SALE,Pickup,Completed,POS_B,2026-04-14,True
TXN000004843,6972.110000000001,3904.8599999999997,9.0,4,STR0024,REG017,ASC000373,,2026-04-04 19:16:00,SALE,Pickup,Completed,POS_C,2026-04-04,True
TXN000004844,1385.1000000000001,497.60000000000014,5.0,1,STR0022,REG024,ASC000081,,,SALE,Store,Completed,POS_B,,True
TXN000004846,1711.04,923.22,3.0,2,STR0021,REG025,ASC000347,CUST00001379,2026-04-01 07:57:00,SALE,Store,Completed,POS_B,2026-04-01,True
TXN000004847,3297.7,719.98,9.0,5,STR0001,REG012,ASC000360,,,SALE,Store,Completed,POS_B,,True
TXN000004851,3743.36,1478.3100000000002,13.0,5,STR0020,REG018,ASC000478,CUST00000567,2026-04-14 19:18:00,SALE,Store,Completed,POS_B,2026-04-14,True
TXN000004853,612.6,255.51000000000002,2.0,2,STR0005,REG005,ASC000334,CUST00001652,,SALE,Store,Completed,POS_A,,True
TXN000004854,280.06,76.24,2.0,2,STR0006,REG007,ASC000216,CUST00001299,,SALE,Pickup,Completed,POS_C,,False
TXN000004855,1766.32,188.43999999999983,4.0,1,STR0017,REG020,ASC000141,CUST00001116,,SALE,Store,Completed,POS_A,,True
TXN000004857,1578.37,680.25,12.0,4,STR0017,REG015,ASC000071,,,SALE,Store,Completed,POS_B,,True
TXN000004858,2064.96,898.26,6.0,4,STR0003,REG022,ASC000355,CUST00001703,,SALE,Pickup,Completed,POS_A,,True
TXN000004860,1460.64,-39.11999999999989,4.0,1,STR0011,REG004,ASC000135,,2026-05-28 22:11:00,SALE,Pickup,Completed,POS_B,2026-05-28,True
TXN000004870,648.35,193.09999999999997,4.0,3,STR0016,REG015,ASC000112,CUST00000669,2026-05-25 10:21:00,SALE,Store,Completed,POS_C,2026-05-25,True
TXN000004871,1705.07,683.1799999999998,9.0,2,STR0011,REG007,ASC000120,CUST00000281,,SALE,Store,Completed,POS_A,,True
TXN000004873,5141.07,1949.9499999999998,9.0,3,STR0009,REG005,ASC_BAD,,,SALE,Pickup,Completed,POS_A,,True
TXN000004875,167.43,56.50000000000001,3.0,2,STR0025,REG019,ASC000008,CUST00000498,,SALE,Pickup,Completed,POS_B,,False
TXN000004880,4204.18,3172.35,13.0,5,STR0011,REG015,ASC000138,,,SALE,Pickup,Completed,POS_A,,True
TXN000004882,1996.0,612.01,15.0,4,STR0004,REG007,ASC000062,,2026-04-14 04:05:00,SALE,Pickup,Completed,POS_A,2026-04-14,True
TXN000004883,3269.45,1848.92,8.0,4,STR0006,REG020,ASC000151,CUST00001351,,SALE,Store,Completed,POS_A,,True
TXN000004884,3875.18,1703.6399999999996,7.0,3,STR0018,REG023,ASC000430,,,SALE,Store,Completed,POS_B,,True
TXN000004885,3036.29,1179.0300000000002,7.0,3,STR0004,REG013,ASC000074,CUST00000235,2026-05-22 06:52:00,SALE,Store,Completed,POS_B,2026-05-22,True
TXN000004889,236.33,97.95000000000002,1.0,1,STR0006,REG021,ASC000319,,2026-05-02 17:19:00,SALE,Store,Completed,POS_A,2026-05-02,False
TXN000004890,1967.55,1021.2099999999999,4.0,2,STR0004,REG012,ASC000154,,,SALE,Store,Completed,POS_A,,True
TXN000004891,1544.1,20.649999999999864,5.0,1,STR0002,REG006,ASC000348,CUST00000757,2026-04-17 02:25:00,SALE,Store,Completed,POS_B,2026-04-17,True
TXN000004892,746.6700000000001,311.07000000000005,2.0,2,STR0024,REG011,ASC000186,CUST00001133,,SALE,Store,Completed,POS_C,,True
TXN000004893,3314.95,899.3699999999999,10.0,4,STR0004,REG006,ASC000423,CUST00001721,2026-05-11 02:09:00,SALE,Store,Completed,POS_C,2026-05-11,True
TXN000004896,4105.07,1499.27,18.0,5,STR0012,REG027,ASC000345,CUST00000149,,SALE,Store,Completed,POS_A,,True
TXN000004899,2395.8500000000004,1260.17,4.0,3,STR0024,REG006,ASC000139,CUST00000661,2026-04-01 08:58:00,SALE,Store,Completed,POS_A,2026-04-01,True
TXN000004900,2163.75,301.3500000000001,7.0,2,STR0010,REG006,ASC000368,CUST00001511,2026-04-21 03:49:00,SALE,Pickup,Completed,POS_A,2026-04-21,True
TXN000004901,3725.48,1792.0499999999997,7.0,2,STR0019,REG016,ASC000004,CUST00000346,2026-05-01 11:48:00,SALE,Pickup,Completed,POS_A,2026-05-01,True
TXN000004902,2346.1099999999997,1247.17,5.0,2,STR0020,REG025,ASC000466,CUST00000547,2026-05-06 16:06:00,SALE,Store,Completed,POS_C,2026-05-06,True
TXN000004905,2808.96,1167.72,7.0,5,STR0020,REG013,ASC000175,,,SALE,Store,Completed,POS_C,,True
TXN000004906,643.82,571.1600000000001,3.0,2,STR0023,REG011,ASC000171,CUST00001687,,SALE,Store,Completed,POS_C,,True
TXN000004908,933.06,104.93999999999994,2.0,1,STR0019,REG010,ASC000291,CUST00000950,2026-04-21 13:16:00,SALE,Pickup,Completed,POS_C,2026-04-21,True
TXN000004913,105.46,39.36,1.0,1,STR0003,REG009,ASC000193,CUST00000119,2026-04-17 08:31:00,SALE,Store,Completed,POS_B,2026-04-17,False
TXN000004914,2157.1,858.3,5.0,1,STR0017,REG005,ASC000096,CUST00000861,2026-05-18 19:25:00,SALE,Store,Completed,POS_B,2026-05-18,True
TXN000004915,3214.5,1830.0400000000002,8.0,2,STR0001,REG014,ASC000467,CUST00001725,,SALE,Store,Completed,POS_B,,True
TXN000004917,2096.59,1276.05,7.0,3,STR0009,REG013,ASC000246,CUST00000627,2026-05-21 21:18:00,SALE,Pickup,Completed,POS_B,2026-05-21,True
TXN000004925,3293.1800000000003,1760.25,9.0,3,STR0013,REG023,ASC000163,CUST00000559,,SALE,Store,Completed,POS_C,,True
TXN000004933,3380.1400000000003,1749.29,4.0,2,STR0017,REG027,ASC000309,CUST00001633,,SALE,Pickup,Completed,POS_B,,True
TXN000004935,3526.15,1520.25,5.0,1,STR0023,REG003,ASC000056,,2026-04-24 09:36:00,SALE,Store,Completed,POS_B,2026-04-24,True
TXN000004936,3274.38,559.4799999999999,8.0,4,STR0011,REG013,ASC000177,CUST00001634,,SALE,Store,Completed,POS_B,,True
TXN000004937,742.22,303.92,2.0,1,STR0019,REG004,ASC000292,CUST00001041,2026-05-30 07:18:00,SALE,Store,Completed,POS_A,2026-05-30,True
TXN000004941,236.34,136.5,1.0,1,STR0006,REG019,ASC000030,CUST00001594,2026-05-25 10:16:00,SALE,Pickup,Completed,POS_B,2026-05-25,False
TXN000004950,1717.1799999999998,904.3599999999999,5.0,2,STR0013,REG028,ASC000296,CUST00000504,,SALE,Pickup,Completed,POS_A,,True
TXN000004951,5107.94,2911.85,7.0,3,STR0021,REG022,ASC000184,CUST00001451,,SALE,Store,Completed,POS_A,,True
TXN000004953,1007.78,-94.04000000000002,5.0,2,STR0019,REG026,ASC000026,,2026-04-19 16:22:00,SALE,Store,Completed,POS_C,2026-04-19,True
TXN000004955,1308.47,627.1400000000001,9.0,2,STR0016,REG026,ASC000105,CUST00001439,,SALE,Store,Completed,POS_C,,True
TXN000004957,8793.2,4291.37,13.0,4,STR0024,REG025,ASC000376,CUST00000329,,SALE,Store,Completed,POS_B,,True
TXN000004959,2578.1,1387.08,4.0,2,STR0016,REG003,ASC000315,CUST00001235,,SALE,Pickup,Completed,POS_A,,True
TXN000004961,2254.8,1174.2900000000002,8.0,3,STR0015,REG022,ASC000134,,,SALE,Store,Completed,POS_A,,True
TXN000004967,6480.24,2175.37,12.0,4,STR0023,REG005,ASC000185,CUST00000939,2026-05-06 10:47:00,SALE,Store,Completed,POS_C,2026-05-06,True
TXN000004968,8127.54,4403.12,10.0,3,STR0018,REG026,ASC000093,CUST00000782,2026-05-29 12:24:00,SALE,Pickup,Completed,POS_A,2026-05-29,True
TXN000004970,478.08,203.79999999999998,8.0,2,STR0006,REG011,ASC000305,CUST00001775,,SALE,Store,Completed,POS_A,,False
TXN000004971,1360.21,259.7099999999999,9.0,3,STR0019,REG014,ASC000019,CUST00001086,,SALE,Store,Completed,POS_C,,True
TXN000004972,3429.4900000000002,1033.91,12.0,5,STR0024,REG025,ASC000418,CUST00001109,2026-04-18 16:34:00,SALE,Pickup,Completed,POS_A,2026-04-18,True
TXN000004979,526.16,291.71999999999997,2.0,1,STR0011,REG018,ASC000136,CUST00001515,,SALE,Store,Completed,POS_B,,True
TXN000004982,156.32,25.019999999999982,2.0,1,STR0004,REG008,ASC000240,CUST00000619,,SALE,Store,Completed,POS_A,,False
TXN000004985,3270.98,1223.48,9.0,2,STR0018,REG025,ASC000199,CUST00000498,2026-04-02 15:12:00,SALE,Store,Completed,POS_C,2026-04-02,True
TXN000004986,1442.66,741.2600000000001,2.0,1,STR0001,REG020,ASC000288,CUST00000294,2026-05-03 12:05:00,SALE,Pickup,Completed,POS_C,2026-05-03,True
TXN000004987,1527.3400000000001,551.8199999999999,6.0,3,STR0021,REG002,ASC000184,CUST00001489,,SALE,Pickup,Completed,POS_C,,True
TXN000004988,2551.06,642.1999999999999,7.0,2,STR0014,REG022,ASC000247,CUST00001562,2026-05-17 11:53:00,SALE,Store,Completed,POS_C,2026-05-17,True
TXN000004991,2228.49,1044.9899999999998,7.0,3,STR0016,REG011,ASC000100,CUST00001324,,SALE,Store,Completed,POS_B,,True
TXN000004993,1005.6700000000001,468.58000000000004,5.0,2,STR0013,REG027,ASC000215,,2026-05-29 23:31:00,SALE,Pickup,Completed,POS_B,2026-05-29,True
TXN000004994,546.76,259.85,3.0,3,STR0008,REG003,ASC000321,CUST00000058,2026-04-17 08:47:00,SALE,Pickup,Completed,POS_A,2026-04-17,True
TXN000004997,106.28,31.900000000000006,1.0,1,STR0001,REG021,ASC000472,,2026-04-27 11:57:00,SALE,Pickup,Completed,POS_B,2026-04-27,False
TXN000004998,2802.92,732.0199999999999,9.0,4,STR0021,REG027,ASC000450,CUST00000335,2026-05-01 20:24:00,SALE,Store,Completed,POS_B,2026-05-01,True
TXN000004999,693.4499999999999,406.7399999999999,4.0,2,STR0009,REG019,ASC000058,CUST00001237,,SALE,Store,Completed,POS_C,,True
TXN000005000,3794.66,1422.2300000000002,12.0,5,STR0001,REG027,ASC000467,CUST00000883,,SALE,Store,Completed,POS_C,,True
TXN000005002,53.4,18.29,1.0,1,STR0006,REG001,ASC000294,,,SALE,Pickup,Completed,POS_C,,False
TXN000005005,1833.84,873.9599999999999,4.0,1,STR0023,REG006,ASC000181,,,SALE,Pickup,Completed,POS_C,,True
TXN000005007,1921.19,969.8299999999999,12.0,6,STR0025,REG002,ASC000440,CUST00000408,,SALE,Store,Completed,POS_B,,True
TXN000005009,316.77,32.37999999999999,4.0,2,STR0003,REG013,ASC000073,CUST00001106,,SALE,Store,Completed,POS_B,,False
TXN000005013,1301.83,406.55,5.0,4,STR0006,REG004,ASC000305,,,SALE,Store,Completed,POS_A,,True
TXN000005016,2752.21,916.57,9.0,3,STR0020,REG011,ASC000382,CUST00001800,,SALE,Store,Completed,POS_A,,True
TXN000005017,1597.6100000000001,610.97,5.0,2,STR0024,REG021,ASC000169,,2026-04-05 05:51:00,SALE,Store,Completed,POS_A,2026-04-05,True
TXN000005018,1103.94,314.6400000000001,2.0,1,STR0004,REG010,ASC000009,CUST00000575,2026-05-12 00:03:00,SALE,Pickup,Completed,POS_B,2026-05-12,True
TXN000005021,3306.2,1720.8600000000001,7.0,3,STR0010,REG026,ASC000402,CUST00000431,2026-05-24 09:01:00,SALE,Store,Completed,POS_B,2026-05-24,True
TXN000005023,4832.9400000000005,2450.79,12.0,3,STR0012,REG004,ASC000209,CUST00000547,,SALE,Pickup,Completed,POS_B,,True
TXN000005026,369.84,179.42,2.0,1,STR0012,REG022,ASC000209,CUST00000074,2026-05-14 20:11:00,SALE,Store,Completed,POS_C,2026-05-14,False
TXN000005027,3869.89,1801.4899999999998,12.0,3,STR0012,REG016,ASC000333,,,SALE,Store,Completed,POS_C,,True
TXN000005028,2387.2,1419.6999999999998,5.0,1,STR0007,REG013,ASC000146,CUST00000882,,SALE,Pickup,Completed,POS_A,,True
TXN000005030,656.02,271.13,3.0,2,STR0009,REG008,ASC000167,CUST00000712,,SALE,Store,Completed,POS_B,,True
TXN000005032,852.29,439.32,2.0,2,STR0015,REG016,ASC000059,CUST00001557,2026-04-12 06:13:00,SALE,Store,Completed,POS_C,2026-04-12,True
TXN000005033,2298.5299999999997,1163.69,6.0,3,STR_UNKNOWN,REG006,ASC000473,,2026-05-11 07:43:00,SALE,Store,Completed,POS_B,2026-05-11,True
TXN000005035,986.24,581.26,2.0,1,STR0024,REG017,ASC000139,CUST00000414,,SALE,Pickup,Completed,POS_A,,True
TXN000005036,313.35,140.73000000000002,3.0,1,STR0018,REG020,ASC000017,CUST00000477,2026-04-13 20:41:00,SALE,Pickup,Completed,POS_B,2026-04-13,False
TXN000005043,187.66,60.879999999999995,1.0,1,STR0015,REG006,ASC000078,CUST00000743,2026-05-16 22:15:00,SALE,Store,Completed,POS_B,2026-05-16,False
TXN000005045,2025.8400000000001,742.53,4.0,2,STR0024,REG014,ASC000139,CUST00001039,2026-05-27 20:24:00,SALE,Store,Completed,POS_A,2026-05-27,True
TXN000005048,3107.7799999999997,1505.27,7.0,2,STR0009,REG003,ASC000349,,,SALE,Store,Completed,POS_B,,True
TXN000005050,2415.48,1246.4,4.0,1,STR0007,REG005,ASC000242,CUST00000966,,SALE,Store,Completed,POS_A,,True
TXN000005051,4474.27,2240.97,7.0,4,STR0003,REG020,ASC000421,CUST00001256,,SALE,Pickup,Completed,POS_B,,True
TXN000005054,2794.5,737.35,10.0,2,STR0001,REG011,ASC000035,,,SALE,Pickup,Completed,POS_A,,True
TXN000005056,3089.0299999999997,1560.33,7.0,2,STR0016,REG003,ASC000273,CUST00000102,2026-05-15 11:05:00,SALE,Pickup,Completed,POS_A,2026-05-15,True
TXN000005059,3648.98,1934.2600000000002,7.0,4,STR0007,REG027,ASC000228,CUST00000092,,SALE,Store,Completed,POS_A,,True
TXN000005062,1537.85,71.02999999999997,7.0,3,STR0025,REG011,ASC000453,CUST00000160,,SALE,Store,Completed,POS_A,,True
TXN000005063,5063.36,2601.7799999999997,13.0,3,STR0012,REG025,ASC000005,CUST00000670,,SALE,Store,Completed,POS_B,,True
TXN000005064,2093.14,504.4599999999999,4.0,2,STR0005,REG015,ASC000442,CUST00000793,2026-05-25 14:03:00,SALE,Pickup,Completed,POS_B,2026-05-25,True
TXN000005068,315.17,116.74000000000001,1.0,1,STR0018,REG013,ASC000403,CUST00000948,2026-04-27 14:43:00,SALE,Store,Completed,POS_C,2026-04-27,False
TXN000005069,4538.15,2152.63,9.0,2,STR0013,REG009,ASC000437,CUST00000995,2026-04-14 13:00:00,SALE,Store,Completed,POS_A,2026-04-14,True
TXN000005070,1536.1399999999999,602.31,3.0,2,STR0011,REG008,ASC000138,CUST00001062,,SALE,Pickup,Completed,POS_C,,True
TXN000005073,2287.32,1432.6600000000003,2.0,1,STR0009,REG018,ASC000349,CUST00000082,,SALE,Store,Completed,POS_C,,True
TXN000005076,178.78,77.29,1.0,1,STR0020,REG015,ASC000284,CUST00000748,2026-05-29 12:55:00,SALE,Store,Completed,POS_A,2026-05-29,False
TXN000005078,948.01,99.72000000000003,6.0,3,STR0003,REG012,ASC000132,CUST00000996,2026-05-28 04:34:00,SALE,Store,Completed,POS_C,2026-05-28,True
TXN000005080,1313.16,437.6400000000001,6.0,2,STR0013,REG005,ASC000422,CUST00001344,2026-05-23 02:48:00,SALE,Store,Completed,POS_B,2026-05-23,True
TXN000005082,3119.9700000000003,1581.4,10.0,4,STR0009,REG022,ASC000485,CUST00001000,2026-04-26 01:21:00,SALE,Store,Completed,POS_C,2026-04-26,True
TXN000005083,1873.6,925.0,5.0,2,STR0014,REG019,ASC000381,CUST00001439,,SALE,Store,Completed,POS_B,,True
TXN000005084,1046.52,373.49000000000007,3.0,2,STR0008,REG006,ASC000458,,,SALE,Store,Completed,POS_B,,True
TXN000005086,3229.62,1522.04,8.0,4,STR0018,REG016,ASC000386,CUST00001242,2026-05-14 16:16:00,SALE,Pickup,Completed,POS_A,2026-05-14,True
TXN000005087,2070.99,1257.47,3.0,2,STR0018,REG025,ASC000199,CUST00000071,2026-04-15 13:11:00,SALE,Pickup,Completed,POS_C,2026-04-15,True
TXN000005092,4056.88,1800.6099999999997,7.0,2,STR0017,REG004,ASC000436,CUST00001132,2026-05-26 19:45:00,SALE,Pickup,Completed,POS_B,2026-05-26,True
TXN000005093,976.51,600.92,2.0,2,STR0001,REG012,ASC000308,CUST00001514,2026-05-06 04:37:00,SALE,Pickup,Completed,POS_C,2026-05-06,True
TXN000005094,6906.98,3661.42,9.0,3,STR0009,REG012,ASC000246,CUST00000541,,SALE,Pickup,Completed,POS_A,,True
TXN000005095,861.62,455.21,1.0,1,STR0023,REG001,ASC000097,CUST00000893,2026-04-07 18:49:00,SALE,Pickup,Completed,POS_A,2026-04-07,True
TXN000005099,110.26,37.67,1.0,1,STR0004,REG019,ASC000074,CUST00000415,2026-05-25 00:41:00,SALE,Store,Completed,POS_B,2026-05-25,False
TXN000005103,3267.92,1281.8800000000003,6.0,4,STR0021,REG020,ASC000234,,2026-05-01 08:01:00,SALE,Store,Completed,POS_C,2026-05-01,True
TXN000005105,3575.6,1362.0099999999998,7.0,3,STR0002,REG027,ASC000301,CUST00001268,2026-05-27 00:07:00,SALE,Pickup,Completed,POS_C,2026-05-27,True
TXN000005107,4195.13,2144.29,6.0,3,STR0018,REG028,ASC000379,,2026-05-13 13:28:00,SALE,Store,Completed,POS_A,2026-05-13,True
TXN000005108,3991.31,1418.9799999999998,10.0,3,STR0006,REG007,ASC000151,,,SALE,Pickup,Completed,POS_C,,True
TXN000005109,218.56,86.61000000000001,6.0,3,STR0011,REG020,ASC000300,CUST00001650,2026-04-21 10:44:00,SALE,Pickup,Completed,POS_C,2026-04-21,False
TXN000005114,914.63,538.62,1.0,1,STR0011,REG016,ASC000136,CUST00001327,,SALE,Store,Completed,POS_B,,True
TXN000005115,5570.23,1848.6100000000001,13.0,4,STR0018,REG013,ASC000093,CUST00000970,2026-04-13 22:08:00,SALE,Store,Completed,POS_C,2026-04-13,True
TXN000005116,1064.15,36.019999999999925,3.0,2,STR0017,REG013,ASC000164,CUST00000306,2026-04-12 05:51:00,SALE,Store,Completed,POS_B,2026-04-12,True
TXN000005117,1456.04,575.56,4.0,2,STR0023,REG016,ASC000181,,,SALE,Store,Completed,POS_A,,True
TXN000005119,1959.66,903.45,9.0,3,STR0003,REG010,ASC000481,CUST00000318,,SALE,Store,Completed,POS_A,,True
TXN000005123,4637.85,1786.05,12.0,5,STR0025,REG027,ASC000008,CUST00001422,2026-04-25 02:24:00,SALE,Store,Completed,POS_A,2026-04-25,True
TXN000005125,293.82,96.25,1.0,1,STR0002,REG018,ASC000038,CUST00000672,2026-04-01 03:05:00,SALE,Pickup,Completed,POS_A,2026-04-01,False
TXN000005129,3544.55,1125.9800000000002,6.0,2,STR0010,REG013,ASC000388,,,SALE,Store,Completed,POS_B,,True
TXN000005130,3045.8,1049.9899999999998,9.0,2,STR0014,REG019,ASC000247,CUST00000619,2026-04-30 15:13:00,SALE,Store,Completed,POS_C,2026-04-30,True
TXN000005134,5906.09,2678.46,10.0,4,STR0001,REG015,ASC000308,CUST00000946,,SALE,Pickup,Completed,POS_A,,True
TXN000005139,373.78,43.33,3.0,2,STR0011,REG026,ASC000120,CUST00001598,,SALE,Store,Completed,POS_A,,False
TXN000005140,1687.88,853.44,4.0,1,STR0009,REG001,ASC000362,CUST00000958,2026-05-27 00:41:00,SALE,Pickup,Completed,POS_C,2026-05-27,True
TXN000005144,3656.3,1618.6499999999999,11.0,4,STR0001,REG013,ASC000006,CUST00000668,2026-04-07 20:05:00,SALE,Store,Completed,POS_C,2026-04-07,True
TXN000005146,8957.7,3848.96,14.0,3,STR0022,REG025,ASC000419,CUST00001180,,SALE,Store,Completed,POS_C,,True
TXN000005154,2997.56,1574.59,5.0,2,STR0002,REG003,ASC000290,,2026-04-02 06:42:00,SALE,Pickup,Completed,POS_B,2026-04-02,True
TXN000005155,975.19,415.47,3.0,2,STR0009,REG006,ASC000178,CUST00001746,2026-04-27 05:47:00,SALE,Store,Completed,POS_A,2026-04-27,True
TXN000005159,292.74,118.08000000000001,2.0,1,STR0005,REG026,ASC000442,CUST00000398,,SALE,Store,Completed,POS_A,,False
TXN000005163,1312.97,626.04,3.0,2,STR0023,REG027,ASC000339,,,SALE,Store,Completed,POS_C,,True
TXN000005165,746.0,366.72,1.0,1,STR0005,REG001,ASC000397,CUST00001394,2026-05-12 11:12:00,SALE,Pickup,Completed,POS_C,2026-05-12,True
TXN000005166,3175.8199999999997,1543.36,5.0,2,STR0017,REG019,ASC000031,,2026-04-02 07:50:00,SALE,Pickup,Completed,POS_B,2026-04-02,True
TXN000005167,671.4,367.41,4.0,2,STR0020,REG001,ASC000137,CUST00001551,2026-04-04 05:14:00,SALE,Store,Completed,POS_A,2026-04-04,True
TXN000005168,417.45,49.75999999999999,1.0,1,STR0024,REG013,ASC000139,CUST00000114,2026-05-26 20:41:00,SALE,Store,Completed,POS_C,2026-05-26,False
TXN000005169,824.66,-23.700000000000045,2.0,1,STR0002,REG002,ASC000269,,2026-04-24 02:57:00,SALE,Store,Completed,POS_B,2026-04-24,True
TXN000005172,1689.32,893.0899999999999,3.0,2,STR0011,REG011,ASC000136,CUST00000937,2026-04-09 15:55:00,SALE,Store,Completed,POS_A,2026-04-09,True
TXN000005173,1203.04,311.1900000000001,3.0,2,STR0017,REG014,ASC000436,CUST00001084,,SALE,Store,Completed,POS_C,,True
TXN000005177,5005.8,1591.0,10.0,4,STR0012,REG020,ASC000023,,,SALE,Store,Completed,POS_A,,True
TXN000005178,897.98,499.20000000000005,2.0,1,STR0009,REG001,ASC000126,,,SALE,Store,Completed,POS_A,,True
TXN000005185,248.02,44.56,1.0,1,STR0017,REG021,ASC000024,,,SALE,Store,Completed,POS_C,,False
TXN000005186,945.5,478.51,7.0,2,STR0024,REG007,ASC000289,CUST00000878,2026-04-04 11:21:00,SALE,Store,Completed,POS_C,2026-04-04,True
TXN000005188,808.12,326.32,2.0,1,STR0001,REG016,ASC000413,CUST00000755,,SALE,Pickup,Completed,POS_C,,True
TXN000005189,1710.33,-96.20999999999991,7.0,2,STR0020,REG013,ASC000382,CUST00000573,,SALE,Store,Completed,POS_A,,True
TXN000005191,492.26,198.19,1.0,1,STR0015,REG026,ASC000054,CUST00000202,,SALE,Store,Completed,POS_B,,False
TXN000005195,397.76,245.1,2.0,1,STR0020,REG008,ASC000208,,,SALE,Store,Completed,POS_B,,False
TXN000005197,2727.11,810.8700000000001,8.0,4,STR0012,REG024,ASC000237,CUST00000774,2026-05-10 20:10:00,SALE,Store,Completed,POS_C,2026-05-10,True
TXN000005199,2318.95,618.1499999999999,13.0,3,STR0024,REG013,ASC000373,CUST00001300,2026-05-24 00:10:00,SALE,Store,Completed,POS_C,2026-05-24,True
TXN000005203,1214.64,320.96000000000015,2.0,1,STR0015,REG028,ASC000080,CUST00000925,,SALE,Store,Completed,POS_B,,True
TXN000005208,1237.41,223.1300000000001,4.0,3,STR0018,REG024,ASC000379,CUST00001375,,SALE,Pickup,Completed,POS_A,,True
TXN000005211,2306.98,939.4300000000001,5.0,2,STR0016,REG009,ASC000378,CUST00000247,2026-04-09 08:31:00,SALE,Store,Completed,POS_C,2026-04-09,True
TXN000005213,3185.38,1899.3100000000002,3.0,1,STR0004,REG007,ASC000165,,2026-05-17 07:35:00,SALE,Pickup,Completed,POS_A,2026-05-17,True
TXN000005219,962.8,418.29999999999995,7.0,3,STR0005,REG024,ASC000063,CUST00000677,,SALE,Store,Completed,POS_B,,True
TXN000005225,2462.16,813.6399999999999,10.0,3,STR0011,REG024,ASC000012,CUST00001107,,SALE,Pickup,Completed,POS_C,,True
TXN000005228,2058.4,1095.55,5.0,3,STR0014,REG018,ASC000247,CUST00001621,2026-04-17 17:05:00,SALE,Store,Completed,POS_A,2026-04-17,True
TXN000005229,681.68,343.5799999999999,1.0,1,STR0014,REG015,ASC000247,CUST00001449,,SALE,Pickup,Completed,POS_C,,True
TXN000005230,3504.8999999999996,1309.9399999999996,7.0,3,STR0002,REG025,ASC000332,,2026-05-18 11:18:00,SALE,Pickup,Completed,POS_B,2026-05-18,True
TXN000005231,462.96000000000004,155.41,3.0,3,STR0007,REG020,ASC000168,,,SALE,Store,Completed,POS_C,,False
TXN000005236,328.51,141.97,3.0,2,STR0013,REG008,ASC000422,CUST00001207,2026-04-20 20:05:00,SALE,Store,Completed,POS_B,2026-04-20,False
TXN000005238,2069.4,755.4499999999999,5.0,3,STR0011,REG009,ASC000123,CUST00001052,,SALE,Store,Completed,POS_C,,True
TXN000005239,1008.46,306.23999999999995,8.0,4,STR0005,REG028,ASC000063,CUST00001744,2026-05-06 15:09:00,SALE,Store,Completed,POS_C,2026-05-06,True
TXN000005240,4934.18,2650.32,10.0,3,STR0002,REG011,ASC000290,CUST00000427,2026-05-10 22:29:00,SALE,Store,Completed,POS_B,2026-05-10,True
TXN000005244,2076.4,424.4000000000001,8.0,4,STR0024,REG024,ASC000377,CUST00001527,,SALE,Store,Completed,POS_B,,True
TXN000005246,1064.73,310.11,3.0,1,STR0011,REG026,ASC000012,CUST00000629,,SALE,Store,Completed,POS_C,,True
TXN000005250,1869.6999999999998,1014.3999999999999,4.0,2,STR0014,REG013,ASC000411,CUST00000463,2026-05-04 02:39:00,SALE,Store,Completed,POS_A,2026-05-04,True
TXN000005252,465.78,204.61999999999995,1.0,1,STR0025,REG021,ASC000016,,2026-04-15 10:45:00,SALE,Store,Completed,POS_C,2026-04-15,False
TXN000005253,127.69999999999999,48.61,2.0,2,STR0001,REG001,ASC000360,,,SALE,Pickup,Completed,POS_C,,False
TXN000005254,317.64,107.58999999999997,1.0,1,STR0023,REG022,ASC000479,CUST00000202,,SALE,Pickup,Completed,POS_B,,False
TXN000005255,3327.96,696.3600000000001,8.0,2,STR0007,REG017,ASC000075,CUST00001382,2026-05-02 14:47:00,SALE,Store,Completed,POS_A,2026-05-02,True
TXN000005257,1533.84,706.9599999999999,2.0,1,STR0011,REG021,ASC000314,,,SALE,Pickup,Completed,POS_C,,True
TXN000005258,4372.91,2208.0699999999997,9.0,4,STR0006,REG004,ASC000294,,,SALE,Pickup,Completed,POS_A,,True
TXN000005259,1429.45,631.6100000000001,3.0,3,STR0009,REG003,ASC000125,CUST00001623,2026-04-02 05:57:00,SALE,Store,Completed,POS_A,2026-04-02,True
TXN000005261,1126.36,284.79999999999995,2.0,1,STR0011,REG022,ASC000123,,2026-04-02 14:36:00,SALE,Pickup,Completed,POS_B,2026-04-02,True
TXN000005264,1007.52,533.22,3.0,2,STR0007,REG025,ASC000474,CUST00001615,2026-05-23 05:56:00,SALE,Pickup,Completed,POS_A,2026-05-23,True
TXN000005268,2225.64,1065.4799999999998,3.0,1,STR0024,REG022,ASC000340,CUST00000234,2026-05-04 16:42:00,SALE,Store,Completed,POS_B,2026-05-04,True
TXN000005270,642.2,145.34000000000003,2.0,1,STR0001,REG013,ASC000360,,,SALE,Store,Completed,POS_B,,True
TXN000005273,789.7,421.04,2.0,1,STR0011,REG025,ASC000399,CUST00000217,2026-04-25 02:29:00,SALE,Store,Completed,POS_C,2026-04-25,True
TXN000005275,3629.95,1615.7399999999998,7.0,3,STR0013,REG017,ASC000098,CUST00000072,2026-05-22 10:33:00,SALE,Pickup,Completed,POS_A,2026-05-22,True
TXN000005278,3402.36,1827.6000000000001,4.0,1,STR0001,REG026,ASC000472,CUST00000518,,SALE,Store,Completed,POS_B,,True
TXN000005285,2901.75,1423.06,6.0,3,STR0010,REG013,ASC000426,CUST00001133,,SALE,Store,Completed,POS_A,,True
TXN000005286,1454.26,779.56,2.0,1,STR0020,REG013,ASC000468,CUST00000885,2026-04-16 21:22:00,SALE,Store,Completed,POS_B,2026-04-16,True
TXN000005287,2370.54,912.4100000000001,7.0,4,STR0015,REG022,ASC000274,CUST00000070,2026-05-15 12:43:00,SALE,Store,Completed,POS_C,2026-05-15,True
TXN000005289,1762.9699999999998,709.27,6.0,2,STR0005,REG012,ASC000015,CUST00001635,2026-04-18 08:42:00,SALE,Store,Completed,POS_B,2026-04-18,True
TXN000005294,1324.3899999999999,506.23999999999995,4.0,3,STR0018,REG017,ASC000341,CUST00001376,,SALE,Pickup,Completed,POS_B,,True
TXN000005296,431.76,108.69000000000001,8.0,3,STR0002,REG018,ASC000332,CUST00001772,2026-04-25 20:53:00,SALE,Pickup,Completed,POS_B,2026-04-25,False
TXN000005298,770.54,349.98999999999995,11.0,5,STR0001,REG023,ASC000413,CUST00000661,2026-05-02 05:44:00,SALE,Pickup,Completed,POS_A,2026-05-02,True
TXN000005301,3558.8599999999997,1580.3099999999997,7.0,2,STR0002,REG022,ASC000483,CUST00001583,2026-05-01 03:16:00,SALE,Store,Completed,POS_C,2026-05-01,True
TXN000005304,1329.38,734.7,3.0,2,STR0006,REG011,ASC000076,CUST00000761,2026-04-15 06:53:00,SALE,Store,Completed,POS_A,2026-04-15,True
TXN000005305,1325.5,314.0799999999999,7.0,3,STR0001,REG024,ASC000472,CUST00001467,2026-04-20 11:28:00,SALE,Store,Completed,POS_C,2026-04-20,True
TXN000005309,1581.1399999999999,287.96999999999997,7.0,3,STR0019,REG018,ASC000004,CUST00000292,,SALE,Pickup,Completed,POS_B,,True
TXN000005310,2489.65,1333.5000000000002,5.0,1,STR_UNKNOWN,REG021,ASC000440,CUST00000984,,SALE,Store,Completed,POS_B,,True
TXN000005317,1366.82,735.39,7.0,3,STR0018,REG012,ASC000127,,2026-05-12 08:23:00,SALE,Store,Completed,POS_A,2026-05-12,True
TXN000005318,2132.09,878.1300000000001,7.0,3,STR0022,REG006,ASC000443,CUST00000979,,SALE,Store,Completed,POS_C,,True
TXN000005319,259.82,15.789999999999992,1.0,1,STR0007,REG024,ASC000118,CUST00000354,2026-05-07 14:36:00,SALE,Store,Completed,POS_A,2026-05-07,False
TXN000005320,106.56,42.040000000000006,2.0,1,STR0015,REG007,ASC000054,,,SALE,Pickup,Completed,POS_B,,False
TXN000005322,2916.19,980.7499999999999,7.0,3,STR0002,REG020,ASC000320,CUST00000940,,SALE,Store,Completed,POS_B,,True
TXN000005323,5276.39,3108.84,10.0,3,STR0017,REG028,ASC000351,CUST00001076,2026-04-01 10:21:00,SALE,Store,Completed,POS_C,2026-04-01,True
TXN000005333,640.1899999999999,347.40000000000003,3.0,2,STR0015,REG021,ASC000212,CUST00001513,,SALE,Pickup,Completed,POS_C,,True
TXN000005334,796.64,301.38999999999993,3.0,3,STR0024,REG024,ASC000377,CUST00000502,,SALE,Pickup,Completed,POS_C,,True
TXN000005337,5052.08,1615.66,14.0,6,STR0004,REG013,ASC000062,CUST00000258,,SALE,Store,Completed,POS_C,,True
TXN000005342,7458.549999999999,4161.449999999999,10.0,2,STR0022,REG004,ASC000369,CUST00001773,2026-04-12 12:44:00,SALE,Store,Completed,POS_B,2026-04-12,True
TXN000005344,561.22,112.81000000000006,4.0,2,STR0006,REG020,ASC000305,,,SALE,Pickup,Completed,POS_B,,True
TXN000005347,548.63,203.06,5.0,2,STR0004,REG017,ASC000009,,2026-04-18 22:56:00,SALE,Pickup,Completed,POS_B,2026-04-18,True
TXN000005349,322.07,60.20999999999999,3.0,2,STR0005,REG017,ASC000229,CUST00000539,2026-05-04 07:19:00,SALE,Pickup,Completed,POS_B,2026-05-04,False
TXN000005350,1549.0800000000002,794.2900000000002,4.0,2,STR0006,REG014,ASC000191,CUST00000439,2026-04-26 15:55:00,SALE,Store,Completed,POS_C,2026-04-26,True
TXN000005351,1079.76,192.0,3.0,1,STR0006,REG023,ASC000226,,2026-04-27 07:31:00,SALE,Store,Completed,POS_B,2026-04-27,True
TXN000005357,1957.56,751.77,5.0,2,STR0021,REG009,ASC000101,,,SALE,Store,Completed,POS_C,,True
TXN000005358,41.74,4.200000000000003,1.0,1,STR0015,REG015,ASC000438,CUST00001656,,SALE,Pickup,Completed,POS_C,,False
TXN000005359,1472.76,650.52,3.0,3,STR0014,REG013,ASC000498,,2026-04-03 22:09:00,SALE,Store,Completed,POS_B,2026-04-03,True
TXN000005361,1583.3999999999999,134.51999999999992,6.0,2,STR0025,REG025,ASC000286,CUST00001194,,SALE,Pickup,Completed,POS_B,,True
TXN000005362,75.96,4.959999999999994,4.0,1,STR0022,REG022,ASC000131,CUST00000120,,SALE,Store,Completed,POS_C,,False
TXN000005364,5938.44,1936.5299999999997,16.0,5,STR0015,REG019,ASC000338,CUST00001493,,SALE,Store,Completed,POS_A,,True
TXN000005365,1078.4,447.1,5.0,1,STR0022,REG025,ASC000219,,2026-05-24 04:52:00,SALE,Store,Completed,POS_B,2026-05-24,True
TXN000005366,3472.24,1902.5499999999997,5.0,2,STR0012,REG018,ASC000069,CUST00001694,2026-05-06 03:31:00,SALE,Pickup,Completed,POS_A,2026-05-06,True
TXN000005369,724.6500000000001,228.49,6.0,3,STR0002,REG007,ASC000290,CUST00000783,2026-04-16 10:37:00,SALE,Store,Completed,POS_A,2026-04-16,True
TXN000005373,4383.66,2279.36,11.0,4,STR0020,REG007,ASC000200,CUST00000526,,SALE,Store,Completed,POS_B,,True
TXN000005374,1400.38,688.28,2.0,2,STR0016,REG026,ASC000273,CUST00000678,2026-04-29 00:57:00,SALE,Store,Completed,POS_A,2026-04-29,True
TXN000005378,3565.7599999999998,1909.0799999999997,6.0,2,STR0014,REG011,ASC000381,,2026-05-08 19:43:00,SALE,Store,Completed,POS_C,2026-05-08,True
TXN000005380,5541.49,2487.96,11.0,5,STR0015,REG028,ASC000080,CUST00000771,,SALE,Store,Completed,POS_B,,True
TXN000005384,2325.14,1348.6,9.0,3,STR0004,REG017,ASC000062,CUST00001060,,SALE,Store,Completed,POS_B,,True
TXN000005386,2871.6400000000003,634.61,11.0,4,STR0007,REG001,ASC000393,CUST00000972,2026-05-13 19:42:00,SALE,Pickup,Completed,POS_C,2026-05-13,True
TXN000005388,2365.65,1044.7199999999998,6.0,2,STR0002,REG019,ASC000011,CUST00000767,,SALE,Pickup,Completed,POS_C,,True
TXN000005392,2829.45,882.3599999999999,6.0,4,STR0015,REG019,ASC000020,CUST00001260,,SALE,Store,Completed,POS_C,,True
TXN000005395,2403.79,1316.0099999999998,4.0,3,STR0025,REG021,ASC000464,,2026-05-01 00:44:00,SALE,Store,Completed,POS_C,2026-05-01,True
TXN000005397,1204.9499999999998,695.1299999999999,4.0,2,STR0019,REG006,ASC000488,CUST00000702,,SALE,Store,Completed,POS_A,,True
TXN000005398,1015.1800000000001,468.76,2.0,2,STR0004,REG013,ASC000009,CUST00001148,,SALE,Store,Completed,POS_A,,True
TXN000005399,2704.4700000000003,1501.75,5.0,3,STR0012,REG002,ASC000207,CUST00001281,,SALE,Store,Completed,POS_C,,True
TXN000005400,3875.4999999999995,421.5699999999995,12.0,3,STR0020,REG017,ASC000189,CUST00000976,,SALE,Store,Completed,POS_A,,True
TXN000005401,3805.94,1854.9,11.0,4,STR0018,REG006,ASC000470,CUST00001614,2026-04-18 20:59:00,SALE,Store,Completed,POS_C,2026-04-18,True
TXN000005403,680.03,232.64999999999998,1.0,1,STR0011,REG020,ASC000325,CUST00001373,2026-05-28 14:38:00,SALE,Pickup,Completed,POS_A,2026-05-28,True
TXN000005408,1766.3699999999997,662.7899999999998,9.0,5,STR0019,REG009,ASC000013,CUST00001761,,SALE,Store,Completed,POS_A,,True
TXN000005410,2031.82,1164.14,6.0,3,STR0025,REG011,ASC000204,,,SALE,Store,Completed,POS_C,,True
TXN000005411,2013.65,722.2600000000001,9.0,2,STR0025,REG022,ASC000204,CUST00000435,2026-05-22 21:34:00,SALE,Store,Completed,POS_C,2026-05-22,True
TXN000005417,3288.44,1389.5800000000002,8.0,3,STR0011,REG025,ASC000012,,,SALE,Pickup,Completed,POS_B,,True
TXN000005419,2128.34,258.89,5.0,2,STR0003,REG027,ASC000405,CUST00001284,,SALE,Store,Completed,POS_B,,True
TXN000005424,2023.17,557.46,11.0,5,STR0021,REG018,ASC000492,CUST00000566,2026-04-17 05:58:00,SALE,Store,Completed,POS_B,2026-04-17,True
TXN000005425,3284.64,1698.42,6.0,2,STR0015,REG014,ASC000375,CUST00000686,,SALE,Pickup,Completed,POS_B,,True
TXN000005427,1539.78,726.5799999999999,2.0,1,STR0023,REG028,ASC000417,CUST00000856,,SALE,Store,Completed,POS_B,,True
TXN000005428,1857.4,889.96,4.0,1,STR0020,REG019,ASC000170,,,SALE,Pickup,Completed,POS_B,,True
TXN000005429,1792.39,439.37000000000006,7.0,4,STR0020,REG025,ASC000466,,2026-05-13 00:47:00,SALE,Store,Completed,POS_A,2026-05-13,True
TXN000005431,4778.13,2536.9700000000003,9.0,2,STR0025,REG025,ASC000440,CUST00001482,,SALE,Store,Completed,POS_A,,True
TXN000005435,3918.66,1796.4999999999998,10.0,4,STR0014,REG010,ASC000494,CUST00000522,2026-05-11 08:12:00,SALE,Store,Completed,POS_A,2026-05-11,True
TXN000005436,3077.5,1252.34,9.0,4,STR0018,REG026,ASC000490,CUST00001719,,SALE,Pickup,Completed,POS_B,,True
TXN000005445,887.06,234.2399999999999,2.0,1,STR0018,REG014,ASC000297,,2026-04-18 00:05:00,SALE,Store,Completed,POS_A,2026-04-18,True
TXN000005446,437.88,192.14,5.0,2,STR0010,REG003,ASC000414,CUST00001595,2026-05-14 00:37:00,SALE,Store,Completed,POS_C,2026-05-14,False
TXN000005447,4147.9,1687.23,9.0,4,STR0009,REG007,ASC000445,CUST00001461,2026-04-26 14:28:00,SALE,Pickup,Completed,POS_C,2026-04-26,True
TXN000005450,8239.080000000002,3993.54,18.0,5,STR0002,REG024,ASC000434,CUST00000045,,SALE,Pickup,Completed,POS_A,,True
TXN000005451,186.87,77.54,1.0,1,STR0019,REG028,ASC000142,CUST00001206,2026-04-05 01:37:00,SALE,Pickup,Completed,POS_B,2026-04-05,False
TXN000005452,3366.91,1489.1199999999997,8.0,4,STR0023,REG017,ASC000276,CUST00001606,2026-04-08 07:48:00,SALE,Store,Completed,POS_B,2026-04-08,True
TXN000005457,2070.82,846.5100000000001,7.0,4,STR0002,REG009,ASC000320,,,SALE,Store,Completed,POS_A,,True
TXN000005459,4305.610000000001,2118.9700000000003,9.0,3,STR0007,REG019,ASC000146,CUST00001109,,SALE,Pickup,Completed,POS_A,,True
TXN000005461,339.18,174.95000000000002,3.0,2,STR0016,REG002,ASC000262,CUST00001479,,SALE,Store,Completed,POS_C,,False
TXN000005464,5233.7300000000005,2987.57,10.0,4,STR0020,REG001,ASC000175,,,SALE,Store,Completed,POS_C,,True
TXN000005466,440.31,195.12,2.0,2,STR0014,REG004,ASC000498,CUST00001795,2026-05-13 21:44:00,SALE,Store,Completed,POS_C,2026-05-13,False
TXN000005468,2692.25,653.2800000000001,10.0,4,STR0018,REG007,ASC000036,CUST00000955,,SALE,Pickup,Completed,POS_A,,True
TXN000005469,922.34,125.12,2.0,1,STR0005,REG007,ASC000015,CUST00000917,,SALE,Store,Completed,POS_B,,True
TXN000005470,3013.04,1030.64,8.0,2,STR0008,REG017,ASC000140,,2026-05-13 10:22:00,SALE,Store,Completed,POS_A,2026-05-13,True
TXN000005472,2018.6200000000001,981.4900000000001,3.0,2,STR0021,REG008,ASC000484,,2026-05-03 22:15:00,SALE,Store,Completed,POS_A,2026-05-03,True
TXN000005473,1696.0,580.5100000000002,5.0,2,STR0005,REG022,ASC000044,CUST00000007,2026-04-26 11:26:00,SALE,Pickup,Completed,POS_B,2026-04-26,True
TXN000005475,4617.87,1573.5700000000002,10.0,4,STR0024,REG001,ASC000441,CUST00000918,2026-05-26 05:59:00,SALE,Store,Completed,POS_C,2026-05-26,True
TXN000005476,821.19,391.5400000000001,2.0,2,STR0021,REG018,ASC000113,CUST00000710,2026-05-03 18:46:00,SALE,Pickup,Completed,POS_A,2026-05-03,True
TXN000005481,2044.04,1051.6,4.0,1,STR0006,REG026,ASC000319,CUST00001542,,SALE,Store,Completed,POS_B,,True
TXN000005484,4191.6,2147.3500000000004,5.0,1,STR0001,REG020,ASC000360,CUST00000906,,SALE,Store,Completed,POS_C,,True
TXN000005485,1237.99,656.3900000000001,5.0,2,STR0001,REG023,ASC000299,CUST00001515,,SALE,Pickup,Completed,POS_C,,True
TXN000005489,83.4,9.88000000000001,2.0,1,STR0023,REG002,ASC000060,,2026-05-05 02:46:00,SALE,Store,Completed,POS_B,2026-05-05,False
TXN000005493,2726.04,1140.52,4.0,1,STR0005,REG010,ASC000473,,,SALE,Store,Completed,POS_B,,True
TXN000005495,1923.64,699.1400000000001,4.0,2,STR0023,REG011,ASC000181,,,SALE,Pickup,Completed,POS_C,,True
TXN000005498,5961.94,3332.7999999999997,8.0,3,STR0004,REG028,ASC000165,CUST00001403,,SALE,Store,Completed,POS_B,,True
TXN000005501,113.23000000000002,21.12000000000002,4.0,2,STR0011,REG017,ASC000325,CUST00000209,,SALE,Store,Completed,POS_B,,False
TXN000005502,3661.33,1767.7899999999997,7.0,2,STR0014,REG013,ASC000066,,,SALE,Store,Completed,POS_C,,True
TXN000005505,2234.0,1022.1399999999999,9.0,3,STR0004,REG014,ASC000287,,2026-05-27 12:06:00,SALE,Pickup,Completed,POS_A,2026-05-27,True
TXN000005508,4619.11,2378.5499999999997,11.0,3,STR0024,REG015,ASC000377,,,SALE,Pickup,Completed,POS_B,,True
TXN000005509,3078.86,768.05,6.0,2,STR0006,REG001,ASC000409,CUST00000448,,SALE,Store,Completed,POS_B,,True
TXN000005510,611.46,358.80000000000007,2.0,1,STR0005,REG026,ASC000015,CUST00000573,2026-05-27 23:58:00,SALE,Store,Completed,POS_A,2026-05-27,True
TXN000005514,1306.08,658.3599999999999,4.0,1,STR0017,REG025,ASC000164,,2026-05-25 08:45:00,SALE,Pickup,Completed,POS_C,2026-05-25,True
TXN000005516,42.14,8.71,1.0,1,STR0003,REG012,ASC000067,CUST00000591,,SALE,Pickup,Completed,POS_A,,False
TXN000005518,148.46,33.400000000000006,1.0,1,STR0008,REG002,ASC000048,,2026-05-11 07:32:00,SALE,Pickup,Completed,POS_B,2026-05-11,False
TXN000005520,444.42999999999995,133.93999999999997,2.0,2,STR0011,REG006,ASC000049,CUST00001532,2026-05-26 20:45:00,SALE,Pickup,Completed,POS_A,2026-05-26,False
TXN000005523,3902.59,922.57,11.0,5,STR0009,REG015,ASC000258,CUST00001636,,SALE,Store,Completed,POS_A,,True
TXN000005527,1215.69,376.36,8.0,2,STR0013,REG018,ASC000163,,,SALE,Store,Completed,POS_A,,True
TXN000005528,102.65,43.800000000000004,1.0,1,STR0016,REG012,ASC000182,CUST00000959,,SALE,Store,Completed,POS_C,,False
TXN000005534,182.65,2.710000000000008,1.0,1,STR0006,REG021,ASC000156,CUST00000593,,SALE,Store,Completed,POS_B,,False
TXN000005536,1040.8799999999999,489.79999999999995,4.0,3,STR0004,REG003,ASC000153,CUST00001268,2026-04-25 14:21:00,SALE,Store,Completed,POS_A,2026-04-25,True
TXN000005537,1087.32,460.9599999999999,4.0,1,STR0021,REG028,ASC000268,CUST00000332,,SALE,Pickup,Completed,POS_A,,True
TXN000005539,1682.81,600.77,7.0,2,STR0023,REG009,ASC000324,CUST00000066,2026-04-19 01:51:00,SALE,Store,Completed,POS_C,2026-04-19,True
TXN000005540,783.6600000000001,297.87000000000006,3.0,1,STR0023,REG026,ASC000018,,,SALE,Store,Completed,POS_C,,True
TXN000005543,3644.83,1419.33,10.0,4,STR0006,REG006,ASC000243,CUST00001107,2026-04-10 20:11:00,SALE,Store,Completed,POS_B,2026-04-10,True
TXN000005550,4072.16,1803.0900000000001,9.0,4,STR0002,REG017,ASC000038,CUST00000879,2026-04-19 04:06:00,SALE,Store,Completed,POS_A,2026-04-19,True
TXN000005551,1533.14,856.8800000000001,2.0,1,STR0001,REG022,ASC000306,CUST00001026,,SALE,Pickup,Completed,POS_C,,True
TXN000005553,4995.58,2202.46,9.0,3,STR0011,REG007,ASC000033,CUST00001741,2026-04-30 17:39:00,SALE,Store,Completed,POS_A,2026-04-30,True
TXN000005555,639.9,328.45,5.0,1,STR0024,REG011,ASC000108,CUST00000204,,SALE,Store,Completed,POS_A,,True
TXN000005557,4452.15,1798.6799999999998,12.0,6,STR0012,REG001,ASC000092,CUST00000552,2026-05-08 05:15:00,SALE,Store,Completed,POS_A,2026-05-08,True
TXN000005558,123.62,0.09000000000000341,1.0,1,STR0004,REG027,ASC000002,CUST00001740,,SALE,Store,Completed,POS_A,,False
TXN000005560,7524.9,4390.7,13.0,5,STR0009,REG012,ASC000155,,,SALE,Pickup,Completed,POS_A,,True
TXN000005561,90.59,17.77000000000001,1.0,1,STR0010,REG004,ASC000122,,2026-05-22 10:06:00,SALE,Store,Completed,POS_B,2026-05-22,False
TXN000005563,3318.9300000000003,1751.77,7.0,3,STR0005,REG008,ASC000229,CUST00001662,2026-04-24 16:04:00,SALE,Pickup,Completed,POS_B,2026-04-24,True
TXN000005564,1144.05,319.76,3.0,2,STR0010,REG018,ASC000368,,2026-04-24 03:58:00,SALE,Store,Completed,POS_C,2026-04-24,True
TXN000005566,3706.52,2063.6200000000003,6.0,2,STR0022,REG014,ASC000219,,2026-05-24 14:20:00,SALE,Store,Completed,POS_B,2026-05-24,True
TXN000005568,1040.88,631.3600000000001,2.0,1,STR0018,REG008,ASC000386,CUST00001340,,SALE,Store,Completed,POS_A,,True
TXN000005569,2764.1099999999997,1326.96,6.0,3,STR0014,REG001,ASC000411,CUST00001795,,SALE,Store,Completed,POS_C,,True
TXN000005571,3547.88,1899.98,10.0,3,STR0020,REG007,ASC000195,CUST00001338,2026-04-24 03:14:00,SALE,Pickup,Completed,POS_A,2026-04-24,True
TXN000005572,1490.2600000000002,703.6200000000001,4.0,3,STR0006,REG019,ASC000243,,,SALE,Pickup,Completed,POS_B,,True
TXN000005580,3917.0499999999997,1634.87,9.0,5,STR0010,REG010,ASC000122,CUST00000451,,SALE,Store,Completed,POS_B,,True
TXN000005581,1380.6100000000001,691.0899999999999,6.0,3,STR0014,REG001,ASC000494,CUST00000836,2026-04-19 16:58:00,SALE,Store,Completed,POS_B,2026-04-19,True
TXN000005584,2342.1099999999997,1257.57,4.0,3,STR0024,REG002,ASC000418,,2026-05-17 04:10:00,SALE,Store,Completed,POS_A,2026-05-17,True
TXN000005585,2489.77,1255.04,5.0,2,STR0005,REG008,ASC000044,CUST00001585,2026-05-16 17:18:00,SALE,Store,Completed,POS_C,2026-05-16,True
TXN000005587,861.2,191.0,4.0,1,STR0012,REG008,ASC000005,CUST00001184,2026-04-06 09:52:00,SALE,Store,Completed,POS_A,2026-04-06,True
TXN000005588,550.95,168.8,10.0,2,STR0001,REG004,ASC000467,,,SALE,Pickup,Completed,POS_A,,True
TXN000005593,2043.53,760.6999999999999,5.0,4,STR0010,REG015,ASC000070,CUST00000557,2026-04-20 17:31:00,SALE,Store,Completed,POS_C,2026-04-20,True
TXN000005594,174.52,63.20000000000002,4.0,1,STR0002,REG013,ASC000025,CUST00001621,2026-05-04 13:42:00,SALE,Store,Completed,POS_A,2026-05-04,False
TXN000005598,461.82,50.670000000000016,1.0,1,STR0015,REG011,ASC000014,CUST00001329,2026-04-07 08:14:00,SALE,Store,Completed,POS_A,2026-04-07,False
TXN000005599,1142.31,632.78,3.0,2,STR0013,REG007,ASC000238,CUST00000807,2026-05-10 20:06:00,SALE,Store,Completed,POS_A,2026-05-10,True
TXN000005600,1144.51,382.03000000000003,6.0,3,STR0013,REG001,ASC000149,,,SALE,Store,Completed,POS_A,,True
TXN000005603,2831.2200000000003,621.6199999999999,8.0,3,STR0021,REG002,ASC000210,CUST00001614,2026-04-22 23:01:00,SALE,Pickup,Completed,POS_C,2026-04-22,True
TXN000005606,2565.82,409.68999999999994,8.0,4,STR0011,REG022,ASC000135,CUST00001302,2026-04-29 12:21:00,SALE,Store,Completed,POS_C,2026-04-29,True
TXN000005609,1362.19,852.45,5.0,2,STR0011,REG014,ASC000325,CUST00000191,2026-04-10 00:37:00,SALE,Store,Completed,POS_A,2026-04-10,True
TXN000005614,1050.15,40.38000000000011,3.0,1,STR0007,REG006,ASC000239,,2026-05-24 02:34:00,SALE,Store,Completed,POS_B,2026-05-24,True
TXN000005617,863.6199999999999,417.86,4.0,2,STR0008,REG003,ASC000166,CUST00000067,2026-05-10 06:36:00,SALE,Store,Completed,POS_A,2026-05-10,True
TXN000005618,544.0,322.74,1.0,1,STR0005,REG010,ASC000397,CUST00000099,2026-05-12 12:27:00,SALE,Store,Completed,POS_C,2026-05-12,True
TXN000005620,3946.5,2201.8999999999996,5.0,1,STR0015,REG016,ASC000059,CUST00001481,2026-05-11 14:24:00,SALE,Store,Completed,POS_B,2026-05-11,True
TXN000005621,3833.5200000000004,1794.1200000000003,8.0,2,STR0010,REG010,ASC000104,CUST00001045,2026-05-22 23:09:00,SALE,Store,Completed,POS_C,2026-05-22,True
TXN000005624,1936.75,735.0499999999998,3.0,2,STR0011,REG018,ASC000123,CUST00000479,2026-05-03 22:51:00,SALE,Store,Completed,POS_A,2026-05-03,True
TXN000005627,710.28,334.59999999999997,1.0,1,STR0018,REG025,ASC000036,CUST00001549,2026-04-05 08:12:00,SALE,Store,Completed,POS_A,2026-04-05,True
TXN000005628,289.33,83.34,2.0,2,STR0003,REG007,ASC000233,CUST00000565,,SALE,Pickup,Completed,POS_A,,False
TXN000005629,4152.66,2679.9399999999996,8.0,4,STR0003,REG014,ASC000264,CUST00001101,,SALE,Store,Completed,POS_A,,True
TXN000005633,2206.27,919.5800000000002,7.0,3,STR0019,REG011,ASC000260,CUST00001295,,SALE,Store,Completed,POS_A,,True
TXN000005635,2090.38,773.0799999999999,8.0,3,STR0016,REG015,ASC000267,CUST00000635,2026-04-04 23:02:00,SALE,Pickup,Completed,POS_A,2026-04-04,True
TXN000005637,735.52,271.32,4.0,1,STR0025,REG004,ASC000206,CUST00000295,,SALE,Pickup,Completed,POS_B,,True
TXN000005638,2383.2400000000002,1096.94,4.0,3,STR0015,REG021,ASC000020,CUST00001147,,SALE,Store,Completed,POS_C,,True
TXN000005641,2873.2999999999997,583.9799999999998,9.0,3,STR0005,REG006,ASC000442,CUST00001388,2026-04-01 10:11:00,SALE,Store,Completed,POS_A,2026-04-01,True
TXN000005642,3278.54,1357.4099999999999,11.0,4,STR0023,REG009,ASC000407,CUST00000926,,SALE,Store,Completed,POS_B,,True
TXN000005644,978.64,378.79999999999995,2.0,1,STR0007,REG028,ASC_BAD,CUST00000897,,SALE,Store,Completed,POS_C,,True
TXN000005648,3219.2599999999998,1260.4699999999998,8.0,3,STR0022,REG023,ASC000219,CUST00000600,,SALE,Pickup,Completed,POS_A,,True
TXN000005650,3017.73,1523.52,7.0,3,STR0013,REG014,ASC000053,CUST00001494,2026-04-12 23:10:00,SALE,Store,Completed,POS_C,2026-04-12,True
TXN000005651,2276.18,1017.3799999999999,8.0,3,STR0017,REG008,ASC000436,CUST00000028,,SALE,Store,Completed,POS_A,,True
TXN000005652,2169.8,940.28,7.0,2,STR0020,REG028,ASC000211,CUST00001447,2026-05-12 01:58:00,SALE,Store,Completed,POS_C,2026-05-12,True
TXN000005653,2684.17,807.7400000000002,10.0,4,STR0025,REG012,ASC000457,,2026-04-12 03:55:00,SALE,Store,Completed,POS_A,2026-04-12,True
TXN000005660,1041.6,544.9599999999999,4.0,2,STR0020,REG024,ASC000099,CUST00001088,,SALE,Pickup,Completed,POS_A,,True
TXN000005661,2407.04,475.7899999999999,5.0,4,STR0015,REG023,ASC000121,,,SALE,Store,Completed,POS_A,,True
TXN000005662,957.86,558.7,2.0,1,STR0010,REG011,ASC000388,CUST00000945,2026-04-07 19:33:00,SALE,Store,Completed,POS_B,2026-04-07,True
TXN000005663,2443.9,968.1000000000001,4.0,2,STR0012,REG014,ASC000237,CUST00000489,2026-04-14 22:12:00,SALE,Pickup,Completed,POS_C,2026-04-14,True
TXN000005664,3570.5299999999997,914.46,9.0,5,STR0023,REG018,ASC000339,,,SALE,Store,Completed,POS_B,,True
TXN000005666,422.07,251.45999999999998,1.0,1,STR0012,REG026,ASC000092,CUST00000954,,SALE,Store,Completed,POS_A,,False
TXN000005669,2297.76,577.7000000000002,7.0,3,STR0003,REG016,ASC000067,CUST00000625,,SALE,Store,Completed,POS_B,,True
TXN000005670,1603.3400000000001,873.6800000000001,10.0,3,STR0018,REG018,ASC000490,,2026-05-02 22:29:00,SALE,Store,Completed,POS_C,2026-05-02,True
TXN000005671,2165.94,1032.25,9.0,4,STR0006,REG005,ASC000030,CUST00000524,,SALE,Store,Completed,POS_C,,True
TXN000005676,2997.9700000000003,901.58,9.0,5,STR0004,REG028,ASC000154,CUST00000573,2026-04-01 11:37:00,SALE,Store,Completed,POS_A,2026-04-01,True
TXN000005677,1404.8400000000001,592.1400000000001,7.0,3,STR0023,REG006,ASC000181,CUST00001117,2026-04-27 18:59:00,SALE,Pickup,Completed,POS_B,2026-04-27,True
TXN000005680,4383.98,2030.9399999999998,9.0,4,STR0021,REG022,ASC000326,,,SALE,Pickup,Completed,POS_A,,True
TXN000005681,2821.52,1561.7799999999997,13.0,3,STR0012,REG019,ASC000214,CUST00001207,2026-05-20 23:20:00,SALE,Store,Completed,POS_B,2026-05-20,True
TXN000005691,862.14,112.25999999999999,2.0,1,STR0014,REG022,ASC000498,CUST00000999,2026-04-07 22:45:00,SALE,Store,Completed,POS_B,2026-04-07,True
TXN000005693,581.86,254.19,3.0,2,STR0025,REG003,ASC000016,CUST00000767,,SALE,Pickup,Completed,POS_A,,True
TXN000005694,917.13,446.22,4.0,2,STR0007,REG015,ASC000318,,,SALE,Store,Completed,POS_A,,True
TXN000005695,7.06,-0.3000000000000007,1.0,1,STR0001,REG012,ASC000307,CUST00000892,2026-04-21 04:37:00,SALE,Store,Completed,POS_A,2026-04-21,False
TXN000005703,6487.2699999999995,1455.3999999999996,13.0,3,STR0025,REG011,ASC000440,CUST00000473,2026-05-03 08:20:00,SALE,Store,Completed,POS_B,2026-05-03,True
TXN000005704,2540.6,1232.38,8.0,3,STR0021,REG003,ASC000347,,2026-05-31 18:45:00,SALE,Store,Completed,POS_A,2026-05-31,True
TXN000005705,1186.3899999999999,529.9599999999999,3.0,3,STR0022,REG016,ASC000419,CUST00001426,2026-04-19 14:38:00,SALE,Pickup,Completed,POS_C,2026-04-19,True
TXN000005709,2422.52,643.71,9.0,4,STR0004,REG001,ASC000009,,,SALE,Pickup,Completed,POS_A,,True
TXN000005711,220.0,112.54,1.0,1,STR0001,REG014,ASC000143,CUST00001769,,SALE,Pickup,Completed,POS_C,,False
TXN000005712,475.07,146.76,5.0,3,STR0019,REG024,ASC000147,,,SALE,Pickup,Completed,POS_A,,False
TXN000005718,702.28,294.84000000000003,6.0,2,STR0007,REG019,ASC000242,CUST00000152,,SALE,Store,Completed,POS_C,,True
TXN000005719,1779.7299999999998,829.7399999999998,9.0,4,STR0018,REG002,ASC000036,CUST00001146,2026-05-18 07:24:00,SALE,Store,Completed,POS_C,2026-05-18,True
TXN000005721,729.11,182.85,5.0,3,STR0005,REG015,ASC000473,,,SALE,Pickup,Completed,POS_B,,True
TXN000005722,150.66,50.78,2.0,2,STR0021,REG017,ASC000347,CUST00000538,,SALE,Store,Completed,POS_B,,False
TXN000005723,2856.1499999999996,731.02,8.0,3,STR0005,REG005,ASC000480,CUST00000678,,SALE,Store,Completed,POS_B,,True
TXN000005727,3836.32,2002.72,10.0,4,STR0022,REG027,ASC000251,CUST00001230,2026-04-27 23:31:00,SALE,Store,Completed,POS_A,2026-04-27,True
TXN000005732,2328.51,1008.1500000000003,10.0,3,STR0001,REG017,ASC000231,CUST00000752,2026-05-05 17:29:00,SALE,Pickup,Completed,POS_C,2026-05-05,True
TXN000005734,1881.1000000000001,763.2900000000001,8.0,4,STR0011,REG008,ASC000367,CUST00000981,2026-04-12 22:47:00,SALE,Pickup,Completed,POS_C,2026-04-12,True
TXN000005736,2527.2,1351.56,5.0,2,STR0010,REG003,ASC000396,CUST00001435,,SALE,Pickup,Completed,POS_C,,True
TXN000005737,3380.96,1691.92,4.0,1,STR0004,REG025,ASC000062,CUST00000446,2026-05-23 17:47:00,SALE,Store,Completed,POS_C,2026-05-23,True
TXN000005746,1837.2900000000002,793.3300000000002,6.0,2,STR0008,REG020,ASC000298,CUST00000364,2026-04-27 04:47:00,SALE,Store,Completed,POS_C,2026-04-27,True
TXN000005751,1699.54,820.69,4.0,3,STR0004,REG014,ASC000471,CUST00001083,,SALE,Store,Completed,POS_C,,True
TXN000005753,2499.54,930.6600000000001,6.0,2,STR0020,REG024,ASC000466,,,SALE,Store,Completed,POS_C,,True
TXN000005760,75.59,27.790000000000006,1.0,1,STR0001,REG011,ASC000456,CUST00000653,,SALE,Pickup,Completed,POS_A,,False
TXN000005762,1957.2500000000002,365.44000000000005,6.0,2,STR0009,REG022,ASC000126,,,SALE,Store,Completed,POS_A,,True
TXN000005765,1018.25,250.64999999999998,5.0,1,STR0007,REG023,ASC000022,CUST00000305,,SALE,Pickup,Completed,POS_B,,True
TXN000005768,3265.88,1363.99,8.0,4,STR0015,REG025,ASC000003,CUST00001222,,SALE,Store,Completed,POS_C,,True
TXN000005773,3286.65,1097.88,14.0,4,STR0007,REG026,ASC000146,CUST00000724,2026-04-15 17:38:00,SALE,Pickup,Completed,POS_C,2026-04-15,True
TXN000005774,3568.4,2046.2800000000002,4.0,1,STR0012,REG015,ASC000333,CUST00000182,,SALE,Store,Completed,POS_A,,True
TXN000005775,1772.26,973.3599999999999,3.0,2,STR0025,REG028,ASC000420,CUST00000595,2026-04-05 11:36:00,SALE,Store,Completed,POS_C,2026-04-05,True
TXN000005776,1791.77,808.3899999999999,5.0,2,STR0015,REG028,ASC000338,CUST00001673,,SALE,Store,Completed,POS_B,,True
TXN000005777,212.09,24.879999999999995,1.0,1,STR0016,REG019,ASC000105,CUST00000269,2026-04-18 13:38:00,SALE,Pickup,Completed,POS_C,2026-04-18,False
TXN000005780,1467.9,757.8900000000001,3.0,1,STR0024,REG003,ASC000376,CUST00000231,2026-04-23 17:01:00,SALE,Store,Completed,POS_B,2026-04-23,True
TXN000005782,1382.83,413.22999999999996,4.0,2,STR0023,REG020,ASC000061,CUST00001340,2026-04-20 06:20:00,SALE,Store,Completed,POS_C,2026-04-20,True
TXN000005786,988.2900000000001,364.68000000000006,4.0,3,STR0004,REG003,ASC000354,CUST00000107,2026-04-10 00:33:00,SALE,Store,Completed,POS_B,2026-04-10,True
TXN000005787,2649.21,1114.82,7.0,4,STR0022,REG010,ASC000219,CUST00001115,,SALE,Pickup,Completed,POS_B,,True
TXN000005792,1961.61,1050.9499999999998,5.0,4,STR0001,REG023,ASC000472,CUST00000389,2026-05-08 20:29:00,SALE,Pickup,Completed,POS_A,2026-05-08,True
TXN000005795,602.9499999999999,230.8299999999999,6.0,2,STR0021,REG002,ASC000336,CUST00000360,2026-05-24 12:59:00,SALE,Store,Completed,POS_C,2026-05-24,True
TXN000005796,779.16,380.94,2.0,2,STR0009,REG017,ASC000485,CUST00000638,,SALE,Pickup,Completed,POS_B,,True
TXN000005800,4993.67,1182.0199999999995,14.0,3,STR0020,REG018,ASC000478,CUST00000123,,SALE,Pickup,Completed,POS_B,,True
TXN000005801,2433.3,808.5500000000002,5.0,1,STR0014,REG028,ASC000066,,2026-05-20 18:31:00,SALE,Store,Completed,POS_B,2026-05-20,True
TXN000005802,4479.21,1792.8600000000004,9.0,3,STR0021,REG007,ASC000101,CUST00001525,,SALE,Store,Completed,POS_B,,True
TXN000005803,1791.5,885.23,5.0,4,STR0001,REG001,ASC000037,CUST00000770,2026-04-07 19:34:00,SALE,Pickup,Completed,POS_C,2026-04-07,True
TXN000005805,862.52,490.01,1.0,1,STR0017,REG004,ASC000141,CUST00001054,2026-04-18 04:03:00,SALE,Pickup,Completed,POS_A,2026-04-18,True
TXN000005806,843.04,513.1299999999999,1.0,1,STR0017,REG017,ASC000436,CUST00000815,,SALE,Store,Completed,POS_B,,True
TXN000005808,642.06,292.4599999999999,2.0,1,STR0012,REG019,ASC000333,CUST00001416,2026-05-19 13:13:00,SALE,Store,Completed,POS_B,2026-05-19,True
TXN000005811,4215.2,2565.6499999999996,5.0,1,STR0011,REG008,ASC000033,,,SALE,Store,Completed,POS_C,,True
TXN000005812,3472.52,977.5500000000001,9.0,4,STR0008,REG018,ASC000159,,2026-05-07 17:01:00,SALE,Pickup,Completed,POS_B,2026-05-07,True
TXN000005813,1613.69,372.59000000000003,5.0,3,STR0001,REG023,ASC000425,CUST00001197,2026-04-14 20:54:00,SALE,Store,Completed,POS_B,2026-04-14,True
TXN000005815,4385.27,1305.2,8.0,3,STR0023,REG003,ASC000060,,2026-05-04 10:10:00,SALE,Store,Completed,POS_C,2026-05-04,True
TXN000005822,4687.110000000001,2079.83,10.0,3,STR0004,REG015,ASC000280,,,SALE,Pickup,Completed,POS_A,,True
TXN000005823,1613.45,639.13,5.0,3,STR0025,REG024,ASC000464,CUST00000874,2026-05-15 09:24:00,SALE,Store,Completed,POS_C,2026-05-15,True
TXN000005825,1061.4,-39.01999999999981,6.0,2,STR0002,REG028,ASC000290,CUST00000775,,SALE,Store,Completed,POS_A,,True
TXN000005826,2478.11,710.4700000000003,8.0,2,STR0014,REG025,ASC000494,CUST00001402,2026-04-15 13:50:00,SALE,Store,Completed,POS_A,2026-04-15,True
TXN000005828,1076.45,600.3,5.0,1,STR0009,REG023,ASC000445,CUST00000058,2026-05-20 03:54:00,SALE,Store,Completed,POS_A,2026-05-20,True
TXN000005829,1267.24,465.3,6.0,2,STR0025,REG001,ASC000493,,,SALE,Store,Completed,POS_C,,True
TXN000005831,2213.2599999999998,947.3399999999999,4.0,2,STR0010,REG001,ASC000402,CUST00000309,,SALE,Store,Completed,POS_B,,True
TXN000005842,3197.8,1319.4000000000003,12.0,4,STR0004,REG005,ASC000102,CUST00001240,2026-04-08 05:31:00,SALE,Store,Completed,POS_A,2026-04-08,True
TXN000005843,1776.62,818.52,9.0,3,STR0016,REG010,ASC000217,CUST00001014,,SALE,Store,Completed,POS_B,,True
TXN000005844,2640.02,1227.3000000000002,9.0,3,STR0014,REG007,ASC000252,,2026-04-09 04:19:00,SALE,Store,Completed,POS_A,2026-04-09,True
TXN000005845,5262.75,2754.05,11.0,4,STR0017,REG002,ASC000001,CUST00000102,2026-05-20 01:45:00,SALE,Pickup,Completed,POS_C,2026-05-20,True
TXN000005846,7246.110000000001,3976.7900000000004,9.0,4,STR0023,REG021,ASC000312,,2026-04-12 14:38:00,SALE,Pickup,Completed,POS_A,2026-04-12,True
TXN000005849,1906.96,761.6000000000001,4.0,1,STR0001,REG006,ASC000006,,2026-04-19 20:08:00,SALE,Store,Completed,POS_C,2026-04-19,True
TXN000005851,1668.56,859.6500000000001,3.0,2,STR0018,REG004,ASC000365,CUST00001573,,SALE,Pickup,Completed,POS_B,,True
TXN000005852,3123.58,595.4800000000001,12.0,5,STR0025,REG004,ASC000352,,2026-05-18 21:10:00,SALE,Store,Completed,POS_A,2026-05-18,True
TXN000005853,588.36,240.75000000000003,2.0,2,STR0001,REG023,ASC000143,CUST00001319,,SALE,Store,Completed,POS_B,,True
TXN000005856,2744.87,941.3399999999999,9.0,3,STR0013,REG016,ASC000372,,,SALE,Store,Completed,POS_C,,True
TXN000005857,4805.74,2408.55,9.0,4,STR0014,REG020,ASC000385,CUST00001346,2026-04-03 10:10:00,SALE,Store,Completed,POS_B,2026-04-03,True
TXN000005858,1279.3000000000002,485.38000000000005,6.0,2,STR0023,REG003,ASC000363,CUST00000659,2026-05-27 04:24:00,SALE,Pickup,Completed,POS_B,2026-05-27,True
TXN000005859,4306.21,2352.9199999999996,10.0,3,STR0012,REG024,ASC000145,CUST00000117,,SALE,Store,Completed,POS_B,,True
TXN000005860,295.09,177.86999999999998,1.0,1,STR0023,REG017,ASC000171,CUST00000985,2026-05-30 08:24:00,SALE,Store,Completed,POS_A,2026-05-30,False
TXN000005861,1741.4,693.9700000000001,7.0,4,STR0014,REG016,ASC000494,CUST00000751,,SALE,Pickup,Completed,POS_C,,True
TXN000005862,1347.2,751.6700000000001,7.0,2,STR0001,REG012,ASC000306,CUST00000026,2026-05-04 04:45:00,SALE,Store,Completed,POS_B,2026-05-04,True
TXN000005863,35.57,18.98,1.0,1,STR0016,REG014,ASC000112,CUST00000766,,SALE,Pickup,Completed,POS_C,,False
TXN000005867,905.44,193.5,2.0,1,STR0010,REG022,ASC000396,,,SALE,Pickup,Completed,POS_A,,True
TXN000005868,2296.74,989.7799999999999,4.0,2,STR0011,REG005,ASC000325,CUST00000444,2026-05-19 06:39:00,SALE,Store,Completed,POS_B,2026-05-19,True
TXN000005870,1774.27,926.4499999999999,3.0,2,STR0014,REG027,ASC000385,CUST00001161,2026-05-28 15:50:00,SALE,Pickup,Completed,POS_A,2026-05-28,True
TXN000005875,1616.25,589.9499999999999,5.0,3,STR0002,REG028,ASC000114,CUST00000991,,SALE,Store,Completed,POS_A,,True
TXN000005876,742.68,89.05999999999995,2.0,1,STR0004,REG016,ASC000311,CUST00001176,,SALE,Store,Completed,POS_C,,True
TXN000005877,96.72,26.17,1.0,1,STR0019,REG004,ASC000291,CUST00000812,2026-05-13 11:00:00,SALE,Store,Completed,POS_C,2026-05-13,False
TXN000005879,4318.32,2372.0699999999997,10.0,3,STR0009,REG015,ASC000485,CUST00000318,2026-05-15 07:32:00,SALE,Pickup,Completed,POS_A,2026-05-15,True
TXN000005880,1548.63,793.08,8.0,3,STR0012,REG023,ASC000145,,,SALE,Store,Completed,POS_A,,True
TXN000005884,260.2,158.98,2.0,1,STR0023,REG023,ASC000060,,2026-05-11 17:01:00,SALE,Store,Completed,POS_A,2026-05-11,False
TXN000005888,2931.31,1073.79,8.0,3,STR0023,REG017,ASC000203,,2026-04-03 13:07:00,SALE,Pickup,Completed,POS_B,2026-04-03,True
TXN000005893,4185.2300000000005,2407.4400000000005,7.0,3,STR0002,REG004,ASC000011,CUST00000359,,SALE,Pickup,Completed,POS_B,,True
TXN000005894,1466.76,848.97,3.0,1,STR0022,REG018,ASC000248,CUST00001527,2026-04-16 21:48:00,SALE,Pickup,Completed,POS_A,2026-04-16,True
TXN000005899,323.0,68.25999999999999,2.0,1,STR0007,REG004,ASC000239,CUST00000339,,SALE,Pickup,Completed,POS_C,,False
TXN000005903,1454.2,235.44000000000005,4.0,1,STR0001,REG019,ASC000425,CUST00000437,,SALE,Pickup,Completed,POS_C,,True
TXN000005904,1377.02,584.8499999999999,5.0,2,STR0004,REG015,ASC000287,CUST00000835,2026-04-27 12:02:00,SALE,Store,Completed,POS_B,2026-04-27,True
TXN000005905,346.52,135.04999999999998,1.0,1,STR0011,REG015,ASC000177,CUST00001156,2026-05-10 20:39:00,SALE,Pickup,Completed,POS_B,2026-05-10,False
TXN000005906,1919.1,848.2399999999999,6.0,5,STR0009,REG003,ASC000155,,2026-04-08 20:38:00,SALE,Pickup,Completed,POS_B,2026-04-08,True
TXN000005907,4686.87,1947.35,13.0,4,STR0022,REG019,ASC000497,CUST00001490,,SALE,Store,Completed,POS_A,,True
TXN000005908,608.22,211.84000000000003,1.0,1,STR0020,REG022,ASC000170,CUST00001294,,SALE,Store,Completed,POS_B,,True
TXN000005911,3226.4,1563.52,4.0,1,STR0019,REG006,ASC000260,CUST00000986,2026-04-12 08:39:00,SALE,Pickup,Completed,POS_C,2026-04-12,True
TXN000005912,2662.63,1220.77,7.0,3,STR0012,REG004,ASC000359,CUST00000088,,SALE,Store,Completed,POS_B,,True
TXN000005914,3772.41,1512.79,11.0,3,STR0016,REG022,ASC000283,CUST00000634,2026-05-16 14:58:00,SALE,Store,Completed,POS_B,2026-05-16,True
TXN000005915,1378.87,699.65,3.0,2,STR0001,REG004,ASC000316,CUST00000723,2026-05-23 23:45:00,SALE,Store,Completed,POS_C,2026-05-23,True
TXN000005916,3262.68,1275.0899999999997,9.0,5,STR0017,REG028,ASC000141,CUST00000148,2026-04-25 07:07:00,SALE,Store,Completed,POS_B,2026-04-25,True
TXN000005918,886.53,886.53,3.0,1,STR0024,REG015,ASC000337,CUST00001273,2026-05-25 17:35:00,SALE,Store,Completed,POS_C,2026-05-25,True
TXN000005919,2999.9,1240.2800000000002,6.0,2,STR0023,REG007,ASC000018,CUST00001738,2026-05-01 21:24:00,SALE,Pickup,Completed,POS_A,2026-05-01,True
TXN000005920,259.72,119.28000000000003,4.0,1,STR0021,REG001,ASC000234,CUST00000079,2026-05-31 16:38:00,SALE,Store,Completed,POS_A,2026-05-31,False
TXN000005922,1253.05,384.46,3.0,3,STR0002,REG027,ASC000304,,,SALE,Store,Completed,POS_C,,True
TXN000005923,1526.04,791.97,5.0,2,STR0015,REG020,ASC000078,CUST00000870,,SALE,Pickup,Completed,POS_A,,True
TXN000005926,3619.38,1647.7199999999998,9.0,3,STR0019,REG025,ASC000260,CUST00000920,2026-05-15 20:48:00,SALE,Pickup,Completed,POS_B,2026-05-15,True
TXN000005927,2263.2999999999997,400.11999999999983,7.0,4,STR0021,REG019,ASC000326,CUST00000174,,SALE,Store,Completed,POS_B,,True
TXN000005930,1117.67,442.53999999999996,2.0,2,STR0018,REG002,ASC000490,CUST00001632,,SALE,Pickup,Completed,POS_A,,True
TXN000005932,1089.25,554.1800000000001,4.0,3,STR0019,REG018,ASC000495,CUST00000452,2026-05-15 20:02:00,SALE,Store,Completed,POS_B,2026-05-15,True
TXN000005933,3387.35,1482.9999999999998,6.0,2,STR0022,REG012,ASC000419,,2026-05-28 21:42:00,SALE,Pickup,Completed,POS_A,2026-05-28,True
TXN000005937,763.6800000000001,299.58,4.0,3,STR0009,REG026,ASC000155,CUST00000368,,SALE,Pickup,Completed,POS_B,,True
TXN000005939,3966.0,1828.8000000000002,6.0,2,STR0015,REG009,ASC000274,CUST00000144,2026-05-08 05:00:00,SALE,Store,Completed,POS_A,2026-05-08,True
TXN000005940,375.51,182.59999999999997,2.0,2,STR0011,REG018,ASC000135,CUST00000079,,SALE,Store,Completed,POS_B,,False
TXN000005941,1925.7900000000002,1084.2,3.0,2,STR0020,REG014,ASC000195,CUST00000522,,SALE,Store,Completed,POS_A,,True
TXN000005942,316.57,62.72,1.0,1,STR0008,REG001,ASC000298,CUST00000286,,SALE,Store,Completed,POS_C,,False
TXN000005943,1531.3000000000002,796.9900000000001,3.0,1,STR0020,REG026,ASC000208,CUST00001045,,SALE,Store,Completed,POS_C,,True
TXN000005945,104.52,-1.6000000000000085,2.0,1,STR0001,REG022,ASC000360,,,SALE,Pickup,Completed,POS_C,,False
TXN000005947,877.7,251.87000000000006,6.0,2,STR0018,REG022,ASC000403,,,SALE,Pickup,Completed,POS_C,,True
TXN000005950,242.96,105.4,1.0,1,STR0016,REG025,ASC000331,,,SALE,Store,Completed,POS_C,,False
TXN000005952,694.49,301.5,1.0,1,STR0018,REG017,ASC000365,CUST00000142,2026-05-24 02:30:00,SALE,Pickup,Completed,POS_A,2026-05-24,True
TXN000005953,2397.7,898.3499999999999,5.0,1,STR0008,REG023,ASC000361,,,SALE,Store,Completed,POS_C,,True
TXN000005957,1775.5,918.6999999999999,3.0,2,STR0020,REG016,ASC000200,,2026-05-23 21:35:00,SALE,Store,Completed,POS_B,2026-05-23,True
TXN000005960,469.90999999999997,133.29999999999998,4.0,2,STR0013,REG008,ASC000215,,2026-05-20 07:02:00,SALE,Store,Completed,POS_A,2026-05-20,False
TXN000005963,4033.37,2070.25,9.0,3,STR0002,REG010,ASC000483,CUST00001667,,SALE,Store,Completed,POS_B,,True
TXN000005964,1651.0,797.0799999999998,8.0,2,STR0007,REG021,ASC000239,CUST00001475,2026-05-17 17:04:00,SALE,Store,Completed,POS_C,2026-05-17,True
TXN000005969,5578.86,2362.1599999999994,11.0,5,STR0019,REG001,ASC000370,,,SALE,Store,Completed,POS_C,,True
TXN000005970,1962.3500000000001,866.6000000000001,5.0,1,STR0010,REG012,ASC000196,CUST00000539,,SALE,Store,Completed,POS_C,,True
TXN000005971,5020.4,2645.46,12.0,4,STR0020,REG027,ASC000211,,,SALE,Pickup,Completed,POS_B,,True
TXN000005972,1982.28,356.76,4.0,1,STR_UNKNOWN,REG005,ASC000379,CUST00000823,2026-05-05 11:33:00,SALE,Pickup,Completed,POS_C,2026-05-05,True
TXN000005975,999.0500000000001,379.0400000000001,6.0,2,STR0005,REG003,ASC000086,,2026-05-30 00:59:00,SALE,Pickup,Completed,POS_C,2026-05-30,True
TXN000005982,5141.12,2339.3100000000004,9.0,3,STR0024,REG020,ASC000418,CUST00000622,2026-05-09 09:45:00,SALE,Store,Completed,POS_C,2026-05-09,True
TXN000005984,2926.24,1625.54,9.0,5,STR0011,REG003,ASC000432,,,SALE,Store,Completed,POS_B,,True
TXN000005991,1325.73,672.48,7.0,3,STR0023,REG028,ASC000181,CUST00001144,,SALE,Store,Completed,POS_C,,True
TXN000005992,1114.3000000000002,196.67000000000007,9.0,3,STR0007,REG007,ASC000393,CUST00001134,,SALE,Store,Completed,POS_A,,True
TXN000005993,3875.37,1327.86,11.0,5,STR0014,REG007,ASC000187,,2026-04-27 21:52:00,SALE,Store,Completed,POS_C,2026-04-27,True
TXN000005997,104.7,18.67,2.0,2,STR0014,REG008,ASC000411,CUST00000146,,SALE,Store,Completed,POS_A,,False
TXN000006001,903.47,354.72,2.0,2,STR0009,REG027,ASC000155,CUST00001076,,SALE,Pickup,Completed,POS_A,,True
TXN000006006,369.35,132.05,1.0,1,STR0024,REG022,ASC000144,CUST00001209,2026-04-08 04:19:00,SALE,Store,Completed,POS_B,2026-04-08,False
TXN000006007,1126.0,208.18000000000006,3.0,1,STR0021,REG019,ASC000492,,,SALE,Pickup,Completed,POS_A,,True
TXN000006009,2080.7799999999997,900.22,3.0,2,STR0004,REG002,ASC000354,,,SALE,Store,Completed,POS_B,,True
TXN000006012,1698.8200000000002,916.96,8.0,4,STR0007,REG001,ASC000146,,,SALE,Pickup,Completed,POS_C,,True
TXN000006015,2131.15,541.2,5.0,1,STR0002,REG013,ASC000025,CUST00001294,,SALE,Store,Completed,POS_C,,True
TXN000006016,1951.58,944.6199999999999,4.0,3,STR0013,REG025,ASC000380,,2026-05-31 01:09:00,SALE,Store,Completed,POS_B,2026-05-31,True
TXN000006018,916.96,312.18,3.0,3,STR0009,REG022,ASC000362,,2026-04-02 11:12:00,SALE,Store,Completed,POS_C,2026-04-02,True
TXN000006020,4892.51,2942.5099999999998,7.0,2,STR0013,REG012,ASC000098,,,SALE,Pickup,Completed,POS_B,,True
TXN000006022,6323.5,2994.4100000000003,16.0,5,STR0010,REG008,ASC000150,CUST00001614,2026-05-09 09:33:00,SALE,Pickup,Completed,POS_C,2026-05-09,True
TXN000006024,965.22,431.25,3.0,2,STR0009,REG012,ASC000178,CUST00000103,2026-05-31 04:26:00,SALE,Store,Completed,POS_B,2026-05-31,True
TXN000006026,1114.15,520.73,4.0,2,STR0004,REG006,ASC000398,,2026-04-01 03:23:00,SALE,Pickup,Completed,POS_C,2026-04-01,True
TXN000006028,2665.56,1171.59,8.0,4,STR0006,REG026,ASC000034,CUST00001637,,SALE,Store,Completed,POS_A,,True
TXN000006033,1697.5400000000002,763.94,4.0,2,STR0008,REG019,ASC000106,CUST00001333,,SALE,Pickup,Completed,POS_B,,True
TXN000006034,373.4,197.92,4.0,1,STR0004,REG012,ASC000085,CUST00001380,,SALE,Pickup,Completed,POS_C,,False
TXN000006038,3304.33,1177.6899999999998,13.0,4,STR0010,REG003,ASC000070,,,SALE,Store,Completed,POS_B,,True
TXN000006039,517.25,190.97000000000003,1.0,1,STR0012,REG023,ASC000043,CUST00001147,,SALE,Store,Completed,POS_B,,True
TXN000006040,1818.26,973.6500000000001,6.0,3,STR0004,REG017,ASC000165,CUST00000707,2026-05-05 16:27:00,SALE,Store,Completed,POS_C,2026-05-05,True
TXN000006042,1182.77,469.37,6.0,4,STR0010,REG026,ASC000196,,2026-05-24 07:07:00,SALE,Store,Completed,POS_B,2026-05-24,True
TXN000006043,3295.8,1378.7,8.0,6,STR0013,REG024,ASC000224,CUST00001449,,SALE,Store,Completed,POS_A,,True
TXN000006047,3029.2200000000003,1872.6900000000003,3.0,1,STR0006,REG024,ASC000216,,2026-04-06 01:57:00,SALE,Store,Completed,POS_C,2026-04-06,True
TXN000006048,110.73,28.88000000000001,1.0,1,STR0010,REG013,ASC000426,CUST00000428,,SALE,Pickup,Completed,POS_C,,False
TXN000006056,1077.68,485.72999999999996,2.0,2,STR0007,REG020,ASC000119,CUST00001014,2026-04-18 06:47:00,SALE,Store,Completed,POS_C,2026-04-18,True
TXN000006063,4194.07,1669.78,7.0,3,STR0012,REG026,ASC000145,CUST00000005,2026-05-16 02:42:00,SALE,Store,Completed,POS_B,2026-05-16,True
TXN000006064,292.23,84.45000000000002,2.0,2,STR0024,REG009,ASC000337,,2026-04-19 15:27:00,SALE,Store,Completed,POS_C,2026-04-19,False
TXN000006069,3499.21,1703.67,9.0,2,STR0001,REG009,ASC000413,,,SALE,Pickup,Completed,POS_A,,True
TXN000006070,3271.95,1882.6100000000001,9.0,3,STR0017,REG016,ASC000235,,,SALE,Store,Completed,POS_B,,True
TXN000006071,229.14999999999998,132.09999999999997,3.0,1,STR0006,REG013,ASC000226,CUST00000175,2026-04-29 10:48:00,SALE,Store,Completed,POS_C,2026-04-29,False
TXN000006073,2259.6899999999996,538.3799999999999,7.0,3,STR0004,REG009,ASC000350,CUST00000269,,SALE,Store,Completed,POS_B,,True
TXN000006074,428.02,219.37,3.0,2,STR0004,REG005,ASC000009,CUST00000281,2026-05-25 06:33:00,SALE,Pickup,Completed,POS_C,2026-05-25,False
TXN000006076,2805.85,906.9799999999998,8.0,4,STR0001,REG013,ASC000094,CUST00001163,,SALE,Store,Completed,POS_A,,True
TXN000006077,748.66,420.93999999999994,2.0,1,STR0023,REG020,ASC000312,,,SALE,Store,Completed,POS_B,,True
TXN000006078,6893.1,2549.0499999999997,15.0,5,STR0021,REG004,ASC000336,CUST00000794,,SALE,Pickup,Completed,POS_B,,True
TXN000006080,5990.46,2761.1400000000003,12.0,4,STR0020,REG023,ASC000358,CUST00001044,,SALE,Store,Completed,POS_B,,True
TXN000006084,4737.46,2298.0,16.0,5,STR0021,REG028,ASC000492,CUST00000818,2026-04-16 01:39:00,SALE,Store,Completed,POS_C,2026-04-16,True
TXN000006086,2712.48,1126.3200000000002,8.0,3,STR0022,REG001,ASC000497,,,SALE,Store,Completed,POS_B,,True
TXN000006089,1822.54,224.87999999999988,9.0,3,STR0011,REG001,ASC000120,CUST00000392,2026-04-22 12:10:00,SALE,Pickup,Completed,POS_B,2026-04-22,True
TXN000006090,4148.09,2437.3500000000004,5.0,2,STR0024,REG001,ASC000340,,,SALE,Store,Completed,POS_B,,True
TXN000006091,2826.3,618.75,5.0,1,STR0013,REG018,ASC000205,,,SALE,Pickup,Completed,POS_C,,True
TXN000006092,2621.19,869.84,9.0,3,STR0013,REG002,ASC000128,CUST00001271,,SALE,Store,Completed,POS_A,,True
TXN000006094,980.6,385.44000000000005,2.0,1,STR0014,REG003,ASC000046,CUST00001767,,SALE,Store,Completed,POS_A,,True
TXN000006100,315.96,49.68000000000001,4.0,1,STR0021,REG018,ASC000450,,,SALE,Store,Completed,POS_C,,False
TXN000006103,1149.28,562.0799999999999,4.0,1,STR0023,REG014,ASC000407,CUST00000061,,SALE,Store,Completed,POS_A,,True
TXN000006108,4295.700000000001,1218.8900000000003,12.0,4,STR0024,REG027,ASC000418,,,SALE,Pickup,Completed,POS_B,,True
TXN000006109,4913.59,2458.92,10.0,3,STR0002,REG025,ASC000483,CUST00000750,,SALE,Store,Completed,POS_C,,True
TXN000006110,3864.41,1757.1100000000001,8.0,4,STR0004,REG003,ASC000280,CUST00000038,,SALE,Store,Completed,POS_A,,True
TXN000006112,3071.38,1448.2299999999998,6.0,4,STR0018,REG020,ASC000365,CUST00001766,2026-04-14 17:29:00,SALE,Store,Completed,POS_C,2026-04-14,True
TXN000006114,2298.98,688.5900000000001,7.0,4,STR0021,REG028,ASC000484,CUST00001680,2026-05-15 02:34:00,SALE,Store,Completed,POS_A,2026-05-15,True
TXN000006117,489.82,189.89999999999998,1.0,1,STR0020,REG024,ASC000189,,,SALE,Store,Completed,POS_A,,False
TXN000006118,732.98,274.38,3.0,2,STR0024,REG023,ASC000340,CUST00000038,,SALE,Store,Completed,POS_A,,True
TXN000006125,1624.53,414.04999999999995,4.0,2,STR0008,REG023,ASC000179,CUST00001766,2026-04-23 15:53:00,SALE,Store,Completed,POS_A,2026-04-23,True
TXN000006126,5790.6900000000005,2953.9500000000003,8.0,4,STR0024,REG022,ASC000289,CUST00000537,,SALE,Store,Completed,POS_A,,True
TXN000006128,3852.18,1536.4,8.0,3,STR0007,REG005,ASC000079,CUST00000020,2026-05-17 04:45:00,SALE,Store,Completed,POS_A,2026-05-17,True
TXN000006130,486.92,280.99,1.0,1,STR0020,REG015,ASC_BAD,,,SALE,Store,Completed,POS_C,,False
TXN000006132,1039.96,394.6,3.0,2,STR0014,REG007,ASC000494,CUST00001407,,SALE,Store,Completed,POS_A,,True
TXN000006135,2177.69,1163.3000000000002,3.0,1,STR0003,REG009,ASC000067,CUST00001579,2026-05-09 00:04:00,SALE,Pickup,Completed,POS_A,2026-05-09,True
TXN000006136,1184.75,458.80999999999995,5.0,3,STR0022,REG009,ASC000081,CUST00001178,2026-04-13 20:54:00,SALE,Pickup,Completed,POS_A,2026-04-13,True
TXN000006138,3888.07,1503.0200000000002,13.0,5,STR0010,REG027,ASC000010,,2026-05-05 23:25:00,SALE,Store,Completed,POS_C,2026-05-05,True
TXN000006139,130.82,15.639999999999986,2.0,1,STR0013,REG014,ASC000098,CUST00001492,2026-04-09 05:10:00,SALE,Store,Completed,POS_C,2026-04-09,False
TXN000006142,246.37,79.75000000000001,3.0,2,STR0012,REG018,ASC000145,CUST00000542,,SALE,Store,Completed,POS_A,,False
TXN000006144,1554.14,816.2300000000002,2.0,2,STR0003,REG013,ASC000233,CUST00000742,2026-04-11 07:23:00,SALE,Store,Completed,POS_A,2026-04-11,True
TXN000006145,1484.48,625.5799999999999,4.0,2,STR0012,REG014,ASC000095,CUST00001759,,SALE,Store,Completed,POS_C,,True
TXN000006148,1829.5900000000001,785.6700000000001,4.0,3,STR0021,REG004,ASC000336,CUST00001184,,SALE,Pickup,Completed,POS_A,,True
TXN000006154,2508.61,989.41,11.0,3,STR0002,REG008,ASC000290,,2026-05-06 18:21:00,SALE,Store,Completed,POS_C,2026-05-06,True
TXN000006158,1203.26,552.96,7.0,3,STR0008,REG001,ASC000321,,,SALE,Store,Completed,POS_C,,True
TXN000006160,856.98,291.96000000000004,6.0,2,STR0006,REG002,ASC000107,CUST00000582,2026-05-12 17:03:00,SALE,Pickup,Completed,POS_C,2026-05-12,True
TXN000006165,3045.2799999999997,1484.72,6.0,2,STR0017,REG027,ASC000389,CUST00000211,2026-04-06 14:07:00,SALE,Pickup,Completed,POS_A,2026-04-06,True
TXN000006167,893.19,362.46000000000004,8.0,3,STR0001,REG024,ASC000094,,2026-04-25 01:22:00,SALE,Store,Completed,POS_C,2026-04-25,True
TXN000006168,1537.44,767.53,3.0,3,STR0021,REG028,ASC000484,CUST00000159,,SALE,Store,Completed,POS_C,,True
TXN000006169,9925.63,4378.99,20.0,6,STR0004,REG006,ASC000220,,2026-04-10 09:24:00,SALE,Store,Completed,POS_C,2026-04-10,True
TXN000006170,1974.41,313.1600000000001,8.0,2,STR0015,REG004,ASC000078,CUST00000243,2026-05-11 21:34:00,SALE,Store,Completed,POS_A,2026-05-11,True
TXN000006175,1294.55,739.3399999999999,2.0,2,STR0023,REG021,ASC000060,CUST00001442,,SALE,Store,Completed,POS_A,,True
TXN000006177,5294.95,2180.32,12.0,5,STR0010,REG003,ASC000150,CUST00000596,2026-04-02 22:43:00,SALE,Store,Completed,POS_B,2026-04-02,True
TXN000006181,461.34000000000003,205.17000000000002,3.0,1,STR0017,REG027,ASC000031,CUST00000447,,SALE,Store,Completed,POS_B,,False
TXN000006183,1901.0900000000001,925.25,7.0,2,STR0013,REG021,ASC000238,CUST00001153,2026-04-10 13:00:00,SALE,Store,Completed,POS_C,2026-04-10,True
TXN000006187,1218.8,128.27999999999997,4.0,1,STR0004,REG020,ASC000154,,2026-04-21 05:22:00,SALE,Store,Completed,POS_B,2026-04-21,True
TXN000006188,1901.9,393.75,5.0,1,STR0019,REG003,ASC000004,CUST00000577,,SALE,Store,Completed,POS_A,,True
TXN000006191,767.7,387.32000000000005,2.0,2,STR0003,REG014,ASC000073,CUST00000136,2026-04-20 05:44:00,SALE,Pickup,Completed,POS_B,2026-04-20,True
TXN000006194,463.6,152.24,4.0,1,STR0016,REG019,ASC000152,CUST00000575,,SALE,Store,Completed,POS_C,,False
TXN000006197,2372.82,769.2,11.0,3,STR0010,REG018,ASC000396,CUST00000734,,SALE,Store,Completed,POS_B,,True
TXN000006201,2935.1900000000005,1821.0200000000004,6.0,2,STR0004,REG020,ASC000354,CUST00001646,,SALE,Store,Completed,POS_C,,True
TXN000006206,1225.08,340.0400000000001,3.0,2,STR0012,REG010,ASC000214,CUST00001025,2026-04-16 19:24:00,SALE,Pickup,Completed,POS_C,2026-04-16,True
TXN000006209,1170.19,522.1100000000001,5.0,2,STR0003,REG019,ASC000264,CUST00001517,2026-05-03 13:05:00,SALE,Pickup,Completed,POS_B,2026-05-03,True
TXN000006210,6351.73,3706.08,8.0,3,STR0024,REG022,ASC000337,CUST00000779,2026-05-23 05:02:00,SALE,Store,Completed,POS_B,2026-05-23,True
TXN000006213,2792.96,1385.1400000000003,7.0,3,STR0016,REG008,ASC000217,CUST00001424,2026-04-21 23:34:00,SALE,Pickup,Completed,POS_B,2026-04-21,True
TXN000006217,3906.72,2053.8399999999997,6.0,2,STR0021,REG012,ASC000101,,2026-04-01 08:01:00,SALE,Pickup,Completed,POS_B,2026-04-01,True
TXN000006218,3564.7,1641.55,9.0,3,STR0006,REG005,ASC000030,,,SALE,Store,Completed,POS_C,,True
TXN000006219,924.6999999999999,275.0799999999999,3.0,1,STR0021,REG022,ASC000113,,2026-04-15 15:46:00,SALE,Pickup,Completed,POS_B,2026-04-15,True
TXN000006221,893.2299999999999,481.5999999999999,4.0,2,STR0022,REG020,ASC000406,CUST00001109,,SALE,Store,Completed,POS_A,,True
TXN000006222,3400.55,1411.4,12.0,4,STR0025,REG002,ASC000016,CUST00000433,,SALE,Store,Completed,POS_C,,True
TXN000006224,1579.7199999999998,606.1299999999999,3.0,2,STR0005,REG006,ASC000442,CUST00001223,2026-04-26 17:46:00,SALE,Store,Completed,POS_A,2026-04-26,True
TXN000006229,1273.0,155.44,3.0,2,STR0011,REG017,ASC000314,,,SALE,Store,Completed,POS_A,,True
TXN000006230,831.19,194.43,5.0,2,STR0025,REG004,ASC000204,,2026-05-27 23:39:00,SALE,Pickup,Completed,POS_A,2026-05-27,True
TXN000006232,181.23,43.349999999999994,1.0,1,STR0009,REG023,ASC000125,CUST00001308,,SALE,Store,Completed,POS_C,,False
TXN000006233,1314.9199999999998,640.22,12.0,3,STR0018,REG016,ASC000341,CUST00001295,2026-04-28 19:59:00,SALE,Store,Completed,POS_B,2026-04-28,True
TXN000006236,1018.36,431.44000000000005,4.0,1,STR0013,REG012,ASC000317,,2026-04-28 12:55:00,SALE,Store,Completed,POS_C,2026-04-28,True
TXN000006237,1913.51,959.9699999999999,5.0,3,STR0019,REG019,ASC000026,CUST00001035,,SALE,Store,Completed,POS_B,,True
TXN000006238,1022.96,241.72000000000003,2.0,1,STR0014,REG023,ASC000384,CUST00000706,2026-05-03 01:21:00,SALE,Pickup,Completed,POS_B,2026-05-03,True
TXN000006242,3549.92,1510.54,10.0,3,STR0008,REG015,ASC000366,,2026-05-05 00:24:00,SALE,Pickup,Completed,POS_C,2026-05-05,True
TXN000006246,1204.6799999999998,304.4699999999999,3.0,2,STR0019,REG024,ASC000291,CUST00001281,,SALE,Store,Completed,POS_B,,True
TXN000006249,6207.02,3170.8,8.0,4,STR0004,REG010,ASC000165,CUST00000032,,SALE,Store,Completed,POS_A,,True
TXN000006250,59.44,21.519999999999996,4.0,1,STR0013,REG005,ASC000091,CUST00000425,2026-05-19 20:36:00,SALE,Store,Completed,POS_B,2026-05-19,False
TXN000006252,1870.02,893.3000000000001,4.0,2,STR0006,REG016,ASC000107,CUST00001350,,SALE,Store,Completed,POS_C,,True
TXN000006253,3466.79,1471.25,10.0,4,STR0009,REG022,ASC000125,CUST00001533,2026-04-02 04:54:00,SALE,Store,Completed,POS_B,2026-04-02,True
TXN000006254,6190.299999999999,2753.3199999999997,10.0,3,STR0010,REG004,ASC000408,CUST00000860,2026-04-03 14:52:00,SALE,Store,Completed,POS_C,2026-04-03,True
TXN000006255,3466.14,1695.78,10.0,4,STR0005,REG004,ASC000063,CUST00001023,2026-05-30 14:43:00,SALE,Store,Completed,POS_C,2026-05-30,True
TXN000006259,566.99,279.21000000000004,6.0,3,STR0024,REG021,ASC000377,CUST00001663,2026-04-10 17:56:00,SALE,Store,Completed,POS_C,2026-04-10,True
TXN000006260,4888.9800000000005,2960.33,6.0,2,STR0001,REG015,ASC000231,CUST00000473,,SALE,Store,Completed,POS_B,,True
TXN000006261,459.17,132.36,1.0,1,STR0017,REG008,ASC000232,CUST00000992,,SALE,Store,Completed,POS_A,,False
TXN000006262,2456.7,1355.7499999999998,5.0,1,STR0014,REG020,ASC000202,CUST00001415,2026-04-25 08:34:00,SALE,Pickup,Completed,POS_B,2026-04-25,True
TXN000006266,4892.66,2317.0499999999997,9.0,5,STR0018,REG021,ASC000036,,,SALE,Store,Completed,POS_A,,True
TXN000006269,59.18,6.119999999999997,1.0,1,STR0021,REG017,ASC000326,,2026-05-23 15:01:00,SALE,Pickup,Completed,POS_C,2026-05-23,False
TXN000006271,1013.44,361.6700000000001,5.0,3,STR0020,REG023,ASC000109,,2026-04-01 07:07:00,SALE,Store,Completed,POS_A,2026-04-01,True
TXN000006272,131.78,48.31,1.0,1,STR0017,REG027,ASC000309,CUST00000369,,SALE,Store,Completed,POS_A,,False
TXN000006276,1576.0,644.56,5.0,4,STR0024,REG014,ASC000373,CUST00000504,2026-04-06 01:10:00,SALE,Pickup,Completed,POS_A,2026-04-06,True
TXN000006277,1314.15,603.16,3.0,3,STR0021,REG018,ASC000424,CUST00000686,2026-05-15 20:01:00,SALE,Store,Completed,POS_C,2026-05-15,True
TXN000006278,198.35,111.25,1.0,1,STR0003,REG016,ASC000346,CUST00001175,2026-05-24 22:49:00,SALE,Pickup,Completed,POS_B,2026-05-24,False
TXN000006282,723.75,231.26000000000002,3.0,2,STR0015,REG024,ASC000431,,2026-05-22 01:10:00,SALE,Store,Completed,POS_A,2026-05-22,True
TXN000006283,2913.74,1219.0299999999997,5.0,2,STR0006,REG024,ASC000156,,2026-04-22 01:51:00,SALE,Store,Completed,POS_B,2026-04-22,True
TXN000006285,2891.92,1631.98,3.0,1,STR0007,REG016,ASC000168,CUST00000987,2026-04-22 09:47:00,SALE,Store,Completed,POS_B,2026-04-22,True
TXN000006286,4758.88,1993.3300000000004,10.0,4,STR0025,REG019,ASC000465,,,SALE,Store,Completed,POS_B,,True
TXN000006287,676.24,306.72,4.0,1,STR0012,REG009,ASC000345,,2026-04-29 18:52:00,SALE,Store,Completed,POS_A,2026-04-29,True
TXN000006294,3755.65,1852.3,5.0,1,STR0024,REG028,ASC000373,,2026-05-28 22:31:00,SALE,Store,Completed,POS_B,2026-05-28,True
TXN000006296,5293.66,2177.9399999999996,9.0,2,STR0001,REG028,ASC000072,CUST00000006,,SALE,Store,Completed,POS_C,,True
TXN000006298,1612.94,399.73,7.0,2,STR0008,REG007,ASC000298,,2026-04-19 03:06:00,SALE,Store,Completed,POS_A,2026-04-19,True
TXN000006300,2372.2,1264.21,3.0,2,STR0006,REG023,ASC000460,,2026-05-29 00:37:00,SALE,Store,Completed,POS_A,2026-05-29,True
TXN000006303,516.6,254.0,4.0,1,STR0006,REG009,ASC000310,,2026-05-21 05:28:00,SALE,Store,Completed,POS_B,2026-05-21,True
TXN000006304,638.77,272.6,3.0,2,STR0002,REG003,ASC000320,CUST00000263,,SALE,Pickup,Completed,POS_C,,True
TXN000006305,981.4000000000001,522.8800000000001,2.0,2,STR0022,REG028,ASC000497,,2026-05-30 06:22:00,SALE,Pickup,Completed,POS_C,2026-05-30,True
TXN000006308,1471.9,282.47,4.0,3,STR0004,REG023,ASC000275,CUST00001569,2026-04-16 09:44:00,SALE,Store,Completed,POS_B,2026-04-16,True
TXN000006313,2666.5,496.0400000000003,9.0,3,STR0006,REG020,ASC000057,CUST00001116,2026-05-05 16:57:00,SALE,Store,Completed,POS_A,2026-05-05,True
TXN000006316,1431.0,495.51000000000005,7.0,4,STR0007,REG023,ASC000322,CUST00000380,2026-04-08 23:35:00,SALE,Pickup,Completed,POS_B,2026-04-08,True
TXN000006318,1112.3700000000001,312.58,12.0,3,STR0006,REG006,ASC000449,,2026-04-13 09:58:00,SALE,Pickup,Completed,POS_A,2026-04-13,True
TXN000006321,2609.01,1523.41,6.0,3,STR0010,REG001,ASC000070,CUST00001101,,SALE,Store,Completed,POS_C,,True
TXN000006322,5969.99,1491.7900000000004,11.0,3,STR0011,REG018,ASC000459,,2026-05-18 03:08:00,SALE,Store,Completed,POS_C,2026-05-18,True
TXN000006324,545.56,233.53,2.0,2,STR0002,REG026,ASC000348,,,SALE,Store,Completed,POS_A,,True
TXN000006329,1818.05,666.45,5.0,1,STR0006,REG018,ASC000107,CUST00000930,,SALE,Store,Completed,POS_C,,True
TXN000006333,89.46,28.779999999999994,1.0,1,STR0004,REG028,ASC000102,CUST00001006,,SALE,Store,Completed,POS_C,,False
TXN000006334,3650.12,2057.8300000000004,5.0,2,STR0004,REG012,ASC000354,CUST00000976,,SALE,Pickup,Completed,POS_B,,True
TXN000006335,408.14,171.79999999999998,1.0,1,STR0025,REG002,ASC000352,CUST00001617,2026-04-22 08:44:00,SALE,Pickup,Completed,POS_B,2026-04-22,False
TXN000006339,766.13,200.76,9.0,3,STR0019,REG001,ASC000291,CUST00000115,2026-04-16 14:54:00,SALE,Store,Completed,POS_C,2026-04-16,True
TXN000006340,1979.64,300.09,6.0,2,STR0008,REG025,ASC000166,CUST00000309,,SALE,Store,Completed,POS_C,,True
TXN000006341,1144.64,339.6,8.0,2,STR0011,REG003,ASC000012,,,SALE,Store,Completed,POS_A,,True
TXN000006347,1230.93,43.80000000000018,3.0,1,STR0012,REG022,ASC000069,CUST00000033,,SALE,Store,Completed,POS_B,,True
TXN000006349,1769.28,801.8399999999999,4.0,1,STR0007,REG025,ASC000353,CUST00000877,2026-04-24 12:50:00,SALE,Store,Completed,POS_A,2026-04-24,True
TXN000006354,3927.07,1831.0800000000002,12.0,5,STR0020,REG012,ASC000040,CUST00001325,,SALE,Store,Completed,POS_A,,True
TXN000006356,5283.53,1545.83,11.0,5,STR0010,REG008,ASC000426,CUST00000054,,SALE,Store,Completed,POS_A,,True
TXN000006361,2241.19,573.19,5.0,3,STR0018,REG006,ASC000401,CUST00001625,,SALE,Pickup,Completed,POS_A,,True
TXN000006365,871.88,272.24,4.0,1,STR0015,REG019,ASC000054,CUST00001365,,SALE,Store,Completed,POS_C,,True
TXN000006367,254.59,107.86000000000001,1.0,1,STR0009,REG003,ASC000178,CUST00001718,,SALE,Store,Completed,POS_C,,False
TXN000006368,928.84,334.80999999999995,3.0,3,STR0002,REG004,ASC000304,CUST00001639,,SALE,Store,Completed,POS_C,,True
TXN000006369,206.64,74.44,2.0,1,STR0005,REG004,ASC000442,CUST00000957,2026-05-30 17:00:00,SALE,Store,Completed,POS_B,2026-05-30,False
TXN000006374,933.88,122.93000000000004,3.0,3,STR0004,REG003,ASC000398,,,SALE,Store,Completed,POS_A,,True
TXN000006376,196.64,108.32,1.0,1,STR0025,REG003,ASC000440,,,SALE,Store,Completed,POS_B,,False
TXN000006380,708.22,96.34000000000003,2.0,1,STR0021,REG027,ASC000326,CUST00000427,,SALE,Store,Completed,POS_B,,True
TXN000006384,2859.89,1133.33,5.0,2,STR0020,REG020,ASC000284,CUST00000393,,SALE,Store,Completed,POS_B,,True
TXN000006385,2883.1499999999996,1065.6,11.0,5,STR0019,REG019,ASC000222,CUST00001414,,SALE,Pickup,Completed,POS_C,,True
TXN000006389,1064.4,593.05,5.0,2,STR0007,REG028,ASC000146,CUST00000233,,SALE,Pickup,Completed,POS_A,,True
TXN000006390,128.6,1.2299999999999898,1.0,1,STR0002,REG025,ASC000434,,2026-05-09 09:48:00,SALE,Store,Completed,POS_B,2026-05-09,False
TXN000006391,961.84,491.04,2.0,1,STR0001,REG006,ASC000288,CUST00000812,,SALE,Store,Completed,POS_C,,True
TXN000006395,8015.48,4323.610000000001,11.0,4,STR0010,REG021,ASC000439,CUST00001033,,SALE,Store,Completed,POS_A,,True
TXN000006397,1965.36,1084.6,4.0,1,STR0018,REG025,ASC000403,CUST00001253,,SALE,Store,Completed,POS_B,,True
TXN000006398,814.8,346.79999999999995,2.0,1,STR0024,REG027,ASC000225,CUST00000157,,SALE,Store,Completed,POS_B,,True
TXN000006399,2500.29,245.32999999999984,7.0,3,STR0005,REG013,ASC000229,CUST00000323,2026-04-07 07:15:00,SALE,Store,Completed,POS_B,2026-04-07,True
TXN000006401,4512.25,2248.06,7.0,2,STR0023,REG014,ASC000203,CUST00001706,,SALE,Pickup,Completed,POS_C,,True
TXN000006402,483.09,58.90999999999997,1.0,1,STR0005,REG004,ASC000442,CUST00000560,2026-04-25 06:13:00,SALE,Pickup,Completed,POS_B,2026-04-25,False
TXN000006407,1722.36,477.94,8.0,3,STR0022,REG020,ASC000251,,2026-05-25 02:54:00,SALE,Store,Completed,POS_B,2026-05-25,True
TXN000006408,1729.1,1003.2599999999999,2.0,1,STR0009,REG025,ASC000445,CUST00000694,2026-04-28 22:21:00,SALE,Store,Completed,POS_A,2026-04-28,True
TXN000006409,1458.5,735.8,4.0,2,STR0004,REG027,ASC000240,CUST00001070,2026-05-23 20:12:00,SALE,Pickup,Completed,POS_A,2026-05-23,True
TXN000006410,1254.1,399.90999999999997,4.0,3,STR0025,REG020,ASC000180,,,SALE,Store,Completed,POS_C,,True
TXN000006412,881.27,438.21000000000004,2.0,2,STR0020,REG007,ASC000175,CUST00000993,2026-04-13 07:25:00,SALE,Pickup,Completed,POS_C,2026-04-13,True
TXN000006415,314.36,195.70000000000002,2.0,1,STR0012,REG013,ASC000145,CUST00000041,2026-04-25 16:15:00,SALE,Store,Completed,POS_A,2026-04-25,False
TXN000006417,1315.46,603.19,3.0,2,STR0002,REG015,ASC000434,CUST00000495,2026-05-17 03:37:00,SALE,Store,Completed,POS_A,2026-05-17,True
TXN000006424,3205.64,1850.6399999999999,4.0,1,STR0023,REG001,ASC000363,CUST00001464,2026-05-20 11:05:00,SALE,Store,Completed,POS_C,2026-05-20,True
TXN000006427,1203.08,191.81,3.0,2,STR0017,REG014,ASC000087,CUST00000735,,SALE,Store,Completed,POS_C,,True
TXN000006428,525.74,190.37,1.0,1,STR0009,REG022,ASC000245,CUST00000393,2026-04-07 18:28:00,SALE,Store,Completed,POS_B,2026-04-07,True
TXN000006431,4230.57,2366.73,11.0,5,STR0012,REG010,ASC000448,CUST00001688,,SALE,Store,Completed,POS_B,,True
TXN000006434,2796.0499999999997,902.93,8.0,3,STR0011,REG027,ASC000049,CUST00000190,,SALE,Pickup,Completed,POS_B,,True
TXN000006438,1524.48,389.5999999999999,6.0,3,STR0004,REG022,ASC000009,CUST00000366,,SALE,Store,Completed,POS_C,,True
TXN000006439,2325.5,1000.46,6.0,3,STR0013,REG017,ASC000435,CUST00000738,2026-04-14 18:45:00,SALE,Store,Completed,POS_B,2026-04-14,True
TXN000006440,824.54,190.55,4.0,2,STR0015,REG014,ASC000078,CUST00000070,2026-05-11 03:12:00,SALE,Pickup,Completed,POS_C,2026-05-11,True
TXN000006442,230.65,138.55,5.0,1,STR0005,REG024,ASC000015,CUST00000943,,SALE,Pickup,Completed,POS_C,,False
TXN000006444,2509.7400000000002,995.4100000000001,5.0,4,STR0009,REG005,ASC000246,CUST00001328,2026-04-24 23:21:00,SALE,Store,Completed,POS_A,2026-04-24,True
TXN000006445,1910.73,1148.8700000000001,5.0,2,STR0005,REG008,ASC000063,CUST00001386,2026-05-09 22:39:00,SALE,Store,Completed,POS_B,2026-05-09,True
TXN000006446,167.18,90.72000000000001,2.0,1,STR0015,REG004,ASC000059,,,SALE,Store,Completed,POS_B,,False
TXN000006447,3336.41,985.56,7.0,3,STR0006,REG027,ASC000391,,,SALE,Store,Completed,POS_A,,True
TXN000006450,3001.27,1739.0,4.0,3,STR0011,REG011,ASC000123,CUST00001195,,SALE,Store,Completed,POS_A,,True
TXN000006453,4330.150000000001,1930.21,10.0,3,STR0024,REG021,ASC000340,,,SALE,Pickup,Completed,POS_C,,True
TXN000006454,1696.9099999999999,858.3299999999999,5.0,2,STR0025,REG019,ASC000464,CUST00000800,2026-04-07 17:40:00,SALE,Pickup,Completed,POS_B,2026-04-07,True
TXN000006456,4119.55,2291.6500000000005,5.0,1,STR0007,REG005,ASC000263,CUST00000701,2026-05-21 20:45:00,SALE,Store,Completed,POS_B,2026-05-21,True
TXN000006459,1890.79,1013.9399999999999,3.0,3,STR0024,REG011,ASC000144,CUST00000762,2026-04-19 06:08:00,SALE,Store,Completed,POS_A,2026-04-19,True
TXN000006465,2247.18,287.68999999999994,5.0,2,STR0001,REG014,ASC000316,CUST00000140,,SALE,Pickup,Completed,POS_C,,True
TXN000006466,1471.3600000000001,504.84000000000003,13.0,3,STR0013,REG028,ASC000387,CUST00000362,,SALE,Store,Completed,POS_A,,True
TXN000006467,2319.6,1309.04,4.0,1,STR0008,REG013,ASC000455,CUST00001704,,SALE,Store,Completed,POS_A,,True
TXN000006469,566.9,342.9,2.0,1,STR0023,REG018,ASC000061,CUST00001374,2026-05-03 06:43:00,SALE,Store,Completed,POS_A,2026-05-03,True
TXN000006470,624.37,345.22,3.0,2,STR0016,REG004,ASC000172,CUST00001227,,SALE,Store,Completed,POS_B,,True
TXN000006471,746.4,416.72999999999996,1.0,1,STR0018,REG003,ASC000490,,,SALE,Store,Completed,POS_C,,True
TXN000006475,2239.24,738.74,7.0,4,STR0011,REG004,ASC000459,CUST00000831,,SALE,Pickup,Completed,POS_B,,True
TXN000006477,1581.6,545.27,10.0,3,STR0014,REG003,ASC000046,,,SALE,Store,Completed,POS_B,,True
TXN000006481,1855.6000000000001,960.3100000000001,5.0,4,STR0019,REG013,ASC000292,CUST00000484,,SALE,Store,Completed,POS_A,,True
TXN000006482,463.6,98.44,4.0,1,STR0005,REG001,ASC000473,CUST00001074,,SALE,Store,Completed,POS_C,,False
TXN000006486,548.25,238.72000000000003,1.0,1,STR0002,REG012,ASC000348,,2026-05-15 23:14:00,SALE,Store,Completed,POS_A,2026-05-15,True
TXN000006487,7099.92,2274.63,14.0,5,STR0021,REG021,ASC000210,CUST00000218,2026-05-10 22:50:00,SALE,Pickup,Completed,POS_B,2026-05-10,True
TXN000006488,4394.37,1936.63,10.0,4,STR0022,REG014,ASC000251,CUST00001404,,SALE,Store,Completed,POS_C,,True
TXN000006492,608.65,278.15,5.0,1,STR0012,REG006,ASC000207,CUST00001272,2026-05-30 21:38:00,SALE,Pickup,Completed,POS_A,2026-05-30,True
TXN000006494,608.55,174.84999999999997,2.0,2,STR0013,REG027,ASC000372,CUST00000559,2026-04-23 23:51:00,SALE,Store,Completed,POS_A,2026-04-23,True
TXN000006499,971.6600000000001,175.06,3.0,2,STR0012,REG012,ASC000333,,2026-05-16 12:31:00,SALE,Pickup,Completed,POS_C,2026-05-16,True
TXN000006501,1037.32,388.43999999999994,2.0,1,STR0016,REG028,ASC000007,CUST00001230,2026-04-25 21:52:00,SALE,Store,Completed,POS_C,2026-04-25,True
TXN000006502,563.74,84.07999999999998,2.0,1,STR0022,REG010,ASC000248,CUST00001495,,SALE,Store,Completed,POS_A,,True
TXN000006506,508.6,84.92000000000002,1.0,1,STR0003,REG023,ASC000190,CUST00001693,,SALE,Store,Completed,POS_C,,True
TXN000006509,4145.0,2296.3,5.0,1,STR0019,REG021,ASC000495,CUST00001243,,SALE,Store,Completed,POS_B,,True
TXN000006510,9398.88,3542.7699999999995,20.0,5,STR0005,REG021,ASC000229,,2026-04-03 12:55:00,SALE,Store,Completed,POS_A,2026-04-03,True
TXN000006519,2318.0,1038.5500000000002,10.0,2,STR0003,REG018,ASC000500,CUST00000238,2026-05-24 09:02:00,SALE,Store,Completed,POS_A,2026-05-24,True
TXN000006520,263.58,29.019999999999982,2.0,1,STR0023,REG025,ASC000479,CUST00000558,,SALE,Pickup,Completed,POS_A,,False
TXN000006522,2456.7799999999997,612.79,7.0,3,STR0010,REG009,ASC000104,CUST00000051,,SALE,Store,Completed,POS_A,,True
TXN000006524,115.09,64.48,1.0,1,STR0011,REG007,ASC000357,CUST00000278,2026-04-19 01:52:00,SALE,Store,Completed,POS_A,2026-04-19,False
TXN000006529,905.77,160.58999999999992,7.0,4,STR0013,REG006,ASC000224,,2026-05-10 13:58:00,SALE,Store,Completed,POS_A,2026-05-10,True
TXN000006530,5429.47,1879.5600000000002,12.0,4,STR0016,REG028,ASC000007,CUST00000060,,SALE,Store,Completed,POS_C,,True
TXN000006531,720.48,179.91,3.0,2,STR0003,REG028,ASC000355,,2026-04-26 07:33:00,SALE,Pickup,Completed,POS_A,2026-04-26,True
TXN000006532,370.58,24.620000000000005,2.0,1,STR0013,REG011,ASC000091,CUST00001479,,SALE,Pickup,Completed,POS_B,,False
TXN000006533,562.0,314.16999999999996,1.0,1,STR0015,REG019,ASC000029,CUST00001204,,SALE,Store,Completed,POS_B,,True
TXN000006542,481.09,283.37,1.0,1,STR0021,REG023,ASC000234,,2026-05-18 11:03:00,SALE,Store,Completed,POS_B,2026-05-18,False
TXN000006545,2976.87,1102.54,12.0,5,STR0018,REG001,ASC000379,,,SALE,Store,Completed,POS_C,,True
TXN000006547,2518.86,902.0600000000001,4.0,2,STR0022,REG021,ASC000248,CUST00001576,,SALE,Store,Completed,POS_B,,True
TXN000006548,2686.16,1101.3999999999999,8.0,5,STR0002,REG009,ASC000348,CUST00000918,2026-05-22 03:13:00,SALE,Pickup,Completed,POS_A,2026-05-22,True
TXN000006550,80.25,7.430000000000007,1.0,1,STR0001,REG023,ASC000143,,,SALE,Store,Completed,POS_C,,False
TXN000006551,5002.82,2331.24,10.0,4,STR0010,REG007,ASC000433,CUST00001366,2026-04-05 14:04:00,SALE,Store,Completed,POS_C,2026-04-05,True
TXN000006552,2080.11,1657.85,5.0,2,STR0002,REG007,ASC000011,,,SALE,Pickup,Completed,POS_C,,True
TXN000006555,167.64,87.61999999999999,1.0,1,STR_UNKNOWN,REG018,ASC000249,CUST00000669,2026-04-22 01:16:00,SALE,Pickup,Completed,POS_A,2026-04-22,False
TXN000006560,2282.0,1325.92,6.0,3,STR0004,REG025,ASC000085,,2026-05-08 04:17:00,SALE,Pickup,Completed,POS_B,2026-05-08,True
TXN000006563,64.18,25.230000000000004,1.0,1,STR0018,REG022,ASC000427,,2026-05-10 06:06:00,SALE,Store,Completed,POS_B,2026-05-10,False
TXN000006564,2967.8500000000004,1391.5500000000004,5.0,1,STR0008,REG014,ASC000361,CUST00000022,2026-05-28 05:13:00,SALE,Pickup,Completed,POS_C,2026-05-28,True
TXN000006565,3868.87,2041.6899999999998,10.0,4,STR0006,REG023,ASC000050,CUST00001765,,SALE,Pickup,Completed,POS_C,,True
TXN000006568,3631.9900000000002,887.6000000000001,14.0,3,STR0001,REG014,ASC000306,,,SALE,Store,Completed,POS_C,,True
TXN000006577,4340.92,2631.6000000000004,4.0,1,STR0023,REG002,ASC000410,CUST00001703,,SALE,Store,Completed,POS_A,,True
TXN000006579,5972.34,2562.59,14.0,5,STR0014,REG006,ASC000187,,,SALE,Store,Completed,POS_A,,True
TXN000006580,2276.1400000000003,994.76,7.0,3,STR0023,REG016,ASC000061,CUST00001044,2026-05-04 09:48:00,SALE,Store,Completed,POS_B,2026-05-04,True
TXN000006581,339.91,68.0,7.0,2,STR0001,REG027,ASC000035,CUST00001325,2026-05-12 00:19:00,SALE,Store,Completed,POS_C,2026-05-12,False
TXN000006582,2847.76,1253.0000000000002,4.0,1,STR0012,REG011,ASC000214,CUST00001646,,SALE,Store,Completed,POS_A,,True
TXN000006585,872.0,429.48,2.0,1,STR0001,REG001,ASC000456,,2026-05-21 00:43:00,SALE,Store,Completed,POS_C,2026-05-21,True
TXN000006586,1951.5300000000002,657.57,5.0,3,STR0007,REG004,ASC000263,CUST00001542,2026-04-18 01:45:00,SALE,Pickup,Completed,POS_C,2026-04-18,True
TXN000006587,1030.45,456.62999999999994,5.0,2,STR0015,REG001,ASC000014,CUST00000131,,SALE,Pickup,Completed,POS_C,,True
TXN000006589,2421.96,1120.19,6.0,4,STR0022,REG022,ASC000390,,2026-05-27 13:03:00,SALE,Pickup,Completed,POS_C,2026-05-27,True
TXN000006591,740.18,319.81999999999994,2.0,1,STR0024,REG011,ASC000108,CUST00001516,,SALE,Pickup,Completed,POS_A,,True
TXN000006593,5797.47,1742.53,16.0,6,STR0021,REG019,ASC000489,,2026-04-25 17:25:00,SALE,Pickup,Completed,POS_C,2026-04-25,True
TXN000006595,1013.6700000000001,64.9900000000001,7.0,2,STR0022,REG025,ASC000486,CUST00001601,2026-05-19 02:29:00,SALE,Store,Completed,POS_B,2026-05-19,True
TXN000006597,4035.12,1185.1399999999996,8.0,3,STR0011,REG024,ASC000033,CUST00000731,,SALE,Store,Completed,POS_A,,True
TXN000006599,1916.72,1171.7,2.0,1,STR0002,REG026,ASC000114,CUST00000363,,SALE,Store,Completed,POS_C,,True
TXN000006602,1582.72,696.01,5.0,4,STR0014,REG017,ASC000385,,2026-05-16 21:31:00,SALE,Pickup,Completed,POS_C,2026-05-16,True
TXN000006603,110.76,27.39,3.0,1,STR0008,REG022,ASC000166,CUST00000732,,SALE,Store,Completed,POS_C,,False
TXN000006604,919.01,400.6,4.0,3,STR0002,REG017,ASC000253,CUST00000216,,SALE,Store,Completed,POS_A,,True
TXN000006607,656.81,166.15999999999997,3.0,2,STR0001,REG017,ASC000306,CUST00000158,,SALE,Store,Completed,POS_B,,True
TXN000006610,640.94,403.0200000000001,1.0,1,STR0005,REG013,ASC000334,,2026-04-17 11:33:00,SALE,Store,Completed,POS_A,2026-04-17,True
TXN000006614,4293.0,1148.6799999999996,10.0,4,STR0014,REG004,ASC000046,,,SALE,Pickup,Completed,POS_C,,True
TXN000006615,7005.68,3188.6699999999996,10.0,4,STR0012,REG016,ASC000345,CUST00000161,2026-04-14 06:52:00,SALE,Store,Completed,POS_A,2026-04-14,True
TXN000006616,2644.33,719.51,11.0,3,STR0008,REG020,ASC000159,CUST00000600,2026-04-06 20:43:00,SALE,Pickup,Completed,POS_A,2026-04-06,True
TXN000006620,5060.099999999999,2635.68,6.0,2,STR0002,REG014,ASC000259,,2026-04-27 00:27:00,SALE,Store,Completed,POS_C,2026-04-27,True
TXN000006621,2353.84,1857.88,5.0,3,STR0007,REG027,ASC000168,CUST00000784,,SALE,Store,Completed,POS_C,,True
TXN000006624,2381.6499999999996,677.4899999999998,7.0,2,STR0020,REG009,ASC000175,CUST00000944,2026-05-13 03:03:00,SALE,Store,Completed,POS_C,2026-05-13,True
TXN000006626,4737.619999999999,1793.4899999999998,15.0,5,STR0024,REG025,ASC000373,CUST00000169,,SALE,Store,Completed,POS_B,,True
TXN000006627,2135.32,1164.8000000000002,4.0,1,STR0007,REG012,ASC000119,CUST00001016,,SALE,Pickup,Completed,POS_A,,True
TXN000006630,157.19,42.129999999999995,1.0,1,STR0020,REG004,ASC000468,CUST_BAD,,SALE,Store,Completed,POS_A,,False
TXN000006631,1657.2400000000002,1554.7700000000002,6.0,2,STR0019,REG027,ASC000222,CUST00000356,,SALE,Store,Completed,POS_C,,True
TXN000006635,1191.9,582.3199999999999,2.0,2,STR0022,REG019,ASC000369,,2026-04-09 19:53:00,SALE,Store,Completed,POS_A,2026-04-09,True
TXN000006637,3898.8900000000003,2039.7900000000002,6.0,3,STR0022,REG025,ASC000081,,2026-05-27 20:59:00,SALE,Pickup,Completed,POS_C,2026-05-27,True
TXN000006642,3001.29,1196.91,8.0,4,STR0018,REG024,ASC000093,CUST00000832,,SALE,Store,Completed,POS_C,,True
TXN000006644,3199.8999999999996,1386.23,9.0,4,STR0017,REG011,ASC000389,CUST00000868,,SALE,Store,Completed,POS_B,,True
TXN000006649,3161.7599999999998,1531.4199999999998,8.0,3,STR0024,REG020,ASC000144,CUST00000586,,SALE,Store,Completed,POS_A,,True
TXN000006650,4006.44,2425.44,4.0,1,STR_UNKNOWN,REG016,ASC000149,CUST00001022,2026-05-26 00:55:00,SALE,Store,Completed,POS_C,2026-05-26,True
TXN000006657,372.33,208.46999999999997,1.0,1,STR0013,REG024,ASC000128,CUST00001429,2026-05-04 14:29:00,SALE,Pickup,Completed,POS_B,2026-05-04,False
TXN000006661,1789.79,779.07,5.0,3,STR0001,REG013,ASC000041,CUST00001349,2026-04-02 15:53:00,SALE,Store,Completed,POS_B,2026-04-02,True
TXN000006662,330.46,31.339999999999975,2.0,1,STR0022,REG021,ASC000499,,2026-04-06 04:37:00,SALE,Pickup,Completed,POS_A,2026-04-06,False
TXN000006663,2885.91,915.9599999999998,7.0,3,STR0014,REG004,ASC000252,CUST00000686,2026-04-22 07:36:00,SALE,Pickup,Completed,POS_C,2026-04-22,True
TXN000006665,674.29,121.34999999999994,4.0,2,STR0012,REG009,ASC000214,,2026-05-18 11:49:00,SALE,Pickup,Completed,POS_A,2026-05-18,True
TXN000006666,664.44,159.56000000000006,2.0,1,STR0013,REG009,ASC000435,CUST00000869,,SALE,Pickup,Completed,POS_C,,True
TXN000006667,2694.14,1358.12,5.0,3,STR0023,REG010,ASC000312,CUST00000596,,SALE,Store,Completed,POS_C,,True
TXN000006668,3788.25,1942.4099999999999,8.0,3,STR0002,REG005,ASC000114,CUST00001380,,SALE,Store,Completed,POS_A,,True
TXN000006673,4220.85,2437.4900000000002,11.0,5,STR0004,REG011,ASC000220,,2026-04-21 19:42:00,SALE,Store,Completed,POS_A,2026-04-21,True
TXN000006674,590.04,188.95999999999998,2.0,1,STR0016,REG002,ASC000112,,,SALE,Store,Completed,POS_C,,True
TXN000006681,2023.28,743.8,4.0,2,STR0011,REG025,ASC000065,CUST00000375,,SALE,Store,Completed,POS_B,,True
TXN000006687,4743.4400000000005,1980.5700000000002,16.0,5,STR0011,REG009,ASC000459,,2026-05-25 22:38:00,SALE,Store,Completed,POS_A,2026-05-25,True
TXN000006692,1292.01,596.21,7.0,2,STR0001,REG007,ASC000472,CUST00001285,2026-04-28 15:34:00,SALE,Store,Completed,POS_B,2026-04-28,True
TXN000006695,2151.51,759.5699999999999,5.0,3,STR0004,REG025,ASC000002,CUST00000597,2026-04-01 04:24:00,SALE,Store,Completed,POS_A,2026-04-01,True
TXN000006697,3325.36,1617.04,6.0,3,STR0002,REG016,ASC000434,,2026-05-27 20:26:00,SALE,Store,Completed,POS_B,2026-05-27,True
TXN000006700,684.34,237.98000000000002,1.0,1,STR0017,REG026,ASC000001,CUST00000216,,SALE,Store,Completed,POS_A,,True
TXN000006705,6615.93,3290.4400000000005,13.0,4,STR0017,REG024,ASC000096,CUST00000524,2026-05-03 14:30:00,SALE,Pickup,Completed,POS_B,2026-05-03,True
TXN000006708,855.6800000000001,405.77,2.0,2,STR0007,REG028,ASC000148,CUST00000461,2026-05-30 00:35:00,SALE,Pickup,Completed,POS_A,2026-05-30,True
TXN000006710,2367.61,1396.9700000000003,5.0,2,STR0006,REG016,ASC000057,,2026-05-01 22:16:00,SALE,Pickup,Completed,POS_A,2026-05-01,True
TXN000006712,1004.4100000000001,313.33000000000004,3.0,3,STR0009,REG002,ASC000485,CUST00000571,,SALE,Store,Completed,POS_A,,True
TXN000006713,438.59,28.819999999999993,1.0,1,STR0024,REG018,ASC000340,,,SALE,Store,Completed,POS_C,,False
TXN000006714,74.92,16.440000000000005,1.0,1,STR0001,REG001,ASC000035,,2026-04-11 16:49:00,SALE,Store,Completed,POS_B,2026-04-11,False
TXN000006719,2440.21,1064.84,7.0,4,STR0022,REG018,ASC000369,,2026-05-09 08:01:00,SALE,Pickup,Completed,POS_B,2026-05-09,True
TXN000006720,5139.55,2540.78,10.0,4,STR0007,REG022,ASC000270,,,SALE,Store,Completed,POS_B,,True
TXN000006722,4192.88,1871.8300000000004,7.0,4,STR0017,REG028,ASC000031,,2026-05-28 12:41:00,SALE,Store,Completed,POS_B,2026-05-28,True
TXN000006728,4260.910000000001,1402.0400000000004,13.0,3,STR0020,REG004,ASC000478,CUST00001626,,SALE,Store,Completed,POS_A,,True
TXN000006731,2091.5,1095.8600000000001,8.0,3,STR0014,REG012,ASC000247,CUST00000353,,SALE,Pickup,Completed,POS_C,,True
TXN000006734,220.13,107.37000000000002,2.0,2,STR0021,REG021,ASC000326,,,SALE,Store,Completed,POS_A,,False
TXN000006735,1036.93,482.53000000000003,6.0,2,STR0021,REG024,ASC000450,,2026-05-30 00:52:00,SALE,Store,Completed,POS_C,2026-05-30,True
TXN000006737,3433.21,1474.3099999999997,7.0,3,STR0018,REG028,ASC000036,,,SALE,Pickup,Completed,POS_B,,True
TXN000006738,64.18,25.230000000000004,1.0,1,STR0015,REG006,ASC000059,,2026-04-08 15:36:00,SALE,Store,Completed,POS_A,2026-04-08,False
TXN000006742,1304.52,594.52,4.0,1,STR0011,REG023,ASC000367,,,SALE,Store,Completed,POS_B,,True
TXN000006747,2723.52,1246.1899999999998,6.0,3,STR0002,REG019,ASC000188,,2026-05-25 15:51:00,SALE,Store,Completed,POS_A,2026-05-25,True
TXN000006748,1077.9,292.88000000000005,7.0,3,STR0010,REG028,ASC000192,CUST00001612,2026-05-05 03:15:00,SALE,Store,Completed,POS_C,2026-05-05,True
TXN000006751,4513.62,2533.86,10.0,3,STR0025,REG013,ASC000016,CUST00001570,2026-05-19 16:29:00,SALE,Store,Completed,POS_C,2026-05-19,True
TXN000006754,899.5999999999999,472.6499999999999,5.0,1,STR0021,REG010,ASC000184,CUST00001143,,SALE,Store,Completed,POS_A,,True
TXN000006755,4632.65,2783.95,5.0,1,STR0002,REG022,ASC000483,CUST00000272,,SALE,Pickup,Completed,POS_A,,True
TXN000006756,4656.990000000001,2328.76,14.0,5,STR0024,REG024,ASC000376,CUST00000365,,SALE,Pickup,Completed,POS_B,,True
TXN000006758,2990.84,1481.5600000000002,4.0,1,STR0016,REG012,ASC000482,,2026-04-10 20:59:00,SALE,Store,Completed,POS_C,2026-04-10,True
TXN000006761,404.88,45.0,2.0,1,STR0012,REG028,ASC000244,CUST00000730,2026-04-19 14:02:00,SALE,Pickup,Completed,POS_C,2026-04-19,False
TXN000006762,3668.9,2016.13,5.0,3,STR0012,REG016,ASC000313,CUST00000633,2026-05-27 18:13:00,SALE,Store,Completed,POS_C,2026-05-27,True
TXN000006769,243.24,131.99,1.0,1,STR0013,REG005,ASC000317,CUST00000313,2026-05-11 15:07:00,SALE,Store,Completed,POS_A,2026-05-11,False
TXN000006770,1848.38,1008.4000000000001,8.0,3,STR0008,REG013,ASC000159,CUST00000511,,SALE,Pickup,Completed,POS_C,,True
TXN000006775,1265.05,530.31,9.0,3,STR0008,REG020,ASC000103,CUST00000443,2026-05-28 06:14:00,SALE,Pickup,Completed,POS_B,2026-05-28,True
TXN000006776,5681.74,2603.7299999999996,15.0,5,STR0020,REG018,ASC000468,CUST00001319,,SALE,Pickup,Completed,POS_B,,True
TXN000006779,2095.65,428.5,5.0,1,STR0013,REG007,ASC000380,CUST00001306,,SALE,Store,Completed,POS_A,,True
TXN000006783,350.19,178.35,3.0,1,STR0023,REG020,ASC000363,CUST00001647,,SALE,Pickup,Completed,POS_B,,False
TXN000006784,3790.05,2052.05,5.0,1,STR0015,REG006,ASC000438,,2026-05-05 20:08:00,SALE,Store,Completed,POS_C,2026-05-05,True
TXN000006792,218.99,37.0,2.0,2,STR0013,REG006,ASC000372,CUST00000843,2026-04-15 05:05:00,SALE,Store,Completed,POS_A,2026-04-15,False
TXN000006793,264.66,79.51000000000002,1.0,1,STR0022,REG003,ASC000499,CUST00000646,2026-04-08 05:13:00,SALE,Pickup,Completed,POS_C,2026-04-08,False
TXN000006798,2070.85,323.3499999999999,9.0,2,STR0010,REG006,ASC000368,,,SALE,Store,Completed,POS_A,,True
TXN000006801,1329.04,435.19999999999993,4.0,1,STR0023,REG004,ASC000181,CUST00000572,,SALE,Store,Completed,POS_B,,True
TXN000006803,876.38,380.78999999999996,5.0,4,STR0001,REG025,ASC000231,CUST00000564,2026-05-10 01:50:00,SALE,Store,Completed,POS_A,2026-05-10,True
TXN000006805,4195.16,1837.84,8.0,2,STR0009,REG010,ASC000245,CUST00000200,2026-04-07 18:54:00,SALE,Pickup,Completed,POS_A,2026-04-07,True
TXN000006807,1883.04,548.54,12.0,4,STR0011,REG007,ASC000033,CUST00000654,2026-05-06 12:17:00,SALE,Pickup,Completed,POS_B,2026-05-06,True
TXN000006808,5852.9400000000005,2420.7000000000007,9.0,2,STR0003,REG010,ASC000028,CUST00000998,,SALE,Store,Completed,POS_B,,True
TXN000006813,1591.5,767.02,2.0,1,STR0018,REG016,ASC000476,CUST00000427,2026-04-16 01:10:00,SALE,Store,Completed,POS_B,2026-04-16,True
TXN000006814,1067.16,581.9000000000001,2.0,1,STR0020,REG014,ASC000284,CUST00000183,,SALE,Store,Completed,POS_B,,True
TXN000006822,8834.05,2955.4799999999996,22.0,6,STR0003,REG014,ASC000346,CUST00000601,,SALE,Store,Completed,POS_B,,True
TXN000006824,1726.69,1002.4399999999999,4.0,2,STR0009,REG026,ASC000155,CUST00001510,2026-04-27 09:14:00,SALE,Store,Completed,POS_A,2026-04-27,True
TXN000006825,368.82,168.29999999999998,1.0,1,STR0010,REG027,ASC000335,CUST00001742,2026-04-17 10:35:00,SALE,Pickup,Completed,POS_C,2026-04-17,False
TXN000006827,1409.97,789.8399999999999,2.0,2,STR0016,REG016,ASC000404,CUST00000350,2026-05-14 20:37:00,SALE,Store,Completed,POS_C,2026-05-14,True
TXN000006828,2802.95,968.9699999999999,7.0,3,STR0020,REG025,ASC000468,CUST00000659,,SALE,Store,Completed,POS_A,,True
TXN000006830,698.04,275.09999999999997,2.0,1,STR0004,REG001,ASC000009,CUST00001235,,SALE,Store,Completed,POS_C,,True
TXN000006831,1502.72,434.55,5.0,3,STR0025,REG022,ASC000090,CUST00001480,2026-04-30 04:10:00,SALE,Store,Completed,POS_A,2026-04-30,True
TXN000006832,3228.7,1727.7799999999997,7.0,4,STR0011,REG009,ASC000138,CUST00000306,2026-05-17 16:24:00,SALE,Store,Completed,POS_B,2026-05-17,True
TXN000006833,708.52,373.85999999999996,2.0,1,STR0011,REG017,ASC000120,,2026-04-07 02:24:00,SALE,Pickup,Completed,POS_A,2026-04-07,True
TXN000006835,5576.9,2677.93,16.0,5,STR0018,REG028,ASC000199,,2026-05-31 21:02:00,SALE,Store,Completed,POS_A,2026-05-31,True
TXN000006841,360.13,63.07000000000001,3.0,2,STR0011,REG008,ASC000033,CUST00001644,,SALE,Store,Completed,POS_C,,False
TXN000006843,231.61,58.630000000000024,1.0,1,STR0020,REG007,ASC000382,CUST00001273,,SALE,Store,Completed,POS_B,,False
TXN000006848,1524.9,447.25,3.0,2,STR0020,REG005,ASC000189,CUST00001322,,SALE,Pickup,Completed,POS_C,,True
TXN000006852,4181.53,1558.1599999999996,10.0,4,STR0020,REG026,ASC000478,,,SALE,Store,Completed,POS_B,,True
TXN000006853,1255.6100000000001,532.35,3.0,3,STR0005,REG023,ASC000442,CUST00000670,,SALE,Store,Completed,POS_C,,True
TXN000006855,3408.8599999999997,1849.44,6.0,2,STR0019,REG022,ASC000222,,2026-05-05 08:10:00,SALE,Store,Completed,POS_B,2026-05-05,True
TXN000006859,1183.97,643.85,2.0,2,STR0017,REG015,ASC000096,,2026-05-18 10:18:00,SALE,Store,Completed,POS_A,2026-05-18,True
TXN000006862,2872.76,1106.0300000000002,7.0,4,STR0017,REG004,ASC000164,CUST00000528,2026-05-25 02:02:00,SALE,Pickup,Completed,POS_C,2026-05-25,True
TXN000006865,4630.219999999999,2742.99,7.0,3,STR0006,REG015,ASC000460,,,SALE,Store,Completed,POS_A,,True
TXN000006866,1769.04,1006.4499999999999,6.0,3,STR0012,REG009,ASC000209,CUST00000833,2026-04-09 08:20:00,SALE,Store,Completed,POS_C,2026-04-09,True
TXN000006867,1261.6100000000001,447.61000000000007,4.0,2,STR0014,REG022,ASC000241,CUST00000443,,SALE,Store,Completed,POS_B,,True
TXN000006869,2011.56,946.96,4.0,1,STR0002,REG002,ASC000483,CUST00001356,,SALE,Store,Completed,POS_C,,True
TXN000006871,4629.86,2847.79,6.0,2,STR0012,REG016,ASC000043,CUST00000179,,SALE,Pickup,Completed,POS_C,,True
TXN000006873,507.76,136.51,1.0,1,STR0010,REG004,ASC000104,CUST00000085,,SALE,Pickup,Completed,POS_C,,True
TXN000006875,2123.97,1089.9299999999998,5.0,3,STR0007,REG010,ASC000285,CUST00000358,2026-04-22 03:30:00,SALE,Pickup,Completed,POS_A,2026-04-22,True
TXN000006876,2121.9700000000003,1105.2400000000002,3.0,1,STR0008,REG007,ASC000103,CUST00001537,2026-04-27 15:35:00,SALE,Store,Completed,POS_A,2026-04-27,True
TXN000006878,2760.48,1134.1,7.0,3,STR0016,REG018,ASC000273,CUST00001548,,SALE,Store,Completed,POS_B,,True
TXN000006883,1403.26,736.3499999999999,4.0,3,STR0018,REG006,ASC000491,CUST00001317,,SALE,Store,Completed,POS_B,,True
TXN000006885,1515.44,816.24,4.0,1,STR0022,REG019,ASC000278,CUST00001377,,SALE,Store,Completed,POS_C,,True
TXN000006887,1576.58,787.4200000000001,4.0,3,STR0010,REG014,ASC000394,CUST00001550,2026-04-15 11:49:00,SALE,Store,Completed,POS_C,2026-04-15,True
TXN000006889,2913.1,1011.1399999999999,6.0,4,STR0005,REG015,ASC000473,,,SALE,Store,Completed,POS_C,,True
TXN000006891,506.44,203.1,4.0,2,STR0022,REG004,ASC000219,CUST00000167,2026-05-13 02:55:00,SALE,Store,Completed,POS_C,2026-05-13,True
TXN000006894,1436.86,422.96000000000004,6.0,4,STR0007,REG010,ASC000228,CUST00000710,2026-05-09 19:39:00,SALE,Store,Completed,POS_C,2026-05-09,True
TXN000006895,2825.76,532.38,11.0,3,STR0007,REG017,ASC000168,CUST00001056,2026-04-13 16:24:00,SALE,Store,Completed,POS_B,2026-04-13,True
TXN000006896,450.41,240.63000000000002,1.0,1,STR0008,REG010,ASC000400,CUST00001087,,SALE,Pickup,Completed,POS_B,,False
TXN000006898,4697.2,2165.1499999999996,7.0,3,STR0006,REG025,ASC000156,CUST00001795,,SALE,Store,Completed,POS_A,,True
TXN000006900,1620.88,880.9800000000001,2.0,1,STR0022,REG005,ASC000278,CUST00000349,2026-05-20 20:20:00,SALE,Pickup,Completed,POS_C,2026-05-20,True
TXN000006902,3478.7,1070.9499999999998,6.0,2,STR0020,REG018,ASC000099,CUST00001407,,SALE,Store,Completed,POS_B,,True
TXN000006906,723.99,130.01999999999998,3.0,1,STR0001,REG015,ASC000231,CUST00000876,2026-05-08 14:50:00,SALE,Store,Completed,POS_B,2026-05-08,True
TXN000006907,4235.1,2279.88,10.0,4,STR0015,REG023,ASC000438,,2026-05-01 00:59:00,SALE,Pickup,Completed,POS_C,2026-05-01,True
TXN000006908,6037.92,2751.92,13.0,5,STR0018,REG015,ASC000430,CUST00000488,2026-04-21 04:21:00,SALE,Store,Completed,POS_A,2026-04-21,True
TXN000006911,5590.91,2383.2799999999997,12.0,5,STR0009,REG024,ASC000167,CUST00000253,2026-05-15 13:44:00,SALE,Pickup,Completed,POS_C,2026-05-15,True
TXN000006912,4178.719999999999,1591.7799999999997,10.0,4,STR0023,REG025,ASC000042,,,SALE,Store,Completed,POS_A,,True
TXN000006913,1491.56,807.9599999999999,2.0,1,STR0004,REG025,ASC000240,CUST00001632,,SALE,Store,Completed,POS_C,,True
TXN000006917,90.81,17.99000000000001,1.0,1,STR0010,REG003,ASC000335,CUST00001148,2026-04-13 11:06:00,SALE,Pickup,Completed,POS_B,2026-04-13,False
TXN000006918,47.22,4.299999999999997,2.0,1,STR0014,REG025,ASC000384,CUST00001131,2026-05-14 06:59:00,SALE,Store,Completed,POS_B,2026-05-14,False
TXN000006919,165.98,70.38,2.0,1,STR0014,REG013,ASC000411,CUST00000958,2026-04-12 08:34:00,SALE,Store,Completed,POS_A,2026-04-12,False
TXN000006920,3909.93,1827.19,11.0,3,STR0004,REG028,ASC000153,,,SALE,Pickup,Completed,POS_C,,True
TXN000006921,4627.83,1271.5199999999998,11.0,3,STR0005,REG001,ASC000044,,2026-05-08 03:53:00,SALE,Pickup,Completed,POS_A,2026-05-08,True
TXN000006925,451.44,451.44,4.0,1,STR0020,REG012,ASC000183,,2026-05-19 22:59:00,SALE,Store,Completed,POS_A,2026-05-19,False
TXN000006926,802.68,408.4599999999999,1.0,1,STR0014,REG026,ASC000066,CUST00001177,,SALE,Store,Completed,POS_A,,True
TXN000006930,1889.16,918.5800000000002,4.0,3,STR0025,REG028,ASC000083,CUST00000864,,SALE,Store,Completed,POS_A,,True
TXN000006936,762.75,374.49,1.0,1,STR0010,REG002,ASC000402,CUST00001661,2026-04-17 13:45:00,SALE,Store,Completed,POS_A,2026-04-17,True
TXN000006937,2334.14,1090.26,7.0,4,STR0014,REG012,ASC000494,,2026-05-28 12:52:00,SALE,Store,Completed,POS_A,2026-05-28,True
TXN000006938,1832.17,901.03,4.0,3,STR0022,REG007,ASC000499,CUST00001197,,SALE,Store,Completed,POS_B,,True
TXN000006943,5529.549999999999,2958.8699999999994,8.0,3,STR0006,REG001,ASC000151,CUST00001319,,SALE,Store,Completed,POS_B,,True
TXN000006944,268.9,85.39999999999998,1.0,1,STR0011,REG011,ASC000136,CUST00001407,2026-04-15 13:13:00,SALE,Store,Completed,POS_C,2026-04-15,False
TXN000006946,475.1,293.68000000000006,2.0,1,STR0003,REG023,ASC000344,CUST00000879,,SALE,Pickup,Completed,POS_C,,False
TXN000006948,752.23,123.9,4.0,2,STR0010,REG022,ASC000402,CUST00000420,2026-05-12 15:38:00,SALE,Pickup,Completed,POS_A,2026-05-12,True
TXN000006951,1443.0,813.66,2.0,1,STR0019,REG012,ASC000147,CUST00000405,,SALE,Store,Completed,POS_C,,True
TXN000006953,5013.18,2628.59,8.0,3,STR0005,REG026,ASC000229,,,SALE,Store,Completed,POS_A,,True
TXN000006954,2632.28,1469.1200000000001,4.0,1,STR0025,REG012,ASC000174,CUST00001070,2026-05-18 15:08:00,SALE,Store,Completed,POS_B,2026-05-18,True
TXN000006955,625.02,184.77999999999997,2.0,1,STR0016,REG016,ASC000217,CUST00000213,,SALE,Store,Completed,POS_B,,True
TXN000006958,1531.12,823.9599999999999,6.0,2,STR0008,REG008,ASC000257,CUST00000954,,SALE,Pickup,Completed,POS_C,,True
TXN000006963,2157.81,798.72,5.0,2,STR0021,REG025,ASC000268,CUST00001351,,SALE,Store,Completed,POS_A,,True
TXN000006965,709.66,352.41999999999996,2.0,1,STR0007,REG011,ASC000318,CUST00000770,,SALE,Store,Completed,POS_B,,True
TXN000006968,2202.29,490.0,12.0,3,STR0025,REG009,ASC000206,CUST00001785,,SALE,Store,Completed,POS_A,,True
TXN000006970,2711.0899999999997,729.3399999999999,9.0,3,STR0001,REG012,ASC000035,,2026-04-15 23:45:00,SALE,Store,Completed,POS_B,2026-04-15,True
TXN000006971,2886.09,1096.2599999999998,6.0,4,STR0011,REG011,ASC000459,CUST00000763,,SALE,Store,Completed,POS_B,,True
TXN000006972,283.59999999999997,130.7,2.0,2,STR0018,REG028,ASC000365,,2026-05-12 06:24:00,SALE,Store,Completed,POS_C,2026-05-12,False
TXN000006974,558.42,118.17999999999995,2.0,1,STR0004,REG012,ASC000009,CUST00000161,,SALE,Store,Completed,POS_B,,True
TXN000006977,1978.35,194.1500000000001,5.0,1,STR0022,REG002,ASC000497,,2026-04-20 06:10:00,SALE,Store,Completed,POS_C,2026-04-20,True
TXN000006979,1329.54,449.5799999999999,2.0,1,STR0024,REG013,ASC000376,,,SALE,Pickup,Completed,POS_A,,True
TXN000006983,1559.0100000000002,614.5500000000001,5.0,2,STR0002,REG001,ASC000114,CUST00001004,,SALE,Store,Completed,POS_A,,True
TXN000006986,2080.36,637.3699999999999,5.0,3,STR0023,REG021,ASC000097,CUST00000271,,SALE,Store,Completed,POS_B,,True
TXN000006991,2146.1499999999996,1129.8999999999996,3.0,1,STR0023,REG011,ASC000324,CUST00001514,,SALE,Pickup,Completed,POS_B,,True
TXN000006992,4548.840000000001,2683.5700000000006,6.0,2,STR0008,REG014,ASC000257,CUST00001408,2026-04-02 02:01:00,SALE,Store,Completed,POS_A,2026-04-02,True
TXN000006994,4507.49,2019.1199999999997,6.0,2,STR0022,REG017,ASC000454,,,SALE,Store,Completed,POS_B,,True
TXN000006995,1435.69,827.2600000000001,5.0,3,STR0018,REG006,ASC000093,,,SALE,Store,Completed,POS_A,,True
TXN000006996,4238.02,1713.0100000000002,10.0,3,STR0023,REG028,ASC000363,,,SALE,Store,Completed,POS_C,,True
TXN000006999,191.18,45.54000000000002,2.0,1,STR0012,REG009,ASC000069,CUST00001403,,SALE,Store,Completed,POS_C,,False
TXN000007001,2216.2200000000003,323.83,5.0,3,STR0025,REG002,ASC000213,CUST00000368,2026-04-06 07:23:00,SALE,Store,Completed,POS_C,2026-04-06,True
TXN000007002,694.76,169.26,2.0,1,STR0001,REG009,ASC000035,CUST00000852,2026-04-04 05:58:00,SALE,Store,Completed,POS_C,2026-04-04,True
TXN000007004,3258.0299999999997,923.2899999999998,9.0,4,STR0013,REG019,ASC000452,CUST00001303,,SALE,Store,Completed,POS_C,,True
TXN000007005,2108.76,857.0200000000001,6.0,3,STR0018,REG003,ASC000199,,2026-04-01 15:08:00,SALE,Pickup,Completed,POS_C,2026-04-01,True
TXN000007010,356.64,115.23999999999998,1.0,1,STR0017,REG007,ASC000250,CUST00001471,,SALE,Store,Completed,POS_B,,False
TXN000007011,1558.52,861.6,2.0,1,STR0021,REG006,ASC000113,CUST00001110,,SALE,Store,Completed,POS_B,,True
TXN000007013,742.08,329.80000000000007,2.0,1,STR0011,REG017,ASC000432,,2026-05-17 21:02:00,SALE,Store,Completed,POS_C,2026-05-17,True
TXN000007015,414.17,162.35999999999999,2.0,2,STR0002,REG020,ASC000301,CUST00000579,,SALE,Pickup,Completed,POS_B,,False
TXN000007017,1098.6999999999998,638.7299999999999,4.0,2,STR0012,REG027,ASC000145,CUST00000001,2026-04-27 10:14:00,SALE,Store,Completed,POS_B,2026-04-27,True
TXN000007018,154.84,58.06,3.0,1,STR0006,REG019,ASC000034,CUST00001496,2026-05-08 15:13:00,SALE,Store,Completed,POS_A,2026-05-08,False
TXN000007022,541.45,278.23,7.0,3,STR0008,REG007,ASC000110,,,SALE,Store,Completed,POS_A,,True
TXN000007023,532.12,91.88,2.0,1,STR0009,REG022,ASC000125,,,SALE,Pickup,Completed,POS_A,,True
TXN000007025,6375.549999999999,2558.0799999999995,12.0,4,STR0001,REG013,ASC000037,CUST00001637,2026-05-21 14:33:00,SALE,Store,Completed,POS_B,2026-05-21,True
TXN000007026,6563.24,2618.91,15.0,5,STR0004,REG008,ASC000240,CUST00000766,2026-04-05 11:31:00,SALE,Store,Completed,POS_B,2026-04-05,True
TXN000007028,4594.9800000000005,2356.44,6.0,2,STR0011,REG019,ASC000325,CUST00000033,2026-04-29 10:58:00,SALE,Store,Completed,POS_B,2026-04-29,True
TXN000007029,754.02,344.24,1.0,1,STR0006,REG009,ASC000449,CUST00001467,,SALE,Store,Completed,POS_C,,True
TXN000007030,3187.25,1193.8,5.0,1,STR0005,REG020,ASC000161,CUST00001060,,SALE,Store,Completed,POS_B,,True
TXN000007032,873.38,435.08,2.0,1,STR0023,REG026,ASC000061,,2026-05-13 05:59:00,SALE,Pickup,Completed,POS_A,2026-05-13,True
TXN000007033,1665.56,784.8,4.0,1,STR0019,REG007,ASC000227,CUST00000034,,SALE,Pickup,Completed,POS_C,,True
TXN000007034,2005.44,977.56,4.0,1,STR0014,REG021,ASC000444,,,SALE,Store,Completed,POS_A,,True
TXN000007037,157.34,7.780000000000001,1.0,1,STR0003,REG010,ASC000302,CUST00001121,,SALE,Store,Completed,POS_B,,False
TXN000007038,2778.34,910.1899999999999,11.0,3,STR0002,REG025,ASC000011,CUST00001456,2026-04-06 18:41:00,SALE,Store,Completed,POS_B,2026-04-06,True
TXN000007041,1891.87,765.24,5.0,3,STR0008,REG016,ASC000257,CUST00001207,,SALE,Pickup,Completed,POS_A,,True
TXN000007044,3514.08,978.02,7.0,4,STR0003,REG019,ASC000193,CUST00000035,,SALE,Store,Completed,POS_C,,True
TXN000007045,1056.76,217.14000000000001,6.0,2,STR0006,REG011,ASC000310,CUST00000763,2026-05-12 09:08:00,SALE,Pickup,Completed,POS_C,2026-05-12,True
TXN000007046,2094.4500000000003,913.9100000000001,4.0,2,STR0023,REG006,ASC000487,,,SALE,Pickup,Completed,POS_C,,True
TXN000007049,4362.04,2030.7800000000002,8.0,3,STR0012,REG019,ASC000237,CUST00001453,2026-04-30 20:29:00,SALE,Store,Completed,POS_C,2026-04-30,True
TXN000007050,2793.1299999999997,1186.2699999999998,7.0,2,STR0020,REG027,ASC000211,CUST00001709,,SALE,Store,Completed,POS_B,,True
TXN000007051,2523.79,844.4499999999998,9.0,4,STR0014,REG024,ASC000498,CUST00000697,2026-04-12 12:30:00,SALE,Store,Completed,POS_A,2026-04-12,True
TXN000007055,2465.75,1188.65,5.0,1,STR0006,REG008,ASC000151,CUST00001268,2026-04-08 03:24:00,SALE,Store,Completed,POS_C,2026-04-08,True
TXN000007057,629.0799999999999,133.88999999999993,8.0,3,STR0018,REG013,ASC000476,CUST00000192,2026-04-26 03:18:00,SALE,Store,Completed,POS_C,2026-04-26,True
TXN000007060,2528.74,1259.03,5.0,2,STR0003,REG018,ASC000028,,,SALE,Pickup,Completed,POS_A,,True
TXN000007063,1836.74,841.25,8.0,3,STR0011,REG025,ASC000325,CUST00001099,,SALE,Store,Completed,POS_C,,True
TXN000007064,1047.88,102.40000000000009,4.0,1,STR0018,REG021,ASC000341,CUST00001722,,SALE,Pickup,Completed,POS_A,,True
TXN000007067,1670.79,741.56,7.0,3,STR0014,REG013,ASC000187,CUST00000647,2026-04-25 16:26:00,SALE,Pickup,Completed,POS_B,2026-04-25,True
TXN000007068,4253.0,1431.1599999999999,8.0,3,STR0018,REG023,ASC000427,,2026-04-14 17:39:00,SALE,Store,Completed,POS_B,2026-04-14,True
TXN000007069,175.92,90.52999999999999,1.0,1,STR0008,REG028,ASC000106,CUST00000717,2026-05-17 05:19:00,SALE,Store,Completed,POS_B,2026-05-17,False
TXN000007070,2271.2,1397.6999999999998,2.0,1,STR0025,REG026,ASC000464,CUST00000855,,SALE,Store,Completed,POS_B,,True
TXN000007072,3343.76,2064.84,4.0,1,STR0023,REG021,ASC000410,CUST00000785,,SALE,Store,Completed,POS_B,,True
TXN000007075,2258.96,626.7000000000002,11.0,3,STR0021,REG020,ASC000101,CUST00000767,,SALE,Pickup,Completed,POS_C,,True
TXN000007076,2227.46,955.1,5.0,4,STR0024,REG007,ASC000108,CUST00001624,2026-04-18 21:26:00,SALE,Pickup,Completed,POS_A,2026-04-18,True
TXN000007077,1340.15,439.1600000000001,6.0,3,STR0025,REG020,ASC000453,CUST00001304,,SALE,Store,Completed,POS_B,,True
TXN000007081,653.42,229.71999999999997,4.0,2,STR0006,REG022,ASC000052,CUST00001225,2026-04-08 09:39:00,SALE,Store,Completed,POS_B,2026-04-08,True
TXN000007084,278.91,140.27000000000004,1.0,1,STR0005,REG025,ASC000480,CUST00000577,,SALE,Store,Completed,POS_C,,False
TXN000007085,1715.23,368.5700000000001,5.0,2,STR0002,REG002,ASC000259,CUST00000588,,SALE,Pickup,Completed,POS_A,,True
TXN000007090,3604.32,1256.2,12.0,3,STR0015,REG026,ASC000020,,2026-04-12 18:50:00,SALE,Pickup,Completed,POS_A,2026-04-12,True
TXN000007092,4826.16,2106.99,11.0,5,STR0018,REG005,ASC000476,,,SALE,Pickup,Completed,POS_A,,True
TXN000007093,1925.6799999999998,962.09,7.0,3,STR0003,REG027,ASC000233,CUST00000812,,SALE,Store,Completed,POS_A,,True
TXN000007094,3382.01,1238.54,9.0,3,STR0016,REG025,ASC000182,CUST00001677,,SALE,Store,Completed,POS_A,,True
TXN000007097,4304.37,1971.89,6.0,2,STR0003,REG023,ASC000173,CUST00000625,2026-05-13 04:00:00,SALE,Store,Completed,POS_B,2026-05-13,True
TXN000007099,3888.04,1919.1899999999998,11.0,5,STR0025,REG027,ASC000416,,2026-04-27 15:34:00,SALE,Pickup,Completed,POS_B,2026-04-27,True
TXN000007101,1870.8400000000001,591.5699999999999,5.0,4,STR0018,REG004,ASC000093,CUST00001187,,SALE,Store,Completed,POS_C,,True
TXN000007113,3269.42,1508.97,16.0,5,STR0004,REG020,ASC000154,,,SALE,Store,Completed,POS_B,,True
TXN000007114,595.25,527.14,2.0,2,STR0025,REG001,ASC000055,,,SALE,Store,Completed,POS_B,,True
TXN000007117,2737.56,1470.9599999999998,4.0,2,STR0023,REG008,ASC000042,CUST00000364,,SALE,Store,Completed,POS_B,,True
TXN000007118,186.5,24.120000000000005,2.0,1,STR0001,REG024,ASC000472,CUST00000138,,SALE,Store,Completed,POS_B,,False
TXN000007122,3918.98,1959.41,8.0,3,STR0023,REG025,ASC000162,CUST00000306,2026-05-07 13:50:00,SALE,Pickup,Completed,POS_C,2026-05-07,True
TXN000007123,2703.34,1184.5900000000001,9.0,4,STR0010,REG015,ASC000328,CUST00000619,2026-04-04 09:33:00,SALE,Store,Completed,POS_A,2026-04-04,True
TXN000007124,6661.98,3074.39,14.0,4,STR0024,REG028,ASC000337,CUST00000501,,SALE,Pickup,Completed,POS_A,,True
TXN000007125,646.99,244.44,1.0,1,STR0018,REG005,ASC000401,CUST00001426,2026-04-19 22:19:00,SALE,Store,Completed,POS_B,2026-04-19,True
TXN000007126,76.4,32.78000000000001,2.0,1,STR0005,REG006,ASC000334,CUST00000111,,SALE,Store,Completed,POS_A,,False
TXN000007127,5599.62,1874.0100000000002,15.0,5,STR0003,REG003,ASC000355,CUST00001262,2026-05-31 17:50:00,SALE,Store,Completed,POS_B,2026-05-31,True
TXN000007128,4700.700000000001,2250.89,13.0,5,STR0009,REG010,ASC000125,,2026-05-09 09:03:00,SALE,Pickup,Completed,POS_C,2026-05-09,True
TXN000007132,2383.37,1020.9200000000002,9.0,3,STR0023,REG007,ASC000088,CUST00000720,2026-04-14 20:11:00,SALE,Pickup,Completed,POS_B,2026-04-14,True
TXN000007135,3791.86,1847.8500000000004,6.0,3,STR0025,REG001,ASC000213,CUST00000209,,SALE,Store,Completed,POS_C,,True
TXN000007136,2259.62,1121.8400000000001,9.0,3,STR0019,REG024,ASC000495,CUST00001274,2026-04-27 14:40:00,SALE,Pickup,Completed,POS_C,2026-04-27,True
TXN000007137,1292.43,421.46000000000004,7.0,4,STR0020,REG020,ASC000282,,,SALE,Pickup,Completed,POS_B,,True
TXN000007139,7074.77,3822.1899999999996,12.0,4,STR0020,REG022,ASC000211,CUST00000322,,SALE,Pickup,Completed,POS_A,,True
TXN000007140,1671.5,625.5999999999999,5.0,1,STR0001,REG013,ASC000072,CUST00000027,2026-04-30 10:16:00,SALE,Store,Completed,POS_B,2026-04-30,True
TXN000007141,748.2700000000001,330.7200000000001,6.0,3,STR0014,REG024,ASC000381,CUST00001443,,SALE,Pickup,Completed,POS_A,,True
TXN000007142,1654.67,881.3700000000001,6.0,2,STR0001,REG011,ASC000306,CUST00001452,2026-04-09 05:33:00,SALE,Store,Completed,POS_C,2026-04-09,True
TXN000007143,449.68,172.92000000000002,2.0,1,STR0025,REG001,ASC000055,CUST00000751,2026-04-04 00:17:00,SALE,Pickup,Completed,POS_A,2026-04-04,False
TXN000007145,319.68,14.759999999999991,2.0,1,STR0012,REG004,ASC000092,CUST00000418,,SALE,Pickup,Completed,POS_C,,False
TXN000007149,1975.72,1017.4000000000001,3.0,1,STR0012,REG008,ASC000145,CUST00000874,2026-05-18 15:33:00,SALE,Store,Completed,POS_B,2026-05-18,True
TXN000007152,2291.29,1025.1,10.0,3,STR0007,REG020,ASC000496,,,SALE,Store,Completed,POS_A,,True
TXN000007155,686.67,270.94999999999993,1.0,1,STR0003,REG018,ASC000346,CUST00001032,,SALE,Store,Completed,POS_A,,True
TXN000007156,4160.82,2022.17,7.0,3,STR0022,REG003,ASC000497,CUST00001068,,SALE,Store,Completed,POS_A,,True
TXN000007158,997.52,141.84000000000003,4.0,2,STR0011,REG006,ASC000033,,2026-04-26 21:03:00,SALE,Store,Completed,POS_A,2026-04-26,True
TXN000007159,2161.1000000000004,939.8200000000002,6.0,3,STR0011,REG017,ASC000300,CUST00000280,2026-04-30 15:04:00,SALE,Store,Completed,POS_A,2026-04-30,True
TXN000007160,2443.5299999999997,903.02,10.0,4,STR0015,REG023,ASC000412,CUST00000668,,SALE,Pickup,Completed,POS_B,,True
TXN000007164,392.88,177.44,2.0,1,STR0009,REG027,ASC000246,,,SALE,Store,Completed,POS_A,,False
TXN000007166,2624.3999999999996,1117.1999999999998,6.0,2,STR0006,REG012,ASC000310,,,SALE,Store,Completed,POS_A,,True
TXN000007169,2471.98,773.41,8.0,3,STR0015,REG009,ASC000412,,,SALE,Pickup,Completed,POS_B,,True
TXN000007170,915.4799999999999,437.50999999999993,5.0,2,STR0017,REG002,ASC000164,CUST00001756,2026-04-02 05:37:00,SALE,Store,Completed,POS_B,2026-04-02,True
TXN000007172,357.24,77.80000000000001,4.0,1,STR0013,REG008,ASC000372,CUST00000326,2026-05-15 16:04:00,SALE,Pickup,Completed,POS_A,2026-05-15,False
TXN000007175,1869.8400000000001,907.5,4.0,2,STR0016,REG023,ASC000077,CUST00001175,,SALE,Store,Completed,POS_C,,True
TXN000007178,1019.01,279.61,6.0,3,STR0006,REG009,ASC000191,,2026-04-23 16:41:00,SALE,Store,Completed,POS_B,2026-04-23,True
TXN000007179,1939.83,324.29999999999995,7.0,2,STR0020,REG015,ASC000284,,,SALE,Pickup,Completed,POS_C,,True
TXN000007184,2723.61,1252.33,4.0,3,STR0025,REG027,ASC000230,,,SALE,Store,Completed,POS_C,,True
TXN000007186,1202.2599999999998,305.8999999999998,6.0,2,STR0001,REG004,ASC000041,CUST00000388,2026-05-09 17:46:00,SALE,Store,Completed,POS_B,2026-05-09,True
TXN000007188,92.89999999999999,45.499999999999986,5.0,1,STR0012,REG002,ASC000023,CUST00000149,2026-04-23 06:40:00,SALE,Pickup,Completed,POS_C,2026-04-23,False
TXN000007190,4597.83,2568.09,9.0,4,STR0015,REG012,ASC000059,CUST00000567,,SALE,Pickup,Completed,POS_C,,True
TXN000007193,1681.3500000000001,780.87,5.0,3,STR0006,REG005,ASC000191,CUST00001164,2026-04-30 14:22:00,SALE,Store,Completed,POS_C,2026-04-30,True
TXN000007195,3972.87,1603.4100000000003,12.0,4,STR0023,REG003,ASC000181,CUST00001209,,SALE,Pickup,Completed,POS_A,,True
TXN000007197,58.75,22.42,1.0,1,STR0021,REG012,ASC000234,CUST00000968,,SALE,Store,Completed,POS_C,,False
TXN000007202,271.28,118.47999999999996,1.0,1,STR0023,REG014,ASC000171,CUST00000911,,SALE,Pickup,Completed,POS_B,,False
TXN000007203,4173.05,2182.15,6.0,2,STR0013,REG006,ASC000372,,,SALE,Pickup,Completed,POS_C,,True
TXN000007204,3940.55,2147.75,6.0,2,STR0005,REG017,ASC000229,,,SALE,Pickup,Completed,POS_A,,True
TXN000007206,5201.35,2707.42,10.0,3,STR0011,REG019,ASC000223,CUST00000571,2026-04-30 13:57:00,SALE,Store,Completed,POS_C,2026-04-30,True
TXN000007210,569.62,192.10000000000002,2.0,1,STR0017,REG005,ASC000164,CUST00001284,2026-04-11 23:18:00,SALE,Store,Completed,POS_C,2026-04-11,True
TXN000007212,217.18,113.70000000000002,2.0,2,STR0002,REG006,ASC000304,CUST00000578,,SALE,Store,Completed,POS_A,,False
TXN000007217,695.84,285.72,1.0,1,STR0019,REG009,ASC000292,CUST00001206,,SALE,Store,Completed,POS_B,,True
TXN000007219,2709.07,1303.68,13.0,3,STR0001,REG023,ASC000425,CUST00000186,,SALE,Store,Completed,POS_B,,True
TXN000007220,3184.86,1576.1,10.0,4,STR0019,REG020,ASC000227,CUST00000688,2026-05-08 00:41:00,SALE,Store,Completed,POS_A,2026-05-08,True
TXN000007224,776.26,244.27999999999994,3.0,2,STR0004,REG012,ASC000240,CUST00001731,2026-04-10 00:34:00,SALE,Store,Completed,POS_B,2026-04-10,True
TXN000007225,5107.429999999999,1476.4000000000003,14.0,6,STR0001,REG023,ASC000306,,,SALE,Store,Completed,POS_C,,True
TXN000007226,2652.26,1205.0,4.0,2,STR0015,REG024,ASC000020,,,SALE,Pickup,Completed,POS_A,,True
TXN000007227,2217.76,1032.88,8.0,2,STR0010,REG011,ASC000396,CUST00000937,2026-04-29 12:55:00,SALE,Store,Completed,POS_B,2026-04-29,True
TXN000007228,2805.33,1372.8500000000004,4.0,2,STR0025,REG027,ASC000213,,,SALE,Store,Completed,POS_C,,True
TXN000007229,3842.55,2097.0,7.0,3,STR0022,REG010,ASC000390,CUST00000212,2026-05-15 05:30:00,SALE,Pickup,Completed,POS_C,2026-05-15,True
TXN000007231,891.37,334.20000000000005,5.0,4,STR0020,REG014,ASC000382,,2026-04-06 17:52:00,SALE,Pickup,Completed,POS_A,2026-04-06,True
TXN000007233,421.64,14.71999999999997,2.0,1,STR0001,REG016,ASC000360,CUST00001282,2026-05-01 19:51:00,SALE,Pickup,Completed,POS_A,2026-05-01,False
TXN000007235,4150.06,2152.67,6.0,2,STR0023,REG002,ASC000236,,2026-04-10 10:18:00,SALE,Store,Completed,POS_C,2026-04-10,True
TXN000007236,303.74,164.06,2.0,1,STR0022,REG003,ASC000278,CUST00000308,,SALE,Store,Completed,POS_B,,False
TXN000007238,1830.9,403.61,11.0,3,STR0007,REG021,ASC000079,CUST00001716,,SALE,Store,Completed,POS_C,,True
TXN000007240,758.39,387.76,3.0,3,STR0025,REG016,ASC000174,,2026-04-27 19:08:00,SALE,Store,Completed,POS_A,2026-04-27,True
TXN000007241,1820.31,737.21,9.0,3,STR0008,REG020,ASC000395,CUST00000407,,SALE,Store,Completed,POS_C,,True
TXN000007242,379.14,66.42,6.0,2,STR0021,REG024,ASC000347,CUST00000939,,SALE,Store,Completed,POS_B,,False
TXN000007243,2311.5,889.4999999999999,6.0,3,STR0014,REG017,ASC000066,CUST00000950,2026-05-05 04:30:00,SALE,Pickup,Completed,POS_B,2026-05-05,True
TXN000007246,2942.46,1417.9,5.0,3,STR0009,REG008,ASC000125,CUST00000219,,SALE,Store,Completed,POS_C,,True
TXN000007248,1320.6699999999998,616.6099999999999,9.0,3,STR0021,REG016,ASC000101,CUST00001043,2026-04-28 11:45:00,SALE,Store,Completed,POS_C,2026-04-28,True
TXN000007249,570.14,312.4,1.0,1,STR0015,REG017,ASC000020,CUST00001427,,SALE,Store,Completed,POS_C,,True
TXN000007252,4000.74,1012.6499999999999,15.0,4,STR0002,REG005,ASC000290,,2026-05-10 13:10:00,SALE,Store,Completed,POS_C,2026-05-10,True
TXN000007255,45.75,1.2000000000000028,5.0,1,STR0009,REG027,ASC000126,CUST00001739,,SALE,Store,Completed,POS_A,,False
TXN000007259,3307.16,1357.9900000000002,6.0,3,STR0003,REG025,ASC000082,,2026-04-08 16:23:00,SALE,Store,Completed,POS_B,2026-04-08,True
TXN000007260,2603.8799999999997,1354.31,6.0,3,STR0016,REG025,ASC000007,,2026-05-20 20:36:00,SALE,Store,Completed,POS_C,2026-05-20,True
TXN000007262,3898.92,2074.47,13.0,3,STR0024,REG014,ASC000272,,,SALE,Store,Completed,POS_C,,True
TXN000007265,862.1800000000001,176.55999999999997,4.0,3,STR0007,REG017,ASC000353,CUST00001227,2026-04-26 17:40:00,SALE,Pickup,Completed,POS_C,2026-04-26,True
TXN000007268,938.06,109.93999999999994,2.0,1,STR0017,REG028,ASC000130,,2026-05-25 15:07:00,SALE,Store,Completed,POS_A,2026-05-25,True
TXN000007269,3239.72,1360.46,9.0,5,STR0022,REG002,ASC000419,CUST00000105,,SALE,Store,Completed,POS_C,,True
TXN000007273,942.53,532.75,1.0,1,STR0001,REG020,ASC000035,CUST00001490,,SALE,Pickup,Completed,POS_C,,True
TXN000007274,808.12,326.32,2.0,1,STR0017,REG004,ASC000031,CUST00000936,2026-05-12 18:02:00,SALE,Store,Completed,POS_C,2026-05-12,True
TXN000007275,2644.64,1387.79,7.0,3,STR0002,REG002,ASC000188,,,SALE,Store,Completed,POS_B,,True
TXN000007279,2032.76,936.7199999999999,6.0,2,STR0018,REG006,ASC000461,CUST00001304,2026-05-16 04:38:00,SALE,Store,Completed,POS_C,2026-05-16,True
TXN000007280,596.88,224.81,4.0,3,STR0024,REG010,ASC000169,CUST00000087,2026-05-03 01:36:00,SALE,Store,Completed,POS_C,2026-05-03,True
TXN000007281,1466.35,224.89999999999986,5.0,1,STR0010,REG010,ASC000122,CUST00001352,2026-05-22 17:07:00,SALE,Pickup,Completed,POS_B,2026-05-22,True
TXN000007282,177.1,64.6,1.0,1,STR0023,REG020,ASC000410,CUST00000431,2026-04-22 22:14:00,SALE,Pickup,Completed,POS_B,2026-04-22,False
TXN000007284,4202.83,1767.5099999999998,11.0,4,STR0016,REG022,ASC000182,CUST00001307,,SALE,Store,Completed,POS_A,,True
TXN000007285,1675.0,638.6299999999999,5.0,3,STR0019,REG018,ASC000027,CUST00000515,2026-04-16 07:20:00,SALE,Pickup,Completed,POS_A,2026-04-16,True
TXN000007288,901.62,256.26,3.0,3,STR0019,REG006,ASC000026,,2026-04-17 19:01:00,SALE,Store,Completed,POS_A,2026-04-17,True
TXN000007289,862.97,421.07000000000005,1.0,1,STR0019,REG008,ASC000117,CUST00001740,2026-05-17 20:33:00,SALE,Pickup,Completed,POS_A,2026-05-17,True
TXN000007290,905.9,379.17999999999995,2.0,1,STR0003,REG015,ASC000115,,2026-04-18 23:33:00,SALE,Store,Completed,POS_C,2026-04-18,True
TXN000007291,4621.63,2122.74,18.0,6,STR0016,REG002,ASC000273,CUST00001553,2026-04-18 00:15:00,SALE,Pickup,Completed,POS_A,2026-04-18,True
TXN000007292,79.35,35.48,1.0,1,STR0022,REG027,ASC000390,CUST00000420,2026-04-14 22:23:00,SALE,Store,Completed,POS_A,2026-04-14,False
TXN000007293,489.7,183.49,1.0,1,STR0016,REG005,ASC000404,,,SALE,Store,Completed,POS_A,,False
TXN000007294,742.89,306.27,3.0,1,STR0015,REG028,ASC000415,CUST00001244,2026-05-04 13:05:00,SALE,Store,Completed,POS_C,2026-05-04,True
TXN000007296,2724.5699999999997,934.2399999999998,8.0,3,STR0011,REG020,ASC000367,CUST00000592,2026-04-06 21:24:00,SALE,Store,Completed,POS_C,2026-04-06,True
TXN000007297,1411.26,608.9,2.0,1,STR0003,REG022,ASC000190,,2026-04-21 09:11:00,SALE,Store,Completed,POS_A,2026-04-21,True
TXN000007300,468.3,263.54,1.0,1,STR0007,REG009,ASC000160,,2026-05-16 11:50:00,SALE,Store,Completed,POS_A,2026-05-16,False
TXN000007301,1626.15,706.3,4.0,2,STR0008,REG022,ASC000342,,,SALE,Pickup,Completed,POS_A,,True
TXN000007308,1202.5500000000002,646.84,6.0,3,STR0013,REG009,ASC000163,CUST00001134,2026-04-26 04:03:00,SALE,Store,Completed,POS_A,2026-04-26,True
TXN000007309,160.94,88.39999999999999,2.0,1,STR0025,REG005,ASC000329,,,SALE,Store,Completed,POS_C,,False
TXN000007310,880.52,146.11999999999995,2.0,2,STR0013,REG004,ASC000128,CUST00000560,2026-05-20 06:12:00,SALE,Store,Completed,POS_A,2026-05-20,True
TXN000007314,2198.5299999999997,844.9299999999998,6.0,2,STR0005,REG014,ASC000343,,2026-04-19 01:19:00,SALE,Pickup,Completed,POS_C,2026-04-19,True
TXN000007315,293.69,159.72,2.0,2,STR0003,REG016,ASC000261,,,SALE,Pickup,Completed,POS_C,,False
TXN000007318,3572.27,1396.96,7.0,3,STR0018,REG027,ASC000430,,2026-04-07 20:12:00,SALE,Store,Completed,POS_C,2026-04-07,True
TXN000007319,623.23,229.47999999999996,3.0,2,STR0017,REG012,ASC000389,CUST00001688,2026-05-08 01:55:00,SALE,Store,Completed,POS_B,2026-05-08,True
TXN000007321,2123.42,685.92,5.0,3,STR0013,REG009,ASC000149,CUST00001521,2026-05-26 22:47:00,SALE,Store,Completed,POS_A,2026-05-26,True
TXN000007322,1582.5,566.92,5.0,4,STR0003,REG025,ASC000249,CUST00001256,,SALE,Pickup,Completed,POS_A,,True
TXN000007325,3789.6899999999996,969.3999999999999,8.0,4,STR0003,REG024,ASC000084,,2026-05-20 11:20:00,SALE,Pickup,Completed,POS_A,2026-05-20,True
TXN000007326,4511.11,2467.07,11.0,3,STR0021,REG002,ASC000101,,,SALE,Store,Completed,POS_C,,True
TXN000007327,1072.1100000000001,260.65000000000003,4.0,3,STR0003,REG006,ASC000082,CUST00001379,,SALE,Store,Completed,POS_C,,True
TXN000007328,1253.35,55.47999999999994,6.0,4,STR0021,REG018,ASC000268,CUST00001525,2026-04-27 05:36:00,SALE,Pickup,Completed,POS_A,2026-04-27,True
TXN000007329,104.08,53.47,1.0,1,STR0002,REG017,ASC000025,CUST00000083,,SALE,Store,Completed,POS_C,,False
TXN000007331,1194.94,494.62000000000006,3.0,2,STR0009,REG007,ASC000178,CUST00000449,,SALE,Pickup,Completed,POS_C,,True
TXN000007335,872.32,221.18000000000006,4.0,2,STR0008,REG002,ASC000048,CUST00000424,,SALE,Pickup,Completed,POS_C,,True
TXN000007338,905.8499999999999,282.08,5.0,2,STR0017,REG002,ASC000330,,,SALE,Pickup,Completed,POS_C,,True
TXN000007339,6284.360000000001,1969.0600000000004,14.0,4,STR0019,REG007,ASC000370,CUST00001368,,SALE,Pickup,Completed,POS_C,,True
TXN000007342,3346.34,1322.5200000000002,10.0,3,STR0022,REG023,ASC000248,,,SALE,Pickup,Completed,POS_A,,True
TXN000007343,3265.48,72.88999999999993,10.0,3,STR0001,REG001,ASC000413,CUST00000983,2026-05-27 09:38:00,SALE,Pickup,Completed,POS_B,2026-05-27,True
TXN000007345,4455.56,2179.34,15.0,5,STR0010,REG008,ASC000070,CUST00000329,2026-05-22 00:25:00,SALE,Store,Completed,POS_A,2026-05-22,True
TXN000007346,1812.1800000000003,756.0400000000002,6.0,3,STR_UNKNOWN,REG009,ASC000072,CUST00000662,2026-04-01 19:17:00,SALE,Store,Completed,POS_C,2026-04-01,True
TXN000007347,1933.85,1050.31,11.0,3,STR0005,REG019,ASC000442,,2026-05-16 02:51:00,SALE,Store,Completed,POS_A,2026-05-16,True
TXN000007349,4376.05,2008.3300000000002,12.0,5,STR0009,REG018,ASC000125,CUST00001740,2026-04-27 07:10:00,SALE,Store,Completed,POS_A,2026-04-27,True
TXN000007350,972.03,307.48,10.0,3,STR0018,REG025,ASC000297,,,SALE,Store,Completed,POS_C,,True
TXN000007353,4277.45,2139.33,17.0,5,STR0009,REG010,ASC000485,CUST00001264,,SALE,Store,Completed,POS_C,,True
TXN000007354,3214.61,1100.98,5.0,2,STR0004,REG011,ASC000350,CUST00000282,,SALE,Store,Completed,POS_B,,True
TXN000007356,789.48,365.7900000000001,3.0,1,STR0014,REG009,ASC000241,CUST00001597,2026-04-26 07:09:00,SALE,Store,Completed,POS_A,2026-04-26,True
TXN000007360,352.75,173.08,1.0,1,STR0023,REG023,ASC000236,CUST00000189,,SALE,Store,Completed,POS_C,,False
TXN000007361,3154.8900000000003,1306.8400000000001,9.0,2,STR0017,REG008,ASC000436,CUST00000049,2026-05-29 06:26:00,SALE,Pickup,Completed,POS_B,2026-05-29,True
TXN000007367,3861.0,1787.5800000000002,6.0,3,STR0012,REG014,ASC000194,,,SALE,Store,Completed,POS_B,,True
TXN000007370,1182.28,456.69999999999993,3.0,1,STR0018,REG014,ASC000127,CUST00001476,2026-04-15 21:27:00,SALE,Pickup,Completed,POS_B,2026-04-15,True
TXN000007372,1230.55,584.8699999999999,2.0,2,STR0006,REG014,ASC000076,,2026-05-27 23:31:00,SALE,Store,Completed,POS_B,2026-05-27,True
TXN000007375,1699.36,555.5999999999999,6.0,3,STR0019,REG003,ASC000477,CUST00001366,,SALE,Pickup,Completed,POS_A,,True
TXN000007377,886.48,304.32000000000005,4.0,1,STR0010,REG003,ASC000064,CUST00000782,,SALE,Store,Completed,POS_C,,True
TXN000007378,331.76,133.32999999999998,1.0,1,STR0002,REG006,ASC000483,CUST00001357,,SALE,Store,Completed,POS_B,,False
TXN000007379,1105.92,112.7600000000001,4.0,1,STR0008,REG020,ASC000106,,,SALE,Store,Completed,POS_A,,True
TXN000007383,1868.6,1096.7,3.0,2,STR0011,REG019,ASC000357,CUST00001324,,SALE,Store,Completed,POS_A,,True
TXN000007386,4325.1,2209.9099999999994,7.0,3,STR0016,REG023,ASC000152,CUST00000087,2026-04-07 08:39:00,SALE,Pickup,Completed,POS_B,2026-04-07,True
TXN000007387,40.85,19.040000000000003,1.0,1,STR0003,REG009,ASC000500,CUST00001099,2026-04-23 09:42:00,SALE,Store,Completed,POS_C,2026-04-23,False
TXN000007388,585.66,182.64,3.0,1,STR0009,REG016,ASC000125,CUST00000158,2026-04-22 10:34:00,SALE,Store,Completed,POS_B,2026-04-22,True
TXN000007395,3681.62,1640.8799999999999,13.0,4,STR0004,REG026,ASC000354,CUST00000050,2026-04-12 15:44:00,SALE,Store,Completed,POS_C,2026-04-12,True
TXN000007396,2052.84,-99.97999999999985,6.0,2,STR0018,REG012,ASC000127,CUST00001677,2026-05-30 13:04:00,SALE,Pickup,Completed,POS_C,2026-05-30,True
TXN000007398,823.98,315.20000000000005,2.0,2,STR0024,REG019,ASC000225,CUST00000609,,SALE,Pickup,Completed,POS_B,,True
TXN000007400,461.85,256.96000000000004,5.0,2,STR0003,REG004,ASC000344,CUST00001628,2026-04-09 02:29:00,SALE,Store,Completed,POS_A,2026-04-09,False
TXN000007404,1008.1700000000001,577.19,6.0,2,STR0010,REG014,ASC000196,CUST00001475,,SALE,Pickup,Completed,POS_C,,True
TXN000007410,910.8499999999999,324.32,2.0,2,STR0013,REG014,ASC000435,,2026-04-02 02:42:00,SALE,Pickup,Completed,POS_A,2026-04-02,True
TXN000007413,3171.08,1169.04,8.0,4,STR0007,REG017,ASC000270,CUST00001651,,SALE,Store,Completed,POS_B,,True
TXN000007414,2311.7,286.2800000000001,10.0,3,STR0001,REG021,ASC000467,CUST00000788,,SALE,Store,Completed,POS_B,,True
TXN000007416,498.93,267.70000000000005,1.0,1,STR0002,REG025,ASC000253,CUST00000045,2026-05-18 05:01:00,SALE,Store,Completed,POS_C,2026-05-18,False
TXN000007420,309.9,171.26,1.0,1,STR0016,REG023,ASC000482,,,SALE,Store,Completed,POS_C,,False
TXN000007421,4002.11,1906.4700000000003,12.0,3,STR0008,REG005,ASC000383,CUST00000350,2026-05-29 02:28:00,SALE,Pickup,Completed,POS_C,2026-05-29,True
TXN000007426,4212.48,1177.12,9.0,4,STR0006,REG012,ASC000391,CUST00000539,2026-04-02 13:25:00,SALE,Store,Completed,POS_B,2026-04-02,True
TXN000007429,4016.63,855.3899999999999,13.0,5,STR0001,REG007,ASC000143,CUST00000064,2026-04-11 07:10:00,SALE,Pickup,Completed,POS_C,2026-04-11,True
TXN000007430,1313.43,194.25,5.0,3,STR0006,REG018,ASC000156,,2026-05-21 14:50:00,SALE,Store,Completed,POS_B,2026-05-21,True
TXN000007432,945.06,327.49,7.0,2,STR0007,REG021,ASC000364,,,SALE,Store,Completed,POS_B,,True
TXN000007437,873.28,443.13000000000005,4.0,2,STR0024,REG015,ASC000225,CUST00000283,2026-04-11 14:57:00,SALE,Pickup,Completed,POS_A,2026-04-11,True
TXN000007438,4358.5599999999995,1961.69,7.0,3,STR0004,REG009,ASC000354,,2026-04-16 20:03:00,SALE,Store,Completed,POS_C,2026-04-16,True
TXN000007439,1412.6599999999999,313.03999999999996,3.0,2,STR0017,REG023,ASC000141,CUST00000330,,SALE,Pickup,Completed,POS_C,,True
TXN000007440,3743.86,1304.1100000000001,9.0,4,STR0022,REG013,ASC000499,CUST00000109,2026-05-16 09:55:00,SALE,Pickup,Completed,POS_C,2026-05-16,True
TXN000007441,998.44,549.5,3.0,2,STR0011,REG011,ASC000033,CUST00001119,2026-05-23 13:38:00,SALE,Pickup,Completed,POS_A,2026-05-23,True
TXN000007442,633.91,292.10999999999996,1.0,1,STR0003,REG010,ASC000302,CUST00001462,2026-04-19 08:38:00,SALE,Store,Completed,POS_A,2026-04-19,True
TXN000007443,168.31,75.93,1.0,1,STR0011,REG015,ASC000065,,,SALE,Store,Completed,POS_C,,False
TXN000007444,562.44,139.50000000000006,2.0,1,STR0012,REG007,ASC000023,,2026-05-12 13:27:00,SALE,Store,Completed,POS_C,2026-05-12,True
TXN000007445,718.54,373.78999999999996,3.0,2,STR0010,REG020,ASC000426,,,SALE,Pickup,Completed,POS_B,,True
TXN000007446,1186.27,530.6800000000001,3.0,3,STR0013,REG015,ASC000317,,2026-05-09 18:07:00,SALE,Store,Completed,POS_A,2026-05-09,True
TXN000007447,3612.6499999999996,1449.61,12.0,5,STR0024,REG006,ASC000340,,2026-05-03 18:02:00,SALE,Store,Completed,POS_A,2026-05-03,True
TXN000007448,3374.85,1148.83,7.0,3,STR0019,REG019,ASC000013,CUST00001702,,SALE,Store,Completed,POS_A,,True
TXN000007449,1701.35,704.25,5.0,1,STR0009,REG008,ASC000126,,,SALE,Store,Completed,POS_A,,True
TXN000007451,1668.78,552.3600000000001,4.0,3,STR0012,REG022,ASC000207,CUST00001427,2026-05-24 06:37:00,SALE,Pickup,Completed,POS_A,2026-05-24,True
TXN000007452,919.92,455.71999999999997,4.0,1,STR0010,REG012,ASC000396,,,SALE,Pickup,Completed,POS_B,,True
TXN000007454,1531.14,854.8800000000001,2.0,1,STR0016,REG020,ASC000047,CUST00000120,,SALE,Store,Completed,POS_A,,True
TXN000007455,778.44,416.86000000000007,1.0,1,STR0013,REG012,ASC000327,CUST00000248,,SALE,Pickup,Completed,POS_C,,True
TXN000007456,2715.5499999999997,829.8499999999999,9.0,4,STR0022,REG013,ASC000497,CUST00001529,,SALE,Store,Completed,POS_B,,True
TXN000007459,2450.6,718.38,6.0,5,STR0015,REG008,ASC000431,CUST00001407,,SALE,Store,Completed,POS_C,,True
TXN000007462,91.4,37.480000000000004,2.0,1,STR0009,REG012,ASC000126,,2026-05-01 11:44:00,SALE,Pickup,Completed,POS_C,2026-05-01,False
TXN000007463,583.48,207.27000000000004,3.0,2,STR0018,REG008,ASC000341,,2026-05-16 03:31:00,SALE,Pickup,Completed,POS_A,2026-05-16,True
TXN000007464,3177.56,1511.4699999999998,5.0,3,STR0003,REG004,ASC000355,,,SALE,Pickup,Completed,POS_A,,True
TXN000007466,5016.2,2828.35,5.0,1,STR0012,REG020,ASC000237,CUST00000633,2026-04-26 12:33:00,SALE,Store,Completed,POS_C,2026-04-26,True
TXN000007467,158.94,71.09,1.0,1,STR0003,REG003,ASC000028,CUST00000369,,SALE,Store,Completed,POS_A,,False
TXN000007468,2024.81,968.23,5.0,4,STR0006,REG013,ASC000216,CUST00000770,,SALE,Pickup,Completed,POS_A,,True
TXN000007472,727.46,333.33000000000004,1.0,1,STR0016,REG017,ASC000273,CUST00000306,,SALE,Store,Completed,POS_B,,True
TXN000007473,966.2399999999999,471.8699999999999,7.0,2,STR0002,REG021,ASC000290,,,SALE,Pickup,Completed,POS_A,,True
TXN000007474,1133.96,354.55,5.0,2,STR0009,REG028,ASC000362,CUST00000726,,SALE,Pickup,Completed,POS_B,,True
TXN000007477,3566.62,1194.7299999999998,7.0,3,STR0024,REG014,ASC000337,CUST00001516,2026-05-10 20:27:00,SALE,Store,Completed,POS_C,2026-05-10,True
TXN000007478,2370.5,266.60000000000036,5.0,1,STR0017,REG024,ASC000001,CUST00001687,2026-04-11 17:33:00,SALE,Store,Completed,POS_C,2026-04-11,True
TXN000007480,484.27,261.70000000000005,2.0,2,STR0016,REG003,ASC000378,CUST00001551,2026-05-19 01:17:00,SALE,Pickup,Completed,POS_C,2026-05-19,False
TXN000007485,5041.13,2304.19,11.0,4,STR0024,REG027,ASC000186,CUST00000644,2026-05-20 16:13:00,SALE,Store,Completed,POS_A,2026-05-20,True
TXN000007486,868.08,316.0400000000001,8.0,2,STR0007,REG011,ASC000242,,,SALE,Store,Completed,POS_C,,True
TXN000007487,692.79,296.52,2.0,2,STR0012,REG024,ASC000194,,,SALE,Store,Completed,POS_B,,True
TXN000007489,2944.7999999999997,1586.96,7.0,3,STR0006,REG025,ASC000107,,2026-05-13 20:07:00,SALE,Pickup,Completed,POS_A,2026-05-13,True
TXN000007490,99.82,29.959999999999994,1.0,1,STR0025,REG011,ASC000090,CUST00000764,2026-04-30 02:20:00,SALE,Store,Completed,POS_C,2026-04-30,False
TXN000007493,1014.24,419.52,2.0,1,STR0009,REG020,ASC000126,CUST00000388,,SALE,Store,Completed,POS_C,,True
TXN000007495,1278.8899999999999,459.32,3.0,2,STR0006,REG017,ASC000034,CUST00001315,2026-04-03 00:13:00,SALE,Store,Completed,POS_C,2026-04-03,True
TXN000007496,1009.34,580.6500000000001,1.0,1,STR0024,REG012,ASC000376,CUST00001712,,SALE,Store,Completed,POS_B,,True
TXN000007503,5363.09,2597.12,12.0,4,STR0005,REG021,ASC000473,CUST00000092,,SALE,Pickup,Completed,POS_B,,True
TXN000007505,2147.4900000000002,1143.21,7.0,2,STR0016,REG005,ASC000217,,,SALE,Store,Completed,POS_B,,True
TXN000007506,1585.46,497.0200000000001,3.0,2,STR0004,REG016,ASC000423,CUST00001128,2026-05-02 20:06:00,SALE,Pickup,Completed,POS_C,2026-05-02,True
TXN000007507,6214.96,2738.24,14.0,5,STR0017,REG023,ASC000221,,,SALE,Store,Completed,POS_C,,True
TXN000007514,1934.39,701.5900000000001,4.0,2,STR0003,REG002,ASC000132,,,SALE,Store,Completed,POS_A,,True
TXN000007518,2074.67,715.98,5.0,3,STR0003,REG017,ASC000346,CUST00000446,2026-04-17 07:08:00,SALE,Store,Completed,POS_B,2026-04-17,True
TXN000007520,2075.92,592.9400000000002,11.0,6,STR0016,REG006,ASC000172,,,SALE,Store,Completed,POS_A,,True
TXN000007522,2459.88,487.6500000000001,9.0,4,STR0012,REG024,ASC000313,,2026-05-12 07:52:00,SALE,Store,Completed,POS_B,2026-05-12,True
TXN000007530,877.85,445.13000000000005,2.0,2,STR0012,REG003,ASC000209,CUST00000156,,SALE,Pickup,Completed,POS_A,,True
TXN000007531,2327.1800000000003,1114.26,8.0,3,STR0018,REG017,ASC000491,,,SALE,Store,Completed,POS_C,,True
TXN000007533,113.04,52.00000000000001,1.0,1,STR0005,REG001,ASC000111,CUST00001184,2026-05-27 12:14:00,SALE,Store,Completed,POS_A,2026-05-27,False
TXN000007538,344.75,121.28999999999999,1.0,1,STR0013,REG014,ASC000205,CUST00000346,2026-04-20 23:47:00,SALE,Store,Completed,POS_A,2026-04-20,False
TXN000007539,1660.6399999999999,643.3,6.0,2,STR0018,REG013,ASC000093,,,SALE,Store,Completed,POS_B,,True
TXN000007541,3340.28,1100.48,9.0,3,STR0001,REG006,ASC000456,CUST00000689,,SALE,Store,Completed,POS_C,,True
TXN000007544,2533.0499999999997,602.4999999999998,6.0,3,STR0005,REG007,ASC000111,CUST00001553,2026-04-03 15:51:00,SALE,Store,Completed,POS_A,2026-04-03,True
TXN000007545,320.92,135.60000000000002,1.0,1,STR0014,REG025,ASC000293,,2026-05-16 13:37:00,SALE,Pickup,Completed,POS_B,2026-05-16,False
TXN000007546,3259.42,1327.53,9.0,3,STR0014,REG020,ASC000266,CUST00001309,,SALE,Store,Completed,POS_C,,True
TXN000007548,2597.0499999999997,677.2499999999998,5.0,1,STR0005,REG007,ASC000397,,,SALE,Pickup,Completed,POS_B,,True
TXN000007549,388.11,95.79000000000002,3.0,1,STR0017,REG027,ASC000001,CUST00000934,2026-04-27 22:05:00,SALE,Store,Completed,POS_B,2026-04-27,False
TXN000007551,2041.47,891.9900000000001,5.0,3,STR0023,REG018,ASC000324,,2026-04-21 22:24:00,SALE,Pickup,Completed,POS_C,2026-04-21,True
TXN000007553,2961.2,1567.36,4.0,1,STR0022,REG005,ASC000390,,2026-05-17 03:11:00,SALE,Store,Completed,POS_C,2026-05-17,True
TXN000007556,2466.2999999999997,748.5899999999999,6.0,2,STR0024,REG025,ASC000340,CUST00001330,,SALE,Pickup,Completed,POS_B,,True
TXN000007558,1867.37,911.3599999999999,4.0,3,STR0005,REG003,ASC000044,CUST00001287,2026-04-10 07:13:00,SALE,Store,Completed,POS_A,2026-04-10,True
TXN000007559,996.1199999999999,350.55999999999995,3.0,3,STR0018,REG009,ASC000386,CUST00000870,2026-04-08 13:52:00,SALE,Store,Completed,POS_A,2026-04-08,True
TXN000007563,6799.81,3616.8,11.0,5,STR0014,REG016,ASC000293,CUST00001770,,SALE,Pickup,Completed,POS_B,,True
TXN000007564,1721.22,1008.88,2.0,1,STR0009,REG026,ASC000155,,2026-04-09 03:13:00,SALE,Pickup,Completed,POS_A,2026-04-09,True
TXN000007566,5346.21,1374.25,13.0,5,STR0025,REG009,ASC000206,CUST00001448,,SALE,Pickup,Completed,POS_B,,True
TXN000007577,223.07,65.21000000000001,3.0,2,STR0010,REG017,ASC000150,CUST00000868,2026-05-26 17:07:00,SALE,Pickup,Completed,POS_A,2026-05-26,False
TXN000007583,3276.64,1830.32,4.0,1,STR0015,REG006,ASC000274,CUST00001612,2026-04-09 03:14:00,SALE,Store,Completed,POS_B,2026-04-09,True
TXN000007584,3646.87,1613.8799999999999,10.0,4,STR0014,REG020,ASC000046,CUST00001107,2026-04-10 03:14:00,SALE,Pickup,Completed,POS_A,2026-04-10,True
TXN000007586,2619.2,1201.29,9.0,4,STR0023,REG003,ASC000417,CUST00001569,2026-04-04 03:21:00,SALE,Store,Completed,POS_B,2026-04-04,True
TXN000007587,2232.7799999999997,685.9599999999999,9.0,3,STR0009,REG016,ASC000362,CUST00000013,2026-04-24 23:33:00,SALE,Store,Completed,POS_B,2026-04-24,True
TXN000007588,2850.36,1303.6000000000004,6.0,2,STR0008,REG021,ASC000048,CUST00000618,,SALE,Store,Completed,POS_B,,True
TXN000007592,201.72,63.56999999999999,1.0,1,STR0012,REG028,ASC000095,CUST00000648,,SALE,Pickup,Completed,POS_C,,False
TXN000007594,868.94,240.39000000000007,5.0,3,STR0018,REG008,ASC000476,CUST00001711,2026-04-02 01:57:00,SALE,Store,Completed,POS_B,2026-04-02,True
TXN000007595,3947.43,1942.42,6.0,3,STR0013,REG002,ASC000452,CUST00000286,2026-05-01 01:49:00,SALE,Store,Completed,POS_A,2026-05-01,True
TXN000007596,5043.26,2348.44,9.0,5,STR0023,REG004,ASC000281,CUST00001748,,SALE,Store,Completed,POS_A,,True
TXN000007597,1093.02,581.2200000000001,4.0,2,STR0003,REG010,ASC000421,CUST00000415,2026-04-14 16:07:00,SALE,Store,Completed,POS_B,2026-04-14,True
TXN000007599,5182.71,2748.3599999999997,9.0,2,STR0019,REG007,ASC000292,CUST00000196,,SALE,Store,Completed,POS_C,,True
TXN000007600,1176.68,510.69000000000005,6.0,3,STR0007,REG003,ASC000285,CUST00001151,,SALE,Pickup,Completed,POS_C,,True
TXN000007601,862.5,117.96000000000004,2.0,1,STR0011,REG022,ASC000300,,,SALE,Pickup,Completed,POS_B,,True
TXN000007602,4237.8,1516.15,10.0,2,STR0011,REG009,ASC000459,CUST00001637,2026-04-13 04:20:00,SALE,Store,Completed,POS_C,2026-04-13,True
TXN000007605,570.2,218.80000000000007,4.0,1,STR0009,REG001,ASC000445,,,SALE,Store,Completed,POS_B,,True
TXN000007608,2939.74,1107.78,9.0,4,STR0017,REG025,ASC000309,CUST00001346,,SALE,Store,Completed,POS_A,,True
TXN000007609,201.14,-17.910000000000025,1.0,1,STR0014,REG001,ASC000252,CUST00000079,2026-04-19 22:58:00,SALE,Pickup,Completed,POS_B,2026-04-19,False
TXN000007612,848.1899999999999,432.0999999999999,4.0,2,STR0011,REG017,ASC000136,CUST00000898,2026-04-15 19:09:00,SALE,Pickup,Completed,POS_B,2026-04-15,True
TXN000007616,431.24,68.19999999999999,4.0,1,STR0001,REG028,ASC000472,CUST00000561,,SALE,Pickup,Completed,POS_C,,False
TXN000007618,6220.2,2588.22,12.0,4,STR0007,REG006,ASC000228,CUST00000004,,SALE,Store,Completed,POS_B,,True
TXN000007619,1136.93,442.25999999999993,4.0,2,STR0012,REG016,ASC000214,CUST00001116,2026-05-21 03:17:00,SALE,Store,Completed,POS_B,2026-05-21,True
TXN000007620,1859.42,1022.6299999999999,9.0,2,STR0022,REG017,ASC000419,CUST00000932,,SALE,Store,Completed,POS_A,,True
TXN000007621,991.13,302.86,2.0,2,STR0009,REG020,ASC000058,,,SALE,Pickup,Completed,POS_C,,True
TXN000007637,794.64,323.12,6.0,3,STR0022,REG007,ASC000390,,2026-05-10 23:35:00,SALE,Pickup,Completed,POS_B,2026-05-10,True
TXN000007644,3612.48,1533.37,6.0,4,STR0006,REG021,ASC000151,,,SALE,Store,Completed,POS_C,,True
TXN000007646,1869.59,769.1099999999999,5.0,2,STR0004,REG022,ASC000287,CUST00000857,,SALE,Store,Completed,POS_C,,True
TXN000007647,5782.03,2643.4999999999995,13.0,5,STR0003,REG016,ASC000355,CUST00000614,,SALE,Pickup,Completed,POS_A,,True
TXN000007649,418.0,256.32,4.0,1,STR0020,REG022,ASC000208,CUST00001796,,SALE,Store,Completed,POS_C,,False
TXN000007651,445.58,31.519999999999982,1.0,1,STR0009,REG020,ASC000362,CUST_BAD,,SALE,Store,Completed,POS_A,,False
TXN000007657,1022.88,377.98,9.0,3,STR0017,REG023,ASC000429,,2026-05-22 17:00:00,SALE,Pickup,Completed,POS_B,2026-05-22,True
TXN000007658,3113.59,350.0799999999999,10.0,3,STR0021,REG010,ASC000484,CUST00000236,,SALE,Pickup,Completed,POS_C,,True
TXN000007659,3134.96,1108.0499999999997,7.0,2,STR0004,REG012,ASC000074,,2026-05-13 08:02:00,SALE,Store,Completed,POS_C,2026-05-13,True
TXN000007660,1358.78,708.04,4.0,2,STR0018,REG028,ASC000341,CUST00000657,,SALE,Pickup,Completed,POS_C,,True
TXN000007661,4969.79,2381.88,9.0,3,STR0010,REG005,ASC000426,CUST00000814,2026-05-16 13:21:00,SALE,Pickup,Completed,POS_C,2026-05-16,True
TXN000007662,5288.219999999999,1758.3399999999997,12.0,3,STR0023,REG002,ASC000185,CUST00001659,,SALE,Pickup,Completed,POS_B,,True
TXN000007664,1222.2,684.9000000000001,5.0,1,STR0006,REG016,ASC000050,CUST00000980,,SALE,Store,Completed,POS_B,,True
TXN000007666,1265.91,486.5,3.0,3,STR0007,REG003,ASC000270,CUST00000628,,SALE,Store,Completed,POS_A,,True
TXN000007672,325.03,172.22999999999996,1.0,1,STR0019,REG014,ASC000488,CUST00000489,,SALE,Store,Completed,POS_B,,False
TXN000007675,1125.82,-10.839999999999918,4.0,2,STR0019,REG002,ASC000013,CUST00000134,2026-04-07 11:15:00,SALE,Pickup,Completed,POS_B,2026-04-07,True
TXN000007676,255.31,93.49000000000001,3.0,1,STR0017,REG004,ASC000463,CUST00001292,2026-04-02 00:20:00,SALE,Store,Completed,POS_C,2026-04-02,False
TXN000007678,1719.92,760.6,4.0,1,STR0020,REG013,ASC000284,CUST00001055,,SALE,Store,Completed,POS_B,,True
TXN000007679,2231.34,677.5800000000002,11.0,4,STR0001,REG008,ASC000045,CUST00001200,,SALE,Pickup,Completed,POS_B,,True
TXN000007680,829.48,290.94000000000005,4.0,2,STR0019,REG019,ASC000142,CUST00000890,,SALE,Store,Completed,POS_B,,True
TXN000007682,3557.52,1908.47,8.0,2,STR0021,REG027,ASC000268,CUST00000796,,SALE,Store,Completed,POS_A,,True
TXN000007685,2407.96,928.4800000000001,13.0,4,STR0002,REG001,ASC000290,CUST00000353,2026-04-22 16:34:00,SALE,Store,Completed,POS_A,2026-04-22,True
TXN000007691,2713.26,1064.2000000000003,11.0,4,STR0001,REG022,ASC000475,CUST00001361,2026-04-12 15:57:00,SALE,Pickup,Completed,POS_A,2026-04-12,True
TXN000007693,2735.7400000000002,1579.1800000000003,4.0,2,STR0006,REG028,ASC000034,,2026-04-25 17:37:00,SALE,Store,Completed,POS_A,2026-04-25,True
TXN000007694,755.48,318.16,4.0,1,STR0020,REG009,ASC000040,CUST00000541,2026-05-31 20:50:00,SALE,Store,Completed,POS_B,2026-05-31,True
TXN000007695,2696.5,693.5500000000002,7.0,2,STR0001,REG019,ASC000254,CUST00001625,,SALE,Store,Completed,POS_A,,True
TXN000007696,312.65,-15.600000000000023,5.0,1,STR0024,REG024,ASC000376,CUST00000236,2026-04-08 14:05:00,SALE,Pickup,Completed,POS_C,2026-04-08,False
TXN000007697,2770.3,1301.2400000000002,10.0,4,STR0011,REG012,ASC000223,CUST00000096,,SALE,Store,Completed,POS_B,,True
TXN000007703,2473.63,1119.4,9.0,4,STR0014,REG010,ASC000293,CUST00001298,2026-04-25 10:27:00,SALE,Pickup,Completed,POS_C,2026-04-25,True
TXN000007704,729.4,359.45,1.0,1,STR0002,REG011,ASC000011,CUST00001279,,SALE,Pickup,Completed,POS_B,,True
TXN000007708,4555.75,2320.4,11.0,4,STR0009,REG028,ASC000445,CUST00001605,2026-04-02 03:38:00,SALE,Store,Completed,POS_B,2026-04-02,True
TXN000007709,2433.99,1422.38,5.0,2,STR0020,REG010,ASC000040,CUST00001543,2026-05-04 17:42:00,SALE,Pickup,Completed,POS_B,2026-05-04,True
TXN000007711,1105.2,525.2,2.0,2,STR0005,REG026,ASC000334,CUST00001221,,SALE,Pickup,Completed,POS_A,,True
TXN000007713,1419.32,704.8399999999999,4.0,1,STR0010,REG014,ASC000368,CUST00000789,2026-05-17 20:49:00,SALE,Pickup,Completed,POS_A,2026-05-17,True
TXN000007714,536.53,185.02999999999997,1.0,1,STR0021,REG016,ASC000347,CUST00001189,,SALE,Pickup,Completed,POS_C,,True
TXN000007715,1691.08,528.8499999999999,9.0,5,STR0007,REG012,ASC000118,,2026-05-19 23:53:00,SALE,Store,Completed,POS_A,2026-05-19,True
TXN000007716,257.90999999999997,56.66,3.0,2,STR0010,REG007,ASC000122,CUST00000399,,SALE,Store,Completed,POS_B,,False
TXN000007717,2964.14,1249.8799999999999,6.0,2,STR0018,REG028,ASC000461,CUST00000538,,SALE,Pickup,Completed,POS_A,,True
TXN000007720,6803.32,2451.9500000000003,16.0,4,STR0023,REG012,ASC000060,CUST00001500,,SALE,Store,Completed,POS_C,,True
TXN000007727,4868.7,1439.5899999999997,14.0,5,STR0016,REG027,ASC000172,,,SALE,Store,Completed,POS_A,,True
TXN000007728,5878.39,3243.1,13.0,4,STR0016,REG013,ASC000482,CUST00000587,,SALE,Store,Completed,POS_C,,True
TXN000007729,1379.67,470.61,11.0,4,STR0002,REG024,ASC000483,,2026-05-24 07:32:00,SALE,Pickup,Completed,POS_C,2026-05-24,True
TXN000007730,904.44,346.53000000000003,6.0,2,STR0012,REG023,ASC000333,CUST00001515,,SALE,Store,Completed,POS_A,,True
TXN000007732,451.99,90.07999999999996,3.0,2,STR0022,REG008,ASC000219,,2026-05-04 05:09:00,SALE,Store,Completed,POS_C,2026-05-04,False
TXN000007735,2252.09,1163.6499999999999,4.0,3,STR0011,REG004,ASC000049,CUST00001219,,SALE,Pickup,Completed,POS_B,,True
TXN000007741,3024.3199999999997,938.0799999999998,8.0,2,STR0011,REG001,ASC000300,CUST00001126,,SALE,Store,Completed,POS_B,,True
TXN000007742,3651.27,2032.62,11.0,5,STR0010,REG011,ASC000368,CUST00000001,2026-04-10 12:05:00,SALE,Pickup,Completed,POS_B,2026-04-10,True
TXN000007743,1431.9,695.1,10.0,3,STR0014,REG017,ASC000046,CUST00000547,2026-04-07 19:47:00,SALE,Pickup,Completed,POS_A,2026-04-07,True
TXN000007744,5608.43,1557.6399999999996,13.0,4,STR0015,REG006,ASC000212,CUST00001153,,SALE,Store,Completed,POS_B,,True
TXN000007746,369.9,101.21999999999997,2.0,1,STR0009,REG014,ASC000258,CUST00001735,2026-05-24 06:00:00,SALE,Store,Completed,POS_A,2026-05-24,False
TXN000007747,744.94,373.51,6.0,2,STR0013,REG004,ASC000224,CUST00000303,2026-04-30 07:04:00,SALE,Store,Completed,POS_C,2026-04-30,True
TXN000007748,4498.35,2093.31,10.0,4,STR0025,REG023,ASC000206,CUST00000154,,SALE,Store,Completed,POS_A,,True
TXN000007749,5550.78,1987.87,12.0,5,STR0011,REG024,ASC000138,CUST00001120,,SALE,Pickup,Completed,POS_A,,True
TXN000007750,1846.3500000000001,988.2,7.0,2,STR0014,REG006,ASC000381,,2026-05-21 12:54:00,SALE,Store,Completed,POS_A,2026-05-21,True
TXN000007751,1254.35,685.02,2.0,2,STR0021,REG010,ASC000489,CUST00000862,,SALE,Store,Completed,POS_B,,True
TXN000007753,92.46,23.979999999999997,2.0,2,STR0015,REG001,ASC000003,CUST00001579,2026-05-18 03:17:00,SALE,Pickup,Completed,POS_A,2026-05-18,False
TXN000007754,3374.39,1738.4099999999999,7.0,3,STR0012,REG002,ASC000116,CUST00001501,,SALE,Store,Completed,POS_C,,True
TXN000007760,2476.31,893.53,12.0,4,STR0020,REG002,ASC000183,,2026-05-09 21:33:00,SALE,Pickup,Completed,POS_B,2026-05-09,True
TXN000007761,2373.99,1052.79,9.0,4,STR0007,REG006,ASC000198,,2026-04-27 21:08:00,SALE,Store,Completed,POS_B,2026-04-27,True
TXN000007766,244.44,136.98000000000002,1.0,1,STR0009,REG013,ASC000362,CUST00000908,2026-04-10 09:55:00,SALE,Store,Completed,POS_C,2026-04-10,False
TXN000007767,3317.1600000000003,1973.94,5.0,3,STR0013,REG012,ASC000224,CUST00000563,2026-04-28 22:27:00,SALE,Pickup,Completed,POS_A,2026-04-28,True
TXN000007768,5555.76,2402.83,15.0,5,STR0021,REG025,ASC000347,CUST00000455,,SALE,Store,Completed,POS_A,,True
TXN000007772,953.02,185.00999999999993,4.0,3,STR0023,REG005,ASC000363,CUST00000701,,SALE,Pickup,Completed,POS_C,,True
TXN000007773,1498.35,492.2399999999999,3.0,1,STR0004,REG021,ASC000423,CUST00001770,,SALE,Pickup,Completed,POS_C,,True
TXN000007774,1515.4,634.1300000000001,3.0,2,STR0017,REG006,ASC000235,CUST00001494,2026-05-30 20:46:00,SALE,Store,Completed,POS_A,2026-05-30,True
TXN000007775,694.86,-7.230000000000018,3.0,2,STR0002,REG026,ASC000114,CUST00001446,2026-05-15 18:47:00,SALE,Pickup,Completed,POS_C,2026-05-15,True
TXN000007776,1344.95,357.59000000000003,6.0,3,STR0018,REG020,ASC000401,CUST00001706,,SALE,Store,Completed,POS_C,,True
TXN000007777,1934.91,478.48,9.0,4,STR0022,REG025,ASC000390,CUST00000694,,SALE,Pickup,Completed,POS_A,,True
TXN000007782,1501.32,482.91999999999996,8.0,4,STR0025,REG007,ASC000016,CUST00001704,2026-05-02 06:47:00,SALE,Pickup,Completed,POS_C,2026-05-02,True
TXN000007783,4860.030000000001,2777.36,7.0,3,STR0021,REG016,ASC000101,CUST00001183,2026-05-16 13:52:00,SALE,Pickup,Completed,POS_C,2026-05-16,True
TXN000007785,506.59,307.01,1.0,1,STR0010,REG006,ASC000064,CUST00001374,,SALE,Store,Completed,POS_B,,True
TXN000007788,4564.36,984.0099999999999,13.0,4,STR0013,REG023,ASC000422,CUST00000750,,SALE,Store,Completed,POS_A,,True
TXN000007789,2172.71,1134.1399999999999,8.0,4,STR0023,REG007,ASC000032,CUST00001434,2026-04-23 17:30:00,SALE,Pickup,Completed,POS_A,2026-04-23,True
TXN000007790,119.61,42.760000000000005,1.0,1,STR0001,REG028,ASC000231,CUST00000814,,SALE,Pickup,Completed,POS_A,,False
TXN000007791,1336.7400000000002,714.1500000000001,8.0,3,STR0021,REG004,ASC000489,CUST00001030,,SALE,Store,Completed,POS_A,,True
TXN000007794,1936.16,985.3400000000001,3.0,2,STR0006,REG027,ASC000391,CUST00000082,2026-05-11 12:13:00,SALE,Pickup,Completed,POS_A,2026-05-11,True
TXN000007795,214.38,27.980000000000004,6.0,2,STR0016,REG018,ASC000182,,2026-05-20 12:34:00,SALE,Store,Completed,POS_C,2026-05-20,False
TXN000007796,1670.25,852.27,5.0,4,STR0012,REG010,ASC000244,CUST00000696,2026-05-12 12:01:00,SALE,Pickup,Completed,POS_B,2026-05-12,True
TXN000007798,79.26,-1.9299999999999926,1.0,1,STR0004,REG021,ASC000074,CUST00001104,2026-05-31 01:35:00,SALE,Store,Completed,POS_B,2026-05-31,False
TXN000007799,5651.24,2742.43,11.0,4,STR0021,REG008,ASC000336,CUST00001231,2026-04-10 17:34:00,SALE,Pickup,Completed,POS_B,2026-04-10,True
TXN000007800,764.2,448.21000000000004,3.0,1,STR0013,REG001,ASC000215,CUST00000338,,SALE,Store,Completed,POS_C,,True
TXN000007802,579.18,323.76,1.0,1,STR0006,REG014,ASC000391,CUST00000082,,SALE,Store,Completed,POS_C,,True
TXN000007804,369.9,185.68,3.0,2,STR0007,REG005,ASC000364,CUST00001778,,SALE,Store,Completed,POS_B,,False
TXN000007806,730.1899999999999,391.77,2.0,2,STR0022,REG005,ASC000486,CUST00000716,,SALE,Store,Completed,POS_C,,True
TXN000007807,5224.92,1802.1700000000003,10.0,4,STR0020,REG025,ASC000295,,,SALE,Pickup,Completed,POS_B,,True
TXN000007809,1253.55,718.2,5.0,1,STR0003,REG013,ASC000261,CUST00000563,,SALE,Pickup,Completed,POS_B,,True
TXN000007812,6667.5,3441.3500000000004,10.0,2,STR0009,REG013,ASC000125,,,SALE,Pickup,Completed,POS_B,,True
TXN000007813,1475.52,470.12,4.0,2,STR0012,REG025,ASC000237,CUST00000412,,SALE,Store,Completed,POS_A,,True
TXN000007815,1926.53,805.7199999999999,5.0,3,STR0020,REG024,ASC000211,,2026-05-02 06:27:00,SALE,Store,Completed,POS_A,2026-05-02,True
TXN000007817,975.07,502.9100000000001,2.0,2,STR0019,REG023,ASC000292,CUST00001190,,SALE,Pickup,Completed,POS_C,,True
TXN000007819,1470.1799999999998,726.43,9.0,3,STR0019,REG002,ASC000477,CUST00000835,,SALE,Store,Completed,POS_A,,True
TXN000007820,3439.2400000000002,900.8600000000002,9.0,3,STR0008,REG014,ASC000048,CUST00001051,,SALE,Store,Completed,POS_A,,True
TXN000007821,3207.48,1291.27,6.0,4,STR0011,REG001,ASC000325,CUST00000257,2026-05-25 15:01:00,SALE,Pickup,Completed,POS_A,2026-05-25,True
TXN000007822,550.0,117.54000000000005,2.0,2,STR0002,REG004,ASC000290,CUST00001179,,SALE,Pickup,Completed,POS_B,,True
TXN000007827,1581.36,779.5999999999999,4.0,1,STR0015,REG002,ASC000274,,2026-05-10 01:15:00,SALE,Pickup,Completed,POS_C,2026-05-10,True
TXN000007831,1077.7,443.68999999999994,7.0,3,STR0006,REG026,ASC000294,,2026-04-16 19:46:00,SALE,Store,Completed,POS_B,2026-04-16,True
TXN000007832,647.89,341.71,1.0,1,STR0023,REG015,ASC000410,CUST00000070,2026-05-06 09:35:00,SALE,Store,Completed,POS_A,2026-05-06,True
TXN000007834,4810.76,1643.3300000000002,12.0,5,STR0015,REG011,ASC000059,CUST00000444,2026-05-15 15:01:00,SALE,Store,Completed,POS_B,2026-05-15,True
TXN000007835,3972.48,2002.34,8.0,4,STR0013,REG021,ASC000205,CUST00001493,2026-05-09 04:35:00,SALE,Pickup,Completed,POS_C,2026-05-09,True
TXN000007836,250.67,86.45999999999998,1.0,1,STR0010,REG009,ASC000064,CUST00000658,,SALE,Store,Completed,POS_A,,False
TXN000007841,3873.09,1804.8500000000004,13.0,5,STR0017,REG015,ASC000389,CUST00000347,,SALE,Store,Completed,POS_B,,True
TXN000007842,1334.6299999999999,699.9099999999997,10.0,3,STR0006,REG025,ASC000256,,,SALE,Store,Completed,POS_C,,True
TXN000007843,441.78,119.53999999999996,2.0,1,STR0015,REG015,ASC000054,CUST00000781,,SALE,Store,Completed,POS_B,,False
TXN000007845,460.96,228.85999999999999,2.0,1,STR0018,REG013,ASC000491,CUST00000977,2026-05-07 15:09:00,SALE,Store,Completed,POS_B,2026-05-07,False
TXN000007846,325.52,30.099999999999966,1.0,1,STR0015,REG016,ASC000121,CUST00000218,,SALE,Pickup,Completed,POS_A,,False
TXN000007850,766.98,264.33,3.0,1,STR0018,REG007,ASC000491,CUST00000424,2026-04-16 16:43:00,SALE,Store,Completed,POS_B,2026-04-16,True
TXN000007851,4674.12,1803.54,10.0,3,STR0006,REG027,ASC000391,,,SALE,Store,Completed,POS_C,,True
TXN000007854,613.54,191.83999999999997,3.0,2,STR0005,REG006,ASC000473,,,SALE,Pickup,Completed,POS_B,,True
TXN000007856,4232.6,1494.0000000000002,9.0,3,STR0022,REG009,ASC000390,CUST00001776,,SALE,Store,Completed,POS_C,,True
TXN000007857,1315.3799999999999,598.0799999999999,3.0,1,STR0025,REG015,ASC000213,,2026-05-07 09:24:00,SALE,Pickup,Completed,POS_B,2026-05-07,True
TXN000007859,22.87,12.090000000000002,1.0,1,STR0015,REG019,ASC000059,CUST00001038,,SALE,Store,Completed,POS_B,,False
TXN000007860,1640.6999999999998,1640.6999999999998,5.0,1,STR0004,REG007,ASC000240,CUST00000339,,SALE,Store,Completed,POS_A,,True
TXN000007861,1683.53,484.3500000000001,8.0,2,STR0016,REG001,ASC000283,,,SALE,Store,Completed,POS_C,,True
TXN000007862,835.08,97.58000000000004,2.0,1,STR0006,REG015,ASC000034,CUST00000973,,SALE,Pickup,Completed,POS_A,,True
TXN000007864,77.49,10.920000000000002,1.0,1,STR0023,REG023,ASC000018,CUST00000447,,SALE,Store,Completed,POS_C,,False
TXN000007865,2179.2200000000003,981.1800000000001,4.0,3,STR0014,REG008,ASC000384,CUST00000371,,SALE,Store,Completed,POS_A,,True
TXN000007867,251.6,46.66,2.0,1,STR0005,REG002,ASC000334,CUST00000044,,SALE,Store,Completed,POS_C,,False
TXN000007868,2495.99,792.5599999999998,10.0,3,STR0008,REG017,ASC000179,CUST00001752,,SALE,Store,Completed,POS_A,,True
TXN000007869,1537.3300000000002,233.21000000000018,7.0,3,STR0023,REG013,ASC000171,CUST00001782,,SALE,Pickup,Completed,POS_A,,True
TXN000007871,5869.72,2172.4500000000003,14.0,5,STR0003,REG016,ASC000405,CUST00001467,2026-04-04 05:00:00,SALE,Store,Completed,POS_A,2026-04-04,True
TXN000007873,3905.5,2161.41,9.0,4,STR0019,REG027,ASC000117,CUST00000580,,SALE,Store,Completed,POS_C,,True
TXN000007874,2054.5499999999997,788.2499999999999,6.0,4,STR_UNKNOWN,REG027,ASC000258,,2026-04-22 16:39:00,SALE,Pickup,Completed,POS_B,2026-04-22,True
TXN000007876,802.02,275.29999999999995,2.0,1,STR0005,REG025,ASC000086,CUST00001582,,SALE,Pickup,Completed,POS_A,,True
TXN000007877,4715.8,2753.8,5.0,1,STR0003,REG026,ASC000344,CUST00001776,2026-05-15 04:57:00,SALE,Store,Completed,POS_C,2026-05-15,True
TXN000007879,1723.0,673.3900000000001,11.0,4,STR0003,REG001,ASC000082,,,SALE,Store,Completed,POS_C,,True
TXN000007880,2069.3,988.03,5.0,3,STR0010,REG012,ASC000396,CUST00001737,,SALE,Pickup,Completed,POS_C,,True
TXN000007883,3894.63,1728.1100000000004,12.0,4,STR0014,REG028,ASC000066,CUST00001551,2026-04-13 22:41:00,SALE,Pickup,Completed,POS_A,2026-04-13,True
TXN000007885,1660.24,671.04,4.0,2,STR0005,REG012,ASC000044,CUST00000347,2026-04-15 22:35:00,SALE,Store,Completed,POS_C,2026-04-15,True
TXN000007887,175.94,87.62,1.0,1,STR0024,REG012,ASC000441,CUST00001241,2026-04-05 02:00:00,SALE,Store,Completed,POS_A,2026-04-05,False
TXN000007889,2203.27,1213.79,5.0,2,STR0004,REG023,ASC000062,CUST00001191,2026-05-18 11:28:00,SALE,Store,Completed,POS_B,2026-05-18,True
TXN000007892,2228.3,1244.3300000000002,5.0,2,STR0020,REG027,ASC000282,CUST00001670,,SALE,Pickup,Completed,POS_B,,True
TXN000007895,335.12,185.02,1.0,1,STR0008,REG003,ASC000321,,2026-04-02 23:03:00,SALE,Store,Completed,POS_A,2026-04-02,False
TXN000007896,3303.4199999999996,1852.1999999999996,7.0,2,STR0004,REG013,ASC000471,CUST00000748,2026-05-17 22:27:00,SALE,Store,Completed,POS_B,2026-05-17,True
TXN000007898,2874.35,1337.01,7.0,4,STR0021,REG003,ASC000347,CUST00001652,,SALE,Store,Completed,POS_C,,True
TXN000007900,1678.6000000000001,456.0800000000001,5.0,3,STR0009,REG012,ASC000125,CUST00001765,,SALE,Store,Completed,POS_B,,True
TXN000007902,5793.360000000001,2871.1900000000005,10.0,3,STR0009,REG028,ASC000167,CUST00001346,2026-05-16 02:27:00,SALE,Store,Completed,POS_A,2026-05-16,True
TXN000007906,1160.33,533.45,3.0,2,STR0008,REG007,ASC000176,CUST00001100,2026-05-03 06:37:00,SALE,Store,Completed,POS_A,2026-05-03,True
TXN000007907,4606.34,2315.21,9.0,4,STR0002,REG022,ASC000269,CUST00000447,,SALE,Store,Completed,POS_C,,True
TXN000007908,500.5,298.6,2.0,1,STR0014,REG024,ASC000411,CUST00001260,,SALE,Store,Completed,POS_B,,True
TXN000007909,1771.5300000000002,934.5200000000001,4.0,2,STR0011,REG021,ASC000459,,2026-05-11 10:28:00,SALE,Pickup,Completed,POS_C,2026-05-11,True
TXN000007910,699.37,289.62999999999994,3.0,3,STR0011,REG010,ASC000314,CUST00001011,2026-04-18 16:12:00,SALE,Store,Completed,POS_A,2026-04-18,True
TXN000007913,292.76,140.16,1.0,1,STR0020,REG012,ASC000137,CUST00001605,2026-05-10 00:17:00,SALE,Store,Completed,POS_C,2026-05-10,False
TXN000007918,7088.87,3602.8099999999995,15.0,5,STR0008,REG003,ASC000455,CUST00000127,,SALE,Store,Completed,POS_C,,True
TXN000007919,1445.16,576.7000000000002,8.0,2,STR0019,REG028,ASC000370,CUST00000888,2026-04-02 11:04:00,SALE,Pickup,Completed,POS_B,2026-04-02,True
TXN000007922,4083.89,2024.8799999999999,6.0,3,STR0004,REG022,ASC000240,CUST00001648,,SALE,Store,Completed,POS_A,,True
TXN000007924,2288.24,1021.2599999999998,4.0,2,STR0016,REG024,ASC000182,CUST00000091,,SALE,Store,Completed,POS_A,,True
TXN000007930,6771.360000000001,2681.52,11.0,3,STR0021,REG011,ASC000326,CUST00001002,2026-05-18 16:36:00,SALE,Pickup,Completed,POS_B,2026-05-18,True
TXN000007932,1637.82,504.4599999999999,3.0,2,STR0018,REG010,ASC000470,,,SALE,Store,Completed,POS_C,,True
TXN000007935,241.14,108.78999999999999,1.0,1,STR0024,REG022,ASC000373,,2026-05-05 14:22:00,SALE,Store,Completed,POS_A,2026-05-05,False
TXN000007936,2497.04,1072.13,10.0,4,STR0010,REG027,ASC000328,,2026-05-29 07:32:00,SALE,Store,Completed,POS_C,2026-05-29,True
TXN000007937,4606.41,2312.19,8.0,3,STR0023,REG021,ASC000181,CUST00000977,,SALE,Store,Completed,POS_C,,True
TXN000007939,1377.3,664.7499999999999,4.0,3,STR0002,REG009,ASC000304,CUST00000041,2026-05-31 12:14:00,SALE,Store,Completed,POS_C,2026-05-31,True
TXN000007941,1188.77,662.1300000000001,2.0,2,STR0018,REG010,ASC000379,CUST00001766,,SALE,Store,Completed,POS_A,,True
TXN000007942,3739.88,1573.04,11.0,5,STR0015,REG021,ASC000054,CUST00000662,,SALE,Store,Completed,POS_C,,True
TXN000007943,556.52,258.14,1.0,1,STR0004,REG025,ASC000275,,,SALE,Store,Completed,POS_C,,True
TXN000007944,2239.52,63.320000000000164,6.0,2,STR0004,REG007,ASC000354,CUST00000370,2026-05-18 23:21:00,SALE,Pickup,Completed,POS_A,2026-05-18,True
TXN000007951,2309.33,623.1500000000001,6.0,3,STR0022,REG020,ASC000248,CUST00000936,2026-05-20 10:14:00,SALE,Pickup,Completed,POS_B,2026-05-20,True
TXN000007952,2063.83,657.5999999999999,5.0,2,STR0002,REG017,ASC000025,,2026-04-22 06:59:00,SALE,Pickup,Completed,POS_B,2026-04-22,True
TXN000007957,3163.7400000000002,730.3199999999999,10.0,3,STR0016,REG017,ASC000273,CUST00001086,2026-05-12 12:23:00,SALE,Store,Completed,POS_A,2026-05-12,True
TXN000007958,4136.5199999999995,2064.44,9.0,4,STR0007,REG020,ASC000239,CUST00000907,,SALE,Pickup,Completed,POS_B,,True
TXN000007959,658.28,244.83000000000004,5.0,3,STR0021,REG011,ASC000210,CUST00000440,,SALE,Store,Completed,POS_A,,True
TXN000007961,1612.25,715.9200000000001,6.0,3,STR0025,REG023,ASC000420,CUST00000944,2026-05-18 17:26:00,SALE,Store,Completed,POS_C,2026-05-18,True
TXN000007962,760.14,312.76,1.0,1,STR0002,REG024,ASC000301,CUST00000664,,SALE,Store,Completed,POS_B,,True
TXN000007963,2643.08,1229.41,4.0,3,STR0013,REG008,ASC000372,CUST00001585,2026-05-30 01:10:00,SALE,Pickup,Completed,POS_C,2026-05-30,True
TXN000007966,1245.64,149.0,4.0,1,STR0024,REG022,ASC000289,CUST00001618,2026-05-17 00:29:00,SALE,Pickup,Completed,POS_C,2026-05-17,True
TXN000007973,445.98,122.98000000000002,2.0,1,STR0007,REG014,ASC000242,,2026-05-25 22:16:00,SALE,Store,Completed,POS_C,2026-05-25,False
TXN000007978,4494.42,2216.75,6.0,2,STR0011,REG001,ASC000325,CUST00000961,2026-05-20 11:19:00,SALE,Store,Completed,POS_B,2026-05-20,True
TXN000007980,649.84,320.48,1.0,1,STR0018,REG010,ASC000427,CUST00001534,,SALE,Store,Completed,POS_A,,True
TXN000007981,1878.53,756.8400000000001,7.0,5,STR0007,REG024,ASC000353,CUST00001765,,SALE,Store,Completed,POS_B,,True
TXN000007982,6465.31,3987.590000000001,10.0,3,STR0023,REG021,ASC000203,,2026-04-30 11:42:00,SALE,Pickup,Completed,POS_A,2026-04-30,True
TXN000007983,4822.849999999999,1752.1599999999999,9.0,4,STR0014,REG018,ASC000066,CUST00000090,,SALE,Pickup,Completed,POS_A,,True
TXN000007985,1226.58,518.67,4.0,3,STR0009,REG017,ASC000349,CUST00000195,2026-05-15 16:08:00,SALE,Store,Completed,POS_A,2026-05-15,True
TXN000007986,3706.17,1831.1000000000001,6.0,3,STR0010,REG014,ASC000396,,2026-05-31 16:12:00,SALE,Pickup,Completed,POS_B,2026-05-31,True
TXN000007988,2560.72,811.3999999999999,4.0,1,STR0014,REG023,ASC000385,CUST00000016,2026-04-08 05:07:00,SALE,Store,Completed,POS_B,2026-04-08,True
TXN000007989,67.0,27.72,2.0,1,STR0006,REG009,ASC000256,CUST00001247,,SALE,Store,Completed,POS_B,,False
TXN000007991,1631.9,744.4000000000001,5.0,1,STR0016,REG005,ASC000315,CUST00001226,,SALE,Store,Completed,POS_B,,True
TXN000007994,3310.88,1807.0100000000002,7.0,3,STR0009,REG024,ASC000058,CUST00000819,,SALE,Store,Completed,POS_B,,True
TXN000008000,2551.88,793.6400000000001,7.0,2,STR0024,REG003,ASC000441,CUST00000749,,SALE,Pickup,Completed,POS_B,,True
TXN000008002,4769.38,1989.17,16.0,5,STR0009,REG027,ASC000258,CUST00000258,,SALE,Store,Completed,POS_A,,True
TXN000008003,4950.75,1773.0299999999997,11.0,5,STR0003,REG004,ASC000481,CUST00000933,,SALE,Store,Completed,POS_C,,True
TXN000008004,969.76,483.80999999999995,3.0,3,STR0024,REG018,ASC000169,CUST00000140,,SALE,Store,Completed,POS_B,,True
TXN000008005,3806.5800000000004,1384.3200000000002,7.0,2,STR0010,REG005,ASC000104,,2026-04-09 17:42:00,SALE,Store,Completed,POS_A,2026-04-09,True
TXN000008007,997.11,601.86,1.0,1,STR0025,REG005,ASC000016,CUST00000477,,SALE,Pickup,Completed,POS_B,,True
TXN000008009,1001.11,605.86,1.0,1,STR0004,REG016,ASC000275,CUST00001045,2026-05-28 03:55:00,SALE,Store,Completed,POS_A,2026-05-28,True
TXN000008010,6091.2300000000005,3524.88,9.0,3,STR0009,REG025,ASC000362,CUST00001027,,SALE,Store,Completed,POS_C,,True
TXN000008011,2573.61,488.18000000000006,7.0,4,STR0008,REG003,ASC000103,,2026-05-24 20:47:00,SALE,Store,Completed,POS_A,2026-05-24,True
TXN000008014,2325.7,1075.93,8.0,4,STR0025,REG004,ASC000352,CUST00001199,2026-05-16 06:34:00,SALE,Store,Completed,POS_C,2026-05-16,True
TXN000008017,4563.2300000000005,1674.77,11.0,5,STR0018,REG022,ASC000157,CUST00000723,2026-04-03 23:32:00,SALE,Store,Completed,POS_B,2026-04-03,True
TXN000008020,484.54,139.27000000000004,3.0,1,STR0011,REG007,ASC000049,,2026-04-02 03:39:00,SALE,Pickup,Completed,POS_C,2026-04-02,False
TXN000008021,555.54,7.219999999999914,2.0,1,STR0008,REG017,ASC000321,CUST00000944,2026-05-15 15:32:00,SALE,Pickup,Completed,POS_B,2026-05-15,True
TXN000008022,235.6,75.55,6.0,2,STR0010,REG020,ASC000414,,,SALE,Store,Completed,POS_C,,False
TXN000008026,569.55,16.48999999999998,3.0,2,STR0016,REG013,ASC000267,CUST00001605,2026-05-08 05:07:00,SALE,Store,Completed,POS_A,2026-05-08,True
TXN000008028,1273.1599999999999,468.3299999999999,7.0,3,STR0021,REG016,ASC000101,CUST00001458,2026-04-08 20:54:00,SALE,Store,Completed,POS_A,2026-04-08,True
TXN000008029,21.81,4.059999999999999,1.0,1,STR0024,REG011,ASC000337,CUST00001731,,SALE,Store,Completed,POS_C,,False
TXN000008032,373.55,88.5,5.0,1,STR0023,REG024,ASC000181,CUST00001619,2026-05-11 23:39:00,SALE,Pickup,Completed,POS_C,2026-05-11,False
TXN000008034,613.8299999999999,296.21,3.0,2,STR0003,REG019,ASC000233,CUST00000471,2026-05-07 04:31:00,SALE,Store,Completed,POS_B,2026-05-07,True
TXN000008035,166.12,58.28,4.0,1,STR0006,REG016,ASC000052,,2026-05-31 08:15:00,SALE,Pickup,Completed,POS_A,2026-05-31,False
TXN000008037,169.55,90.35,3.0,2,STR0002,REG028,ASC000320,CUST00000657,,SALE,Store,Completed,POS_A,,False
TXN000008038,2633.25,789.8399999999999,7.0,4,STR0014,REG018,ASC000498,CUST00001781,2026-04-24 17:30:00,SALE,Store,Completed,POS_B,2026-04-24,True
TXN000008039,1576.48,334.74,4.0,2,STR0007,REG003,ASC000198,,2026-05-29 03:57:00,SALE,Pickup,Completed,POS_A,2026-05-29,True
TXN000008040,2386.18,1206.6999999999998,5.0,2,STR0017,REG025,ASC000130,CUST00001759,,SALE,Store,Completed,POS_A,,True
TXN000008049,271.5,86.74000000000001,2.0,1,STR0013,REG017,ASC000205,CUST00000298,,SALE,Store,Completed,POS_C,,False
TXN000008050,890.04,293.28,2.0,1,STR0022,REG015,ASC000390,CUST00000874,2026-05-19 07:12:00,SALE,Store,Completed,POS_A,2026-05-19,True
TXN000008053,5320.700000000001,2648.9100000000003,8.0,3,STR0017,REG020,ASC000351,,,SALE,Store,Completed,POS_A,,True
TXN000008057,2420.39,1372.1699999999998,14.0,3,STR0023,REG013,ASC000417,CUST00000644,2026-05-24 10:57:00,SALE,Pickup,Completed,POS_A,2026-05-24,True
TXN000008058,2145.38,343.8800000000002,6.0,2,STR0001,REG022,ASC000299,,2026-05-17 00:47:00,SALE,Store,Completed,POS_C,2026-05-17,True
TXN000008059,3538.38,1776.6799999999998,4.0,2,STR0006,REG010,ASC000319,CUST00000269,,SALE,Pickup,Completed,POS_C,,True
TXN000008060,1677.83,906.1499999999999,8.0,3,STR0002,REG020,ASC000348,CUST00000991,2026-04-07 01:53:00,SALE,Store,Completed,POS_B,2026-04-07,True
TXN000008061,2117.0,659.6399999999999,9.0,3,STR0011,REG015,ASC000177,,2026-05-22 02:46:00,SALE,Pickup,Completed,POS_A,2026-05-22,True
TXN000008064,49.05,16.39,1.0,1,STR0004,REG006,ASC000165,CUST00000182,2026-04-07 15:39:00,SALE,Store,Completed,POS_B,2026-04-07,False
TXN000008067,1679.0,692.48,3.0,2,STR0010,REG002,ASC000426,CUST00000588,2026-05-20 08:44:00,SALE,Store,Completed,POS_B,2026-05-20,True
TXN000008069,4187.15,1786.9699999999996,11.0,5,STR0024,REG018,ASC000340,,,SALE,Pickup,Completed,POS_A,,True
TXN000008070,1506.04,686.48,2.0,1,STR0015,REG017,ASC000375,CUST00000558,,SALE,Pickup,Completed,POS_C,,True
TXN000008072,3117.35,1723.9,10.0,4,STR0019,REG015,ASC000147,CUST00000993,,SALE,Pickup,Completed,POS_C,,True
TXN000008073,343.89,152.32999999999998,1.0,1,STR0008,REG005,ASC000303,CUST00001539,2026-04-13 01:44:00,SALE,Store,Completed,POS_B,2026-04-13,False
TXN000008074,2433.29,313.4500000000001,12.0,5,STR0008,REG015,ASC000106,CUST00001251,2026-04-11 17:38:00,SALE,Store,Completed,POS_B,2026-04-11,True
TXN000008078,680.88,342.75,1.0,1,STR0001,REG009,ASC000316,CUST00000113,2026-05-21 05:26:00,SALE,Store,Completed,POS_C,2026-05-21,True
TXN000008079,1787.94,680.99,3.0,2,STR0024,REG023,ASC000376,CUST00000363,2026-05-09 11:50:00,SALE,Store,Completed,POS_B,2026-05-09,True
TXN000008080,2258.8199999999997,939.7099999999999,8.0,4,STR0014,REG002,ASC000385,CUST00001003,,SALE,Pickup,Completed,POS_B,,True
TXN000008087,4538.9400000000005,2253.6000000000004,15.0,4,STR0010,REG014,ASC000433,CUST00000814,,SALE,Store,Completed,POS_A,,True
TXN000008089,2313.6,1083.54,10.0,4,STR0024,REG003,ASC000323,CUST00001666,2026-05-26 20:37:00,SALE,Pickup,Completed,POS_B,2026-05-26,True
TXN000008093,6963.96,3249.1800000000003,11.0,4,STR0019,REG013,ASC000495,CUST00001796,2026-05-02 23:09:00,SALE,Store,Completed,POS_B,2026-05-02,True
TXN000008094,2884.2200000000003,1593.0,4.0,2,STR0005,REG027,ASC000229,,2026-04-22 22:57:00,SALE,Store,Completed,POS_A,2026-04-22,True
TXN000008095,264.77,21.19999999999999,3.0,1,STR0010,REG006,ASC000368,CUST00001597,2026-04-23 05:51:00,SALE,Store,Completed,POS_C,2026-04-23,False
TXN000008099,1725.57,542.48,6.0,4,STR0002,REG021,ASC000304,CUST00001046,2026-04-28 14:16:00,SALE,Store,Completed,POS_B,2026-04-28,True
TXN000008102,1254.76,518.0199999999999,5.0,2,STR0018,REG023,ASC000403,CUST00000286,,SALE,Pickup,Completed,POS_A,,True
TXN000008103,376.71,229.48999999999998,1.0,1,STR0018,REG020,ASC000491,CUST00000743,,SALE,Pickup,Completed,POS_B,,False
TXN000008104,50.74,14.380000000000003,1.0,1,STR0011,REG022,ASC000123,CUST00001656,,SALE,Store,Completed,POS_C,,False
TXN000008105,2741.4,742.53,8.0,3,STR0002,REG023,ASC000434,CUST00000820,2026-04-19 03:50:00,SALE,Store,Completed,POS_B,2026-04-19,True
TXN000008109,32.85,9.400000000000002,1.0,1,STR0012,REG003,ASC000371,CUST00001680,2026-04-24 00:31:00,SALE,Pickup,Completed,POS_C,2026-04-24,False
TXN000008113,553.84,338.64000000000004,2.0,1,STR0011,REG023,ASC000447,CUST00001632,,SALE,Pickup,Completed,POS_B,,True
TXN000008115,791.0,375.71000000000004,3.0,2,STR0016,REG028,ASC000100,CUST00000262,2026-05-14 01:55:00,SALE,Store,Completed,POS_B,2026-05-14,True
TXN000008118,5666.470000000001,2569.1400000000003,11.0,3,STR0024,REG013,ASC000377,,2026-05-09 15:57:00,SALE,Store,Completed,POS_A,2026-05-09,True
TXN000008122,377.34999999999997,124.97999999999998,2.0,2,STR0023,REG021,ASC000181,CUST00001528,2026-04-12 11:54:00,SALE,Pickup,Completed,POS_C,2026-04-12,False
TXN000008123,1200.77,535.6099999999999,5.0,2,STR0012,REG020,ASC000194,CUST00000809,2026-04-12 09:02:00,SALE,Store,Completed,POS_A,2026-04-12,True
TXN000008124,1345.9099999999999,576.51,3.0,3,STR0013,REG021,ASC000422,CUST00000264,,SALE,Pickup,Completed,POS_B,,True
TXN000008127,927.96,345.36,7.0,3,STR0011,REG025,ASC000447,,,SALE,Store,Completed,POS_B,,True
TXN000008128,3273.14,1155.84,7.0,2,STR0007,REG005,ASC000022,CUST00000878,2026-05-17 14:24:00,SALE,Store,Completed,POS_A,2026-05-17,True
TXN000008138,611.78,302.25,1.0,1,STR0016,REG002,ASC000482,,,SALE,Store,Completed,POS_B,,True
TXN000008142,880.68,280.8399999999999,2.0,1,STR0012,REG026,ASC000345,,2026-05-05 12:13:00,SALE,Store,Completed,POS_A,2026-05-05,True
TXN000008143,4335.82,1622.3899999999999,11.0,3,STR0025,REG023,ASC000213,CUST00000320,,SALE,Store,Completed,POS_A,,True
TXN000008144,2146.59,785.86,7.0,2,STR0007,REG014,ASC000270,,,SALE,Store,Completed,POS_A,,True
TXN000008150,2091.6,861.3699999999999,4.0,2,STR0014,REG023,ASC000252,CUST00000871,,SALE,Pickup,Completed,POS_B,,True
TXN000008151,5807.91,2650.55,10.0,4,STR0016,REG026,ASC000112,CUST00001471,,SALE,Store,Completed,POS_A,,True
TXN000008155,1591.56,814.31,7.0,2,STR0007,REG016,ASC000263,CUST00000558,2026-04-01 19:16:00,SALE,Store,Completed,POS_B,2026-04-01,True
TXN000008157,378.94,204.24,2.0,1,STR0025,REG007,ASC000465,,2026-04-06 18:33:00,SALE,Store,Completed,POS_B,2026-04-06,False
TXN000008161,1787.22,766.77,5.0,4,STR0005,REG021,ASC000397,CUST00001358,,SALE,Pickup,Completed,POS_A,,True
TXN000008164,3693.3,2118.54,5.0,2,STR0012,REG027,ASC000069,CUST00001526,2026-04-27 12:12:00,SALE,Store,Completed,POS_C,2026-04-27,True
TXN000008166,1533.1100000000001,690.77,5.0,4,STR0014,REG015,ASC000066,CUST00001497,2026-05-15 00:12:00,SALE,Store,Completed,POS_B,2026-05-15,True
TXN000008167,140.22,27.599999999999994,3.0,1,STR0003,REG010,ASC000355,CUST00000920,2026-04-02 16:18:00,SALE,Pickup,Completed,POS_A,2026-04-02,False
TXN000008170,385.58,101.47999999999996,1.0,1,STR0022,REG001,ASC000390,,,SALE,Pickup,Completed,POS_C,,False
TXN000008174,249.7,27.22999999999999,1.0,1,STR0013,REG027,ASC000317,,2026-05-02 07:15:00,SALE,Store,Completed,POS_B,2026-05-02,False
TXN000008176,1936.0700000000002,1133.76,3.0,2,STR0019,REG017,ASC000027,CUST00000387,,SALE,Pickup,Completed,POS_B,,True
TXN000008177,147.18,36.900000000000006,3.0,1,STR0002,REG011,ASC000290,,,SALE,Store,Completed,POS_A,,False
TXN000008179,347.72,63.07000000000005,1.0,1,STR0011,REG015,ASC000123,CUST00000625,,SALE,Pickup,Completed,POS_C,,False
TXN000008181,798.16,236.24,4.0,1,STR0022,REG016,ASC000124,,,SALE,Store,Completed,POS_C,,True
TXN000008182,374.76,217.72,2.0,1,STR0014,REG010,ASC000247,CUST00000899,2026-05-12 05:36:00,SALE,Store,Completed,POS_B,2026-05-12,False
TXN000008183,544.8,306.88,1.0,1,STR0006,REG012,ASC000243,,,SALE,Pickup,Completed,POS_C,,True
TXN000008184,1516.46,838.96,2.0,1,STR0019,REG001,ASC000117,CUST00001376,,SALE,Store,Completed,POS_B,,True
TXN000008188,1240.75,593.4399999999999,3.0,3,STR0023,REG003,ASC000281,CUST00000442,,SALE,Store,Completed,POS_A,,True
TXN000008190,96.77,19.849999999999994,1.0,1,STR0014,REG009,ASC000046,CUST00001444,,SALE,Pickup,Completed,POS_C,,False
TXN000008193,527.15,311.64,3.0,2,STR0013,REG009,ASC000224,CUST00001057,2026-05-30 21:01:00,SALE,Store,Completed,POS_A,2026-05-30,True
TXN000008195,1022.1999999999999,549.2599999999999,6.0,2,STR0025,REG024,ASC000464,CUST00000001,2026-05-10 11:05:00,SALE,Store,Completed,POS_B,2026-05-10,True
TXN000008200,5468.860000000001,2173.33,11.0,4,STR0023,REG018,ASC000061,CUST00001117,,SALE,Pickup,Completed,POS_C,,True
TXN000008201,4510.23,1756.5999999999997,11.0,4,STR0003,REG015,ASC000082,,2026-05-14 19:37:00,SALE,Pickup,Completed,POS_B,2026-05-14,True
TXN000008202,2414.86,1002.27,5.0,3,STR0002,REG012,ASC000434,,,SALE,Store,Completed,POS_C,,True
TXN000008204,1482.75,439.8,4.0,2,STR0003,REG016,ASC000132,,,SALE,Pickup,Completed,POS_A,,True
TXN000008206,41.82,23.4,1.0,1,STR0008,REG024,ASC000166,,,SALE,Store,Completed,POS_C,,False
TXN000008209,8370.91,3662.8,17.0,4,STR0016,REG025,ASC000267,,,SALE,Store,Completed,POS_A,,True
TXN000008210,789.85,503.51,3.0,2,STR0008,REG006,ASC000361,CUST00001579,2026-04-29 21:39:00,SALE,Pickup,Completed,POS_A,2026-04-29,True
TXN000008212,7536.52,3944.1000000000004,15.0,4,STR0004,REG010,ASC000423,CUST00001717,2026-04-02 11:57:00,SALE,Store,Completed,POS_C,2026-04-02,True
TXN000008214,2878.3900000000003,852.0500000000001,7.0,2,STR0011,REG017,ASC000459,CUST00001373,,SALE,Pickup,Completed,POS_C,,True
TXN000008215,800.23,195.93000000000004,5.0,2,STR0010,REG026,ASC000335,CUST00000800,,SALE,Store,Completed,POS_A,,True
TXN000008217,2219.68,894.9399999999998,6.0,2,STR0023,REG025,ASC000056,CUST00001558,2026-05-02 04:33:00,SALE,Store,Completed,POS_B,2026-05-02,True
TXN000008218,340.40000000000003,124.30000000000003,4.0,2,STR0013,REG028,ASC000163,CUST00001418,2026-04-29 01:49:00,SALE,Store,Completed,POS_B,2026-04-29,False
TXN000008219,2791.98,1069.5099999999998,7.0,4,STR0012,REG025,ASC000023,CUST00001655,2026-04-22 00:25:00,SALE,Pickup,Completed,POS_A,2026-04-22,True
TXN000008222,219.88,5.710000000000001,2.0,2,STR0002,REG005,ASC000253,,,SALE,Store,Completed,POS_A,,False
TXN000008226,7587.38,2993.58,13.0,3,STR0003,REG020,ASC000115,CUST00001024,2026-04-09 07:17:00,SALE,Store,Completed,POS_B,2026-04-09,True
TXN000008227,7177.33,3049.16,14.0,5,STR0024,REG008,ASC000186,,,SALE,Store,Completed,POS_B,,True
TXN000008230,932.3700000000001,523.5900000000001,3.0,1,STR0004,REG017,ASC000062,CUST00001422,2026-04-04 13:59:00,SALE,Store,Completed,POS_A,2026-04-04,True
TXN000008232,1478.3200000000002,416.44000000000005,6.0,3,STR0011,REG010,ASC000136,,2026-04-28 17:02:00,SALE,Store,Completed,POS_A,2026-04-28,True
TXN000008234,1839.7,-153.35000000000014,5.0,1,STR0002,REG027,ASC000188,,,SALE,Store,Completed,POS_A,,True
TXN000008235,578.78,90.71999999999997,2.0,1,STR0011,REG019,ASC000432,CUST00000606,2026-05-07 02:07:00,SALE,Pickup,Completed,POS_A,2026-05-07,True
TXN000008236,1606.49,309.7399999999999,9.0,4,STR0001,REG005,ASC000231,CUST00001770,,SALE,Store,Completed,POS_C,,True
TXN000008237,941.0999999999999,377.2099999999999,3.0,3,STR0004,REG003,ASC000240,CUST00001244,,SALE,Store,Completed,POS_B,,True
TXN000008241,1852.0,966.96,4.0,1,STR0004,REG018,ASC000074,CUST00001537,,SALE,Store,Completed,POS_C,,True
TXN000008242,1569.52,712.0699999999998,4.0,2,STR0019,REG012,ASC000027,CUST00000670,2026-05-20 22:27:00,SALE,Store,Completed,POS_B,2026-05-20,True
TXN000008245,1901.19,628.2,5.0,3,STR0008,REG002,ASC000159,,2026-04-07 13:56:00,SALE,Store,Completed,POS_C,2026-04-07,True
TXN000008248,3871.34,1523.5500000000002,9.0,3,STR0013,REG020,ASC000215,CUST00000039,2026-04-21 20:27:00,SALE,Pickup,Completed,POS_C,2026-04-21,True
TXN000008249,8950.800000000001,4437.56,12.0,4,STR0015,REG006,ASC000014,CUST00001293,2026-05-24 19:12:00,SALE,Store,Completed,POS_B,2026-05-24,True
TXN000008254,1484.13,540.5600000000001,9.0,3,STR0004,REG009,ASC000471,CUST00001045,,SALE,Pickup,Completed,POS_C,,True
TXN000008258,2730.63,1045.06,8.0,3,STR0014,REG001,ASC000266,,2026-04-24 14:52:00,SALE,Pickup,Completed,POS_B,2026-04-24,True
TXN000008259,3492.65,1236.6200000000001,9.0,5,STR0011,REG008,ASC000314,CUST00001734,2026-04-05 00:12:00,SALE,Store,Completed,POS_A,2026-04-05,True
TXN000008260,2452.5,1346.2,5.0,1,STR0017,REG004,ASC000141,CUST00000906,2026-05-21 10:35:00,SALE,Store,Completed,POS_C,2026-05-21,True
TXN000008264,579.87,227.51999999999998,2.0,2,STR0015,REG027,ASC000121,CUST00000535,2026-05-29 19:57:00,SALE,Pickup,Completed,POS_A,2026-05-29,True
TXN000008265,3793.88,2023.96,8.0,2,STR0021,REG020,ASC000326,,,SALE,Store,Completed,POS_B,,True
TXN000008268,2390.7,570.3599999999999,5.0,3,STR0014,REG025,ASC000411,CUST00000185,,SALE,Store,Completed,POS_C,,True
TXN000008271,3609.24,627.5600000000002,11.0,4,STR0010,REG006,ASC000402,,2026-04-18 12:01:00,SALE,Store,Completed,POS_B,2026-04-18,True
TXN000008274,448.99,249.60000000000002,1.0,1,STR0006,REG024,ASC000460,,2026-05-28 18:29:00,SALE,Store,Completed,POS_A,2026-05-28,False
TXN000008276,2123.39,744.8599999999999,9.0,3,STR0021,REG015,ASC000484,,2026-04-19 02:53:00,SALE,Store,Completed,POS_A,2026-04-19,True
TXN000008277,2748.8900000000003,773.6,5.0,3,STR0013,REG013,ASC000091,CUST00000028,2026-05-19 10:35:00,SALE,Store,Completed,POS_C,2026-05-19,True
TXN000008278,2306.59,882.1800000000001,7.0,4,STR0003,REG016,ASC000193,CUST00001026,,SALE,Pickup,Completed,POS_B,,True
TXN000008279,517.6,133.0,5.0,1,STR0003,REG017,ASC000067,CUST00001352,,SALE,Store,Completed,POS_B,,True
TXN000008286,2486.04,704.86,9.0,3,STR0020,REG019,ASC000284,CUST00001319,,SALE,Pickup,Completed,POS_A,,True
TXN000008288,2728.56,967.44,12.0,3,STR0020,REG017,ASC000170,,2026-05-20 05:01:00,SALE,Pickup,Completed,POS_B,2026-05-20,True
TXN000008289,4898.18,2433.0800000000004,15.0,5,STR0008,REG013,ASC000400,CUST00000007,,SALE,Store,Completed,POS_A,,True
TXN000008290,763.24,132.53999999999996,2.0,1,STR0017,REG025,ASC000250,CUST00000823,,SALE,Store,Completed,POS_A,,True
TXN000008297,105.07,35.209999999999994,1.0,1,STR0017,REG020,ASC000436,,,SALE,Store,Completed,POS_B,,False
TXN000008299,617.8100000000001,186.10000000000005,2.0,2,STR0009,REG014,ASC000445,CUST00001319,2026-05-17 12:37:00,SALE,Pickup,Completed,POS_A,2026-05-17,True
TXN000008306,977.47,376.1,4.0,2,STR0013,REG022,ASC000435,CUST00000527,,SALE,Pickup,Completed,POS_C,,True
TXN000008307,678.88,385.90999999999997,1.0,1,STR0011,REG020,ASC000459,CUST00000824,,SALE,Store,Completed,POS_C,,True
TXN000008308,721.8,259.9,5.0,1,STR0011,REG026,ASC000399,CUST00000049,,SALE,Pickup,Completed,POS_C,,True
TXN000008312,73.17,41.58,1.0,1,STR0009,REG003,ASC000246,CUST00001623,2026-05-03 14:30:00,SALE,Pickup,Completed,POS_A,2026-05-03,False
TXN000008314,2504.96,930.9900000000002,11.0,4,STR0021,REG009,ASC000484,,,SALE,Pickup,Completed,POS_A,,True
TXN000008315,1460.15,429.59000000000003,10.0,3,STR0018,REG028,ASC000401,CUST00000121,2026-05-05 08:32:00,SALE,Pickup,Completed,POS_A,2026-05-05,True
TXN000008322,294.23,134.32999999999998,3.0,2,STR0008,REG027,ASC000395,CUST00001199,,SALE,Store,Completed,POS_B,,False
TXN000008326,3173.28,1348.9500000000003,6.0,2,STR0004,REG001,ASC000102,CUST00001431,,SALE,Store,Completed,POS_C,,True
TXN000008327,2126.8,2126.8,4.0,1,STR0002,REG016,ASC000038,CUST00001060,,SALE,Store,Completed,POS_A,,True
TXN000008328,3940.5199999999995,1448.04,11.0,4,STR0021,REG009,ASC000347,,,SALE,Store,Completed,POS_B,,True
TXN000008330,194.82999999999998,80.55000000000001,4.0,3,STR0015,REG012,ASC000054,CUST00001141,,SALE,Store,Completed,POS_C,,False
TXN000008334,5527.16,2812.71,11.0,4,STR0002,REG026,ASC000259,CUST00001721,2026-05-13 20:58:00,SALE,Pickup,Completed,POS_A,2026-05-13,True
TXN000008335,2976.7299999999996,1144.0099999999998,7.0,3,STR0007,REG016,ASC000168,CUST00000051,,SALE,Store,Completed,POS_A,,True
TXN000008339,728.64,383.94,1.0,1,STR0018,REG005,ASC000341,CUST00001600,,SALE,Pickup,Completed,POS_B,,True
TXN000008340,360.38,84.07999999999998,2.0,1,STR0004,REG020,ASC000220,CUST00000856,,SALE,Store,Completed,POS_A,,False
TXN000008342,42.03,15.07,1.0,1,STR0005,REG003,ASC000442,CUST00000206,2026-04-08 02:49:00,SALE,Store,Completed,POS_C,2026-04-08,False
TXN000008343,3358.7000000000003,1676.5200000000002,7.0,6,STR0004,REG026,ASC000074,,,SALE,Store,Completed,POS_C,,True
TXN000008345,1593.96,721.1300000000001,7.0,3,STR0012,REG006,ASC000313,CUST00000899,,SALE,Pickup,Completed,POS_B,,True
TXN000008347,679.47,350.45000000000005,2.0,2,STR0022,REG009,ASC000081,CUST00000383,2026-05-09 18:03:00,SALE,Pickup,Completed,POS_C,2026-05-09,True
TXN000008355,4022.1,2277.0,11.0,4,STR0008,REG025,ASC000400,CUST00001230,,SALE,Pickup,Completed,POS_A,,True
TXN000008356,5938.99,3004.72,11.0,5,STR0023,REG023,ASC000056,,2026-05-28 05:56:00,SALE,Store,Completed,POS_A,2026-05-28,True
TXN000008361,7311.299999999999,2915.4900000000002,18.0,5,STR0017,REG026,ASC000001,CUST00001186,2026-05-30 11:14:00,SALE,Store,Completed,POS_A,2026-05-30,True
TXN000008362,544.05,285.17,3.0,3,STR0025,REG018,ASC000453,CUST00001153,2026-04-28 18:22:00,SALE,Store,Completed,POS_A,2026-04-28,True
TXN000008369,714.61,421.64,1.0,1,STR0002,REG008,ASC000269,CUST00000921,,SALE,Pickup,Completed,POS_C,,True
TXN000008372,167.0,79.76,4.0,1,STR0007,REG022,ASC000022,CUST00000262,2026-04-16 00:46:00,SALE,Pickup,Completed,POS_B,2026-04-16,False
TXN000008373,2550.2799999999997,1117.5900000000001,6.0,5,STR0015,REG009,ASC000121,,,SALE,Pickup,Completed,POS_A,,True
TXN000008374,3607.83,1448.8999999999999,9.0,5,STR0014,REG013,ASC000046,,2026-04-29 20:18:00,SALE,Store,Completed,POS_B,2026-04-29,True
TXN000008376,1249.83,452.15,4.0,2,STR0013,REG026,ASC000238,CUST00000606,,SALE,Store,Completed,POS_C,,True
TXN000008380,3220.29,973.0699999999999,11.0,4,STR0005,REG001,ASC000480,CUST00000593,,SALE,Store,Completed,POS_C,,True
TXN000008382,1471.6399999999999,467.0400000000001,4.0,3,STR0011,REG010,ASC000065,CUST00001488,2026-04-09 10:11:00,SALE,Store,Completed,POS_C,2026-04-09,True
TXN000008384,3251.75,899.55,10.0,2,STR0004,REG015,ASC000074,CUST00001617,,SALE,Store,Completed,POS_C,,True
TXN000008386,5248.639999999999,2464.12,9.0,4,STR0010,REG004,ASC000388,CUST00000510,2026-04-18 01:51:00,SALE,Store,Completed,POS_C,2026-04-18,True
TXN000008388,4088.52,1950.64,8.0,2,STR0019,REG025,ASC000356,CUST00000906,2026-04-11 19:53:00,SALE,Store,Completed,POS_B,2026-04-11,True
TXN000008389,1133.96,435.6,2.0,1,STR0008,REG027,ASC000277,CUST00001400,2026-05-21 06:02:00,SALE,Store,Completed,POS_C,2026-05-21,True
TXN000008391,3841.13,1413.0900000000001,7.0,2,STR0015,REG020,ASC000020,,2026-05-16 15:58:00,SALE,Pickup,Completed,POS_B,2026-05-16,True
TXN000008393,39.52,22.930000000000003,1.0,1,STR0020,REG022,ASC000175,,,SALE,Store,Completed,POS_A,,False
TXN000008395,4153.7,1699.0699999999995,9.0,3,STR0015,REG027,ASC000438,CUST00001246,2026-04-05 17:53:00,SALE,Pickup,Completed,POS_A,2026-04-05,True
TXN000008396,3434.8799999999997,1323.5199999999998,6.0,3,STR0001,REG002,ASC000006,CUST00000705,2026-04-15 10:17:00,SALE,Pickup,Completed,POS_A,2026-04-15,True
TXN000008399,1794.84,1006.3999999999999,2.0,1,STR0007,REG018,ASC000318,,,SALE,Store,Completed,POS_A,,True
TXN000008400,3839.7799999999997,1340.28,9.0,3,STR0010,REG023,ASC000426,CUST00000048,,SALE,Pickup,Completed,POS_B,,True
TXN000008402,3594.68,1439.32,14.0,5,STR0019,REG024,ASC000477,CUST00000254,,SALE,Store,Completed,POS_B,,True
TXN000008405,2116.89,1034.99,7.0,2,STR0004,REG021,ASC000153,CUST00001064,,SALE,Pickup,Completed,POS_B,,True
TXN000008407,3970.86,2174.1299999999997,9.0,3,STR0019,REG002,ASC000477,CUST00000390,,SALE,Store,Completed,POS_C,,True
TXN000008408,506.54,220.20000000000005,1.0,1,STR0023,REG011,ASC000056,CUST00000607,,SALE,Store,Completed,POS_C,,True
TXN000008410,165.76,50.599999999999994,1.0,1,STR0016,REG017,ASC000262,CUST00000705,2026-04-02 00:40:00,SALE,Store,Completed,POS_A,2026-04-02,False
TXN000008411,6795.03,3110.71,10.0,3,STR0006,REG002,ASC000034,CUST00000346,2026-04-14 03:31:00,SALE,Pickup,Completed,POS_C,2026-04-14,True
TXN000008413,4977.95,2724.6899999999996,8.0,3,STR0018,REG010,ASC000199,CUST00001344,,SALE,Store,Completed,POS_B,,True
TXN000008417,2857.21,1525.61,4.0,2,STR0020,REG010,ASC000478,CUST00000769,2026-04-15 14:28:00,SALE,Store,Completed,POS_A,2026-04-15,True
TXN000008420,2812.37,1615.87,9.0,2,STR0001,REG018,ASC000288,CUST00000583,,SALE,Store,Completed,POS_A,,True
TXN000008421,1823.08,835.45,10.0,3,STR0016,REG027,ASC000182,,2026-04-17 03:39:00,SALE,Pickup,Completed,POS_C,2026-04-17,True
TXN000008425,6148.0,2841.3200000000006,9.0,2,STR_UNKNOWN,REG011,ASC000109,,2026-04-21 01:19:00,SALE,Pickup,Completed,POS_B,2026-04-21,True
TXN000008426,408.4,174.39999999999998,1.0,1,STR0023,REG003,ASC000042,CUST00000773,,SALE,Pickup,Completed,POS_A,,False
TXN000008432,466.3,91.88,2.0,1,STR0022,REG023,ASC000454,CUST00000908,2026-05-31 08:21:00,SALE,Store,Completed,POS_C,2026-05-31,False
TXN000008433,1579.56,502.45000000000005,9.0,4,STR0017,REG021,ASC000221,CUST00001325,2026-04-26 11:42:00,SALE,Store,Completed,POS_A,2026-04-26,True
TXN000008434,539.31,167.03999999999996,1.0,1,STR0025,REG026,ASC000465,CUST00001744,,SALE,Pickup,Completed,POS_B,,True
TXN000008435,2347.9,335.8499999999999,5.0,1,STR0001,REG006,ASC000413,,2026-04-27 04:25:00,SALE,Store,Completed,POS_A,2026-04-27,True
TXN000008438,1055.32,385.14,2.0,1,STR0018,REG025,ASC000386,,,SALE,Pickup,Completed,POS_B,,True
TXN000008439,5327.27,2649.57,9.0,4,STR0020,REG014,ASC000200,CUST00000418,2026-05-12 01:54:00,SALE,Store,Completed,POS_B,2026-05-12,True
TXN000008442,1612.51,429.45000000000005,5.0,2,STR0023,REG015,ASC000088,CUST00000421,,SALE,Pickup,Completed,POS_C,,True
TXN000008443,1441.18,738.77,3.0,3,STR0016,REG019,ASC000182,CUST00001373,,SALE,Store,Completed,POS_C,,True
TXN000008448,1318.35,435.5699999999998,4.0,2,STR0014,REG025,ASC000498,CUST00001404,,SALE,Store,Completed,POS_A,,True
TXN000008451,2298.14,1194.81,3.0,2,STR0015,REG025,ASC000014,CUST00000265,,SALE,Store,Completed,POS_A,,True
TXN000008452,55.6,26.07,2.0,2,STR0004,REG004,ASC000085,CUST00000223,,SALE,Store,Completed,POS_A,,False
TXN000008458,1114.8,597.92,6.0,2,STR0010,REG006,ASC000439,,,SALE,Pickup,Completed,POS_B,,True
TXN000008459,829.3,419.78,2.0,1,STR0004,REG020,ASC000154,CUST00001731,,SALE,Store,Completed,POS_B,,True
TXN000008461,1922.07,684.14,8.0,3,STR0021,REG024,ASC000268,CUST00000692,2026-05-07 16:46:00,SALE,Pickup,Completed,POS_A,2026-05-07,True
TXN000008462,3510.34,586.5700000000002,10.0,5,STR0005,REG021,ASC000086,,,SALE,Store,Completed,POS_C,,True
TXN000008463,4115.71,1436.3999999999999,8.0,3,STR0007,REG023,ASC000496,CUST00000694,2026-04-10 14:37:00,SALE,Store,Completed,POS_B,2026-04-10,True
TXN000008464,2550.4500000000003,1118.5,6.0,3,STR0003,REG003,ASC000067,CUST00001304,,SALE,Pickup,Completed,POS_A,,True
TXN000008466,1165.94,616.6199999999999,6.0,2,STR0009,REG007,ASC000445,CUST00001456,,SALE,Pickup,Completed,POS_A,,True
TXN000008467,1675.1,930.92,8.0,3,STR0024,REG010,ASC000377,CUST00001259,,SALE,Store,Completed,POS_C,,True
TXN000008470,337.6,197.05,1.0,1,STR0001,REG002,ASC000288,CUST00001670,2026-05-31 02:30:00,SALE,Store,Completed,POS_B,2026-05-31,False
TXN000008472,2633.73,1418.76,3.0,1,STR0001,REG024,ASC000307,CUST00000322,2026-04-10 21:04:00,SALE,Store,Completed,POS_C,2026-04-10,True
TXN000008474,8757.67,4630.34,14.0,6,STR0017,REG025,ASC000031,,,SALE,Pickup,Completed,POS_C,,True
TXN000008476,1185.45,664.9000000000001,3.0,2,STR0012,REG017,ASC000333,CUST00001461,,SALE,Pickup,Completed,POS_A,,True
TXN000008477,1603.96,754.8900000000001,7.0,4,STR0007,REG014,ASC000322,CUST00001326,,SALE,Store,Completed,POS_C,,True
TXN000008479,3967.55,1786.1900000000003,12.0,4,STR0009,REG025,ASC000125,CUST00000171,2026-05-21 02:58:00,SALE,Store,Completed,POS_C,2026-05-21,True
TXN000008481,469.21,151.15999999999997,3.0,2,STR0024,REG004,ASC000186,,2026-04-30 13:51:00,SALE,Pickup,Completed,POS_C,2026-04-30,False
TXN000008483,2104.16,1022.6700000000001,6.0,2,STR0023,REG018,ASC000018,CUST00001012,,SALE,Pickup,Completed,POS_C,,True
TXN000008484,419.7,97.45999999999998,2.0,1,STR0017,REG008,ASC000164,CUST00000559,2026-05-27 13:16:00,SALE,Store,Completed,POS_C,2026-05-27,False
TXN000008491,26.92,-109.24999999999999,1.0,1,STR0007,REG002,ASC000242,CUST00001415,2026-04-15 13:19:00,SALE,Pickup,Completed,POS_C,2026-04-15,False
TXN000008492,4060.31,1656.31,10.0,5,STR0012,REG015,ASC000448,CUST00001375,2026-04-10 22:45:00,SALE,Store,Completed,POS_A,2026-04-10,True
TXN000008494,773.67,354.09999999999997,1.0,1,STR0015,REG006,ASC000134,CUST00000049,2026-04-03 05:31:00,SALE,Store,Completed,POS_C,2026-04-03,True
TXN000008495,5758.99,2600.6499999999996,13.0,4,STR0014,REG026,ASC000498,CUST00000379,2026-04-07 03:20:00,SALE,Store,Completed,POS_A,2026-04-07,True
TXN000008500,107.22,-20.879999999999995,2.0,1,STR0014,REG017,ASC000469,CUST00000292,2026-05-05 21:43:00,SALE,Pickup,Completed,POS_A,2026-05-05,False
TXN000008501,2337.64,605.54,6.0,3,STR0013,REG012,ASC000317,CUST00001121,,SALE,Store,Completed,POS_B,,True
TXN000008506,1815.5500000000002,523.44,6.0,2,STR0018,REG026,ASC000127,CUST00001189,,SALE,Store,Completed,POS_B,,True
TXN000008508,2609.65,1322.9000000000003,4.0,2,STR0001,REG010,ASC000360,,,SALE,Store,Completed,POS_C,,True
TXN000008510,1750.3600000000001,438.06999999999994,8.0,4,STR0018,REG019,ASC000490,CUST00000483,,SALE,Store,Completed,POS_B,,True
TXN000008513,1244.72,480.71999999999997,7.0,4,STR0022,REG010,ASC000419,CUST00000220,,SALE,Store,Completed,POS_B,,True
TXN000008518,3413.73,1534.29,7.0,5,STR0008,REG025,ASC000342,CUST00000876,,SALE,Pickup,Completed,POS_C,,True
TXN000008519,3674.48,2216.1499999999996,7.0,2,STR0024,REG021,ASC000323,CUST00000502,,SALE,Store,Completed,POS_C,,True
TXN000008520,3133.15,1472.6599999999999,8.0,3,STR0013,REG027,ASC000098,,,SALE,Store,Completed,POS_A,,True
TXN000008524,624.78,210.89000000000004,3.0,3,STR0003,REG028,ASC000374,CUST00000149,2026-05-03 00:29:00,SALE,Store,Completed,POS_B,2026-05-03,True
TXN000008527,1816.5900000000001,896.1000000000001,9.0,2,STR0004,REG028,ASC000009,,,SALE,Pickup,Completed,POS_C,,True
TXN000008529,3051.92,1387.0099999999998,9.0,4,STR0004,REG003,ASC000153,CUST00000222,,SALE,Store,Completed,POS_B,,True
TXN000008535,888.0,125.69999999999993,5.0,1,STR0012,REG007,ASC000201,CUST00000463,,SALE,Store,Completed,POS_B,,True
TXN000008539,216.22,66.31,1.0,1,STR0018,REG001,ASC000093,,2026-05-22 18:04:00,SALE,Store,Completed,POS_A,2026-05-22,False
TXN000008542,5539.94,2472.1000000000004,14.0,4,STR0001,REG021,ASC000045,,,SALE,Pickup,Completed,POS_B,,True
TXN000008545,1445.65,392.23,5.0,2,STR0014,REG025,ASC000252,CUST00000821,2026-05-27 03:49:00,SALE,Pickup,Completed,POS_A,2026-05-27,True
TXN000008546,1218.6599999999999,449.65999999999997,6.0,3,STR0013,REG021,ASC000091,CUST00000643,2026-05-13 18:20:00,SALE,Store,Completed,POS_A,2026-05-13,True
TXN000008548,22.46,4.640000000000001,2.0,1,STR0011,REG028,ASC000399,CUST00000711,,SALE,Store,Completed,POS_B,,False
TXN000008550,1142.56,516.1999999999999,4.0,1,STR0001,REG004,ASC000006,CUST00001039,,SALE,Store,Completed,POS_B,,True
TXN000008552,1438.48,427.5200000000001,4.0,2,STR0009,REG006,ASC000167,CUST00001497,2026-04-18 00:26:00,SALE,Store,Completed,POS_C,2026-04-18,True
TXN000008553,4705.67,1496.68,10.0,5,STR0020,REG002,ASC000099,CUST00000317,2026-04-16 02:55:00,SALE,Pickup,Completed,POS_A,2026-04-16,True
TXN000008556,360.01,55.860000000000014,1.0,1,STR0001,REG015,ASC000472,,2026-05-26 12:38:00,SALE,Pickup,Completed,POS_C,2026-05-26,False
TXN000008557,519.55,188.32,4.0,3,STR0025,REG009,ASC000204,,,SALE,Pickup,Completed,POS_B,,True
TXN000008559,1455.48,735.6,3.0,2,STR0018,REG015,ASC000017,CUST00000382,2026-05-04 22:00:00,SALE,Store,Completed,POS_B,2026-05-04,True
TXN000008560,7328.120000000001,3151.2200000000003,16.0,5,STR0017,REG017,ASC000001,CUST00001300,,SALE,Store,Completed,POS_C,,True
TXN000008570,2969.16,867.1800000000001,9.0,4,STR0005,REG025,ASC000473,CUST00000652,,SALE,Pickup,Completed,POS_A,,True
TXN000008571,483.14,132.95000000000005,3.0,2,STR0023,REG015,ASC000479,CUST00001015,2026-05-27 07:13:00,SALE,Store,Completed,POS_C,2026-05-27,False
TXN000008573,951.27,375.8,2.0,2,STR0022,REG026,ASC000499,,2026-04-13 06:09:00,SALE,Pickup,Completed,POS_C,2026-04-13,True
TXN000008574,1922.94,417.9800000000001,9.0,5,STR0002,REG015,ASC000434,CUST00001530,2026-04-27 14:39:00,SALE,Pickup,Completed,POS_A,2026-04-27,True
TXN000008575,4297.5599999999995,1671.7099999999996,13.0,4,STR0017,REG019,ASC000235,CUST00000441,2026-05-02 03:54:00,SALE,Store,Completed,POS_B,2026-05-02,True
TXN000008577,3055.7,1135.8999999999999,5.0,1,STR0011,REG001,ASC000136,,,SALE,Store,Completed,POS_B,,True
TXN000008578,1793.56,365.49,5.0,2,STR0003,REG012,ASC000346,CUST00000020,2026-04-17 03:43:00,SALE,Store,Completed,POS_C,2026-04-17,True
TXN000008580,490.61,38.250000000000014,3.0,2,STR0004,REG014,ASC000354,,,SALE,Store,Completed,POS_A,,False
TXN000008582,714.94,433.84000000000003,2.0,1,STR0006,REG005,ASC000151,CUST00000251,,SALE,Store,Completed,POS_B,,True
TXN000008584,742.35,127.44000000000004,5.0,3,STR0007,REG004,ASC000318,,2026-04-23 09:52:00,SALE,Pickup,Completed,POS_A,2026-04-23,True
TXN000008587,5404.16,2084.12,10.0,4,STR0018,REG015,ASC000403,CUST00000985,2026-04-12 14:43:00,SALE,Pickup,Completed,POS_B,2026-04-12,True
TXN000008589,2426.7400000000002,1140.9300000000003,7.0,2,STR0013,REG026,ASC000053,CUST00000932,,SALE,Store,Completed,POS_A,,True
TXN000008590,2183.07,1018.8500000000001,8.0,3,STR0019,REG012,ASC000004,,,SALE,Pickup,Completed,POS_C,,True
TXN000008594,2689.2400000000002,1340.4700000000003,4.0,2,STR0025,REG001,ASC000174,CUST00000702,,SALE,Store,Completed,POS_B,,True
TXN000008596,5808.2,2517.5099999999998,12.0,4,STR0011,REG018,ASC000325,CUST00000835,,SALE,Store,Completed,POS_B,,True
TXN000008598,1409.94,610.96,8.0,2,STR0006,REG026,ASC000460,,2026-05-01 18:39:00,SALE,Pickup,Completed,POS_A,2026-05-01,True
TXN000008599,6257.5199999999995,3011.2,10.0,4,STR0008,REG018,ASC000455,CUST00001341,,SALE,Store,Completed,POS_C,,True
TXN000008602,1461.28,771.88,2.0,1,STR0011,REG025,ASC000123,CUST00000557,2026-04-01 18:14:00,SALE,Pickup,Completed,POS_C,2026-04-01,True
TXN000008604,233.70000000000002,46.00000000000003,5.0,1,STR0022,REG003,ASC_BAD,CUST00000827,2026-04-18 03:20:00,SALE,Pickup,Completed,POS_A,2026-04-18,False
TXN000008605,5106.61,2766.7199999999993,8.0,2,STR0010,REG019,ASC000010,CUST00000140,,SALE,Store,Completed,POS_A,,True
TXN000008606,3043.73,1415.82,8.0,4,STR0025,REG019,ASC000493,CUST00000038,,SALE,Store,Completed,POS_C,,True
TXN000008608,1066.74,486.22,2.0,2,STR0021,REG012,ASC000424,CUST00000334,2026-05-16 16:03:00,SALE,Pickup,Completed,POS_A,2026-05-16,True
TXN000008611,955.78,221.97999999999996,6.0,2,STR0023,REG013,ASC000171,,,SALE,Store,Completed,POS_B,,True
TXN000008612,1667.6,799.6,5.0,3,STR0021,REG001,ASC000113,CUST00001469,2026-04-08 14:26:00,SALE,Pickup,Completed,POS_C,2026-04-08,True
TXN000008614,1024.2,534.6600000000001,2.0,1,STR0018,REG026,ASC000017,CUST00000847,,SALE,Store,Completed,POS_C,,True
TXN000008615,2208.16,1239.82,6.0,2,STR0015,REG016,ASC000431,CUST00001202,2026-04-24 19:24:00,SALE,Store,Completed,POS_B,2026-04-24,True
TXN000008618,1618.41,347.76000000000005,10.0,3,STR0024,REG024,ASC000323,CUST00001768,,SALE,Pickup,Completed,POS_B,,True
TXN000008621,755.1,337.88,2.0,1,STR0018,REG028,ASC000093,CUST00001640,,SALE,Store,Completed,POS_B,,True
TXN000008624,1515.4499999999998,641.4499999999998,5.0,1,STR0001,REG003,ASC000299,,2026-05-13 20:57:00,SALE,Pickup,Completed,POS_C,2026-05-13,True
TXN000008625,2215.96,592.72,4.0,1,STR0005,REG022,ASC000086,,2026-04-28 10:32:00,SALE,Store,Completed,POS_A,2026-04-28,True
TXN000008626,656.14,326.41,2.0,2,STR0021,REG019,ASC000489,,,SALE,Store,Completed,POS_B,,True
TXN000008629,1151.06,330.41999999999996,6.0,5,STR0021,REG020,ASC000347,,2026-05-25 11:47:00,SALE,Store,Completed,POS_B,2026-05-25,True
TXN000008635,3360.94,1723.86,5.0,2,STR0013,REG011,ASC000128,CUST00000289,2026-05-24 07:48:00,SALE,Store,Completed,POS_B,2026-05-24,True
TXN000008638,1620.88,880.9800000000001,2.0,1,STR0024,REG003,ASC000289,CUST00000322,,SALE,Store,Completed,POS_B,,True
TXN000008639,1772.9499999999998,820.18,9.0,5,STR0018,REG013,ASC000491,,2026-04-25 18:28:00,SALE,Store,Completed,POS_C,2026-04-25,True
TXN000008643,2463.06,1097.3,7.0,3,STR0020,REG023,ASC000137,CUST00001180,,SALE,Store,Completed,POS_C,,True
TXN000008644,169.41,82.08,1.0,1,STR0011,REG015,ASC000012,CUST00000846,2026-04-09 22:48:00,SALE,Pickup,Completed,POS_C,2026-04-09,False
TXN000008645,570.78,297.43999999999994,4.0,2,STR0004,REG006,ASC000102,CUST00001793,,SALE,Store,Completed,POS_B,,True
TXN000008646,2368.7999999999997,1002.3999999999997,10.0,5,STR0011,REG007,ASC000432,CUST00000380,,SALE,Pickup,Completed,POS_A,,True
TXN000008651,2204.58,600.47,5.0,2,STR0014,REG023,ASC000046,CUST00000544,2026-05-10 22:21:00,SALE,Pickup,Completed,POS_A,2026-05-10,True
TXN000008652,1785.66,339.63,5.0,3,STR0011,REG023,ASC000367,,,SALE,Store,Completed,POS_C,,True
TXN000008653,758.37,452.95000000000005,3.0,2,STR0017,REG007,ASC000436,,2026-05-29 04:14:00,SALE,Store,Completed,POS_B,2026-05-29,True
TXN000008657,3918.3999999999996,1690.4799999999998,9.0,2,STR0005,REG024,ASC000111,CUST00001504,,SALE,Pickup,Completed,POS_A,,True
TXN000008658,663.24,199.57999999999996,9.0,2,STR0013,REG004,ASC000327,CUST00000251,,SALE,Store,Completed,POS_A,,True
TXN000008662,2389.52,1357.48,6.0,3,STR0017,REG008,ASC000436,,2026-05-27 12:26:00,SALE,Pickup,Completed,POS_C,2026-05-27,True
TXN000008664,2330.52,1229.1,6.0,3,STR0012,REG002,ASC000194,CUST00000715,,SALE,Store,Completed,POS_A,,True
TXN000008667,1689.51,1031.48,3.0,2,STR0008,REG016,ASC000395,CUST00001072,,SALE,Store,Completed,POS_B,,True
TXN000008670,964.6600000000001,521.92,3.0,2,STR0011,REG025,ASC000049,,2026-05-17 22:56:00,SALE,Store,Completed,POS_C,2026-05-17,True
TXN000008674,1266.9299999999998,687.1399999999999,2.0,2,STR0013,REG022,ASC000452,CUST00000102,,SALE,Store,Completed,POS_C,,True
TXN000008675,3891.8900000000003,1155.83,14.0,4,STR0018,REG023,ASC000379,CUST00001691,,SALE,Store,Completed,POS_A,,True
TXN000008676,1007.62,508.36,3.0,2,STR0012,REG026,ASC000371,,2026-04-30 06:24:00,SALE,Pickup,Completed,POS_B,2026-04-30,True
TXN000008677,1835.4499999999998,621.32,7.0,3,STR0018,REG020,ASC000470,CUST00000511,2026-05-20 09:05:00,SALE,Pickup,Completed,POS_B,2026-05-20,True
TXN000008679,2637.55,1438.73,5.0,3,STR0019,REG005,ASC000292,CUST00000951,,SALE,Pickup,Completed,POS_C,,True
TXN000008681,6342.99,3728.79,12.0,4,STR0001,REG003,ASC000072,CUST00001751,,SALE,Pickup,Completed,POS_B,,True
TXN000008682,4664.8,2105.91,10.0,3,STR0003,REG010,ASC000261,CUST00001176,2026-05-17 14:05:00,SALE,Store,Completed,POS_A,2026-05-17,True
TXN000008684,3280.04,636.8000000000002,8.0,2,STR0003,REG006,ASC000264,,,SALE,Store,Completed,POS_B,,True
TXN000008686,5148.36,2831.9199999999996,6.0,2,STR0011,REG006,ASC000223,CUST00001502,,SALE,Pickup,Completed,POS_C,,True
TXN000008688,90.2,20.540000000000006,1.0,1,STR0020,REG013,ASC000183,,2026-04-30 07:51:00,SALE,Store,Completed,POS_C,2026-04-30,False
TXN000008689,124.99,65.8,1.0,1,STR0004,REG018,ASC000398,CUST00001494,2026-04-05 09:05:00,SALE,Store,Completed,POS_C,2026-04-05,False
TXN000008690,908.65,460.29999999999995,1.0,1,STR0011,REG016,ASC000300,CUST00001551,,SALE,Store,Completed,POS_B,,True
TXN000008691,2863.48,1587.2,4.0,1,STR0011,REG011,ASC000136,CUST00000505,2026-04-03 18:10:00,SALE,Store,Completed,POS_C,2026-04-03,True
TXN000008695,3474.61,2156.94,7.0,2,STR0014,REG017,ASC000252,CUST00000652,2026-04-20 10:47:00,SALE,Store,Completed,POS_C,2026-04-20,True
TXN000008696,2203.2,527.48,7.0,3,STR0014,REG016,ASC000384,CUST00000763,,SALE,Pickup,Completed,POS_C,,True
TXN000008697,1886.55,552.8999999999999,5.0,1,STR0019,REG017,ASC000370,CUST00000623,2026-05-07 12:54:00,SALE,Store,Completed,POS_A,2026-05-07,True
TXN000008698,2545.8900000000003,1429.3000000000002,4.0,3,STR0020,REG021,ASC000200,CUST00000547,2026-04-08 07:19:00,SALE,Pickup,Completed,POS_B,2026-04-08,True
TXN000008700,907.04,459.03999999999996,4.0,1,STR0005,REG021,ASC000086,,2026-05-09 04:20:00,SALE,Pickup,Completed,POS_C,2026-05-09,True
TXN000008701,465.49,267.63,3.0,2,STR0019,REG004,ASC000222,,,SALE,Store,Completed,POS_A,,False
TXN000008702,888.42,337.00999999999993,4.0,2,STR0012,REG004,ASC000069,,,SALE,Store,Completed,POS_A,,True
TXN000008707,205.48,61.879999999999995,1.0,1,STR0009,REG014,ASC000246,CUST00000068,,SALE,Store,Completed,POS_C,,False
TXN000008710,230.42,74.19999999999999,5.0,2,STR0004,REG011,ASC000354,CUST00001583,2026-04-01 11:53:00,SALE,Pickup,Completed,POS_A,2026-04-01,False
TXN000008713,5564.49,2532.8199999999997,15.0,5,STR0021,REG021,ASC000184,CUST00000003,2026-05-13 01:00:00,SALE,Store,Completed,POS_B,2026-05-13,True
TXN000008714,4569.35,2207.0899999999997,8.0,3,STR0024,REG019,ASC000373,CUST00001012,2026-04-15 13:57:00,SALE,Pickup,Completed,POS_A,2026-04-15,True
TXN000008719,509.18,215.72000000000003,2.0,1,STR0024,REG006,ASC000418,CUST00001125,,SALE,Store,Completed,POS_A,,True
TXN000008723,263.11,92.08000000000001,3.0,1,STR0012,REG012,ASC000333,,2026-04-12 07:45:00,SALE,Store,Completed,POS_C,2026-04-12,False
TXN000008736,186.7,98.96,2.0,1,STR0006,REG016,ASC000151,CUST00000432,2026-04-05 13:05:00,SALE,Store,Completed,POS_C,2026-04-05,False
TXN000008738,2661.2699999999995,1491.7199999999998,6.0,2,STR0018,REG002,ASC000017,,2026-04-14 17:33:00,SALE,Store,Completed,POS_B,2026-04-14,True
TXN000008739,5786.09,2625.83,13.0,3,STR0013,REG021,ASC000224,,2026-05-11 03:56:00,SALE,Store,Completed,POS_B,2026-05-11,True
TXN000008740,297.75,136.45000000000002,5.0,1,STR_UNKNOWN,REG028,ASC000354,CUST00000173,,SALE,Store,Completed,POS_B,,False
TXN000008743,860.14,110.25999999999999,2.0,1,STR0019,REG026,ASC000027,,,SALE,Store,Completed,POS_C,,True
TXN000008744,1888.04,952.25,5.0,4,STR0025,REG024,ASC000286,,,SALE,Store,Completed,POS_C,,True
TXN000008745,4464.32,2524.03,6.0,4,STR0017,REG027,ASC000221,CUST00001540,,SALE,Pickup,Completed,POS_C,,True
TXN000008746,1390.97,646.76,7.0,2,STR0016,REG013,ASC000152,CUST00000428,,SALE,Pickup,Completed,POS_A,,True
TXN000008749,1669.96,690.6899999999999,3.0,2,STR0014,REG004,ASC000498,,2026-04-06 08:42:00,SALE,Pickup,Completed,POS_B,2026-04-06,True
TXN000008751,96.15,37.67000000000001,1.0,1,STR0009,REG020,ASC000258,CUST00000918,,SALE,Store,Completed,POS_A,,False
TXN000008753,3253.03,1844.9400000000003,5.0,2,STR0023,REG028,ASC000339,CUST00000827,,SALE,Pickup,Completed,POS_A,,True
TXN000008757,1284.84,533.3299999999999,3.0,3,STR0016,REG016,ASC000404,CUST00000901,,SALE,Store,Completed,POS_C,,True
TXN000008764,1071.6200000000001,368.3900000000001,3.0,1,STR0016,REG024,ASC000152,CUST00001590,2026-05-27 18:50:00,SALE,Store,Completed,POS_C,2026-05-27,True
TXN000008771,903.09,474.40000000000003,1.0,1,STR0002,REG021,ASC000188,CUST00000015,,SALE,Store,Completed,POS_B,,True
TXN000008774,426.28999999999996,152.87,4.0,2,STR0001,REG023,ASC000306,CUST00001038,2026-05-07 10:07:00,SALE,Store,Completed,POS_C,2026-05-07,False
TXN000008776,3056.8999999999996,1573.37,5.0,3,STR0011,REG024,ASC000447,CUST00000683,,SALE,Store,Completed,POS_B,,True
TXN000008778,705.32,50.860000000000014,2.0,1,STR0022,REG018,ASC000248,,,SALE,Store,Completed,POS_B,,True
TXN000008779,4623.17,2631.4399999999996,6.0,2,STR0023,REG015,ASC000339,CUST00000110,,SALE,Pickup,Completed,POS_A,,True
TXN000008781,2522.1,1159.9,11.0,4,STR0005,REG003,ASC000229,CUST00000140,2026-04-30 19:09:00,SALE,Store,Completed,POS_C,2026-04-30,True
TXN000008784,1830.3900000000003,751.16,9.0,4,STR0005,REG004,ASC000063,CUST00000268,,SALE,Pickup,Completed,POS_B,,True
TXN000008787,10073.15,5899.56,12.0,3,STR0020,REG015,ASC000137,,2026-04-20 23:10:00,SALE,Pickup,Completed,POS_A,2026-04-20,True
TXN000008789,686.21,335.51000000000005,1.0,1,STR0016,REG018,ASC000404,CUST00000649,,SALE,Store,Completed,POS_B,,True
TXN000008791,179.04,106.49999999999999,2.0,1,STR0001,REG018,ASC000072,CUST00000308,2026-05-09 18:46:00,SALE,Store,Completed,POS_C,2026-05-09,False
TXN000008792,1217.62,546.1700000000001,3.0,2,STR0002,REG027,ASC000290,CUST00001435,,SALE,Store,Completed,POS_C,,True
TXN000008795,100.46000000000001,35.13000000000001,2.0,2,STR0019,REG010,ASC000222,CUST00000636,,SALE,Store,Completed,POS_A,,False
TXN000008799,707.05,277.59999999999997,2.0,2,STR0019,REG017,ASC000026,CUST00000543,2026-05-09 19:45:00,SALE,Store,Completed,POS_B,2026-05-09,True
TXN000008800,1348.19,637.25,4.0,3,STR0018,REG010,ASC000157,,2026-05-16 06:32:00,SALE,Store,Completed,POS_C,2026-05-16,True
TXN000008803,221.99,60.49000000000001,1.0,1,STR0021,REG015,ASC000113,CUST00000579,,SALE,Pickup,Completed,POS_A,,False
TXN000008808,939.2199999999999,442.31999999999994,3.0,2,STR0014,REG017,ASC000046,,,SALE,Store,Completed,POS_C,,True
TXN000008813,394.59,149.73999999999998,2.0,2,STR0022,REG025,ASC000390,,2026-05-08 06:23:00,SALE,Store,Completed,POS_A,2026-05-08,False
TXN000008814,2762.77,1400.73,7.0,3,STR0004,REG018,ASC000471,,,SALE,Store,Completed,POS_C,,True
TXN000008815,1139.58,453.46000000000004,4.0,3,STR0009,REG028,ASC000167,,2026-04-03 04:39:00,SALE,Pickup,Completed,POS_A,2026-04-03,True
TXN000008817,2741.7,748.3899999999995,8.0,3,STR0023,REG008,ASC000181,CUST00001410,,SALE,Store,Completed,POS_C,,True
TXN000008818,3816.7599999999998,1401.5499999999997,12.0,4,STR0022,REG022,ASC000124,,,SALE,Pickup,Completed,POS_C,,True
TXN000008821,3087.54,416.09000000000003,10.0,3,STR0001,REG008,ASC000288,CUST00001106,,SALE,Store,Completed,POS_C,,True
TXN000008822,544.75,257.05,5.0,1,STR0002,REG015,ASC000269,CUST00001283,2026-04-11 02:58:00,SALE,Pickup,Completed,POS_B,2026-04-11,True
TXN000008823,428.35,203.50000000000003,1.0,1,STR0007,REG007,ASC000079,CUST00001262,2026-05-31 16:30:00,SALE,Pickup,Completed,POS_C,2026-05-31,False
TXN000008832,5567.870000000001,3020.1800000000003,12.0,5,STR0013,REG024,ASC000437,,2026-04-16 19:14:00,SALE,Store,Completed,POS_B,2026-04-16,True
TXN000008833,579.21,286.78000000000003,1.0,1,STR0020,REG010,ASC000284,,,SALE,Store,Completed,POS_B,,True
TXN000008835,954.92,578.8599999999999,2.0,1,STR0012,REG004,ASC000194,CUST00000809,2026-05-19 10:40:00,SALE,Pickup,Completed,POS_A,2026-05-19,True
TXN000008836,756.32,144.74,2.0,1,STR0003,REG016,ASC000355,CUST00001652,,SALE,Pickup,Completed,POS_B,,True
TXN000008837,3972.6000000000004,1765.3000000000004,10.0,2,STR0022,REG007,ASC000124,CUST00001023,,SALE,Store,Completed,POS_B,,True
TXN000008838,4345.049999999999,1325.9799999999996,10.0,3,STR0011,REG026,ASC000012,CUST00000720,,SALE,Store,Completed,POS_B,,True
TXN000008839,4846.05,2111.5899999999997,7.0,3,STR0009,REG007,ASC000445,CUST00001458,2026-05-20 20:10:00,SALE,Store,Completed,POS_C,2026-05-20,True
TXN000008840,2297.3,819.69,10.0,5,STR0017,REG026,ASC000141,CUST00000559,,SALE,Pickup,Completed,POS_A,,True
TXN000008843,4710.8,2748.8,5.0,1,STR0021,REG005,ASC000450,CUST00000507,,SALE,Pickup,Completed,POS_C,,True
TXN000008844,204.6,10.599999999999994,4.0,1,STR0019,REG005,ASC000495,CUST00000513,2026-05-28 22:42:00,SALE,Store,Completed,POS_C,2026-05-28,False
TXN000008846,1217.54,665.79,3.0,2,STR0016,REG007,ASC000315,CUST00000300,2026-04-08 00:09:00,SALE,Store,Completed,POS_A,2026-04-08,True
TXN000008850,4715.03,2365.3,11.0,4,STR0008,REG020,ASC000361,CUST00000168,2026-05-14 09:03:00,SALE,Store,Completed,POS_A,2026-05-14,True
TXN000008852,1488.96,614.8,8.0,2,STR0020,REG014,ASC000170,CUST00000151,,SALE,Store,Completed,POS_A,,True
TXN000008856,725.08,38.440000000000055,4.0,1,STR0010,REG024,ASC000070,,2026-04-16 01:48:00,SALE,Pickup,Completed,POS_B,2026-04-16,True
TXN000008857,1574.16,746.1300000000001,6.0,2,STR_UNKNOWN,REG007,ASC000106,CUST00001517,2026-05-19 22:44:00,SALE,Pickup,Completed,POS_B,2026-05-19,True
TXN000008859,778.75,366.14,2.0,2,STR0018,REG024,ASC000341,CUST00001655,,SALE,Pickup,Completed,POS_B,,True
TXN000008860,1437.1799999999998,733.51,3.0,2,STR0023,REG002,ASC000061,CUST00001728,2026-05-13 15:37:00,SALE,Pickup,Completed,POS_B,2026-05-13,True
TXN000008861,968.7,492.55,5.0,1,STR0025,REG019,ASC000286,CUST00001430,2026-05-14 07:05:00,SALE,Store,Completed,POS_C,2026-05-14,True
TXN000008864,4894.049999999999,2809.1399999999994,8.0,2,STR0010,REG009,ASC000394,,,SALE,Store,Completed,POS_B,,True
TXN000008865,4199.15,1383.48,11.0,3,STR0009,REG005,ASC000246,CUST00001692,,SALE,Pickup,Completed,POS_A,,True
TXN000008866,2376.74,1298.78,5.0,2,STR0018,REG007,ASC000297,CUST00001618,,SALE,Store,Completed,POS_A,,True
TXN000008867,1651.68,513.0800000000002,4.0,1,STR0020,REG018,ASC000478,CUST00001661,2026-04-24 10:27:00,SALE,Pickup,Completed,POS_C,2026-04-24,True
TXN000008869,790.8499999999999,488.0499999999999,5.0,1,STR0009,REG028,ASC000485,CUST00001378,,SALE,Store,Completed,POS_C,,True
TXN000008870,5735.83,2298.1799999999994,13.0,3,STR0003,REG010,ASC000421,CUST00000618,,SALE,Pickup,Completed,POS_B,,True
TXN000008872,348.98,170.01000000000002,1.0,1,STR0014,REG010,ASC000381,CUST00001208,,SALE,Store,Completed,POS_A,,False
TXN000008873,3071.9900000000002,1557.32,6.0,2,STR0012,REG015,ASC000043,CUST00000348,,SALE,Pickup,Completed,POS_A,,True
TXN000008874,328.79,159.83,1.0,1,STR0008,REG007,ASC000265,CUST00001488,2026-04-20 06:04:00,SALE,Store,Completed,POS_C,2026-04-20,False
TXN000008876,5410.17,1481.28,11.0,4,STR0006,REG012,ASC000191,,2026-05-25 23:16:00,SALE,Store,Completed,POS_B,2026-05-25,True
TXN000008878,1528.0,534.28,4.0,1,STR0017,REG020,ASC000351,,2026-05-18 01:29:00,SALE,Pickup,Completed,POS_A,2026-05-18,True
TXN000008879,570.14,312.4,1.0,1,STR0008,REG021,ASC000400,CUST00001073,,SALE,Store,Completed,POS_C,,True
TXN000008880,1457.27,324.18999999999994,4.0,2,STR0008,REG028,ASC000277,CUST00000381,,SALE,Store,Completed,POS_A,,True
TXN000008883,3182.3599999999997,1198.25,6.0,4,STR0007,REG011,ASC000075,,2026-05-05 09:26:00,SALE,Pickup,Completed,POS_B,2026-05-05,True
TXN000008885,2068.3900000000003,1072.3200000000002,5.0,2,STR0004,REG025,ASC000423,,,SALE,Store,Completed,POS_B,,True
TXN000008886,2505.13,729.1700000000001,7.0,3,STR0005,REG003,ASC000397,,2026-04-28 22:24:00,SALE,Pickup,Completed,POS_A,2026-04-28,True
TXN000008888,4852.86,2292.62,7.0,3,STR0012,REG016,ASC000069,,2026-05-12 08:57:00,SALE,Pickup,Completed,POS_B,2026-05-12,True
TXN000008890,768.03,343.28999999999996,6.0,3,STR0018,REG025,ASC000476,CUST00000505,,SALE,Store,Completed,POS_B,,True
TXN000008894,3981.0699999999997,1155.22,13.0,5,STR0011,REG011,ASC000012,CUST00001531,,SALE,Store,Completed,POS_A,,True
TXN000008900,2296.23,1047.96,5.0,2,STR0025,REG017,ASC000493,CUST00000888,2026-04-30 17:48:00,SALE,Store,Completed,POS_B,2026-04-30,True
TXN000008901,1015.52,273.02,2.0,1,STR0023,REG021,ASC000042,CUST00001412,,SALE,Store,Completed,POS_C,,True
TXN000008902,1656.8999999999999,712.6499999999999,10.0,2,STR0005,REG024,ASC000161,CUST00000486,,SALE,Pickup,Completed,POS_B,,True
TXN000008903,477.16999999999996,199.38,3.0,2,STR0024,REG009,ASC000373,CUST00001466,,SALE,Pickup,Completed,POS_C,,False
TXN000008905,1727.1,1001.2599999999999,2.0,1,STR0019,REG001,ASC000027,,2026-05-13 14:12:00,SALE,Store,Completed,POS_B,2026-05-13,True
TXN000008910,4180.65,1601.27,9.0,3,STR0007,REG016,ASC000119,CUST00001238,2026-04-14 16:17:00,SALE,Store,Completed,POS_C,2026-04-14,True
TXN000008912,1024.72,284.12,4.0,1,STR0011,REG027,ASC000123,CUST00001366,2026-05-07 23:59:00,SALE,Store,Completed,POS_B,2026-05-07,True
TXN000008914,1288.18,220.64000000000004,4.0,2,STR0006,REG003,ASC000310,CUST00001113,,SALE,Store,Completed,POS_B,,True
TXN000008916,2628.1099999999997,1190.76,9.0,3,STR0005,REG002,ASC000343,CUST00000910,,SALE,Store,Completed,POS_B,,True
TXN000008918,793.52,271.19999999999993,2.0,1,STR0002,REG015,ASC000301,CUST00001674,2026-04-06 12:41:00,SALE,Store,Completed,POS_A,2026-04-06,True
TXN000008919,3897.6400000000003,723.1400000000002,10.0,3,STR0009,REG007,ASC000245,CUST00001214,,SALE,Store,Completed,POS_B,,True
TXN000008920,3979.14,2144.43,6.0,2,STR0006,REG010,ASC000226,CUST00000766,,SALE,Store,Completed,POS_C,,True
TXN000008923,1329.1,495.29,11.0,4,STR0009,REG002,ASC000058,CUST00001016,2026-05-24 09:15:00,SALE,Pickup,Completed,POS_B,2026-05-24,True
TXN000008924,432.17,206.76000000000005,5.0,3,STR0013,REG004,ASC000387,CUST00000670,2026-05-30 17:32:00,SALE,Store,Completed,POS_B,2026-05-30,False
TXN000008926,1422.6399999999999,829.03,2.0,2,STR0025,REG028,ASC000008,CUST00000134,2026-04-07 23:04:00,SALE,Pickup,Completed,POS_B,2026-04-07,True
TXN000008929,1042.72,304.53000000000003,4.0,2,STR0018,REG002,ASC000093,,2026-04-21 18:50:00,SALE,Pickup,Completed,POS_A,2026-04-21,True
TXN000008930,497.96000000000004,85.58000000000007,2.0,2,STR0015,REG006,ASC000020,,,SALE,Pickup,Completed,POS_B,,False
TXN000008935,4047.5,1806.8899999999999,7.0,4,STR0011,REG023,ASC000135,CUST00001213,,SALE,Pickup,Completed,POS_A,,True
TXN000008939,4678.63,1881.8599999999997,11.0,3,STR0019,REG018,ASC000260,CUST00001477,2026-05-15 19:54:00,SALE,Pickup,Completed,POS_B,2026-05-15,True
TXN000008943,742.2,373.54,2.0,1,STR0005,REG018,ASC000480,CUST00000988,2026-04-21 08:50:00,SALE,Store,Completed,POS_C,2026-04-21,True
TXN000008949,2757.93,1107.86,11.0,3,STR0012,REG022,ASC000092,CUST00001776,2026-05-02 22:35:00,SALE,Store,Completed,POS_C,2026-05-02,True
TXN000008950,946.74,509.96000000000004,4.0,2,STR0015,REG021,ASC000415,CUST00001346,,SALE,Store,Completed,POS_B,,True
TXN000008953,545.4,180.23999999999995,4.0,1,STR0024,REG010,ASC000186,CUST00001113,,SALE,Pickup,Completed,POS_A,,True
TXN000008955,2576.3,718.2500000000001,9.0,3,STR0013,REG018,ASC000091,CUST00001289,,SALE,Store,Completed,POS_B,,True
TXN000008956,914.93,487.59999999999997,1.0,1,STR0007,REG025,ASC000228,,2026-04-26 16:12:00,SALE,Pickup,Completed,POS_C,2026-04-26,True
TXN000008957,100.57,100.57,1.0,1,STR0004,REG021,ASC000009,CUST00001605,2026-04-30 11:36:00,SALE,Pickup,Completed,POS_B,2026-04-30,False
TXN000008962,1689.03,1059.69,3.0,1,STR0009,REG017,ASC000167,CUST00001393,2026-05-09 23:55:00,SALE,Store,Completed,POS_B,2026-05-09,True
TXN000008964,759.45,89.00999999999996,6.0,2,STR0015,REG005,ASC000338,,2026-05-03 17:53:00,SALE,Pickup,Completed,POS_A,2026-05-03,True
TXN000008967,2961.34,998.1000000000003,13.0,3,STR0012,REG017,ASC000023,CUST00001645,2026-05-16 21:15:00,SALE,Store,Completed,POS_A,2026-05-16,True
TXN000008972,259.44,114.19999999999999,4.0,1,STR0014,REG022,ASC000046,,,SALE,Store,Completed,POS_A,,False
TXN000008975,430.98,116.46000000000004,1.0,1,STR0024,REG015,ASC000289,CUST00001488,,SALE,Store,Completed,POS_A,,False
TXN000008976,1664.7,1041.74,2.0,1,STR0021,REG009,ASC000234,CUST00001204,,SALE,Store,Completed,POS_B,,True
TXN000008977,3536.8199999999997,1373.58,13.0,5,STR0010,REG023,ASC000402,,,SALE,Store,Completed,POS_C,,True
TXN000008981,2287.4300000000003,977.1,8.0,3,STR0011,REG016,ASC000138,CUST00000735,,SALE,Store,Completed,POS_B,,True
TXN000008982,1814.6100000000001,813.72,5.0,2,STR0002,REG021,ASC000304,CUST00000389,,SALE,Pickup,Completed,POS_A,,True
TXN000008985,51.33,-6.060000000000002,1.0,1,STR0002,REG023,ASC000348,CUST00001244,,SALE,Store,Completed,POS_B,,False
TXN000008986,1433.65,725.77,4.0,3,STR0002,REG013,ASC000188,CUST00001657,,SALE,Store,Completed,POS_C,,True
TXN000008988,890.96,244.96000000000004,4.0,1,STR0008,REG008,ASC000458,,2026-04-05 19:44:00,SALE,Store,Completed,POS_C,2026-04-05,True
TXN000008992,41.94,5.579999999999998,1.0,1,STR0005,REG003,ASC000111,CUST00001111,2026-05-09 21:11:00,SALE,Store,Completed,POS_B,2026-05-09,False
TXN000008994,442.46000000000004,247.06,4.0,2,STR0003,REG006,ASC000028,CUST00000258,2026-04-18 08:55:00,SALE,Store,Completed,POS_B,2026-04-18,False
TXN000008997,1446.8999999999999,663.9999999999998,5.0,1,STR0013,REG024,ASC000238,CUST00001547,,SALE,Store,Completed,POS_B,,True
TXN000008998,5599.2,2324.3499999999995,12.0,3,STR0002,REG019,ASC000348,CUST00000672,,SALE,Store,Completed,POS_C,,True
TXN000009000,1788.65,753.3,5.0,2,STR0007,REG017,ASC000255,,2026-05-08 06:23:00,SALE,Store,Completed,POS_C,2026-05-08,True
