customer_id,customer_name,email,city,state,region,signup_date,loyalty_tier,household_size,active_flag,customer_hash,store_transactions,store_sales,store_units,online_orders,online_sales,online_units,lifetime_sales,omnichannel_flag
CUST00000906,Jordan Brown 906,customer906@example.com,Albany,NY,Northeast,,Plus,2.0,True,925c2eefd7047e442039,4.0,13528.18,30.0,3.0,12141.630000000001,25.0,25669.81,True
CUST00000979,Jordan Smith 979,customer979@example.com,Buffalo,NY,Northeast,,Plus,2.0,True,4d22d94b5748b1858c4c,6.0,20914.21,44.0,2.0,4346.98,7.0,25261.19,True
CUST00001044,Casey Patel 1044,customer1044@example.com,Austin,TX,South,2023-01-21,Unknown,1.0,True,ed841289a1353fb4398e,5.0,20488.28,45.0,3.0,2989.37,11.0,23477.649999999998,True
CUST00000032,Casey Smith 32,customer32@example.com,Sacramento,CA,West,2022-09-25,Silver,2.0,True,e7d87ef996214d8e6e27,3.0,10689.61,22.0,5.0,10822.78,25.0,21512.39,True
CUST00000644,Alex Garcia 644,customer644@example.com,Tacoma,WA,West,2022-11-15,Plus,5.0,True,1da328be152e5ca52c0a,4.0,16752.16,43.0,1.0,4554.93,7.0,21307.09,True
CUST00000595,Morgan Smith 595,customer595@example.com,Chicago,IL,Midwest,,Unknown,,True,f1135d61acc331892082,5.0,14087.16,35.0,1.0,6339.42,12.0,20426.58,True
CUST00000601,Alex Smith 601,customer601@example.com,Savannah,GA,South,,Gold,2.0,True,20a7ddbd6751a805cab6,5.0,17856.079999999998,52.0,2.0,2132.68,9.0,19988.76,True
CUST00000764,Jordan Brown 764,customer764@example.com,Orlando,FL,South,,Gold,1.0,True,e54ee7883a297f76ffd8,2.0,4788.69,10.0,3.0,15175.21,24.0,19963.899999999998,True
CUST00000646,Jordan Smith 646,customer646@example.com,Aurora,CO,West,2021-08-16,Silver,6.0,True,f374a2c8f313eace1ff5,2.0,3794.7,8.0,4.0,16064.01,33.0,19858.71,True
CUST00001230,Jordan Garcia 1230,customer1230@example.com,Albany,NY,Northeast,,Basic,4.0,False,90305a0cc62f2038c9b1,5.0,10738.38,27.0,1.0,8754.06,11.0,19492.44,True
CUST00001274,Casey Garcia 1274,customer1274@example.com,Albany,NY,Northeast,,Silver,,True,2873147f3b49a3bdb2a0,5.0,17078.24,57.0,1.0,2209.21,7.0,19287.45,True
CUST00000793,Morgan Garcia 793,customer793@example.com,Atlanta,GA,South,,Gold,4.0,True,adb521860692b68d31f9,2.0,5101.66,8.0,5.0,14009.18,25.0,19110.84,True
CUST00001482,Riley Garcia 1482,customer1482@example.com,Buffalo,NY,Northeast,,Basic,4.0,True,595b5dcf44f8955b1ec2,2.0,9392.85,22.0,2.0,9668.79,16.0,19061.64,True
CUST00000648,Morgan Smith 648,customer648@example.com,Houston,TX,South,,Basic,,False,37f1ee03b57b73d7c83c,4.0,6961.49,24.0,4.0,11314.28,24.0,18275.77,True
CUST00001268,Riley Patel 1268,customer1268@example.com,Seattle,WA,West,,Gold,6.0,True,514476b1aa9b4a1e1311,4.0,12929.26,29.0,1.0,5331.39,8.0,18260.65,True
CUST00000140,Morgan Lee 140,customer140@example.com,Los Angeles,CA,West,2025-11-11,Unknown,4.0,True,5480e4c85a4ff6266ad7,8.0,17322.25,45.0,1.0,686.4,4.0,18008.65,True
CUST00000346,Jordan Patel 346,customer346@example.com,Savannah,GA,South,,Gold,1.0,False,d1b937ad6eedc8fe39b5,3.0,10865.259999999998,18.0,4.0,7031.23,15.0,17896.489999999998,True
CUST00000910,Morgan Kim 910,customer910@example.com,Atlanta,GA,South,2022-01-04,Plus,5.0,True,f3ca182ccc8c6b68532e,2.0,6372.150000000001,19.0,3.0,11455.5,23.0,17827.65,True
CUST00001795,Morgan Kim 1795,customer1795@example.com,Aurora,CO,West,,Unknown,6.0,True,c88a8354cdcb2cc73a7b,3.0,7901.62,15.0,3.0,9837.43,18.0,17739.05,True
CUST00000180,Riley Kim 180,customer180@example.com,Buffalo,NY,Northeast,,Gold,4.0,True,93accf077b5f2082f0f7,2.0,1500.12,10.0,3.0,16174.16,32.0,17674.28,True
CUST00001107,Morgan Patel 1107,customer1107@example.com,Buffalo,NY,Northeast,2023-08-19,Gold,1.0,True,1c0707828578dddbb9d8,4.0,11638.33,38.0,2.0,5951.12,16.0,17589.45,True
CUST00000006,Jordan Garcia 6,customer6@example.com,Savannah,GA,South,,Plus,5.0,True,d2b216a02820d892fedd,3.0,8267.61,19.0,3.0,8951.16,19.0,17218.77,True
CUST00001709,Morgan Garcia 1709,customer1709@example.com,Sacramento,CA,West,,Plus,5.0,True,544a6aaad46627023d3e,3.0,11821.58,29.0,3.0,5387.049999999999,12.0,17208.629999999997,True
CUST00001770,Riley Brown 1770,customer1770@example.com,Denver,CO,West,,Basic,3.0,True,041e7cefb59d400f1477,5.0,16905.09,38.0,0.0,0.0,0.0,16905.09,False
CUST00000781,Taylor Patel 781,customer781@example.com,Denver,CO,West,2021-11-03,Gold,1.0,True,c2fdcadc4265f4520d57,3.0,10034.33,21.0,2.0,6849.62,15.0,16883.95,True
CUST00000019,Taylor Kim 19,customer19@example.com,Dallas,TX,South,,Silver,6.0,True,5d192626926e33ec9fc7,3.0,12007.95,31.0,1.0,4856.63,11.0,16864.58,True
CUST00000389,Taylor Garcia 389,customer389@example.com,Tacoma,WA,West,,Basic,2.0,False,cdea9ab2d53de1fbb960,3.0,10426.55,25.0,1.0,6203.800000000001,10.0,16630.35,True
CUST00001130,Casey Patel 1130,customer1130@example.com,Orlando,FL,South,,Unknown,4.0,True,3533eabae391e30a26d6,5.0,7651.49,27.0,2.0,8925.75,15.0,16577.239999999998,True
CUST00001002,Casey Lee 1002,customer1002@example.com,Orlando,FL,South,,Plus,6.0,False,b82ba121082da366826b,4.0,14248.7,36.0,1.0,2185.2,6.0,16433.9,True
CUST00000364,Taylor Brown 364,customer364@example.com,Los Angeles,CA,West,2020-04-14,Plus,4.0,True,1e6f88e07d1088dc12a7,4.0,7304.5,15.0,3.0,9097.36,23.0,16401.86,True
CUST00001614,Riley Brown 1614,customer1614@example.com,Tacoma,WA,West,,Unknown,4.0,True,4cd3851ad4a4f078b5ce,4.0,16291.83,41.0,0.0,0.0,0.0,16291.83,False
CUST00001307,Morgan Smith 1307,customer1307@example.com,Savannah,GA,South,2020-06-12,Basic,6.0,True,efcfc46bd2a27728e2dd,2.0,7798.57,17.0,3.0,8405.359999999999,19.0,16203.929999999998,True
CUST00000169,Morgan Lee 169,customer169@example.com,Tacoma,WA,West,2020-12-10,Unknown,4.0,False,e6d25612669561534254,4.0,11094.759999999998,33.0,2.0,5085.25,19.0,16180.009999999998,True
CUST00001098,Morgan Lee 1098,customer1098@example.com,Peoria,IL,Midwest,2025-05-26,Basic,5.0,True,09b2505f68c717c99e38,2.0,5483.46,15.0,3.0,10586.58,27.0,16070.04,True
CUST00000255,Casey Lee 255,customer255@example.com,Sacramento,CA,West,2025-01-25,Gold,3.0,True,a8bb3cbe10199c060f98,2.0,8978.88,26.0,3.0,6899.280000000001,22.0,15878.16,True
CUST00001700,Morgan Brown 1700,customer1700@example.com,Seattle,WA,West,,Gold,,True,03e7fa63d594ff88586b,4.0,13238.02,24.0,1.0,2607.47,5.0,15845.49,True
CUST00001171,Jordan Patel 1171,customer1171@example.com,Savannah,GA,South,,Unknown,6.0,True,b9385cf1f651b0503063,1.0,5919.45,17.0,2.0,9839.56,21.0,15759.009999999998,True
CUST00001204,Morgan Garcia 1204,customer1204@example.com,Seattle,WA,West,2022-01-04,Unknown,3.0,True,d45d5001b83385bfd497,4.0,10116.17,21.0,2.0,5489.280000000001,14.0,15605.45,True
CUST00000328,Taylor Lee 328,customer328@example.com,Atlanta,GA,South,2020-05-14,Gold,3.0,True,8845ca7a9f716e4e1310,2.0,4553.41,11.0,5.0,11038.35,24.0,15591.76,True
CUST00000983,Alex Smith 983,customer983@example.com,Seattle,WA,West,,Gold,6.0,True,e64bf7e874f21d497671,2.0,8915.99,18.0,1.0,6659.37,16.0,15575.36,True
CUST00001388,Jordan Patel 1388,customer1388@example.com,Denver,CO,West,,Plus,6.0,True,89f84a623e24c5ad628f,2.0,6668.98,16.0,3.0,8876.82,21.0,15545.8,True
CUST00000705,Jordan Kim 705,customer705@example.com,Los Angeles,CA,West,,Plus,5.0,True,3c31d02839a0d9b1179f,4.0,10540.23,20.0,1.0,4772.92,10.0,15313.15,True
CUST00000384,Taylor Brown 384,customer384@example.com,Albany,NY,Northeast,,Gold,3.0,True,3048b45688de7c8edf0b,0.0,0.0,0.0,5.0,15296.039999999999,39.0,15296.039999999999,False
CUST00000627,Alex Kim 627,customer627@example.com,Albany,NY,Northeast,,Unknown,,False,63bd3fa80fe3571d055a,5.0,15290.27,41.0,0.0,0.0,0.0,15290.27,False
CUST00000209,Jordan Lee 209,customer209@example.com,Buffalo,NY,Northeast,,Silver,,True,7e1df62d124076f05228,3.0,11169.480000000001,22.0,2.0,4014.34,8.0,15183.820000000002,True
CUST00001346,Riley Patel 1346,customer1346@example.com,Atlanta,GA,South,2025-05-07,Plus,3.0,True,5408cb34ff5f699d9880,5.0,15126.02,38.0,0.0,0.0,0.0,15126.02,False
CUST00000478,Jordan Lee 478,customer478@example.com,Orlando,FL,South,2025-11-28,Unknown,,True,84271c5b60c1a5a1d3b8,3.0,15092.39,24.0,0.0,0.0,0.0,15092.39,False
CUST00001024,Casey Brown 1024,customer1024@example.com,Denver,CO,West,,Unknown,,False,a9800b909512f2176d78,2.0,11047.27,21.0,1.0,3960.8599999999997,6.0,15008.130000000001,True
CUST00001319,Morgan Smith 1319,customer1319@example.com,Austin,TX,South,2022-04-01,Silver,2.0,True,7285d82117b755e2f8d5,5.0,14903.499999999998,36.0,0.0,0.0,0.0,14903.499999999998,False
CUST00001773,Taylor Smith 1773,customer1773@example.com,Los Angeles,CA,West,,Gold,3.0,True,472650d78da282213541,2.0,7932.049999999999,12.0,1.0,6970.95,14.0,14903.0,True
CUST00000625,Taylor Garcia 625,customer625@example.com,Orlando,FL,South,2020-08-31,Plus,1.0,True,e1340920690f8da1591d,4.0,11260.79,28.0,2.0,3537.39,11.0,14798.18,True
CUST00000920,Casey Garcia 920,customer920@example.com,Dallas,TX,South,,Unknown,2.0,True,a14ebc9683abf9cdb393,2.0,3759.6,12.0,3.0,11026.300000000001,24.0,14785.900000000001,True
CUST00001734,Morgan Brown 1734,customer1734@example.com,Albany,NY,Northeast,,Unknown,,True,0182ca9868759e08227a,2.0,11328.14,21.0,1.0,3427.87,8.0,14756.009999999998,True
CUST00000110,Morgan Patel 110,customer110@example.com,Miami,FL,South,,Gold,3.0,True,5687b2aa6313998b45b6,3.0,12829.24,30.0,1.0,1834.8600000000001,3.0,14664.1,True
CUST00000381,Alex Kim 381,customer381@example.com,Atlanta,GA,South,,Gold,,False,1dfc7902c6823538ff47,2.0,9378.189999999999,21.0,1.0,5213.549999999999,12.0,14591.739999999998,True
CUST00000596,Morgan Brown 596,customer596@example.com,Albany,NY,Northeast,,Unknown,,False,fbdcecc731da64ad8d67,4.0,10086.75,25.0,3.0,4491.99,11.0,14578.74,True
CUST00001190,Taylor Patel 1190,customer1190@example.com,Houston,TX,South,,Plus,4.0,True,f000bb9800d3a4c5c1d6,3.0,3044.48,6.0,3.0,11503.289999999999,18.0,14547.769999999999,True
CUST00000634,Morgan Patel 634,customer634@example.com,Savannah,GA,South,,Plus,2.0,False,9a4b2f5ffcd18cd09465,1.0,3772.41,11.0,2.0,10737.310000000001,19.0,14509.720000000001,True
CUST00000547,Casey Kim 547,customer547@example.com,Atlanta,GA,South,2024-10-25,Unknown,5.0,True,62a72164e4d8c470b7c7,4.0,11156.84,31.0,2.0,3349.29,15.0,14506.130000000001,True
CUST00000350,Morgan Patel 350,customer350@example.com,Orlando,FL,South,2023-02-11,Basic,6.0,True,dbcfb4b0692f5435fc10,3.0,8883.75,23.0,2.0,5581.91,11.0,14465.66,True
CUST00000104,Casey Patel 104,unknown@example.com,Los Angeles,CA,West,,Gold,5.0,True,59a3c478648713e83ac7,4.0,8374.33,17.0,4.0,6063.91,18.0,14438.24,True
CUST00000309,Alex Patel 309,customer309@example.com,Tacoma,WA,West,2023-06-22,Silver,3.0,True,5ffa84937be584e8befc,4.0,13594.47,27.0,1.0,806.98,3.0,14401.449999999999,True
CUST00001375,Riley Brown 1375,customer1375@example.com,Houston,TX,South,,Gold,4.0,True,f029165e309d02e53a45,5.0,9557.62,25.0,1.0,4764.24,6.0,14321.86,True
CUST00000349,Taylor Patel 349,customer349@example.com,Denver,CO,West,2021-09-04,Unknown,6.0,True,d12911d0ff36000edf28,2.0,3952.86,6.0,2.0,10296.289999999999,24.0,14249.15,True
CUST00001153,Riley Garcia 1153,customer1153@example.com,Peoria,IL,Midwest,2022-09-18,Plus,1.0,True,e35aaad6caabab0d8806,7.0,14230.86,42.0,0.0,0.0,0.0,14230.86,False
CUST00001798,Taylor Patel 1798,customer1798@example.com,Los Angeles,CA,West,2023-05-30,Gold,5.0,True,94936e1190c0403481fc,1.0,1471.38,2.0,3.0,12733.93,28.0,14205.310000000001,True
CUST00001617,Morgan Patel 1617,customer1617@example.com,Seattle,WA,West,,Gold,2.0,True,a6d8a994dd42e317a1a9,6.0,11674.13,39.0,1.0,2484.98,8.0,14159.109999999999,True
CUST00001212,Jordan Patel 1212,customer1212@example.com,Sacramento,CA,West,2022-09-17,Plus,,False,2a22e07ca85714e1cd92,2.0,5978.69,16.0,2.0,8146.52,16.0,14125.21,True
CUST00000175,Alex Garcia 175,customer175@example.com,Chicago,IL,Midwest,,Plus,2.0,True,793db16bfa0bc9021731,2.0,6345.93,11.0,5.0,7739.82,26.0,14085.75,True
CUST00000510,Casey Lee 510,customer510@example.com,Houston,TX,South,2020-03-18,Plus,6.0,False,40931966fc70110965c1,2.0,5677.45,11.0,2.0,8406.51,23.0,14083.96,True
CUST00001062,Morgan Kim 1062,customer1062@example.com,Dallas,TX,South,2020-10-28,Gold,1.0,True,3889f8e78f61f16a39eb,2.0,8756.81,17.0,2.0,5308.2,15.0,14065.009999999998,True
CUST00000306,Casey Smith 306,customer306@example.com,Dallas,TX,South,,Unknown,5.0,True,f57411ea43d1cd986ce3,4.0,8939.29,19.0,2.0,5073.03,13.0,14012.32,True
CUST00001665,Morgan Brown 1665,customer1665@example.com,Albany,NY,Northeast,,Gold,,True,52a0548d800907185678,0.0,0.0,0.0,4.0,13927.39,37.0,13927.39,False
CUST00001045,Jordan Kim 1045,customer1045@example.com,Peoria,IL,Midwest,2020-08-08,Gold,3.0,True,7c9159170619740b9c4f,5.0,10877.24,29.0,2.0,3022.45,6.0,13899.689999999999,True
CUST00000147,Alex Kim 147,customer147@example.com,Los Angeles,CA,West,,Unknown,,True,6612b2d989c0e764c690,1.0,4141.68,9.0,2.0,9539.84,12.0,13681.52,True
CUST00000663,Alex Patel 663,customer663@example.com,Los Angeles,CA,West,2024-10-06,Basic,,True,9995434dc983aa791857,3.0,3026.0299999999997,9.0,2.0,10588.79,23.0,13614.82,True
CUST00000567,Taylor Garcia 567,customer567@example.com,Austin,TX,South,2022-08-23,Gold,5.0,True,7f49e67400560045dc5c,3.0,13603.89,35.0,0.0,0.0,0.0,13603.89,False
CUST00000322,Casey Garcia 322,customer322@example.com,Houston,TX,South,2023-06-06,Basic,,True,6ca66825c31955ac0af5,4.0,11916.12,20.0,1.0,1685.55,4.0,13601.67,True
CUST00000287,Jordan Garcia 287,customer287@example.com,Albany,NY,Northeast,2025-03-13,Gold,6.0,True,d182a659361dbbf40f7a,2.0,3860.24,10.0,4.0,9680.55,21.0,13540.789999999999,True
CUST00001141,Jordan Smith 1141,customer1141@example.com,Denver,CO,West,,Gold,4.0,True,ac72731bc44a51ebbf0e,2.0,1780.05,6.0,2.0,11695.74,23.0,13475.789999999999,True
CUST00000849,Morgan Brown 849,customer849@example.com,Dallas,TX,South,2025-06-08,Gold,2.0,True,75140dfde440887106de,2.0,5905.17,14.0,1.0,7507.16,14.0,13412.33,True
CUST00001296,Jordan Kim 1296,customer1296@example.com,Chicago,IL,Midwest,2021-01-20,Gold,,False,ce86060e680d7417bb10,1.0,5170.400000000001,12.0,1.0,8192.5,15.0,13362.900000000001,True
CUST00001203,Alex Brown 1203,customer1203@example.com,Albany,NY,Northeast,2020-10-08,Gold,4.0,True,4cd8b13ced152861d06c,0.0,0.0,0.0,4.0,13360.4,22.0,13360.4,False
CUST00001637,Taylor Kim 1637,customer1637@example.com,Miami,FL,South,2020-08-09,Gold,2.0,True,0a3762315cd2550fb166,3.0,13278.91,30.0,0.0,0.0,0.0,13278.91,False
CUST00000329,Riley Patel 329,customer329@example.com,Albany,NY,Northeast,2024-05-14,Gold,,True,612ab86da427ea9e5909,2.0,13248.76,28.0,0.0,0.0,0.0,13248.76,False
CUST00001012,Jordan Garcia 1012,customer1012@example.com,Orlando,FL,South,2021-06-09,Silver,3.0,True,19ccdf2a22c19f438016,4.0,8805.87,22.0,1.0,4442.49,14.0,13248.36,True
CUST00000100,Morgan Lee 100,customer100@example.com,Seattle,WA,West,,Silver,4.0,True,e3dae48538ea779cdf79,2.0,9128.720000000001,20.0,1.0,4092.08,8.0,13220.800000000001,True
CUST00000720,Riley Smith 720,customer720@example.com,Orlando,FL,South,,Plus,3.0,True,09d3d0995108175c0a5e,4.0,11943.73,30.0,1.0,1243.8899999999999,7.0,13187.619999999999,True
CUST00000622,Casey Garcia 622,customer622@example.com,Atlanta,GA,South,2024-06-16,Gold,4.0,True,cd2724d22b689fd70ce9,3.0,12247.470000000001,30.0,1.0,873.76,3.0,13121.230000000001,True
CUST00000940,Morgan Lee 940,customer940@example.com,Buffalo,NY,Northeast,2025-12-13,Silver,1.0,True,b04557225e5f976d4709,3.0,12260.97,34.0,1.0,855.91,5.0,13116.88,True
CUST00000507,Alex Brown 507,customer507@example.com,Seattle,WA,West,2024-10-05,Basic,1.0,True,28ece203994c1379eaae,4.0,13045.06,27.0,0.0,0.0,0.0,13045.06,False
CUST00000526,Jordan Patel 526,customer526@example.com,Austin,TX,South,2021-02-13,Unknown,5.0,False,12c913796041813db1bf,2.0,8293.58,21.0,1.0,4709.76,9.0,13003.34,True
CUST00000504,Riley Brown 504,customer504@example.com,Seattle,WA,West,2020-04-14,Unknown,,True,2a09a676003651a78462,3.0,7147.54,17.0,1.0,5845.08,10.0,12992.619999999999,True
CUST00000182,Jordan Lee 182,customer182@example.com,Aurora,CO,West,2025-08-09,Silver,5.0,True,5a18360106a342ee8dd9,6.0,12925.960000000001,26.0,0.0,0.0,0.0,12925.960000000001,False
CUST00000946,Alex Garcia 946,customer946@example.com,Albany,NY,Northeast,,Unknown,2.0,True,8e863d135fe62e1ef522,3.0,12925.68,27.0,0.0,0.0,0.0,12925.68,False
CUST00001115,Jordan Garcia 1115,customer1115@example.com,Austin,TX,South,2025-04-15,Basic,2.0,True,fa7228aa9c3e09e07aba,3.0,12914.9,26.0,0.0,0.0,0.0,12914.9,False
CUST00000819,Alex Smith 819,customer819@example.com,Chicago,IL,Midwest,2024-07-17,Silver,4.0,True,742b2a049a706a66d0b7,3.0,7684.63,14.0,1.0,5226.73,11.0,12911.36,True
CUST00000635,Casey Brown 635,customer635@example.com,Albany,NY,Northeast,2022-05-29,Silver,2.0,False,1cc5777281c88796d440,2.0,4703.13,13.0,3.0,8147.23,17.0,12850.36,True
CUST00000577,Morgan Garcia 577,customer577@example.com,Albany,NY,Northeast,2023-03-22,Gold,1.0,False,0e77cc7fa8c259efe51e,2.0,2180.81,6.0,3.0,10580.0,23.0,12760.81,True
CUST00001517,Casey Lee 1517,customer1517@example.com,Buffalo,NY,Northeast,2020-06-14,Unknown,1.0,True,6687538d1d84191080e9,3.0,5078.22,21.0,2.0,7675.77,17.0,12753.990000000002,True
CUST00001757,Riley Kim 1757,customer1757@example.com,Savannah,GA,South,2021-05-09,Unknown,6.0,True,50de37ca9eae5295c2fc,1.0,1844.75,6.0,2.0,10846.51,19.0,12691.26,True
CUST00000516,Jordan Lee 516,customer516@example.com,Austin,TX,South,2023-10-02,Plus,5.0,True,38cdb5d3b74df2469870,1.0,5161.08,9.0,2.0,7480.2699999999995,16.0,12641.349999999999,True
CUST00000505,Jordan Garcia 505,unknown@example.com,Dallas,TX,South,2020-08-09,Basic,1.0,False,a201f20da1da9a783c8b,6.0,12549.59,32.0,0.0,0.0,0.0,12549.59,False
CUST00001109,Jordan Brown 1109,customer1109@example.com,Aurora,CO,West,2026-04-18,Basic,5.0,True,e4c5154c7ba5e3f088d9,4.0,12539.43,36.0,0.0,0.0,0.0,12539.43,False
CUST00000866,Taylor Patel 866,customer866@example.com,Atlanta,GA,South,2025-09-28,Silver,5.0,True,6a44a41f22ad6eabf724,1.0,1208.62,5.0,4.0,11318.28,22.0,12526.900000000001,True
CUST00001439,Casey Garcia 1439,customer1439@example.com,Dallas,TX,South,,Basic,5.0,True,09735a84d81a554ecd92,3.0,12517.56,31.0,0.0,0.0,0.0,12517.56,False
CUST00000210,Morgan Patel 210,customer210@example.com,Los Angeles,CA,West,,Silver,1.0,True,10f38d6efd03cd0d6ac4,1.0,5174.46,10.0,2.0,7331.72,17.0,12506.18,True
CUST00001367,Taylor Kim 1367,customer1367@example.com,Peoria,IL,Midwest,2020-09-16,Silver,4.0,True,471339d519478ca74d0d,1.0,1763.3,6.0,3.0,10692.41,19.0,12455.71,True
CUST00000027,Riley Patel 27,customer27@example.com,Atlanta,GA,South,,Basic,4.0,False,d8f4005fe90151d7acf6,2.0,2027.46,7.0,3.0,10427.46,22.0,12454.919999999998,True
CUST00001023,Jordan Smith 1023,customer1023@example.com,Dallas,TX,South,2022-02-14,Gold,,True,066533501a1e5e0e55d5,2.0,7438.740000000001,20.0,2.0,4992.9800000000005,13.0,12431.720000000001,True
CUST00001163,Casey Garcia 1163,customer1163@example.com,Peoria,IL,Midwest,,Basic,4.0,True,28b66de7b1f5bb71c216,3.0,3800.88,15.0,3.0,8608.82,20.0,12409.7,True
CUST00001694,Casey Smith 1694,customer1694@example.com,Atlanta,GA,South,2021-02-16,Gold,2.0,True,cbc653fc290fd8b3ae34,2.0,6883.02,14.0,1.0,5515.26,12.0,12398.28,True
CUST00001530,Alex Patel 1530,customer1530@example.com,Sacramento,CA,West,,Gold,1.0,True,846d696c192239172eb4,3.0,12361.32,35.0,0.0,0.0,0.0,12361.32,False
CUST00000911,Alex Garcia 911,customer911@example.com,Chicago,IL,Midwest,,Unknown,3.0,True,28d34b753e00ee93380b,2.0,7166.13,16.0,1.0,5169.31,9.0,12335.44,True
CUST00000258,Riley Smith 258,customer258@example.com,Orlando,FL,South,2025-06-01,Basic,5.0,True,aa9b6403468cb4a80cfd,4.0,11598.94,41.0,1.0,715.1800000000001,3.0,12314.12,True
CUST00001200,Riley Kim 1200,customer1200@example.com,Miami,FL,South,,Gold,3.0,True,ae0e857002ba66763e80,2.0,4598.68,18.0,3.0,7713.29,17.0,12311.970000000001,True
CUST00001033,Morgan Lee 1033,customer1033@example.com,Austin,TX,South,2024-10-17,Silver,5.0,True,940b469ad1fc8ead60b3,3.0,11738.890000000001,19.0,1.0,533.03,5.0,12271.920000000002,True
CUST00000028,Morgan Kim 28,customer28@example.com,Miami,FL,South,2026-02-16,Gold,2.0,True,ee907ae9a7066fd0e0ae,4.0,12271.32,28.0,0.0,0.0,0.0,12271.32,False
CUST00001404,Taylor Lee 1404,customer1404@example.com,Albany,NY,Northeast,2025-01-27,Gold,6.0,False,1233895c1f63a6d9d9e6,2.0,5712.719999999999,14.0,2.0,6543.96,13.0,12256.68,True
CUST00001497,Taylor Patel 1497,customer1497@example.com,Atlanta,GA,South,,Basic,6.0,False,3e4b5231c4841612ada4,4.0,6463.719999999999,18.0,1.0,5765.780000000001,7.0,12229.5,True
CUST00000782,Taylor Smith 782,customer782@example.com,Atlanta,GA,South,,Basic,6.0,True,78d6d76f95086bd5e9da,2.0,9014.02,14.0,3.0,3212.7200000000003,14.0,12226.740000000002,True
CUST00001717,Riley Brown 1717,customer1717@example.com,Chicago,IL,Midwest,2023-11-23,Plus,1.0,False,a5f3598547f0a3955139,3.0,11451.45,26.0,1.0,768.99,5.0,12220.44,True
CUST00000700,Morgan Smith 700,customer700@example.com,Atlanta,GA,South,,Gold,,True,5d99f4906fd146564e35,1.0,3369.74,7.0,2.0,8841.2,10.0,12210.94,True
CUST00001076,Riley Patel 1076,customer1076@example.com,Aurora,CO,West,2021-01-05,Silver,3.0,True,e62a5daed611ff8ac068,4.0,10617.74,21.0,2.0,1585.46,6.0,12203.2,True
CUST00000933,Alex Kim 933,customer933@example.com,Seattle,WA,West,2025-10-10,Gold,1.0,True,9abe5a47ecf60b0224dc,2.0,6685.6900000000005,18.0,2.0,5507.76,12.0,12193.45,True
CUST00000541,Casey Brown 541,customer541@example.com,Houston,TX,South,2024-08-30,Plus,3.0,True,00f2ea452d5e21a80e0f,3.0,10918.81,24.0,2.0,1273.19,7.0,12192.0,True
CUST00000473,Casey Smith 473,customer473@example.com,Orlando,FL,South,,Gold,5.0,False,349df979c0d0ed6c0add,2.0,11376.25,19.0,1.0,807.29,1.0,12183.54,True
CUST00001132,Casey Patel 1132,customer1132@example.com,Albany,NY,Northeast,2023-08-29,Basic,,True,6591a3bb8976a5250463,2.0,6281.21,19.0,2.0,5901.719999999999,17.0,12182.93,True
CUST00000039,Jordan Kim 39,customer39@example.com,Aurora,CO,West,,Silver,5.0,True,65064b275e918edbfa4f,2.0,7854.71,18.0,2.0,4315.73,10.0,12170.439999999999,True
CUST00001295,Riley Smith 1295,customer1295@example.com,Orlando,FL,South,,Basic,2.0,True,75cc1b7e7e947f425326,3.0,6687.570000000001,23.0,3.0,5460.6,7.0,12148.170000000002,True
CUST00001104,Taylor Brown 1104,customer1104@example.com,Aurora,CO,West,,Basic,,True,1d769b62ff752cfa5f0d,3.0,6593.320000000001,13.0,2.0,5537.64,12.0,12130.960000000001,True
CUST00000087,Alex Brown 87,customer87@example.com,Orlando,FL,South,2025-08-17,Gold,5.0,False,08664faf1b0fbc6b3c4a,3.0,9818.04,19.0,2.0,2287.96,9.0,12106.0,True
CUST00000750,Alex Brown 750,customer750@example.com,Atlanta,GA,South,2023-08-31,Gold,5.0,True,2dfa803011eec50f80a7,3.0,9555.460000000001,25.0,1.0,2520.58,10.0,12076.04,True
CUST00000835,Taylor Lee 835,customer835@example.com,Sacramento,CA,West,2026-04-06,Plus,6.0,True,da32c1f961a46a149e42,4.0,9466.31,27.0,1.0,2606.08,5.0,12072.39,True
CUST00000531,Alex Patel 531,customer531@example.com,Denver,CO,West,,Plus,1.0,True,e821d20b201b88de06c6,2.0,5230.3099999999995,15.0,2.0,6831.3,12.0,12061.61,True
CUST00001651,Alex Smith 1651,customer1651@example.com,Buffalo,NY,Northeast,2022-09-16,Gold,3.0,True,08dca7aae1eb792ff221,2.0,5890.389999999999,13.0,2.0,6148.240000000001,12.0,12038.630000000001,True
CUST00001769,Morgan Lee 1769,customer1769@example.com,Orlando,FL,South,2022-06-06,Unknown,2.0,True,f1855f2110786ed1f117,2.0,1311.62,6.0,4.0,10679.09,34.0,11990.71,True
CUST00000981,Jordan Lee 981,customer981@example.com,Savannah,GA,South,2023-03-22,Plus,1.0,True,93413055a248ae77ce4c,3.0,3773.19,14.0,2.0,8214.28,17.0,11987.470000000001,True
CUST00000451,Taylor Kim 451,customer451@example.com,Tacoma,WA,West,,Gold,6.0,True,1b2ec9a8f5e70bcf8e8f,1.0,3917.0499999999997,9.0,2.0,8066.66,13.0,11983.71,True
CUST00001799,Morgan Brown 1799,customer1799@example.com,Orlando,FL,South,,Basic,1.0,True,d3da3b5b9457de32bdd4,2.0,5205.0199999999995,12.0,2.0,6763.969999999999,18.0,11968.989999999998,True
CUST00000035,Taylor Lee 35,customer35@example.com,Denver,CO,West,,Gold,1.0,True,7969de77f336708f9b26,2.0,5638.5599999999995,11.0,2.0,6328.0199999999995,11.0,11966.579999999998,True
CUST00001422,Alex Patel 1422,customer1422@example.com,Albany,NY,Northeast,2020-07-14,Unknown,3.0,True,e821bb69333287ec038b,5.0,10244.78,27.0,1.0,1720.69,9.0,11965.470000000001,True
CUST00000991,Riley Brown 991,customer991@example.com,Denver,CO,West,,Plus,3.0,True,3016f83ef177f413301b,5.0,9340.64,27.0,1.0,2605.25,7.0,11945.89,True
CUST00001502,Taylor Kim 1502,customer1502@example.com,Houston,TX,South,,Silver,2.0,True,bde1e686c3b9ea6e2203,2.0,8516.5,12.0,1.0,3389.11,5.0,11905.61,True
CUST00000020,Casey Smith 20,customer20@example.com,Peoria,IL,Midwest,,Basic,4.0,True,421c6da82ba34adeee4d,4.0,11901.31,30.0,0.0,0.0,0.0,11901.31,False
CUST00000438,Morgan Garcia 438,customer438@example.com,Orlando,FL,South,2022-02-23,Gold,,True,df578025c01e08874221,2.0,9435.19,18.0,1.0,2427.44,5.0,11862.630000000001,True
CUST00000751,Taylor Lee 751,customer751@example.com,Buffalo,NY,Northeast,2025-09-21,Silver,3.0,True,b6e0f49a978d61b79b85,2.0,2191.08,9.0,3.0,9663.95,19.0,11855.03,True
CUST00000703,Riley Patel 703,customer703@example.com,Sacramento,CA,West,,Plus,2.0,True,134264f18c218a4302ae,2.0,9767.970000000001,18.0,2.0,1985.26,13.0,11753.230000000001,True
CUST00000464,Jordan Smith 464,customer464@example.com,Atlanta,GA,South,,Unknown,5.0,True,a9272a29c0f4eef57576,1.0,3924.7000000000003,6.0,2.0,7810.55,18.0,11735.25,True
CUST00001776,Morgan Patel 1776,customer1776@example.com,Sacramento,CA,West,2023-05-13,Gold,4.0,False,fa2e58449290bf9ed758,3.0,11706.33,25.0,0.0,0.0,0.0,11706.33,False
CUST00001293,Jordan Patel 1293,customer1293@example.com,Dallas,TX,South,,Plus,,True,6fc721d2e3c27c841c67,1.0,8950.800000000001,12.0,1.0,2754.92,8.0,11705.720000000001,True
CUST00000267,Jordan Smith 267,customer267@example.com,Peoria,IL,Midwest,2024-02-23,Gold,6.0,True,7b3463983dc77d5742ff,2.0,5380.26,9.0,3.0,6313.38,16.0,11693.64,True
CUST00000939,Casey Brown 939,customer939@example.com,Savannah,GA,South,,Unknown,3.0,False,b4713c80176d2c29aa17,3.0,7788.88,20.0,2.0,3902.0699999999997,7.0,11690.95,True
CUST00000280,Jordan Lee 280,customer280@example.com,Orlando,FL,South,2024-09-22,Gold,3.0,True,3c954b39a9ece0a1d46e,3.0,9749.09,20.0,1.0,1936.15,8.0,11685.24,True
CUST00001514,Jordan Brown 1514,customer1514@example.com,Dallas,TX,South,2022-05-05,Gold,2.0,True,94756225542d62d79a8b,4.0,4675.53,16.0,3.0,7007.530000000001,16.0,11683.060000000001,True
CUST00000960,Riley Patel 960,customer960@example.com,Orlando,FL,South,2020-03-27,Unknown,,False,aac5df55d1c8029d14e1,1.0,4364.429999999999,7.0,2.0,7305.77,14.0,11670.2,True
CUST00001278,Casey Garcia 1278,customer1278@example.com,Miami,FL,South,2023-10-07,Basic,2.0,True,9ba85082f43f034c40b0,0.0,0.0,0.0,4.0,11653.39,28.0,11653.39,False
CUST00000286,Morgan Patel 286,customer286@example.com,Peoria,IL,Midwest,,Unknown,,True,ec4fd1c663dd1bbf6063,4.0,5691.3,15.0,2.0,5930.26,11.0,11621.560000000001,True
CUST00001036,Alex Patel 1036,customer1036@example.com,Aurora,CO,West,,Plus,2.0,True,41f67ec42545e9b08fe0,1.0,2540.84,10.0,3.0,9065.92,15.0,11606.76,True
CUST00000706,Riley Lee 706,customer706@example.com,Aurora,CO,West,2025-08-11,Silver,5.0,False,806d45caa33b35cae49b,3.0,4423.01,10.0,2.0,7111.65,11.0,11534.66,True
CUST00000323,Morgan Garcia 323,customer323@example.com,Tacoma,WA,West,2022-07-13,Gold,6.0,True,487ce5b1f0983caf4408,3.0,9870.74,30.0,1.0,1657.02,6.0,11527.76,True
CUST00000586,Jordan Lee 586,customer586@example.com,Peoria,IL,Midwest,,Silver,6.0,True,799825f96c62f666d5bf,3.0,7396.18,18.0,2.0,4130.400000000001,10.0,11526.580000000002,True
CUST00000770,Alex Kim 770,customer770@example.com,Sacramento,CA,West,2025-11-22,Unknown,1.0,True,23c731abfccf1ac709ec,5.0,6606.92,25.0,1.0,4899.57,10.0,11506.49,True
CUST00000779,Taylor Smith 779,customer779@example.com,Houston,TX,South,,Unknown,6.0,True,54dc7da9f39b7a5bf6c3,3.0,8929.93,19.0,1.0,2573.52,7.0,11503.45,True
CUST00000546,Taylor Garcia 546,customer546@example.com,Tacoma,WA,West,,Basic,1.0,True,9cbfdd238b5a2f2f95fd,1.0,8825.04,17.0,2.0,2632.09,7.0,11457.130000000001,True
CUST00000578,Taylor Lee 578,customer578@example.com,Aurora,CO,West,,Gold,6.0,True,7ad60b66212546922821,6.0,11450.12,33.0,0.0,0.0,0.0,11450.12,False
CUST00001612,Alex Garcia 1612,customer1612@example.com,Atlanta,GA,South,,Gold,3.0,True,8a158fa9615aaac6ca9c,3.0,5264.38,12.0,2.0,6183.77,11.0,11448.150000000001,True
CUST00000932,Taylor Garcia 932,customer932@example.com,Sacramento,CA,West,2023-05-15,Gold,4.0,True,390408e5e7bc9c538eb5,2.0,4286.16,16.0,3.0,7149.17,17.0,11435.33,True
CUST00000863,Jordan Kim 863,customer863@example.com,Denver,CO,West,,Basic,6.0,False,6d7ae60088e99241f0fd,1.0,5452.23,13.0,2.0,5980.52,10.0,11432.75,True
CUST00001180,Morgan Kim 1180,customer1180@example.com,Sacramento,CA,West,2022-01-27,Gold,3.0,False,e452ab74cc4ae5652bf5,2.0,11420.76,21.0,0.0,0.0,0.0,11420.76,False
CUST00000767,Morgan Garcia 767,customer767@example.com,Seattle,WA,West,2023-01-05,Basic,6.0,True,60067799610ef5c12c11,6.0,7687.75,26.0,1.0,3721.44,9.0,11409.19,True
CUST00001525,Riley Patel 1525,customer1525@example.com,Sacramento,CA,West,2023-09-15,Gold,2.0,True,60571594a1d11b7e4cef,3.0,10890.56,23.0,1.0,482.52,1.0,11373.08,True
CUST00000944,Morgan Brown 944,customer944@example.com,Tacoma,WA,West,2022-03-04,Gold,2.0,True,1de802aa3c51a2327759,3.0,4549.44,15.0,3.0,6817.0,11.0,11366.439999999999,True
CUST00000600,Casey Lee 600,customer600@example.com,Orlando,FL,South,,Basic,1.0,True,99ed55aa65a41e37fced,4.0,9678.88,29.0,2.0,1686.92,6.0,11365.8,True
CUST00001588,Jordan Patel 1588,customer1588@example.com,Buffalo,NY,Northeast,2024-06-29,Silver,,True,d03c382fb03a52e81942,2.0,11320.57,22.0,0.0,0.0,0.0,11320.57,False
CUST00001408,Riley Patel 1408,customer1408@example.com,Tacoma,WA,West,,Silver,,True,0a93b43f41c86031eb1e,4.0,11318.7,24.0,0.0,0.0,0.0,11318.7,False
CUST00001435,Taylor Lee 1435,customer1435@example.com,Orlando,FL,South,2025-01-27,Silver,,False,4a290c5535595bd999e0,3.0,4754.5599999999995,9.0,2.0,6549.9,12.0,11304.46,True
CUST00001320,Riley Garcia 1320,customer1320@example.com,Aurora,CO,West,,Basic,,False,aa3f2543e8a5bf6feecd,2.0,9598.76,16.0,1.0,1683.88,7.0,11282.64,True
CUST00000369,Casey Patel 369,customer369@example.com,Austin,TX,South,,Gold,5.0,True,9c663dc37a5ff4a4c543,5.0,8492.59,17.0,1.0,2778.35,7.0,11270.94,True
CUST00000347,Casey Lee 347,customer347@example.com,Miami,FL,South,2023-05-13,Silver,6.0,True,b5f8f2f82d7eaa078827,4.0,11270.9,34.0,0.0,0.0,0.0,11270.9,False
CUST00001736,Casey Lee 1736,customer1736@example.com,Savannah,GA,South,2025-08-23,Unknown,1.0,True,c2c8ab296d80ef691ed3,1.0,2208.75,5.0,2.0,9051.65,13.0,11260.4,True
CUST00000643,Taylor Kim 643,customer643@example.com,Atlanta,GA,South,2020-11-05,Unknown,6.0,True,2817cba2d7fc641432fa,1.0,1218.6599999999999,6.0,3.0,10002.31,24.0,11220.97,True
CUST00001121,Taylor Smith 1121,customer1121@example.com,Tacoma,WA,West,2020-01-29,Gold,4.0,True,0c34b23e800e1b049f45,3.0,3609.68,9.0,3.0,7547.0,16.0,11156.68,True
CUST00000257,Morgan Garcia 257,customer257@example.com,Los Angeles,CA,West,2025-05-06,Plus,2.0,True,e4af09323868b5e1bb40,1.0,3207.48,6.0,4.0,7943.33,19.0,11150.81,True
CUST00000698,Casey Smith 698,customer698@example.com,Tacoma,WA,West,2024-04-20,Unknown,6.0,True,791a7d315b08d24c96d9,2.0,9491.119999999999,20.0,1.0,1617.92,2.0,11109.039999999999,True
CUST00001324,Riley Lee 1324,customer1324@example.com,Atlanta,GA,South,,Silver,4.0,False,4f4db649df4119238b03,3.0,5940.95,14.0,3.0,5138.69,11.0,11079.64,True
CUST00001463,Casey Kim 1463,customer1463@example.com,Albany,NY,Northeast,,Gold,2.0,True,79d4622c92430104b4e1,2.0,5690.86,9.0,2.0,5346.8,24.0,11037.66,True
CUST00000272,Morgan Kim 272,customer272@example.com,Sacramento,CA,West,2020-04-20,Plus,6.0,True,791a6692498ee75f6893,2.0,6679.869999999999,12.0,2.0,4344.8,11.0,11024.669999999998,True
CUST00000749,Riley Garcia 749,customer749@example.com,Chicago,IL,Midwest,,Gold,1.0,True,41f08634804f2dea7847,2.0,5779.860000000001,14.0,2.0,5237.47,10.0,11017.330000000002,True
CUST00000694,Casey Kim 694,customer694@example.com,Tacoma,WA,West,2021-09-23,Gold,1.0,False,6a1e9311be65e1f20956,4.0,9632.92,22.0,1.0,1358.73,3.0,10991.65,True
CUST00000348,Riley Garcia 348,customer348@example.com,Savannah,GA,South,,Unknown,1.0,False,830a82ff712358cdc193,4.0,6685.86,19.0,1.0,4217.17,6.0,10903.029999999999,True
CUST00001084,Morgan Smith 1084,customer1084@example.com,Savannah,GA,South,,Gold,5.0,True,a1fa003bb995fe3456ab,1.0,1203.04,3.0,2.0,9688.82,15.0,10891.86,True
CUST00001330,Riley Garcia 1330,customer1330@example.com,Aurora,CO,West,,Silver,3.0,True,7fa227fc537f3ff45124,3.0,8042.78,22.0,1.0,2836.2599999999998,5.0,10879.039999999999,True
CUST00001758,Taylor Smith 1758,customer1758@example.com,Los Angeles,CA,West,,Plus,,True,afd885479f117ccbfabc,1.0,3503.21,10.0,2.0,7374.47,20.0,10877.68,True
CUST00000678,Riley Kim 678,customer678@example.com,Seattle,WA,West,2024-02-19,Silver,1.0,True,eaf82318f54408d28d32,2.0,4256.53,10.0,4.0,6593.62,20.0,10850.15,True
CUST00000937,Alex Brown 937,customer937@example.com,Buffalo,NY,Northeast,2021-03-12,Plus,2.0,True,6f44ba22fa13963cef8f,3.0,6451.06,22.0,2.0,4364.9,15.0,10815.96,True
CUST00001552,Jordan Lee 1552,customer1552@example.com,Miami,FL,South,2024-04-20,Unknown,5.0,False,bb041765716d8a536f43,2.0,1817.89,10.0,3.0,8988.19,27.0,10806.08,True
CUST00001508,Taylor Patel 1508,customer1508@example.com,Dallas,TX,South,,Plus,5.0,False,275501ff732c1813430a,3.0,6015.01,15.0,2.0,4790.599999999999,16.0,10805.61,True
CUST00001037,Jordan Brown 1037,customer1037@example.com,Miami,FL,South,,Unknown,4.0,False,418a1c171c1ea54bd7c4,2.0,2625.8799999999997,8.0,2.0,8158.599999999999,14.0,10784.48,True
CUST00001467,Alex Lee 1467,customer1467@example.com,Sacramento,CA,West,,Silver,,False,2407c4945fc77974cf12,3.0,7949.24,22.0,2.0,2813.22,9.0,10762.46,True
CUST00001366,Morgan Lee 1366,customer1366@example.com,Houston,TX,South,2025-08-21,Plus,4.0,True,c975452b7cd0b78b7e7c,5.0,10710.85,28.0,0.0,0.0,0.0,10710.85,False
CUST00001220,Jordan Brown 1220,customer1220@example.com,Savannah,GA,South,,Basic,1.0,True,c2a75b71748caaff0df2,3.0,4443.9400000000005,16.0,2.0,6256.74,18.0,10700.68,True
CUST00001458,Alex Kim 1458,customer1458@example.com,Aurora,CO,West,2023-09-18,Gold,5.0,True,ef2255c12606708e7423,3.0,9852.39,20.0,1.0,836.44,2.0,10688.83,True
CUST00000463,Taylor Lee 463,customer463@example.com,Atlanta,GA,South,2023-01-06,Basic,,True,eb9e7dabba07d1a3c6e6,3.0,8499.949999999999,19.0,1.0,2180.7,8.0,10680.649999999998,True
CUST00000085,Morgan Lee 85,customer85@example.com,Denver,CO,West,2023-11-28,Gold,1.0,True,25ca48f6207d095d0d91,2.0,3077.42,9.0,2.0,7571.3099999999995,14.0,10648.73,True
CUST00000604,Jordan Patel 604,customer604@example.com,Denver,CO,West,,Silver,,True,feabd6476e2d2008d5f8,4.0,8156.290000000001,18.0,1.0,2439.41,3.0,10595.7,True
CUST00000958,Morgan Brown 958,customer958@example.com,Orlando,FL,South,,Silver,,False,3108cf1d26ae531be43c,3.0,2631.5,10.0,2.0,7963.44,24.0,10594.939999999999,True
CUST00000424,Alex Lee 424,customer424@example.com,Atlanta,GA,South,2024-06-07,Unknown,2.0,True,8327703d1fd69d56ae09,4.0,6461.58,23.0,2.0,4132.81,5.0,10594.39,True
CUST00000766,Morgan Brown 766,customer766@example.com,Austin,TX,South,2023-10-01,Plus,4.0,True,b70bf9c881c7aa27efbb,3.0,10577.95,22.0,0.0,0.0,0.0,10577.95,False
CUST00000102,Riley Lee 102,customer102@example.com,Buffalo,NY,Northeast,2025-10-09,Plus,2.0,True,29a1f3bae33da5c916d1,3.0,9618.71,20.0,1.0,912.25,5.0,10530.96,True
CUST00000120,Jordan Kim 120,customer120@example.com,Los Angeles,CA,West,2022-02-01,Unknown,6.0,True,f3e78030e23943cde4b5,3.0,4865.88,10.0,2.0,5643.99,16.0,10509.869999999999,True
CUST00000366,Casey Garcia 366,customer366@example.com,Peoria,IL,Midwest,2024-03-13,Silver,6.0,True,679e12726099f1a01cc8,3.0,10507.26,28.0,0.0,0.0,0.0,10507.26,False
CUST00001086,Alex Smith 1086,customer1086@example.com,Houston,TX,South,,Basic,1.0,False,c554603b275d49fe41ee,3.0,10489.02,35.0,0.0,0.0,0.0,10489.02,False
CUST00001150,Morgan Lee 1150,customer1150@example.com,Buffalo,NY,Northeast,2025-09-16,Gold,6.0,True,dfa2ce92d4a3649c9c9f,1.0,3947.8599999999997,6.0,2.0,6518.87,9.0,10466.73,True
CUST00001765,Riley Garcia 1765,customer1765@example.com,Orlando,FL,South,,Basic,6.0,True,019241cbaa41c2c1fb0a,5.0,8574.99,28.0,2.0,1881.46,8.0,10456.45,True
CUST00001089,Jordan Brown 1089,customer1089@example.com,Seattle,WA,West,2022-03-30,Unknown,3.0,True,b1847847e82fb282bfa7,2.0,4850.96,9.0,1.0,5605.13,11.0,10456.09,True
CUST00001526,Taylor Brown 1526,customer1526@example.com,Savannah,GA,South,2025-05-02,Gold,5.0,True,da80ba195269122f992d,1.0,3693.3,5.0,1.0,6761.080000000001,8.0,10454.380000000001,True
CUST00001535,Jordan Lee 1535,customer1535@example.com,Los Angeles,CA,West,2024-04-14,Silver,5.0,True,cdfcf490fbd0dc92377f,3.0,9574.83,19.0,2.0,866.96,4.0,10441.79,True
CUST00000655,Morgan Brown 655,customer655@example.com,Albany,NY,Northeast,2023-12-24,Unknown,6.0,True,410e99d7fa8b5ba8c13d,2.0,8006.4800000000005,18.0,1.0,2431.32,3.0,10437.800000000001,True
CUST00000454,Alex Smith 454,customer454@example.com,Denver,CO,West,,Basic,,True,3624579cb06d6e51e43a,1.0,4760.0,5.0,2.0,5671.0599999999995,10.0,10431.06,True
CUST00000390,Taylor Smith 390,customer390@example.com,Miami,FL,South,,Silver,3.0,True,46358e6c361fba89cffa,2.0,7580.47,18.0,3.0,2843.26,6.0,10423.73,True
CUST00001117,Taylor Kim 1117,customer1117@example.com,Dallas,TX,South,,Gold,2.0,True,68d1e468ecd71d41a5a0,3.0,8868.92,26.0,1.0,1537.08,4.0,10406.0,True
CUST00000993,Taylor Kim 993,customer993@example.com,Sacramento,CA,West,2025-03-27,Plus,6.0,True,62f2a66184ceb0a75b7f,3.0,8646.24,23.0,1.0,1757.72,2.0,10403.96,True
CUST00000253,Taylor Smith 253,customer253@example.com,Peoria,IL,Midwest,2021-10-14,Gold,,True,7ae6ac23d77ea9d566ab,3.0,8185.44,22.0,2.0,2200.39,5.0,10385.83,True
CUST00001148,Taylor Lee 1148,customer1148@example.com,Buffalo,NY,Northeast,,Gold,5.0,True,8932333721a7d849a313,4.0,5323.1,10.0,1.0,5014.57,10.0,10337.67,True
CUST00000976,Riley Lee 976,customer976@example.com,Denver,CO,West,2024-05-28,Plus,3.0,True,11d65ec4195627e0ba81,3.0,8625.759999999998,20.0,1.0,1702.99,4.0,10328.749999999998,True
CUST00001673,Jordan Garcia 1673,customer1673@example.com,Seattle,WA,West,2025-03-17,Gold,,True,1db3e4f6895931e32dfe,3.0,8534.35,19.0,1.0,1785.79,4.0,10320.14,True
CUST00000269,Morgan Patel 269,customer269@example.com,Aurora,CO,West,2023-11-01,Gold,6.0,True,c4d27f50900f3c8f36bc,5.0,10276.8,24.0,0.0,0.0,0.0,10276.8,False
CUST00000014,Jordan Patel 14,customer14@example.com,Orlando,FL,South,2025-02-10,Plus,2.0,True,6ac2c3fa3ec527d6097a,2.0,1419.52,4.0,1.0,8846.3,16.0,10265.82,True
CUST00000894,Jordan Patel 894,customer894@example.com,Chicago,IL,Midwest,2021-12-16,Unknown,1.0,True,a9e47128d7c6e6389b34,1.0,1278.8600000000001,3.0,3.0,8983.529999999999,21.0,10262.39,True
CUST00000718,Riley Lee 718,customer718@example.com,Houston,TX,South,,Plus,,True,9ab94a34c83f76115e4c,0.0,0.0,0.0,2.0,10249.89,15.0,10249.89,False
CUST00000800,Taylor Smith 800,customer800@example.com,Aurora,CO,West,,Plus,,False,100d322e88e9ffdbb82c,3.0,2899.46,14.0,2.0,7256.860000000001,17.0,10156.32,True
CUST00001262,Taylor Patel 1262,customer1262@example.com,Sacramento,CA,West,2020-04-09,Silver,2.0,True,821366706e2fc6483384,2.0,6027.97,16.0,3.0,4113.55,13.0,10141.52,True
CUST00001226,Casey Kim 1226,customer1226@example.com,Tacoma,WA,West,,Silver,1.0,True,66313b1950f5f2107605,2.0,5271.26,9.0,1.0,4863.64,9.0,10134.900000000001,True
CUST00001244,Alex Patel 1244,customer1244@example.com,Chicago,IL,Midwest,,Basic,,True,31b286d29607db81f46b,5.0,6722.7699999999995,23.0,1.0,3406.76,8.0,10129.529999999999,True
CUST00000636,Riley Kim 636,customer636@example.com,Orlando,FL,South,,Unknown,,True,dcf5dd6c47b43d5f41f4,2.0,1021.76,5.0,3.0,9106.57,24.0,10128.33,True
CUST00000127,Morgan Brown 127,customer127@example.com,Tacoma,WA,West,2025-02-19,Silver,2.0,True,1c204670a1886f7cf40a,2.0,8655.07,20.0,2.0,1458.6599999999999,6.0,10113.73,True
CUST00000629,Morgan Brown 629,customer629@example.com,Denver,CO,West,,Gold,5.0,True,42789ebb9859bf2e9948,2.0,8420.54,17.0,2.0,1679.14,6.0,10099.68,True
CUST00001147,Casey Patel 1147,customer1147@example.com,Austin,TX,South,2022-06-28,Silver,,False,b2b4f62fcd94a16f9cf6,4.0,4614.42,15.0,2.0,5481.65,9.0,10096.07,True
CUST00000383,Casey Patel 383,customer383@example.com,Atlanta,GA,South,2025-05-05,Gold,1.0,True,d8943bb0e69e717a2338,4.0,9507.41,21.0,1.0,573.9000000000001,2.0,10081.31,True
CUST00001791,Taylor Lee 1791,customer1791@example.com,Sacramento,CA,West,2021-07-25,Basic,2.0,True,d80be2f6f69bddec9d6b,3.0,8059.87,20.0,1.0,2005.28,4.0,10065.15,True
CUST00000112,Alex Patel 112,customer112@example.com,Los Angeles,CA,West,,Gold,,False,ba41d2242e7fefb115c2,2.0,4587.09,17.0,3.0,5474.610000000001,12.0,10061.7,True
CUST00001553,Casey Lee 1553,customer1553@example.com,Los Angeles,CA,West,,Gold,5.0,True,c75605b8da96b00e0be7,4.0,10049.58,37.0,0.0,0.0,0.0,10049.58,False
CUST00001777,Casey Patel 1777,customer1777@example.com,Houston,TX,South,2024-05-03,Plus,6.0,True,08b1f806ca4d1dbbc0d8,3.0,10038.93,26.0,0.0,0.0,0.0,10038.93,False
CUST00001629,Riley Smith 1629,customer1629@example.com,Tacoma,WA,West,,Gold,3.0,True,551f0046d61beee17ffc,0.0,0.0,0.0,5.0,10038.11,20.0,10038.11,False
CUST00000670,Jordan Smith 670,customer670@example.com,Savannah,GA,South,,Unknown,2.0,True,d3dbbb6f63989e008d2e,5.0,10024.05,34.0,0.0,0.0,0.0,10024.05,False
CUST00000427,Riley Lee 427,customer427@example.com,Los Angeles,CA,West,2023-12-25,Gold,4.0,True,7336f45b987547869fbf,4.0,10021.449999999999,22.0,0.0,0.0,0.0,10021.449999999999,False
CUST00001231,Alex Lee 1231,customer1231@example.com,Orlando,FL,South,2025-05-09,Plus,6.0,True,aeb4227bae593976bb06,2.0,6000.0599999999995,13.0,2.0,3988.02,16.0,9988.08,True
CUST00000839,Riley Smith 839,customer839@example.com,Miami,FL,South,2023-02-12,Plus,,True,9113175d1b2b689b8815,1.0,4175.43,10.0,1.0,5804.84,8.0,9980.27,True
CUST00001723,Riley Lee 1723,customer1723@example.com,Miami,FL,South,,Gold,2.0,False,ec9ad16d7d9745c92b19,1.0,7819.15,15.0,1.0,2136.05,7.0,9955.2,True
CUST00000379,Taylor Lee 379,customer379@example.com,Atlanta,GA,South,,Basic,1.0,True,b61151c29b3f279cdd7b,3.0,9944.49,24.0,0.0,0.0,0.0,9944.49,False
CUST00001493,Morgan Lee 1493,customer1493@example.com,Denver,CO,West,,Plus,5.0,True,3cb403a2a971d84909f5,2.0,9910.92,24.0,0.0,0.0,0.0,9910.92,False
CUST00000058,Taylor Smith 58,customer58@example.com,Buffalo,NY,Northeast,,Gold,2.0,True,bb3e04f7a46c1f5ec0fd,4.0,9579.49,28.0,1.0,322.45000000000005,2.0,9901.94,True
CUST00000827,Alex Kim 827,customer827@example.com,Buffalo,NY,Northeast,2020-07-27,Basic,5.0,True,da75cb57b8d6d6768e74,3.0,9887.82,26.0,0.0,0.0,0.0,9887.82,False
CUST00001060,Alex Lee 1060,customer1060@example.com,Peoria,IL,Midwest,,Gold,5.0,True,3a7967cb5843c07df497,4.0,8911.11,28.0,1.0,952.28,5.0,9863.390000000001,True
CUST00000296,Morgan Patel 296,customer296@example.com,Peoria,IL,Midwest,,Plus,5.0,True,d7da2ba20deb86873f5a,2.0,3863.23,10.0,4.0,5998.85,15.0,9862.08,True
CUST00000097,Casey Brown 97,customer97@example.com,Houston,TX,South,2020-09-07,Unknown,3.0,True,489fe3d0144b39b2f54a,1.0,624.72,3.0,2.0,9218.49,24.0,9843.21,True
CUST00001501,Morgan Garcia 1501,unknown@example.com,Aurora,CO,West,,Basic,2.0,True,c340fae01a69d23b8e28,3.0,8318.14,19.0,1.0,1492.25,9.0,9810.39,True
CUST00001242,Morgan Smith 1242,unknown@example.com,Savannah,GA,South,,Gold,,True,9b7c202c67deb26e700b,2.0,6700.1,16.0,1.0,3108.3199999999997,9.0,9808.42,True
CUST00000318,Casey Kim 318,customer318@example.com,Sacramento,CA,West,2025-01-17,Gold,5.0,True,745abc25e63635a998f4,3.0,9760.76,26.0,0.0,0.0,0.0,9760.76,False
CUST00001073,Taylor Smith 1073,customer1073@example.com,Denver,CO,West,,Gold,5.0,True,4ff6f372f2d506c1ccfa,2.0,1891.8799999999999,6.0,2.0,7845.790000000001,10.0,9737.67,True
CUST00000121,Morgan Smith 121,customer121@example.com,Chicago,IL,Midwest,2022-04-27,Unknown,,False,3df1a82ca9b63794bc43,3.0,6999.98,23.0,1.0,2727.11,11.0,9727.09,True
CUST00001101,Morgan Lee 1101,customer1101@example.com,Houston,TX,South,,Plus,4.0,False,bb1b13130338ed6bfdcd,2.0,6761.67,14.0,1.0,2930.1000000000004,9.0,9691.77,True
CUST00000780,Riley Lee 780,customer780@example.com,Dallas,TX,South,,Plus,,True,5890b45e24332e813acc,1.0,1295.04,4.0,3.0,8379.08,22.0,9674.119999999999,True
CUST00000118,Jordan Smith 118,customer118@example.com,Seattle,WA,West,,Basic,5.0,True,e6ae401558d475ee9904,2.0,6064.8,12.0,2.0,3597.5299999999997,7.0,9662.33,True
CUST00001292,Taylor Kim 1292,customer1292@example.com,Houston,TX,South,,Unknown,,True,1e75437612a15b65254b,3.0,9661.76,25.0,0.0,0.0,0.0,9661.76,False
CUST00001300,Jordan Brown 1300,customer1300@example.com,Miami,FL,South,2024-09-12,Unknown,2.0,True,1c75cd1f3e88714daf0d,2.0,9647.07,29.0,0.0,0.0,0.0,9647.07,False
CUST00000393,Alex Patel 393,customer393@example.com,Aurora,CO,West,,Plus,5.0,True,ebe2c88b214e7ae00092,3.0,5799.349999999999,12.0,1.0,3845.6600000000003,8.0,9645.01,True
CUST00000814,Casey Smith 814,customer814@example.com,Aurora,CO,West,,Unknown,5.0,True,6aa5ff5e6cc055a0ded1,3.0,9628.34,25.0,0.0,0.0,0.0,9628.34,False
CUST00000998,Morgan Kim 998,customer998@example.com,Los Angeles,CA,West,2024-05-21,Gold,2.0,True,88406e936ddfc50afb5f,2.0,9618.86,17.0,0.0,0.0,0.0,9618.86,False
CUST00001133,Riley Garcia 1133,customer1133@example.com,Seattle,WA,West,,Gold,,True,75084aed0dd5b9d35a09,4.0,7713.45,21.0,3.0,1895.5300000000002,8.0,9608.98,True
CUST00000160,Alex Patel 160,customer160@example.com,Dallas,TX,South,2022-08-23,Basic,,True,9f3b7f61ffbd48657037,2.0,3175.0199999999995,12.0,1.0,6385.66,11.0,9560.68,True
CUST00000455,Riley Garcia 455,customer455@example.com,Orlando,FL,South,2025-03-28,Plus,,True,7b9470dfcdbaffc13e7a,2.0,7269.9400000000005,21.0,1.0,2271.62,5.0,9541.560000000001,True
CUST00000796,Casey Patel 796,customer796@example.com,Tacoma,WA,West,,Plus,,True,1cef7701a8d08cd54341,3.0,9519.29,23.0,0.0,0.0,0.0,9519.29,False
CUST00000522,Taylor Kim 522,customer522@example.com,Chicago,IL,Midwest,,Basic,3.0,False,d01a2d3324120cb40453,3.0,7561.32,19.0,1.0,1942.96,4.0,9504.279999999999,True
CUST00000092,Casey Garcia 92,customer92@example.com,Peoria,IL,Midwest,2023-02-08,Gold,3.0,True,4ef7a390a2eccbdb9af2,3.0,9299.539999999999,22.0,2.0,189.29,7.0,9488.83,True
CUST00000572,Taylor Kim 572,customer572@example.com,Chicago,IL,Midwest,,Gold,2.0,True,06528ea64ddf084cd9fa,2.0,4535.01,12.0,1.0,4947.16,9.0,9482.17,True
CUST00000757,Casey Brown 757,customer757@example.com,Orlando,FL,South,2022-09-30,Gold,1.0,True,68521308f5ee55e6ed82,3.0,6340.92,20.0,1.0,3140.4,9.0,9481.32,True
CUST00001735,Taylor Smith 1735,customer1735@example.com,Seattle,WA,West,,Gold,5.0,True,b14af207661ecbeeb1c4,1.0,369.9,2.0,2.0,9091.16,15.0,9461.06,True
CUST00000918,Casey Smith 918,customer918@example.com,Buffalo,NY,Northeast,,Basic,4.0,True,26a6ba7e4835647cce29,3.0,7400.18,19.0,1.0,2053.48,5.0,9453.66,True
CUST00000668,Casey Patel 668,customer668@example.com,Buffalo,NY,Northeast,2021-10-25,Gold,3.0,True,b4817452c27f352c5ad9,4.0,9441.79,35.0,0.0,0.0,0.0,9441.79,False
CUST00000076,Jordan Patel 76,customer76@example.com,Houston,TX,South,,Silver,,True,209d08a0beeef79d34e2,2.0,7021.17,14.0,2.0,2419.04,9.0,9440.21,True
CUST00000274,Jordan Kim 274,customer274@example.com,Tacoma,WA,West,2023-01-13,Unknown,,True,49c2825d46ff6e9f529a,3.0,7334.76,16.0,1.0,2076.3199999999997,7.0,9411.08,True
CUST00001160,Taylor Kim 1160,customer1160@example.com,Aurora,CO,West,2024-07-20,Gold,5.0,True,67b6e9ed1ba83fee4960,1.0,2754.99,8.0,3.0,6626.92,12.0,9381.91,True
CUST00001318,Taylor Kim 1318,customer1318@example.com,Orlando,FL,South,2025-02-23,Gold,6.0,True,bcaa22cf9a59422f2e85,1.0,7880.06,15.0,1.0,1479.3000000000002,3.0,9359.36,True
CUST00000191,Riley Garcia 191,customer191@example.com,Sacramento,CA,West,,Gold,6.0,True,0b9277cbada2159aac40,1.0,1362.19,5.0,2.0,7993.55,12.0,9355.74,True
CUST00000788,Riley Patel 788,customer788@example.com,Buffalo,NY,Northeast,,Basic,1.0,True,5ff5dbda2575eff1f23f,2.0,4528.9,15.0,2.0,4815.66,13.0,9344.56,True
CUST00000755,Taylor Patel 755,customer755@example.com,Aurora,CO,West,2025-07-28,Silver,,True,90f98d9c225c09a884ea,4.0,7377.46,22.0,2.0,1960.79,4.0,9338.25,True
CUST00001254,Alex Brown 1254,customer1254@example.com,Aurora,CO,West,2024-12-22,Silver,1.0,False,83289df30b4ac4997226,1.0,2199.44,6.0,1.0,7109.33,13.0,9308.77,True
CUST00000371,Taylor Garcia 371,customer371@example.com,Albany,NY,Northeast,,Gold,6.0,True,a24302a5b752acdda843,2.0,9308.03,16.0,0.0,0.0,0.0,9308.03,False
CUST00001649,Morgan Lee 1649,customer1649@example.com,Chicago,IL,Midwest,2021-11-04,Plus,1.0,True,1ad3c94d6111db9f0c2b,1.0,2957.62,6.0,3.0,6326.030000000001,19.0,9283.650000000001,True
CUST00001706,Taylor Patel 1706,customer1706@example.com,Peoria,IL,Midwest,,Unknown,1.0,True,79497f686ddc3643c25e,3.0,7132.92,21.0,1.0,2132.93,3.0,9265.85,True
CUST00001692,Jordan Garcia 1692,customer1692@example.com,Savannah,GA,South,,Silver,2.0,True,628776e297f74fe82035,3.0,6479.41,18.0,2.0,2760.4300000000003,8.0,9239.84,True
CUST00000033,Jordan Patel 33,customer33@example.com,Los Angeles,CA,West,2025-04-08,Unknown,6.0,True,5485556bb3bd033578b3,4.0,9210.630000000001,19.0,0.0,0.0,0.0,9210.630000000001,False
CUST00001576,Alex Brown 1576,customer1576@example.com,Austin,TX,South,2026-03-01,Gold,,False,95e55ed8699ce45100f4,1.0,2518.86,4.0,1.0,6681.26,8.0,9200.12,True
CUST00001437,Riley Smith 1437,customer1437@example.com,Seattle,WA,West,2020-10-10,Gold,3.0,True,c6730e0c7b21bb824c6b,4.0,9195.579999999998,14.0,0.0,0.0,0.0,9195.579999999998,False
CUST00001756,Taylor Brown 1756,customer1756@example.com,Albany,NY,Northeast,2024-07-03,Gold,5.0,True,6e41eaeb1ecdc495b3f3,1.0,915.4799999999999,5.0,3.0,8273.65,20.0,9189.13,True
CUST00001641,Jordan Garcia 1641,customer1641@example.com,Seattle,WA,West,,Silver,5.0,True,385f910321f3f0ea450a,0.0,0.0,0.0,3.0,9144.529999999999,24.0,9144.529999999999,False
CUST00001332,Jordan Garcia 1332,customer1332@example.com,Seattle,WA,West,2022-06-07,Plus,5.0,True,c9a45bf38dfb5a574ffb,2.0,7450.83,19.0,2.0,1691.32,10.0,9142.15,True
CUST00000441,Riley Garcia 441,customer441@example.com,Seattle,WA,West,2021-05-13,Basic,5.0,True,fe99747fa37c03f85617,1.0,4297.5599999999995,13.0,2.0,4834.06,10.0,9131.619999999999,True
CUST00001370,Riley Garcia 1370,customer1370@example.com,Los Angeles,CA,West,,Silver,,True,eaedede41654a4734d65,1.0,2648.8,7.0,2.0,6446.67,11.0,9095.470000000001,True
CUST00001186,Jordan Brown 1186,customer1186@example.com,Peoria,IL,Midwest,,Basic,6.0,True,0b629b913acd7af1f4de,1.0,7311.299999999999,18.0,2.0,1769.78,4.0,9081.08,True
CUST00001703,Morgan Lee 1703,customer1703@example.com,Denver,CO,West,,Unknown,1.0,True,973f24899c8584e59bb0,3.0,7821.24,14.0,2.0,1254.8700000000001,8.0,9076.11,True
CUST00001625,Riley Patel 1625,customer1625@example.com,Houston,TX,South,,Gold,5.0,False,490ce1246f2d69ebab76,4.0,8835.11,27.0,1.0,224.59,1.0,9059.7,True
CUST00000218,Jordan Kim 218,customer218@example.com,Savannah,GA,South,2024-01-21,Unknown,2.0,True,292a28c2878d60706ac7,3.0,7843.57,16.0,1.0,1205.06,5.0,9048.63,True
CUST00000672,Jordan Lee 672,customer672@example.com,Sacramento,CA,West,2023-02-01,Silver,1.0,True,f9edaad457cb98e6b3ba,2.0,5893.0199999999995,13.0,2.0,3150.18,11.0,9043.199999999999,True
CUST00001287,Riley Smith 1287,customer1287@example.com,Seattle,WA,West,,Unknown,1.0,True,b14295bae2e0a327d50e,2.0,3682.17,8.0,2.0,5350.94,13.0,9033.11,True
CUST00001144,Riley Garcia 1144,customer1144@example.com,Dallas,TX,South,,Unknown,2.0,True,13846c7dbbd20f70eb81,2.0,1799.51,13.0,2.0,7212.24,20.0,9011.75,True
CUST00000619,Jordan Patel 619,customer619@example.com,Chicago,IL,Midwest,,Basic,5.0,True,4f2b1d23e9b2a78bb172,3.0,5905.46,20.0,1.0,3076.51,8.0,8981.970000000001,True
CUST00001253,Alex Brown 1253,customer1253@example.com,Chicago,IL,Midwest,2026-01-15,Plus,3.0,False,56b4a358dbd4c0d82feb,2.0,2546.88,5.0,2.0,6426.7,13.0,8973.58,True
CUST00001562,Riley Patel 1562,customer1562@example.com,Sacramento,CA,West,2024-05-17,Basic,,True,a673de1e36e0a782eac8,3.0,8965.14,24.0,0.0,0.0,0.0,8965.14,False
CUST00001344,Casey Garcia 1344,customer1344@example.com,Los Angeles,CA,West,2025-11-17,Unknown,5.0,True,38ce86ccff04d8308aec,3.0,8947.17,23.0,0.0,0.0,0.0,8947.17,False
CUST00000772,Morgan Garcia 772,customer772@example.com,Peoria,IL,Midwest,,Plus,3.0,False,ad43037c406486caf15a,1.0,884.25,5.0,2.0,8059.530000000001,15.0,8943.78,True
CUST00001256,Taylor Garcia 1256,customer1256@example.com,Seattle,WA,West,2020-10-16,Gold,6.0,True,5e19aefa3c41681397df,3.0,7136.389999999999,15.0,1.0,1777.94,5.0,8914.33,True
CUST00000467,Casey Kim 467,customer467@example.com,Albany,NY,Northeast,,Basic,4.0,False,ea2347bd9aae54874a72,1.0,348.98,1.0,3.0,8561.32,27.0,8910.3,True
CUST00001304,Alex Lee 1304,customer1304@example.com,Seattle,WA,West,2021-03-02,Gold,5.0,True,731d6eb3fe1dfed31f66,4.0,6663.240000000001,19.0,1.0,2246.6,4.0,8909.84,True
CUST00001537,Alex Kim 1537,customer1537@example.com,Austin,TX,South,2023-12-28,Unknown,,True,3643a97569fd94998ccb,2.0,3973.9700000000003,7.0,2.0,4935.74,13.0,8909.71,True
CUST00000928,Riley Smith 928,customer928@example.com,Houston,TX,South,,Silver,5.0,False,fb8b024349077ba808bf,1.0,8889.45,11.0,0.0,0.0,0.0,8889.45,False
CUST00000305,Alex Brown 305,customer305@example.com,Austin,TX,South,2022-01-15,Gold,5.0,False,6c872b0582556e415b4c,2.0,1539.47,6.0,3.0,7349.3099999999995,17.0,8888.779999999999,True
CUST00001026,Taylor Lee 1026,customer1026@example.com,Houston,TX,South,2023-12-01,Gold,3.0,True,b21be35f1f113fc3c7c0,3.0,7595.75,19.0,1.0,1283.95,8.0,8879.7,True
CUST00000537,Morgan Patel 537,customer537@example.com,Seattle,WA,West,2023-05-06,Gold,5.0,True,14d9d3636f96416d9171,2.0,8873.16,15.0,0.0,0.0,0.0,8873.16,False
CUST00001652,Casey Kim 1652,customer1652@example.com,Peoria,IL,Midwest,,Silver,2.0,True,a8a16ae0b6b5e8bef252,4.0,6043.46,16.0,2.0,2819.13,10.0,8862.59,True
CUST00000230,Riley Smith 230,customer230@example.com,Peoria,IL,Midwest,2023-05-24,Plus,,True,6855bee001160d1eeb24,1.0,4187.25,7.0,1.0,4665.84,6.0,8853.09,True
CUST00000548,Alex Lee 548,customer548@example.com,Orlando,FL,South,2023-03-01,Basic,2.0,True,c2d8232fac1386b9ad0a,2.0,8410.26,24.0,2.0,436.72,3.0,8846.98,True
CUST00001721,Morgan Garcia 1721,customer1721@example.com,Buffalo,NY,Northeast,2021-05-26,Basic,1.0,True,291ec1a93698af861abb,2.0,8842.11,21.0,0.0,0.0,0.0,8842.11,False
CUST00000912,Alex Garcia 912,customer912@example.com,Tacoma,WA,West,2022-10-08,Unknown,6.0,True,7b92e2f775cc2e1f0d5b,0.0,0.0,0.0,3.0,8841.9,19.0,8841.9,False
CUST00001093,Alex Patel 1093,customer1093@example.com,Savannah,GA,South,2021-04-24,Gold,,True,95b8215fe6d98f89c2f3,2.0,3696.1099999999997,19.0,1.0,5135.88,10.0,8831.99,True
CUST00000045,Alex Kim 45,customer45@example.com,Miami,FL,South,,Basic,4.0,True,ade61f6563d4d48112e0,2.0,8738.01,19.0,1.0,93.95,1.0,8831.960000000001,True
CUST00000651,Morgan Kim 651,customer651@example.com,Houston,TX,South,,Gold,,False,8c37196ad9cbbedf8910,1.0,1233.35,6.0,4.0,7595.5,14.0,8828.85,True
CUST00000086,Alex Kim 86,customer86@example.com,Peoria,IL,Midwest,,Unknown,1.0,True,3d496a572d5e88f3753e,1.0,4341.95,10.0,1.0,4485.07,5.0,8827.02,True
CUST00000650,Alex Kim 650,customer650@example.com,Dallas,TX,South,2025-06-04,Basic,4.0,True,7e46d124c3af01e425c8,1.0,1851.21,7.0,2.0,6974.11,18.0,8825.32,True
CUST00001306,Casey Smith 1306,customer1306@example.com,Tacoma,WA,West,,Silver,5.0,True,abb39b2df7530e50ed7c,3.0,3721.4500000000003,15.0,3.0,5095.07,13.0,8816.52,True
CUST00001740,Casey Patel 1740,customer1740@example.com,Miami,FL,South,2024-09-22,Unknown,,True,73dcc01db0ff101ef52b,4.0,6244.280000000001,17.0,1.0,2556.92,6.0,8801.2,True
CUST00000524,Jordan Smith 524,customer524@example.com,Houston,TX,South,2024-08-06,Plus,2.0,True,47da7f1aa563af2ad6ee,2.0,8781.87,22.0,0.0,0.0,0.0,8781.87,False
CUST00000273,Alex Patel 273,customer273@example.com,Los Angeles,CA,West,,Silver,4.0,True,20281a6787bf612ae85d,1.0,4363.15,9.0,4.0,4373.96,13.0,8737.11,True
CUST00000051,Taylor Lee 51,customer51@example.com,Chicago,IL,Midwest,2023-06-08,Gold,4.0,True,9ae3ae44fa06cfdf4886,3.0,8716.18,25.0,0.0,0.0,0.0,8716.18,False
CUST00001782,Morgan Smith 1782,customer1782@example.com,Los Angeles,CA,West,2021-06-16,Silver,1.0,True,d3620e5ca7a890071dee,3.0,4532.65,13.0,1.0,4157.81,6.0,8690.46,True
CUST00000633,Casey Brown 633,customer633@example.com,Buffalo,NY,Northeast,,Basic,5.0,True,89fc37f54c2bc9f47943,2.0,8685.1,10.0,0.0,0.0,0.0,8685.1,False
CUST00000618,Alex Patel 618,customer618@example.com,Orlando,FL,South,,Basic,2.0,True,af35591bba7b017f1265,2.0,8586.189999999999,19.0,1.0,94.95,1.0,8681.14,True
CUST00000161,Alex Lee 161,customer161@example.com,Denver,CO,West,,Gold,,True,61fb46256479129486dd,2.0,7564.099999999999,12.0,1.0,1103.74,2.0,8667.84,True
CUST00000386,Alex Garcia 386,customer386@example.com,Houston,TX,South,,Unknown,,True,ddf25edca2d4e67174f7,0.0,0.0,0.0,2.0,8665.99,19.0,8665.99,False
CUST00001726,Casey Kim 1726,customer1726@example.com,Houston,TX,South,2023-04-04,Silver,2.0,True,ba6b33ddfa11f78b6da3,2.0,8659.59,15.0,0.0,0.0,0.0,8659.59,False
CUST00001356,Alex Smith 1356,customer1356@example.com,Sacramento,CA,West,,Silver,,True,4c59e121a78f9f3d619c,1.0,2011.56,4.0,3.0,6625.99,17.0,8637.55,True
CUST00000774,Alex Brown 774,customer774@example.com,Seattle,WA,West,,Plus,,True,6bc2e53987d64f6fbf82,1.0,2727.11,8.0,2.0,5901.380000000001,14.0,8628.490000000002,True
CUST00000883,Casey Lee 883,customer883@example.com,Denver,CO,West,,Silver,5.0,True,c5053a720aeabebd7512,2.0,3918.86,13.0,1.0,4689.24,10.0,8608.1,True
CUST00001113,Riley Patel 1113,customer1113@example.com,Buffalo,NY,Northeast,,Gold,1.0,False,5fa35c4150159cbcdd2a,2.0,1833.58,8.0,2.0,6765.68,14.0,8599.26,True
CUST00001325,Morgan Kim 1325,customer1325@example.com,Chicago,IL,Midwest,2021-04-01,Gold,3.0,True,edf905e7607e8f54f355,4.0,8582.14,36.0,0.0,0.0,0.0,8582.14,False
CUST00001403,Morgan Brown 1403,customer1403@example.com,Houston,TX,South,,Gold,5.0,True,98644284ad325ae55ffc,3.0,8578.699999999999,16.0,0.0,0.0,0.0,8578.699999999999,False
CUST00000179,Taylor Lee 179,customer179@example.com,Miami,FL,South,,Basic,,True,6b1bc5212e93e8a09b5d,1.0,4629.86,6.0,1.0,3937.56,8.0,8567.42,True
CUST00000816,Taylor Lee 816,customer816@example.com,Seattle,WA,West,2022-02-22,Basic,6.0,True,f41f07ac8b09c31dd9f4,2.0,4079.24,15.0,1.0,4488.12,15.0,8567.36,True
CUST00001402,Jordan Kim 1402,customer1402@example.com,Tacoma,WA,West,2020-11-04,Gold,6.0,False,c892f5acd506288db33a,2.0,4527.84,12.0,1.0,4032.0,5.0,8559.84,True
CUST00001674,Taylor Kim 1674,customer1674@example.com,Tacoma,WA,West,,Unknown,,True,bcf9ffe7a3e7efb2606a,3.0,5369.7,14.0,1.0,3187.31,7.0,8557.01,True
CUST00000134,Casey Brown 134,customer134@example.com,Austin,TX,South,,Silver,,True,df41a610da82825ceeca,2.0,2548.46,6.0,2.0,6007.75,9.0,8556.21,True
CUST00000133,Jordan Smith 133,customer133@example.com,Atlanta,GA,South,2021-10-25,Unknown,6.0,True,53fd0b1245454438f193,1.0,6040.54,11.0,1.0,2504.55,3.0,8545.09,True
CUST00000189,Riley Smith 189,customer189@example.com,Tacoma,WA,West,,Unknown,,True,e46c1a03b6d3487d1ebb,3.0,3804.29,10.0,2.0,4737.08,14.0,8541.369999999999,True
CUST00000256,Taylor Kim 256,customer256@example.com,Sacramento,CA,West,,Unknown,3.0,True,31a1e8bc1407b8bd8cc8,2.0,8532.7,19.0,0.0,0.0,0.0,8532.7,False
CUST00000299,Jordan Smith 299,customer299@example.com,Chicago,IL,Midwest,,Gold,4.0,True,156e055510180e3fb888,4.0,4516.66,19.0,1.0,4012.48,10.0,8529.14,True
CUST00001725,Riley Kim 1725,customer1725@example.com,Albany,NY,Northeast,2026-03-04,Plus,5.0,True,a345f2bc67172b562939,2.0,4467.639999999999,14.0,2.0,4041.86,9.0,8509.5,True
CUST00000685,Casey Lee 685,customer685@example.com,Aurora,CO,West,2022-02-23,Unknown,3.0,True,a4b4ecca7afa0dad7178,2.0,6304.09,12.0,1.0,2199.79,9.0,8503.880000000001,True
CUST00001279,Jordan Lee 1279,customer1279@example.com,Los Angeles,CA,West,,Unknown,,True,f9242fc0ada06739600e,2.0,4707.63,13.0,1.0,3795.3599999999997,6.0,8502.99,True
CUST00001787,Morgan Smith 1787,customer1787@example.com,Miami,FL,South,,Unknown,1.0,True,9c79bd33f2973a7ec767,0.0,0.0,0.0,2.0,8495.74,15.0,8495.74,False
CUST00000090,Riley Patel 90,customer90@example.com,Austin,TX,South,2020-07-29,Gold,1.0,False,8d95927b02ac868560cf,2.0,8485.92,19.0,0.0,0.0,0.0,8485.92,False
CUST00000566,Morgan Lee 566,customer566@example.com,Savannah,GA,South,,Silver,,True,bb3c088a58e4a1b9b446,1.0,2023.17,11.0,3.0,6455.87,19.0,8479.04,True
CUST00001527,Riley Kim 1527,customer1527@example.com,Atlanta,GA,South,2025-02-11,Gold,,True,ed7c5c3f489ece0e796e,3.0,6522.8099999999995,19.0,2.0,1944.77,9.0,8467.58,True
CUST00001796,Riley Patel 1796,customer1796@example.com,Chicago,IL,Midwest,2025-02-02,Gold,,False,7a7fd32210d74c170c96,2.0,7381.96,15.0,1.0,1082.97,2.0,8464.93,True
CUST00001772,Morgan Smith 1772,customer1772@example.com,Los Angeles,CA,West,,Silver,3.0,True,65829a717578d7762b7b,3.0,4093.51,14.0,1.0,4349.34,11.0,8442.85,True
CUST00001014,Jordan Kim 1014,customer1014@example.com,Albany,NY,Northeast,,Gold,,True,8f7ed999c6c0becad649,3.0,6081.98,15.0,2.0,2358.6499999999996,6.0,8440.63,True
CUST00000465,Morgan Garcia 465,customer465@example.com,Peoria,IL,Midwest,,Gold,,True,1ee8b5af931387ea1992,1.0,2117.7400000000002,9.0,2.0,6319.31,12.0,8437.050000000001,True
CUST00000128,Riley Lee 128,customer128@example.com,Atlanta,GA,South,2020-12-05,Gold,,True,696a7c20b8d4aa770793,1.0,8213.29,14.0,1.0,222.99,1.0,8436.28,True
CUST00001211,Taylor Lee 1211,customer1211@example.com,Los Angeles,CA,West,2023-03-22,Silver,6.0,True,84e871170a49854684b7,2.0,8412.53,21.0,0.0,0.0,0.0,8412.53,False
CUST00001303,Riley Patel 1303,customer1303@example.com,Atlanta,GA,South,2022-03-22,Silver,1.0,False,9e31d615fe36436ee32c,1.0,3258.0299999999997,9.0,2.0,5135.82,18.0,8393.849999999999,True
CUST00001007,Jordan Kim 1007,customer1007@example.com,Buffalo,NY,Northeast,,Gold,3.0,True,377fddb5b6319ac89be5,0.0,0.0,0.0,3.0,8391.86,16.0,8391.86,False
CUST00001197,Taylor Patel 1197,customer1197@example.com,Buffalo,NY,Northeast,,Gold,3.0,True,f0bf80e919fb96ab7573,4.0,7442.58,25.0,1.0,933.56,2.0,8376.14,True
CUST00001441,Alex Lee 1441,customer1441@example.com,Peoria,IL,Midwest,2023-06-20,Gold,3.0,True,d3d09c0099d978a03f0a,1.0,702.28,4.0,1.0,7652.2,13.0,8354.48,True
CUST00001712,Riley Kim 1712,customer1712@example.com,Chicago,IL,Midwest,2024-11-20,Unknown,1.0,True,6b3b2148bf17bb7319a1,1.0,1009.34,1.0,4.0,7335.93,19.0,8345.27,True
CUST00001247,Jordan Kim 1247,customer1247@example.com,Miami,FL,South,,Gold,1.0,True,c2c60bb045e3c42f3212,1.0,67.0,2.0,1.0,8234.26,13.0,8301.26,True
CUST00001624,Riley Brown 1624,customer1624@example.com,Seattle,WA,West,,Gold,,True,4d64fc1c884fe7db6a8a,2.0,4855.51,13.0,1.0,3443.2799999999997,6.0,8298.79,True
CUST00000980,Morgan Brown 980,customer980@example.com,Sacramento,CA,West,,Gold,6.0,True,7c5f5b7a85abc3805048,2.0,5582.66,13.0,2.0,2703.02,10.0,8285.68,True
CUST00000868,Riley Brown 868,customer868@example.com,Buffalo,NY,Northeast,,Gold,5.0,True,b2fd31d9c4869b57057e,4.0,8046.97,25.0,1.0,238.34,1.0,8285.31,True
CUST00000044,Taylor Patel 44,customer44@example.com,Houston,TX,South,2021-07-07,Basic,1.0,True,26df00c11ade090eea5d,2.0,4053.54,15.0,1.0,4230.62,9.0,8284.16,True
CUST00000436,Alex Brown 436,customer436@example.com,Austin,TX,South,2024-09-12,Gold,6.0,True,2a8833252a8dfcb4447d,1.0,1348.95,5.0,4.0,6933.3,17.0,8282.25,True
CUST00000908,Riley Kim 908,customer908@example.com,Miami,FL,South,2023-07-24,Silver,2.0,True,dd9ae25eb59276467c01,5.0,5775.16,15.0,1.0,2504.62,8.0,8279.779999999999,True
CUST00000925,Alex Lee 925,customer925@example.com,Tacoma,WA,West,,Unknown,4.0,True,3b6531f100526911654f,1.0,1214.64,2.0,1.0,7036.64,13.0,8251.28,True
CUST00001314,Alex Smith 1314,customer1314@example.com,Tacoma,WA,West,2023-12-15,Gold,3.0,True,680e6f3b8a719da705e7,1.0,178.9,1.0,2.0,8069.15,17.0,8248.05,True
CUST00001116,Casey Smith 1116,customer1116@example.com,Tacoma,WA,West,2020-03-20,Unknown,,True,fe9fc6f4944d55243467,3.0,5569.75,17.0,1.0,2677.05,3.0,8246.8,True
CUST00000377,Casey Smith 377,customer377@example.com,Miami,FL,South,,Plus,,True,b441bd207776db9bea48,0.0,0.0,0.0,4.0,8244.4,20.0,8244.4,False
CUST00000966,Casey Brown 966,customer966@example.com,Peoria,IL,Midwest,2023-05-04,Gold,5.0,True,f3f5643aa53f403c0056,2.0,8232.66,13.0,0.0,0.0,0.0,8232.66,False
CUST00000794,Riley Patel 794,customer794@example.com,Austin,TX,South,2023-08-30,Gold,5.0,True,32e51fe033b87aa49fbc,2.0,8218.64,17.0,0.0,0.0,0.0,8218.64,False
CUST00001516,Alex Patel 1516,customer1516@example.com,Aurora,CO,West,2024-10-22,Gold,6.0,True,3bb820209e26bef60b46,4.0,6425.889999999999,22.0,2.0,1791.37,6.0,8217.259999999998,True
CUST00001308,Alex Patel 1308,customer1308@example.com,Atlanta,GA,South,2026-04-04,Gold,5.0,True,72b96ca075fc3562a448,3.0,5342.42,15.0,1.0,2860.09,7.0,8202.51,True
CUST00001730,Casey Smith 1730,customer1730@example.com,Savannah,GA,South,2020-12-12,Silver,2.0,True,343d902e2bf10679d33a,1.0,3943.9700000000003,6.0,2.0,4256.3,8.0,8200.27,True
CUST00000446,Alex Brown 446,customer446@example.com,Atlanta,GA,South,2021-07-16,Plus,3.0,True,7226e22239f0423c3c97,4.0,8189.65,15.0,0.0,0.0,0.0,8189.65,False
CUST00001173,Casey Brown 1173,customer1173@example.com,Tacoma,WA,West,,Unknown,6.0,True,228cbdcb220f1312e857,1.0,3842.1800000000003,15.0,2.0,4342.48,11.0,8184.66,True
CUST00000864,Casey Patel 864,customer864@example.com,Savannah,GA,South,2024-01-29,Plus,2.0,True,efede1baa7ea6c648a77,3.0,3284.94,6.0,3.0,4893.66,13.0,8178.6,True
CUST00000363,Alex Garcia 363,customer363@example.com,Tacoma,WA,West,,Silver,5.0,True,a1e221236f07e956a2ab,3.0,4382.67,6.0,2.0,3776.9199999999996,7.0,8159.59,True
CUST00000228,Alex Patel 228,customer228@example.com,Peoria,IL,Midwest,2024-10-26,Unknown,5.0,True,9f03102432e3bf3c8ec1,2.0,5819.63,13.0,2.0,2327.14,5.0,8146.77,True
CUST00000592,Alex Brown 592,customer592@example.com,Chicago,IL,Midwest,,Unknown,2.0,False,b1a0d455b6b342465481,1.0,2724.5699999999997,8.0,2.0,5412.8099999999995,11.0,8137.379999999999,True
CUST00001719,Casey Brown 1719,customer1719@example.com,Austin,TX,South,2023-02-15,Unknown,4.0,True,4c0944d10ecd88870006,4.0,7712.33,23.0,1.0,417.73,4.0,8130.0599999999995,True
CUST00001483,Taylor Kim 1483,customer1483@example.com,Chicago,IL,Midwest,,Unknown,6.0,True,bb4f12c9833895866c17,1.0,1492.4,4.0,2.0,6634.87,15.0,8127.27,True
CUST00000926,Casey Kim 926,customer926@example.com,Seattle,WA,West,,Basic,,True,0f2c31e6403838e1fc9d,3.0,6860.29,25.0,1.0,1256.8899999999999,2.0,8117.18,True
CUST00001534,Morgan Patel 1534,customer1534@example.com,Miami,FL,South,,Basic,5.0,False,0858f865f438a2a66269,2.0,5961.21,12.0,1.0,2133.5299999999997,5.0,8094.74,True
CUST00000574,Alex Smith 574,customer574@example.com,Tacoma,WA,West,,Silver,,True,4643c8ad0b6a1e292d9a,2.0,3786.9700000000003,14.0,2.0,4291.77,17.0,8078.740000000001,True
CUST00001752,Morgan Garcia 1752,customer1752@example.com,Albany,NY,Northeast,2024-02-04,Gold,,True,b71c3f47102d134df99a,2.0,3003.33,14.0,1.0,5064.7,10.0,8068.03,True
CUST00000972,Riley Patel 972,customer972@example.com,Miami,FL,South,2021-01-04,Gold,1.0,True,870b91aec5e835ff7605,1.0,2871.6400000000003,11.0,1.0,5196.38,13.0,8068.02,True
CUST00001386,Casey Brown 1386,customer1386@example.com,Atlanta,GA,South,2020-03-21,Gold,,True,e193ac9075a8f2cd6ab9,1.0,1910.73,5.0,1.0,6155.33,8.0,8066.0599999999995,True
CUST00000410,Casey Kim 410,customer410@example.com,Aurora,CO,West,2024-03-27,Silver,3.0,True,fc2939702db60ed26cb2,1.0,7849.28,14.0,1.0,198.72,2.0,8048.0,True
CUST00001761,Alex Smith 1761,customer1761@example.com,Peoria,IL,Midwest,,Silver,,True,37588099b1acbf37b01d,3.0,6317.92,18.0,2.0,1727.02,7.0,8044.9400000000005,True
CUST00000142,Casey Patel 142,customer142@example.com,Chicago,IL,Midwest,2020-11-27,Plus,3.0,True,552de27f12983caaadcb,2.0,3614.81,8.0,1.0,4402.719999999999,8.0,8017.529999999999,True
CUST00001066,Taylor Lee 1066,customer1066@example.com,Orlando,FL,South,,Gold,2.0,True,72a3cd659da6ff7db0d6,1.0,1437.1,6.0,3.0,6558.15,19.0,7995.25,True
CUST00000443,Riley Garcia 443,customer443@example.com,Chicago,IL,Midwest,2021-03-04,Plus,6.0,True,3546eb533a98b1c8cd2c,3.0,7994.03,22.0,0.0,0.0,0.0,7994.03,False
CUST00001471,Taylor Patel 1471,customer1471@example.com,Buffalo,NY,Northeast,,Gold,1.0,True,2f117557352a87859b71,3.0,7993.46,15.0,0.0,0.0,0.0,7993.46,False
CUST00001309,Jordan Garcia 1309,customer1309@example.com,Orlando,FL,South,,Plus,,True,fd87cdcf76ca5ea74fc8,1.0,3259.42,9.0,2.0,4719.08,9.0,7978.5,True
CUST00000539,Alex Lee 539,customer539@example.com,Albany,NY,Northeast,,Basic,,True,b5cfc728be3a33c9ed18,3.0,6496.9,17.0,2.0,1480.1100000000001,4.0,7977.01,True
CUST00000414,Casey Patel 414,customer414@example.com,Denver,CO,West,2023-08-22,Basic,1.0,True,599757aefb225756ef2e,3.0,4134.12,10.0,2.0,3825.18,11.0,7959.299999999999,True
CUST00000550,Morgan Smith 550,customer550@example.com,Albany,NY,Northeast,2022-06-05,Basic,2.0,True,c60ebfc1ea67401773d4,4.0,7931.18,32.0,0.0,0.0,0.0,7931.18,False
CUST00001419,Jordan Smith 1419,customer1419@example.com,Los Angeles,CA,West,2022-03-19,Plus,4.0,True,f8ebe114377e216feeb9,0.0,0.0,0.0,3.0,7925.76,15.0,7925.76,False
CUST00001655,Taylor Garcia 1655,customer1655@example.com,Dallas,TX,South,,Silver,1.0,True,b477e9ac4febf7c23f4d,3.0,7912.139999999999,18.0,0.0,0.0,0.0,7912.139999999999,False
CUST00001110,Alex Patel 1110,customer1110@example.com,Albany,NY,Northeast,2025-09-25,Silver,2.0,True,011d176cad4e442459cf,2.0,2370.2799999999997,6.0,1.0,5538.88,14.0,7909.16,True
CUST00000176,Casey Garcia 176,customer176@example.com,Dallas,TX,South,2022-12-23,Gold,6.0,True,c43095bcfdf7964950a1,0.0,0.0,0.0,3.0,7909.03,15.0,7909.03,False
CUST00001245,Casey Lee 1245,customer1245@example.com,Albany,NY,Northeast,2021-02-22,Unknown,2.0,True,256dea1e843a773aa239,2.0,6496.6,11.0,1.0,1409.62,4.0,7906.22,True
CUST00000003,Taylor Lee 3,customer3@example.com,Savannah,GA,South,,Unknown,4.0,True,e4229a4e6326270fc1bb,2.0,6628.14,18.0,1.0,1277.0,8.0,7905.14,True
CUST00000484,Riley Kim 484,customer484@example.com,Austin,TX,South,2025-03-27,Silver,1.0,True,4e913c3abf6bde58bd73,2.0,3575.34,9.0,1.0,4318.82,8.0,7894.16,True
CUST00001584,Jordan Patel 1584,customer1584@example.com,Buffalo,NY,Northeast,,Unknown,5.0,True,7db03d32bc1562e374b8,2.0,5041.200000000001,16.0,1.0,2831.2200000000003,9.0,7872.420000000001,True
CUST00000359,Morgan Garcia 359,customer359@example.com,Aurora,CO,West,,Gold,1.0,True,89776b7c3bfe32db4f6f,2.0,7361.01,14.0,1.0,499.21000000000004,3.0,7860.22,True
CUST00001027,Casey Patel 1027,customer1027@example.com,Orlando,FL,South,2024-07-07,Unknown,1.0,True,9508452944398e03f520,3.0,7257.360000000001,12.0,1.0,562.96,2.0,7820.320000000001,True
CUST00001451,Alex Brown 1451,customer1451@example.com,Denver,CO,West,,Unknown,3.0,False,350fcd9582fc8e2fff84,3.0,7811.86,19.0,0.0,0.0,0.0,7811.86,False
CUST00001264,Casey Lee 1264,customer1264@example.com,Los Angeles,CA,West,,Gold,1.0,True,5cf62106bb322e3f8205,3.0,6757.36,25.0,2.0,1050.88,14.0,7808.24,True
CUST00001225,Morgan Garcia 1225,customer1225@example.com,Houston,TX,South,,Silver,,True,ed1f3b5a0980f745fa1f,2.0,873.68,6.0,2.0,6931.33,17.0,7805.01,True
CUST00000686,Alex Smith 686,customer686@example.com,Austin,TX,South,2020-10-27,Gold,2.0,True,3aca74ebcecd63bfab65,3.0,7484.7,16.0,1.0,312.34,5.0,7797.04,True
CUST00000186,Morgan Lee 186,customer186@example.com,Albany,NY,Northeast,2020-03-30,Silver,1.0,False,ce38445f69d7e67c04a9,3.0,7778.77,28.0,0.0,0.0,0.0,7778.77,False
CUST00000818,Jordan Kim 818,customer818@example.com,Albany,NY,Northeast,,Plus,,True,b4fee007de0a84892806,2.0,7777.15,30.0,0.0,0.0,0.0,7777.15,False
CUST00001594,Jordan Garcia 1594,customer1594@example.com,Austin,TX,South,,Gold,5.0,False,4e4af000f1a5c32fb1e9,3.0,2647.95,9.0,2.0,5125.33,14.0,7773.28,True
CUST00000214,Riley Patel 214,customer214@example.com,Chicago,IL,Midwest,2025-01-06,Basic,,True,fae3e340980cc0c6f307,1.0,1684.28,4.0,4.0,6085.2699999999995,11.0,7769.549999999999,True
CUST00000046,Casey Patel 46,customer46@example.com,Atlanta,GA,South,,Silver,5.0,False,835ffe643b7c8140b7d9,2.0,7766.55,19.0,0.0,0.0,0.0,7766.55,False
CUST00001187,Taylor Brown 1187,customer1187@example.com,Houston,TX,South,2020-01-07,Unknown,6.0,True,0acf062c98265e7ee178,1.0,1870.8400000000001,5.0,2.0,5882.89,11.0,7753.7300000000005,True
CUST00001794,Morgan Lee 1794,customer1794@example.com,Tacoma,WA,West,2024-11-14,Silver,3.0,True,890ee35b934ea26648ef,2.0,7746.63,16.0,0.0,0.0,0.0,7746.63,False
CUST00000959,Alex Lee 959,customer959@example.com,Peoria,IL,Midwest,2020-04-10,Basic,6.0,True,44aa43fb7ba2f9e01659,4.0,7736.0,25.0,0.0,0.0,0.0,7736.0,False
CUST00001041,Jordan Smith 1041,customer1041@example.com,Sacramento,CA,West,,Plus,1.0,False,befa02a3e19db62129ba,2.0,7735.88,14.0,0.0,0.0,0.0,7735.88,False
CUST00000759,Riley Smith 759,customer759@example.com,Orlando,FL,South,,Gold,,True,7ab035980bd527b5ea2c,2.0,7732.47,12.0,0.0,0.0,0.0,7732.47,False
CUST00001461,Alex Smith 1461,customer1461@example.com,Sacramento,CA,West,2021-06-03,Unknown,2.0,False,d487a67b169e2c1880b6,2.0,5333.35,12.0,1.0,2398.74,7.0,7732.09,True
CUST00000049,Alex Lee 49,customer49@example.com,Tacoma,WA,West,,Basic,1.0,True,d3a8891f934be80b6931,4.0,7281.38,23.0,1.0,420.75,1.0,7702.13,True
CUST00001741,Riley Lee 1741,customer1741@example.com,Aurora,CO,West,2026-02-05,Silver,1.0,True,1e922e5c385d3172ea52,2.0,7674.07,18.0,0.0,0.0,0.0,7674.07,False
CUST00001162,Taylor Garcia 1162,customer1162@example.com,Tacoma,WA,West,2025-10-03,Basic,6.0,True,26ddde5ad66fe52f5d08,0.0,0.0,0.0,2.0,7673.66,14.0,7673.66,False
CUST00001280,Casey Brown 1280,customer1280@example.com,Miami,FL,South,2021-08-04,Plus,4.0,True,13c3f8f75bf9d3db3054,1.0,2322.9700000000003,15.0,2.0,5346.0599999999995,21.0,7669.03,True
CUST00000523,Jordan Garcia 523,customer523@example.com,Houston,TX,South,2024-06-21,Gold,6.0,False,eab7d8840be8989d7a27,0.0,0.0,0.0,3.0,7666.97,13.0,7666.97,False
CUST00001696,Alex Garcia 1696,customer1696@example.com,Peoria,IL,Midwest,,Gold,,True,7b60c7ee6ac7a3aa0c02,0.0,0.0,0.0,3.0,7666.22,14.0,7666.22,False
CUST00001702,Morgan Patel 1702,customer1702@example.com,Albany,NY,Northeast,2023-12-29,Silver,1.0,True,c1a5067d50253e0d831a,4.0,7505.67,20.0,1.0,156.1,2.0,7661.77,True
CUST00001035,Casey Garcia 1035,customer1035@example.com,Los Angeles,CA,West,2024-11-05,Gold,5.0,True,72d229e35ffa8f4b37a7,1.0,1913.51,5.0,1.0,5733.9,11.0,7647.41,True
CUST00000038,Taylor Smith 38,customer38@example.com,Austin,TX,South,,Gold,3.0,False,099ba62e4abfecf6763c,3.0,7641.12,19.0,0.0,0.0,0.0,7641.12,False
CUST00000057,Morgan Kim 57,customer57@example.com,Savannah,GA,South,2024-05-02,Plus,6.0,False,35944805dcb438ff35b5,1.0,3708.5,7.0,2.0,3923.69,8.0,7632.1900000000005,True
CUST00000888,Morgan Brown 888,customer888@example.com,Atlanta,GA,South,,Unknown,,False,d1529715970871ade4cd,2.0,3741.3900000000003,13.0,1.0,3883.15,10.0,7624.540000000001,True
CUST00001368,Casey Garcia 1368,customer1368@example.com,Miami,FL,South,,Gold,2.0,True,1c37ffba24def47ed6e9,1.0,6284.360000000001,14.0,1.0,1328.04,3.0,7612.400000000001,True
CUST00001547,Morgan Lee 1547,customer1547@example.com,Los Angeles,CA,West,,Gold,1.0,True,0130ed2493a2876b594c,2.0,4412.62,12.0,1.0,3198.05,7.0,7610.67,True
CUST00000495,Jordan Smith 495,customer495@example.com,Denver,CO,West,2020-01-22,Gold,5.0,True,f179c41aeb4d944db891,3.0,5487.6,14.0,1.0,2119.23,5.0,7606.83,True
CUST00000431,Jordan Patel 431,customer431@example.com,Peoria,IL,Midwest,,Plus,,True,a05833fb56e5abfd67cd,2.0,3483.3,8.0,4.0,4113.68,15.0,7596.9800000000005,True
CUST00000558,Taylor Smith 558,customer558@example.com,Dallas,TX,South,,Basic,1.0,True,12362e609618aee885a4,4.0,7587.83,21.0,0.0,0.0,0.0,7587.83,False
CUST00000824,Riley Lee 824,customer824@example.com,Savannah,GA,South,,Plus,6.0,False,ca67ba7c32e529ab2e22,2.0,2332.39,4.0,2.0,5246.6,10.0,7578.99,True
CUST00000177,Taylor Kim 177,customer177@example.com,Orlando,FL,South,,Silver,,True,3b6197a626c79dfa67f8,2.0,3140.04,14.0,2.0,4418.95,14.0,7558.99,True
CUST00000181,Jordan Lee 181,customer181@example.com,Sacramento,CA,West,,Silver,,True,d27ba004261fcd20e27e,1.0,1045.55,6.0,4.0,6513.22,15.0,7558.77,True
CUST00001118,Jordan Lee 1118,customer1118@example.com,Denver,CO,West,2023-06-02,Gold,5.0,False,3ef9aa3009d3796f2504,2.0,2815.89,3.0,1.0,4690.94,9.0,7506.83,True
CUST00000707,Jordan Kim 707,customer707@example.com,Chicago,IL,Midwest,2024-12-15,Gold,5.0,True,16c790fb2a735adf9eff,2.0,5873.1900000000005,16.0,1.0,1626.5,6.0,7499.6900000000005,True
CUST00000689,Jordan Kim 689,customer689@example.com,Chicago,IL,Midwest,2024-07-08,Basic,5.0,True,98ebb263690643582a51,1.0,3340.28,9.0,2.0,4149.51,9.0,7489.790000000001,True
CUST00001323,Casey Brown 1323,customer1323@example.com,Savannah,GA,South,,Basic,3.0,True,cf2ccb1c3e52710654c3,0.0,0.0,0.0,2.0,7486.23,20.0,7486.23,False
CUST00001781,Riley Patel 1781,customer1781@example.com,Denver,CO,West,2022-02-18,Silver,4.0,True,08ece726d8f1066797bf,3.0,7468.92,16.0,0.0,0.0,0.0,7468.92,False
CUST00001448,Morgan Brown 1448,customer1448@example.com,Chicago,IL,Midwest,,Gold,4.0,True,336c63b1db6cc5ba78ee,1.0,5346.21,13.0,3.0,2109.75,8.0,7455.96,True
CUST00000642,Morgan Brown 642,customer642@example.com,Orlando,FL,South,,Plus,,False,0d229f37b84db6c36104,1.0,895.36,1.0,2.0,6554.95,18.0,7450.3099999999995,True
CUST00001034,Jordan Patel 1034,customer1034@example.com,Tacoma,WA,West,2025-08-14,Plus,1.0,True,846881d0d3b2e9ce6a8f,1.0,7433.65,13.0,0.0,0.0,0.0,7433.65,False
CUST00001154,Taylor Brown 1154,customer1154@example.com,Orlando,FL,South,2025-02-08,Plus,1.0,True,cc284fd449d59d2058e2,0.0,0.0,0.0,2.0,7411.06,19.0,7411.06,False
CUST00001420,Taylor Lee 1420,customer1420@example.com,Savannah,GA,South,,Unknown,1.0,True,6a23a925b2f0eecdd703,3.0,7409.49,12.0,0.0,0.0,0.0,7409.49,False
CUST00000953,Taylor Smith 953,customer953@example.com,Albany,NY,Northeast,,Basic,3.0,True,0c8e654b2eba76fb5544,2.0,5159.16,12.0,1.0,2244.91,5.0,7404.07,True
CUST00001351,Casey Lee 1351,customer1351@example.com,Albany,NY,Northeast,,Unknown,1.0,True,d01f6d121f0c98ace804,2.0,5427.26,13.0,1.0,1969.62,13.0,7396.88,True
CUST00001738,Morgan Patel 1738,customer1738@example.com,Miami,FL,South,2022-01-09,Plus,3.0,True,08cfc8ff3a882bacaa85,3.0,7380.27,20.0,0.0,0.0,0.0,7380.27,False
CUST00000797,Taylor Lee 797,customer797@example.com,Buffalo,NY,Northeast,,Gold,3.0,True,1237b7482eb267e4a6b8,0.0,0.0,0.0,2.0,7375.84,12.0,7375.84,False
CUST00000124,Riley Patel 124,customer124@example.com,Buffalo,NY,Northeast,2024-08-01,Gold,6.0,False,c01e6d178620d9a7ec4b,1.0,5147.07,8.0,2.0,2223.49,9.0,7370.5599999999995,True
CUST00001479,Casey Lee 1479,customer1479@example.com,Peoria,IL,Midwest,2025-11-17,Silver,,True,09675d0dcc0c4556ff06,3.0,1351.56,7.0,2.0,6016.46,11.0,7368.02,True
CUST00001380,Casey Brown 1380,customer1380@example.com,Tacoma,WA,West,,Basic,1.0,True,10e988e68544031d101d,2.0,4161.65,12.0,2.0,3189.47,9.0,7351.119999999999,True
CUST00000858,Jordan Patel 858,customer858@example.com,Austin,TX,South,,Unknown,3.0,True,d79d195258c646e50085,1.0,1838.84,7.0,2.0,5510.299999999999,8.0,7349.139999999999,True
CUST00001238,Morgan Patel 1238,customer1238@example.com,Orlando,FL,South,2025-07-12,Gold,2.0,True,8564da8ba66985db8555,2.0,7344.47,21.0,0.0,0.0,0.0,7344.47,False
CUST00000951,Riley Garcia 951,customer951@example.com,Savannah,GA,South,2020-05-16,Unknown,1.0,True,4c3116f98c580452a712,1.0,2637.55,5.0,1.0,4705.46,9.0,7343.01,True
CUST00000025,Jordan Kim 25,customer25@example.com,Dallas,TX,South,,Gold,2.0,True,8604241ae0e783d17e6d,0.0,0.0,0.0,2.0,7342.66,15.0,7342.66,False
CUST00000171,Morgan Garcia 171,customer171@example.com,Albany,NY,Northeast,,Unknown,,True,dd7058b6c7e6bbcbd9ea,3.0,7342.03,21.0,0.0,0.0,0.0,7342.03,False
CUST00000317,Alex Garcia 317,customer317@example.com,Peoria,IL,Midwest,2021-01-03,Basic,,True,bf0014530d51bf56bd60,4.0,7320.18,16.0,0.0,0.0,0.0,7320.18,False
CUST00001143,Morgan Kim 1143,customer1143@example.com,Atlanta,GA,South,,Gold,,False,858e463f7723b82762a0,2.0,4199.69,12.0,1.0,3117.74,8.0,7317.429999999999,True
CUST00000717,Taylor Lee 717,customer717@example.com,Seattle,WA,West,,Silver,,True,cb7d75cf8fa3351a3c66,2.0,890.7,4.0,4.0,6423.89,15.0,7314.59,True
CUST00001452,Taylor Garcia 1452,customer1452@example.com,Peoria,IL,Midwest,,Gold,6.0,True,dbdecd0bbff751757660,4.0,7310.51,19.0,0.0,0.0,0.0,7310.51,False
CUST00000879,Riley Brown 879,customer879@example.com,Savannah,GA,South,2022-01-14,Unknown,,True,5bf2628fa4d16e366de1,3.0,7308.36,16.0,0.0,0.0,0.0,7308.36,False
CUST00001490,Casey Garcia 1490,customer1490@example.com,Chicago,IL,Midwest,,Gold,,True,3e024aa00d3dc5fd37be,3.0,6310.5199999999995,16.0,1.0,978.36,3.0,7288.879999999999,True
CUST00000696,Alex Patel 696,customer696@example.com,Peoria,IL,Midwest,2021-03-06,Gold,,True,01a6d473d025db8a6db7,4.0,6311.5,24.0,1.0,972.26,2.0,7283.76,True
CUST00000977,Alex Brown 977,customer977@example.com,Peoria,IL,Midwest,2023-02-24,Plus,6.0,True,4396e645007fd5d8699a,2.0,5067.37,10.0,1.0,2210.54,5.0,7277.91,True
CUST00000970,Morgan Brown 970,customer970@example.com,Atlanta,GA,South,2023-10-15,Gold,1.0,True,124aa3f39a19bc28a557,2.0,7268.62,16.0,0.0,0.0,0.0,7268.62,False
CUST00001541,Casey Garcia 1541,customer1541@example.com,Chicago,IL,Midwest,,Silver,,False,3ea1fc45ea626ccb11e1,4.0,7255.83,20.0,0.0,0.0,0.0,7255.83,False
CUST00001407,Morgan Lee 1407,customer1407@example.com,Buffalo,NY,Northeast,2023-01-01,Silver,5.0,True,40815a4513b0d259a934,4.0,7238.16,16.0,0.0,0.0,0.0,7238.16,False
CUST00001042,Morgan Garcia 1042,customer1042@example.com,Houston,TX,South,2022-05-14,Silver,6.0,False,4f6433b8b1a969fe36b3,2.0,6696.61,19.0,1.0,537.91,1.0,7234.5199999999995,True
CUST00001654,Alex Patel 1654,customer1654@example.com,Albany,NY,Northeast,2020-06-19,Silver,,True,20a2378d6983e8157b6c,2.0,5432.29,12.0,1.0,1784.44,6.0,7216.73,True
CUST00001494,Casey Brown 1494,customer1494@example.com,Atlanta,GA,South,2023-04-05,Unknown,1.0,True,486d2b2cd33984a023da,4.0,5127.24,16.0,1.0,2071.7999999999997,10.0,7199.039999999999,True
CUST00000900,Alex Garcia 900,customer900@example.com,Buffalo,NY,Northeast,,Plus,,True,770e7e2706ec58f929ea,2.0,7197.44,15.0,0.0,0.0,0.0,7197.44,False
CUST00000196,Jordan Kim 196,customer196@example.com,Sacramento,CA,West,2024-11-17,Unknown,5.0,True,50fb9f322b8e45f96030,2.0,7194.599999999999,13.0,0.0,0.0,0.0,7194.599999999999,False
CUST00001400,Morgan Garcia 1400,customer1400@example.com,Seattle,WA,West,2022-03-10,Gold,,True,6a2a6d250d0f08eca2ec,1.0,1133.96,2.0,2.0,6060.4400000000005,10.0,7194.400000000001,True
CUST00001511,Casey Brown 1511,customer1511@example.com,Sacramento,CA,West,2024-06-29,Silver,1.0,True,5b39b80366b2b4b6ce6e,2.0,4697.9400000000005,12.0,1.0,2496.04,5.0,7193.9800000000005,True
CUST00000854,Jordan Smith 854,customer854@example.com,Atlanta,GA,South,2023-07-28,Plus,6.0,True,d807c71c19a6c9d4c885,1.0,2418.0699999999997,10.0,2.0,4761.28,17.0,7179.349999999999,True
CUST00001573,Casey Lee 1573,customer1573@example.com,Peoria,IL,Midwest,2025-08-01,Basic,4.0,True,1fb39a94a389c3b1d5fa,3.0,3226.65,8.0,1.0,3952.13,9.0,7178.780000000001,True
CUST00001691,Jordan Brown 1691,customer1691@example.com,Atlanta,GA,South,,Plus,5.0,True,9e35a6c3408004582e2d,2.0,5312.54,23.0,2.0,1865.19,4.0,7177.73,True
CUST00001282,Alex Patel 1282,customer1282@example.com,Orlando,FL,South,2021-08-23,Silver,,True,67f5d0cb6459cecf60f2,2.0,7173.6,10.0,0.0,0.0,0.0,7173.6,False
CUST00000812,Casey Lee 812,customer812@example.com,Denver,CO,West,2022-06-19,Silver,5.0,True,c9f6a0562a1dc5b675f3,3.0,2984.2400000000002,10.0,1.0,4182.43,10.0,7166.67,True
CUST00000930,Jordan Brown 930,customer930@example.com,Buffalo,NY,Northeast,2022-03-26,Plus,4.0,True,2d1e18ce051dd86ac691,2.0,3953.3100000000004,11.0,2.0,3206.4900000000002,10.0,7159.800000000001,True
CUST00001632,Alex Garcia 1632,customer1632@example.com,Seattle,WA,West,,Gold,2.0,True,299934502ffe3aead1ee,3.0,3163.07,6.0,2.0,3995.4599999999996,6.0,7158.53,True
CUST00000695,Jordan Patel 695,customer695@example.com,Peoria,IL,Midwest,,Gold,,True,9460bd3a63181646feec,2.0,7157.25,14.0,0.0,0.0,0.0,7157.25,False
CUST00001128,Casey Brown 1128,customer1128@example.com,Dallas,TX,South,2026-04-24,Gold,,False,e19840f857c5a160bab8,1.0,1585.46,3.0,4.0,5558.5599999999995,20.0,7144.0199999999995,True
CUST00001341,Morgan Smith 1341,customer1341@example.com,Los Angeles,CA,West,2020-05-23,Silver,2.0,True,80d4c7ea5f138989734e,2.0,7143.43,17.0,0.0,0.0,0.0,7143.43,False
CUST00001069,Alex Kim 1069,customer1069@example.com,Denver,CO,West,2025-04-04,Gold,,True,46b3762feb66f985948c,1.0,131.79,1.0,4.0,7009.86,17.0,7141.65,True
CUST00000326,Morgan Garcia 326,customer326@example.com,Chicago,IL,Midwest,2022-05-10,Silver,3.0,False,31fcf0b9af57531a0988,1.0,357.24,4.0,3.0,6784.05,15.0,7141.29,True
CUST00000518,Alex Patel 518,customer518@example.com,Miami,FL,South,,Gold,2.0,True,e4c9053dd0682e794ef9,4.0,7125.780000000001,14.0,0.0,0.0,0.0,7125.780000000001,False
CUST00001120,Morgan Smith 1120,customer1120@example.com,Tacoma,WA,West,,Basic,4.0,True,5d78445ce92022555949,1.0,5550.78,12.0,1.0,1568.8200000000002,5.0,7119.6,True
CUST00001016,Riley Lee 1016,customer1016@example.com,Seattle,WA,West,,Gold,4.0,True,e142b0b5e79f909629de,2.0,3464.42,15.0,1.0,3652.52,5.0,7116.9400000000005,True
CUST00000060,Taylor Kim 60,customer60@example.com,Tacoma,WA,West,,Plus,5.0,True,fc2f787d13101d06455d,2.0,6441.55,14.0,1.0,667.04,1.0,7108.59,True
CUST00000444,Alex Patel 444,customer444@example.com,Tacoma,WA,West,2024-07-01,Basic,6.0,True,20e4da8e61a15c388bf8,2.0,7107.5,16.0,0.0,0.0,0.0,7107.5,False
CUST00001453,Jordan Patel 1453,customer1453@example.com,Chicago,IL,Midwest,,Silver,,True,dc5c523c869dd43cd608,1.0,4362.04,8.0,1.0,2742.89,3.0,7104.93,True
CUST00000626,Riley Smith 626,customer626@example.com,Savannah,GA,South,2024-05-27,Gold,1.0,False,3630f3afa2097cc23cd7,3.0,7102.72,14.0,0.0,0.0,0.0,7102.72,False
CUST00001281,Morgan Smith 1281,customer1281@example.com,Sacramento,CA,West,2023-12-21,Basic,,True,db9f00e24ae26ab82934,3.0,6854.79,15.0,1.0,239.03,3.0,7093.82,True
CUST00001058,Jordan Brown 1058,customer1058@example.com,Savannah,GA,South,2020-12-13,Silver,2.0,True,432630bc6287a569f95d,1.0,1905.0700000000002,8.0,3.0,5166.05,13.0,7071.120000000001,True
CUST00000498,Casey Lee 498,customer498@example.com,Savannah,GA,South,2021-04-08,Basic,,True,824c076a6cf7477b24cd,3.0,7023.110000000001,18.0,0.0,0.0,0.0,7023.110000000001,False
CUST00000488,Casey Lee 488,customer488@example.com,Peoria,IL,Midwest,,Basic,6.0,True,8696fb202b4fe2e4ebf0,1.0,6037.92,13.0,1.0,980.37,2.0,7018.29,True
CUST00001394,Taylor Smith 1394,customer1394@example.com,Los Angeles,CA,West,2023-04-21,Gold,,True,2e35039b783658c73ea6,1.0,746.0,1.0,1.0,6270.969999999999,8.0,7016.969999999999,True
CUST00000936,Casey Kim 936,customer936@example.com,Savannah,GA,South,2021-06-25,Basic,,True,c65863756c19d65db654,3.0,5912.11,13.0,1.0,1084.67,3.0,6996.78,True
CUST00000380,Jordan Lee 380,unknown@example.com,Miami,FL,South,,Unknown,5.0,True,172b04ec7b8361ba0eee,4.0,6996.62,26.0,0.0,0.0,0.0,6996.62,False
CUST00001433,Morgan Patel 1433,customer1433@example.com,Aurora,CO,West,2020-01-16,Unknown,6.0,True,865ee262463ea68c153d,2.0,6991.68,13.0,0.0,0.0,0.0,6991.68,False
CUST00000254,Riley Brown 254,customer254@example.com,Peoria,IL,Midwest,2023-11-05,Silver,,True,f129ab0229603bc86d48,2.0,6474.1900000000005,20.0,1.0,509.45,2.0,6983.64,True
CUST00000474,Casey Garcia 474,customer474@example.com,Dallas,TX,South,2025-01-29,Unknown,3.0,False,c6f408c83f8028676312,2.0,3864.39,15.0,1.0,3108.94,7.0,6973.33,True
CUST00000860,Casey Smith 860,customer860@example.com,Buffalo,NY,Northeast,,Gold,4.0,True,ebfc2077fa51d7ab7f6a,1.0,6190.299999999999,10.0,1.0,779.27,2.0,6969.57,True
CUST00001412,Riley Patel 1412,customer1412@example.com,Sacramento,CA,West,2023-11-01,Unknown,5.0,True,e68624c76150fd389af3,1.0,1015.52,2.0,2.0,5914.48,21.0,6930.0,True
CUST00000828,Riley Garcia 828,customer828@example.com,Savannah,GA,South,,Silver,4.0,True,a08f6329a758120cf6c5,1.0,2901.37,9.0,2.0,3995.29,16.0,6896.66,True
CUST00001055,Alex Kim 1055,customer1055@example.com,Seattle,WA,West,2020-12-23,Plus,,True,5130e824d6bac4330ef2,3.0,5431.37,15.0,1.0,1458.78,3.0,6890.15,True
CUST00001317,Morgan Smith 1317,customer1317@example.com,Atlanta,GA,South,,Plus,2.0,False,d687a504fe50265843c7,3.0,3437.59,9.0,2.0,3437.7400000000002,7.0,6875.33,True
CUST00000955,Riley Brown 955,customer955@example.com,Chicago,IL,Midwest,2021-07-19,Basic,2.0,True,401185e17385c24e68e9,1.0,2692.25,10.0,1.0,4170.23,16.0,6862.48,True
CUST00001025,Taylor Patel 1025,customer1025@example.com,Seattle,WA,West,2021-05-18,Gold,4.0,True,abea59ee08ac79ced3ab,2.0,6324.39,13.0,2.0,529.83,6.0,6854.22,True
CUST00001492,Riley Smith 1492,customer1492@example.com,Orlando,FL,South,2022-04-28,Unknown,1.0,True,b7585cb366007b71c013,2.0,511.94,3.0,2.0,6341.99,9.0,6853.929999999999,True
CUST00001779,Jordan Brown 1779,customer1779@example.com,Denver,CO,West,2026-05-16,Plus,,True,e943875fc43742293198,0.0,0.0,0.0,3.0,6850.669999999999,15.0,6850.669999999999,False
CUST00001112,Jordan Garcia 1112,customer1112@example.com,Denver,CO,West,2020-08-30,Basic,,True,c9a86bfb87d04955dc12,2.0,920.7900000000001,4.0,1.0,5928.51,9.0,6849.3,True
CUST00000215,Jordan Patel 215,customer215@example.com,Austin,TX,South,2024-01-11,Gold,,True,fa47c1fb33855f0f1ff0,1.0,3200.26,9.0,2.0,3648.32,12.0,6848.58,True
CUST00001672,Jordan Smith 1672,customer1672@example.com,Buffalo,NY,Northeast,,Basic,3.0,True,2674a864dc0e2ab50ff7,1.0,1323.55,4.0,4.0,5516.46,17.0,6840.01,True
CUST00001260,Jordan Brown 1260,customer1260@example.com,Austin,TX,South,,Gold,4.0,True,1b0b9a21f1e78461e55f,2.0,3329.95,8.0,1.0,3503.55,6.0,6833.5,True
CUST00001199,Taylor Lee 1199,customer1199@example.com,Los Angeles,CA,West,,Basic,3.0,True,07dc7d2c460377bcba46,3.0,2966.8,14.0,1.0,3861.5600000000004,9.0,6828.360000000001,True
CUST00000552,Jordan Lee 552,customer552@example.com,Peoria,IL,Midwest,2022-11-28,Gold,,True,9560ab8806f943b5266e,2.0,6806.07,20.0,0.0,0.0,0.0,6806.07,False
CUST00001500,Riley Patel 1500,customer1500@example.com,Denver,CO,West,2020-05-18,Silver,1.0,True,228b96b41581c8e3a30c,1.0,6803.32,16.0,0.0,0.0,0.0,6803.32,False
CUST00001737,Riley Patel 1737,customer1737@example.com,Aurora,CO,West,,Silver,,True,4bb3814d2b1578a6a48f,2.0,4329.76,11.0,2.0,2472.83,8.0,6802.59,True
CUST00001474,Casey Kim 1474,customer1474@example.com,Albany,NY,Northeast,,Plus,,False,ac640150a04e8f628546,2.0,6791.5,14.0,0.0,0.0,0.0,6791.5,False
CUST00000893,Morgan Patel 893,customer893@example.com,Sacramento,CA,West,,Unknown,6.0,True,968f89d2b32ed039bc02,3.0,6785.14,14.0,0.0,0.0,0.0,6785.14,False
CUST00001151,Jordan Patel 1151,customer1151@example.com,Orlando,FL,South,2021-02-23,Plus,,True,79b785d09ec70b14d57f,3.0,6762.09,22.0,1.0,22.25,1.0,6784.34,True
CUST00000681,Alex Kim 681,customer681@example.com,Buffalo,NY,Northeast,,Unknown,3.0,True,bec1d941e5adadb73fad,3.0,6780.400000000001,19.0,0.0,0.0,0.0,6780.400000000001,False
CUST00000723,Taylor Smith 723,customer723@example.com,Buffalo,NY,Northeast,2021-02-23,Silver,4.0,True,a041501b1137670cbe4f,4.0,6765.35,17.0,0.0,0.0,0.0,6765.35,False
CUST00001396,Taylor Patel 1396,customer1396@example.com,Miami,FL,South,,Unknown,,True,a90c35fd57668a11023f,1.0,1576.9,2.0,2.0,5188.34,13.0,6765.24,True
CUST00001322,Morgan Lee 1322,customer1322@example.com,Savannah,GA,South,,Basic,,False,53bbf488bf7e8f1947d9,3.0,4385.69,10.0,2.0,2369.58,9.0,6755.2699999999995,True
CUST00000948,Taylor Patel 948,customer948@example.com,Austin,TX,South,,Gold,,True,8481d31aade9811efda0,1.0,315.17,1.0,2.0,6425.35,16.0,6740.52,True
CUST00000785,Casey Lee 785,customer785@example.com,Houston,TX,South,2025-06-23,Gold,5.0,True,fd2d4eae5e3867edc832,1.0,3343.76,4.0,2.0,3395.14,10.0,6738.9,True
CUST00000320,Taylor Garcia 320,customer320@example.com,Orlando,FL,South,2023-08-08,Gold,6.0,True,8cb1ba8175ab284248fa,2.0,5171.26,12.0,1.0,1560.56,5.0,6731.82,True
CUST00001181,Taylor Smith 1181,customer1181@example.com,Austin,TX,South,2023-11-19,Silver,1.0,True,822426548c51442e96f8,1.0,2241.1,7.0,2.0,4456.2,14.0,6697.299999999999,True
CUST00000501,Alex Brown 501,customer501@example.com,Chicago,IL,Midwest,,Gold,4.0,True,d9dc423a25362581be1a,1.0,6661.98,14.0,0.0,0.0,0.0,6661.98,False
CUST00000108,Casey Brown 108,customer108@example.com,Austin,TX,South,,Gold,4.0,False,6aa2e17e14812620f0ab,2.0,6644.8,10.0,0.0,0.0,0.0,6644.8,False
CUST00000064,Alex Garcia 64,customer64@example.com,Aurora,CO,West,,Gold,2.0,True,ec209611b812e5f2a909,2.0,6642.63,18.0,0.0,0.0,0.0,6642.63,False
CUST00000661,Alex Garcia 661,customer661@example.com,Miami,FL,South,2023-07-07,Silver,6.0,True,1b25c291a8f77f76182c,2.0,3166.3900000000003,15.0,1.0,3467.0,5.0,6633.39,True
CUST00000029,Taylor Garcia 29,customer29@example.com,Savannah,GA,South,,Unknown,,True,6f4071199ae603dc456e,2.0,3917.96,10.0,1.0,2714.2,4.0,6632.16,True
CUST00000236,Casey Smith 236,customer236@example.com,Peoria,IL,Midwest,2023-06-05,Plus,3.0,True,610d8aa6687757f89f4a,2.0,3426.2400000000002,15.0,1.0,3201.79,9.0,6628.030000000001,True
CUST00000559,Jordan Brown 559,customer559@example.com,Buffalo,NY,Northeast,,Plus,3.0,True,70469cfa6dbf099ee58d,4.0,6618.73,23.0,0.0,0.0,0.0,6618.73,False
CUST00001261,Morgan Kim 1261,customer1261@example.com,Seattle,WA,West,,Gold,,True,a39ca41a96e46549dbbf,1.0,1054.2,5.0,4.0,5557.280000000001,15.0,6611.4800000000005,True
CUST00000432,Alex Kim 432,customer432@example.com,Los Angeles,CA,West,2021-11-02,Unknown,1.0,True,c191116093f1edb6261e,1.0,186.7,2.0,3.0,6421.5,15.0,6608.2,True
CUST00000211,Morgan Lee 211,customer211@example.com,Orlando,FL,South,,Plus,2.0,True,a7539947f07d358ce604,1.0,3045.2799999999997,6.0,1.0,3558.9,6.0,6604.18,True
CUST00001221,Morgan Lee 1221,customer1221@example.com,Miami,FL,South,,Silver,2.0,True,3b1c9d22eb5cc0309fa7,2.0,1344.46,3.0,1.0,5258.9,14.0,6603.36,True
CUST00001360,Casey Lee 1360,customer1360@example.com,Savannah,GA,South,,Gold,5.0,True,4cbd53e900f63cb7fc6d,0.0,0.0,0.0,2.0,6602.75,12.0,6602.75,False
CUST00000909,Jordan Patel 909,customer909@example.com,Dallas,TX,South,2021-09-21,Unknown,4.0,False,43634ae12da73699c1c8,2.0,6601.12,9.0,0.0,0.0,0.0,6601.12,False
CUST00001675,Morgan Lee 1675,customer1675@example.com,Savannah,GA,South,2024-10-19,Silver,5.0,True,20d8ea874b10b53087a4,3.0,6600.639999999999,12.0,0.0,0.0,0.0,6600.639999999999,False
CUST00000099,Riley Kim 99,customer99@example.com,Aurora,CO,West,,Gold,1.0,True,c751c1629604cc493bfc,3.0,6598.27,13.0,0.0,0.0,0.0,6598.27,False
CUST00000007,Casey Brown 7,customer7@example.com,Los Angeles,CA,West,,Gold,1.0,True,1003f0acf8138c5c8e02,2.0,6594.18,20.0,0.0,0.0,0.0,6594.18,False
CUST00000857,Jordan Kim 857,customer857@example.com,Buffalo,NY,Northeast,2020-12-17,Gold,,False,aa25747c6e60388069e8,1.0,1869.59,5.0,1.0,4718.7300000000005,11.0,6588.320000000001,True
CUST00000486,Alex Kim 486,customer486@example.com,Aurora,CO,West,,Silver,3.0,True,fdb89b35ad20a6d36836,2.0,3969.3199999999997,18.0,2.0,2615.4700000000003,8.0,6584.79,True
CUST00001138,Riley Lee 1138,customer1138@example.com,Aurora,CO,West,2025-07-03,Silver,,True,3b87f660f06273f21e10,2.0,5270.57,13.0,1.0,1299.44,3.0,6570.01,True
CUST00001229,Alex Brown 1229,customer1229@example.com,Seattle,WA,West,,Unknown,,True,a728539803df84d150ec,2.0,3537.2999999999997,8.0,1.0,3029.2200000000003,3.0,6566.52,True
CUST00000528,Alex Garcia 528,customer528@example.com,Atlanta,GA,South,,Gold,4.0,True,2fb74c96ac3f83d2afa8,1.0,2872.76,7.0,2.0,3690.3199999999997,13.0,6563.08,True
CUST00001019,Taylor Smith 1019,customer1019@example.com,Buffalo,NY,Northeast,2020-01-14,Plus,,True,0eeacbafffea22bc02b2,1.0,2014.0,4.0,2.0,4541.91,10.0,6555.91,True
CUST00000740,Morgan Smith 740,customer740@example.com,Chicago,IL,Midwest,2021-08-11,Unknown,6.0,True,6c1aefcded281dca482b,1.0,1848.08,4.0,2.0,4701.12,16.0,6549.2,True
CUST00001209,Taylor Brown 1209,customer1209@example.com,Houston,TX,South,2022-09-18,Silver,1.0,True,900596cb37b97733ab88,2.0,4342.22,13.0,3.0,2193.34,13.0,6535.56,True
CUST00000511,Morgan Kim 511,customer511@example.com,Miami,FL,South,2024-01-12,Gold,5.0,True,bcc0919927fbd9841ee3,2.0,3683.83,15.0,1.0,2835.06,11.0,6518.889999999999,True
CUST00001097,Jordan Kim 1097,customer1097@example.com,Savannah,GA,South,,Plus,5.0,True,7f46d1affd1f714d10d6,2.0,4199.0,12.0,1.0,2315.25,4.0,6514.25,True
CUST00001746,Riley Smith 1746,customer1746@example.com,Los Angeles,CA,West,2022-02-06,Gold,3.0,True,f0d9b4a78d36e6d78fa6,1.0,975.19,3.0,3.0,5531.51,14.0,6506.700000000001,True
CUST00001518,Jordan Patel 1518,customer1518@example.com,Tacoma,WA,West,2023-08-11,Basic,5.0,False,17dc48da3db643e48d2a,1.0,1207.3600000000001,8.0,1.0,5285.32,11.0,6492.68,True
CUST00000725,Morgan Brown 725,customer725@example.com,Peoria,IL,Midwest,,Gold,3.0,True,61c41ea25e7d81552e7e,1.0,5895.320000000001,9.0,1.0,579.13,1.0,6474.450000000001,True
CUST00001237,Riley Patel 1237,customer1237@example.com,Seattle,WA,West,,Gold,4.0,True,8b83d116705b34201383,2.0,3937.2999999999997,9.0,2.0,2520.38,9.0,6457.68,True
CUST00000282,Casey Kim 282,customer282@example.com,Buffalo,NY,Northeast,2020-02-19,Basic,3.0,True,a86d68c5c265bd25c202,2.0,6453.780000000001,12.0,0.0,0.0,0.0,6453.780000000001,False
CUST00000652,Taylor Patel 652,customer652@example.com,Atlanta,GA,South,,Basic,,True,c138f455ca0003b3feb2,2.0,6443.7699999999995,16.0,0.0,0.0,0.0,6443.7699999999995,False
CUST00000565,Jordan Smith 565,customer565@example.com,Sacramento,CA,West,2022-08-08,Gold,6.0,True,ef688835552dea84f227,3.0,6421.34,13.0,0.0,0.0,0.0,6421.34,False
CUST00000168,Morgan Smith 168,customer168@example.com,Peoria,IL,Midwest,,Gold,,True,c57b78443b921037db05,1.0,4715.03,11.0,1.0,1701.78,8.0,6416.8099999999995,True
CUST00001577,Jordan Lee 1577,customer1577@example.com,Denver,CO,West,2021-10-01,Gold,,True,56a71ce44dadb3f7d1b8,0.0,0.0,0.0,2.0,6407.38,12.0,6407.38,False
CUST00001579,Alex Patel 1579,customer1579@example.com,Tacoma,WA,West,2020-07-18,Gold,,True,56e898719831a8aa535a,5.0,6393.88,17.0,0.0,0.0,0.0,6393.88,False
CUST00000295,Alex Lee 295,customer295@example.com,Tacoma,WA,West,2025-03-12,Gold,6.0,True,35a56fe7611c89602305,2.0,3061.7,6.0,1.0,3313.7700000000004,5.0,6375.47,True
CUST00000077,Jordan Smith 77,customer77@example.com,Los Angeles,CA,West,,Gold,4.0,True,5cd5537f90864ab5ce7f,2.0,6363.549999999999,8.0,0.0,0.0,0.0,6363.549999999999,False
CUST00000245,Alex Smith 245,customer245@example.com,Dallas,TX,South,,Basic,6.0,True,8d2d536b411cb58ac4a5,2.0,4413.610000000001,10.0,1.0,1941.58,6.0,6355.1900000000005,True
CUST00000880,Jordan Brown 880,customer880@example.com,Austin,TX,South,,Gold,2.0,True,5ce835dfd43c5873e6d6,2.0,2273.39,8.0,1.0,4081.61,7.0,6355.0,True
CUST00000235,Taylor Kim 235,customer235@example.com,Orlando,FL,South,,Silver,6.0,True,731e5a7744dff4225b47,2.0,5121.28,13.0,1.0,1232.12,4.0,6353.4,True
CUST00000702,Casey Lee 702,customer702@example.com,Miami,FL,South,2021-07-17,Unknown,,True,050f77180e815e9081d4,4.0,4822.6900000000005,11.0,1.0,1527.48,4.0,6350.17,True
CUST00001751,Alex Patel 1751,customer1751@example.com,Buffalo,NY,Northeast,,Gold,6.0,True,3c89337486215f8c4bbd,1.0,6342.99,12.0,0.0,0.0,0.0,6342.99,False
CUST00000931,Riley Brown 931,customer931@example.com,Dallas,TX,South,,Unknown,,True,e610c45a5dadbcecc29b,2.0,6342.34,14.0,0.0,0.0,0.0,6342.34,False
CUST00000593,Casey Garcia 593,customer593@example.com,Peoria,IL,Midwest,2022-11-29,Plus,4.0,True,85125663ff7e1b258fdc,2.0,3402.94,12.0,2.0,2934.9900000000002,5.0,6337.93,True
CUST00000851,Taylor Patel 851,customer851@example.com,Dallas,TX,South,2026-01-19,Unknown,2.0,True,6988cf873acc062a1121,2.0,4606.889999999999,11.0,2.0,1726.84,6.0,6333.73,True
CUST00000968,Casey Kim 968,customer968@example.com,Buffalo,NY,Northeast,2025-06-06,Silver,2.0,True,23a1d18cccab91dd0d92,2.0,4125.28,13.0,1.0,2202.46,5.0,6327.74,True
CUST00001425,Riley Kim 1425,customer1425@example.com,Tacoma,WA,West,2024-08-05,Plus,1.0,True,2d922b1de5ab1633e6eb,1.0,6184.9400000000005,8.0,1.0,127.22,1.0,6312.160000000001,True
CUST00000771,Casey Smith 771,customer771@example.com,Aurora,CO,West,2022-08-19,Gold,4.0,True,fe617eef3d5477f6aade,2.0,6307.73,13.0,0.0,0.0,0.0,6307.73,False
CUST00000021,Taylor Kim 21,customer21@example.com,Orlando,FL,South,2020-05-18,Silver,1.0,True,e87ccc598af8f763e0ae,1.0,2888.55,8.0,2.0,3405.88,7.0,6294.43,True
CUST00001266,Casey Garcia 1266,customer1266@example.com,Houston,TX,South,2020-11-13,Silver,5.0,True,03d37cbf6f94ee6dfaa2,1.0,6278.04,10.0,0.0,0.0,0.0,6278.04,False
CUST00001755,Alex Patel 1755,customer1755@example.com,Tacoma,WA,West,2022-08-30,Unknown,3.0,True,e8b11d5045426797e473,2.0,5719.4,14.0,1.0,543.0,1.0,6262.4,True
CUST00001643,Riley Smith 1643,customer1643@example.com,Chicago,IL,Midwest,2025-06-23,Basic,2.0,False,026cf09449cf9ab6a51a,0.0,0.0,0.0,2.0,6259.67,11.0,6259.67,False
CUST00000715,Riley Garcia 715,customer715@example.com,Sacramento,CA,West,2025-06-29,Gold,3.0,True,36b8c3f608e85785d1e1,1.0,2330.52,6.0,2.0,3920.95,10.0,6251.469999999999,True
CUST00000762,Taylor Garcia 762,customer762@example.com,Aurora,CO,West,2021-03-15,Plus,4.0,True,c5d8affe352f3c90620e,2.0,2123.8199999999997,6.0,2.0,4121.69,13.0,6245.509999999999,True
CUST00001087,Taylor Garcia 1087,customer1087@example.com,Orlando,FL,South,2022-05-29,Plus,2.0,True,256a5864144beec470de,1.0,450.41,1.0,1.0,5789.29,7.0,6239.7,True
CUST00000342,Casey Patel 342,customer342@example.com,Atlanta,GA,South,2025-04-27,Basic,,True,d919e4b85bd900c5987f,2.0,2072.9,12.0,2.0,4165.0,14.0,6237.9,True
CUST00001111,Alex Kim 1111,customer1111@example.com,Los Angeles,CA,West,2020-10-18,Gold,2.0,True,e9631b61e0e493dfa948,2.0,6235.04,11.0,0.0,0.0,0.0,6235.04,False
CUST00000004,Jordan Kim 4,customer4@example.com,Austin,TX,South,2025-06-07,Gold,4.0,True,b1e6442a06c59606f106,1.0,6220.2,12.0,0.0,0.0,0.0,6220.2,False
CUST00000929,Riley Patel 929,customer929@example.com,Dallas,TX,South,2024-08-26,Plus,2.0,True,b65db404a6650d4f0ad6,0.0,0.0,0.0,2.0,6215.99,12.0,6215.99,False
CUST00000571,Taylor Kim 571,customer571@example.com,Austin,TX,South,2020-06-01,Gold,1.0,True,5a02ea01d6d8dc4d1ad4,2.0,6205.76,13.0,0.0,0.0,0.0,6205.76,False
CUST00001311,Alex Kim 1311,customer1311@example.com,Orlando,FL,South,2021-12-15,Gold,,True,f62ffa69755ae2ef8b27,3.0,5704.4,14.0,1.0,490.08,5.0,6194.48,True
CUST00001179,Riley Brown 1179,customer1179@example.com,Chicago,IL,Midwest,2020-09-05,Gold,3.0,True,068d8fac7dcb7956e7c8,3.0,1791.96,6.0,1.0,4402.5,8.0,6194.46,True
CUST00000564,Casey Brown 564,customer564@example.com,Aurora,CO,West,,Silver,3.0,True,646ecda6f4f15aa203f4,3.0,6177.93,18.0,0.0,0.0,0.0,6177.93,False
CUST00001077,Alex Lee 1077,customer1077@example.com,Denver,CO,West,,Unknown,2.0,True,04b3104d623d081c1fa6,1.0,5602.049999999999,9.0,1.0,566.92,1.0,6168.969999999999,True
CUST00001361,Jordan Smith 1361,customer1361@example.com,Orlando,FL,South,,Gold,6.0,True,1354f77ce0f63e6ef17c,3.0,6164.62,17.0,0.0,0.0,0.0,6164.62,False
CUST00001596,Riley Lee 1596,customer1596@example.com,Houston,TX,South,2024-01-04,Basic,4.0,False,312000f99130d83b7ed2,1.0,400.63,1.0,4.0,5762.82,16.0,6163.45,True
CUST00001718,Casey Lee 1718,customer1718@example.com,Orlando,FL,South,2020-03-12,Gold,3.0,True,3cda7ca8e9b84525e295,2.0,1983.09,5.0,2.0,4176.96,7.0,6160.05,True
CUST00000096,Taylor Brown 96,customer96@example.com,Atlanta,GA,South,2020-08-19,Gold,1.0,False,94d4c09bbfb015718d63,2.0,4488.24,17.0,1.0,1671.52,2.0,6159.76,True
CUST00001569,Riley Smith 1569,customer1569@example.com,Aurora,CO,West,2023-09-26,Gold,4.0,False,492958fd46b0a4243147,3.0,5525.2,15.0,1.0,623.4,6.0,6148.599999999999,True
CUST00000763,Alex Garcia 763,customer763@example.com,Buffalo,NY,Northeast,,Gold,6.0,True,570d8fbd98f6217241b9,3.0,6146.05,19.0,0.0,0.0,0.0,6146.05,False
CUST00001379,Alex Lee 1379,customer1379@example.com,Buffalo,NY,Northeast,,Gold,4.0,True,0d442fd287fb6af4f159,2.0,2783.15,7.0,1.0,3346.02,5.0,6129.17,True
CUST00000870,Taylor Kim 870,customer870@example.com,Miami,FL,South,2022-11-16,Basic,,True,1d7175c4985dbeae2049,2.0,2522.16,8.0,2.0,3595.4399999999996,8.0,6117.599999999999,True
CUST00000742,Morgan Kim 742,customer742@example.com,Peoria,IL,Midwest,2020-06-14,Silver,3.0,True,386e1231d10b87937a26,2.0,2348.88,5.0,1.0,3767.2599999999998,9.0,6116.139999999999,True
CUST00001286,Morgan Kim 1286,customer1286@example.com,Peoria,IL,Midwest,,Basic,5.0,True,56f1e45af9066b06aefd,1.0,485.13,1.0,2.0,5630.32,9.0,6115.45,True
CUST00001283,Casey Kim 1283,customer1283@example.com,Buffalo,NY,Northeast,2021-04-30,Silver,4.0,True,f4f9eca8777c9544e8e9,3.0,2379.8599999999997,12.0,2.0,3720.47,11.0,6100.33,True
CUST00000843,Morgan Brown 843,customer843@example.com,Chicago,IL,Midwest,2022-07-30,Plus,1.0,False,37e4d6f9fd546f5e46f2,1.0,218.99,2.0,1.0,5868.49,10.0,6087.48,True
CUST00000500,Morgan Brown 500,customer500@example.com,Houston,TX,South,,Unknown,3.0,True,3bd8d9dc3ccb556e489d,1.0,1987.7900000000002,5.0,3.0,4089.17,13.0,6076.96,True
CUST00001670,Jordan Kim 1670,customer1670@example.com,Buffalo,NY,Northeast,2023-09-16,Plus,3.0,True,96781a8e68aa9ed9ea62,5.0,5118.8,13.0,1.0,949.7900000000001,5.0,6068.59,True
CUST00001602,Riley Kim 1602,customer1602@example.com,Tacoma,WA,West,,Plus,,True,418a97cbb7bf6d312760,4.0,6046.47,17.0,0.0,0.0,0.0,6046.47,False
CUST00001533,Taylor Smith 1533,customer1533@example.com,Los Angeles,CA,West,2021-05-24,Basic,,False,d1d107ac8ed4a559bde8,2.0,6036.74,15.0,0.0,0.0,0.0,6036.74,False
CUST00000336,Taylor Brown 336,customer336@example.com,Tacoma,WA,West,2025-05-31,Plus,3.0,True,e67db987d45125ab5b29,1.0,5382.06,15.0,1.0,646.89,1.0,6028.950000000001,True
CUST00000149,Alex Smith 149,customer149@example.com,Atlanta,GA,South,2022-09-20,Silver,3.0,False,b91d31136428399482f3,3.0,4822.75,26.0,1.0,1204.44,4.0,6027.1900000000005,True
CUST00000611,Taylor Brown 611,customer611@example.com,Chicago,IL,Midwest,,Unknown,6.0,True,4df40d2e01644fd40633,1.0,2370.25,11.0,1.0,3655.1699999999996,6.0,6025.42,True
CUST00000330,Morgan Smith 330,customer330@example.com,Sacramento,CA,West,2020-07-22,Plus,3.0,True,78f58b0a5588874741fd,1.0,1412.6599999999999,3.0,2.0,4610.6900000000005,13.0,6023.35,True
CUST00000721,Alex Patel 721,customer721@example.com,Savannah,GA,South,2024-08-11,Unknown,,True,00454f185a42b34a1bb1,2.0,6007.64,18.0,0.0,0.0,0.0,6007.64,False
CUST00001414,Jordan Patel 1414,customer1414@example.com,Chicago,IL,Midwest,,Silver,4.0,True,501943a08093633df4d3,2.0,3209.67,12.0,1.0,2787.2,9.0,5996.87,True
CUST00000054,Morgan Patel 54,customer54@example.com,Orlando,FL,South,2025-08-20,Gold,2.0,True,932c2345e6051a514948,2.0,5996.5,17.0,0.0,0.0,0.0,5996.5,False
CUST00001662,Alex Smith 1662,customer1662@example.com,Houston,TX,South,2021-02-04,Gold,,True,3e5a48810ff6f890b0da,2.0,5980.86,13.0,0.0,0.0,0.0,5980.86,False
CUST00001450,Jordan Garcia 1450,customer1450@example.com,Denver,CO,West,,Basic,,True,573a77d60493424fff2e,1.0,3125.16,8.0,1.0,2835.04,8.0,5960.2,True
CUST00001551,Taylor Kim 1551,customer1551@example.com,Los Angeles,CA,West,,Plus,2.0,True,fe7c1917cea6060f7709,4.0,5958.95,19.0,0.0,0.0,0.0,5958.95,False
CUST00000088,Taylor Brown 88,customer88@example.com,Orlando,FL,South,2026-02-26,Unknown,3.0,True,8f3ee97d54a626762fc0,2.0,3917.7400000000002,10.0,2.0,2040.5,8.0,5958.24,True
CUST00000882,Riley Kim 882,customer882@example.com,Atlanta,GA,South,,Silver,4.0,True,d553e47d80a10ebc79a5,3.0,5628.77,20.0,1.0,315.21,3.0,5943.9800000000005,True
CUST00001724,Casey Kim 1724,customer1724@example.com,Atlanta,GA,South,,Unknown,4.0,True,005e13d40227d8748025,2.0,5823.73,16.0,1.0,115.02,1.0,5938.75,True
CUST00001704,Casey Lee 1704,customer1704@example.com,Los Angeles,CA,West,2024-07-30,Plus,1.0,True,83d953b5f01dafec48ab,2.0,3820.92,12.0,1.0,2116.94,4.0,5937.860000000001,True
CUST00001048,Taylor Brown 1048,customer1048@example.com,Peoria,IL,Midwest,2024-02-09,Gold,5.0,True,a2c5057b07dced64b1b4,1.0,2551.86,7.0,2.0,3384.6800000000003,10.0,5936.540000000001,True
CUST00001609,Casey Brown 1609,customer1609@example.com,Miami,FL,South,,Gold,,False,fd87329b8142fb6bb873,1.0,5924.49,10.0,0.0,0.0,0.0,5924.49,False
CUST00001146,Morgan Brown 1146,customer1146@example.com,Atlanta,GA,South,2023-05-04,Unknown,2.0,False,98fd53c9cf065b62b66e,1.0,1779.7299999999998,9.0,2.0,4137.03,8.0,5916.759999999999,True
CUST00001432,Morgan Kim 1432,customer1432@example.com,Sacramento,CA,West,2021-11-27,Gold,5.0,True,c1f18cf6da12a60d8767,0.0,0.0,0.0,1.0,5913.04,13.0,5913.04,False
CUST00000365,Taylor Lee 365,customer365@example.com,Buffalo,NY,Northeast,,Basic,4.0,True,be5b973afa421c83064a,2.0,5560.1,20.0,1.0,345.72,1.0,5905.820000000001,True
CUST00000631,Jordan Lee 631,customer631@example.com,Buffalo,NY,Northeast,,Gold,3.0,True,dbef5796bed61bdf1ed9,0.0,0.0,0.0,1.0,5894.2699999999995,15.0,5894.2699999999995,False
CUST00001766,Taylor Smith 1766,customer1766@example.com,Buffalo,NY,Northeast,2023-08-19,Unknown,1.0,False,ebc6075a737004aa91ab,3.0,5884.68,12.0,0.0,0.0,0.0,5884.68,False
CUST00001697,Casey Brown 1697,customer1697@example.com,Chicago,IL,Midwest,,Gold,3.0,True,25c6087f92581b8fa082,0.0,0.0,0.0,2.0,5879.68,12.0,5879.68,False
CUST00000587,Casey Lee 587,customer587@example.com,Dallas,TX,South,,Unknown,,True,918187de05217b6f964f,1.0,5878.39,13.0,0.0,0.0,0.0,5878.39,False
CUST00000117,Jordan Lee 117,customer117@example.com,Orlando,FL,South,,Basic,3.0,True,41b2b41b9cf1a979c26b,2.0,5503.95,13.0,1.0,370.12,4.0,5874.07,True
CUST00001538,Casey Brown 1538,customer1538@example.com,Miami,FL,South,2021-06-21,Silver,,False,c168496ad740a9a1497b,0.0,0.0,0.0,2.0,5869.34,10.0,5869.34,False
CUST00001531,Riley Kim 1531,customer1531@example.com,Houston,TX,South,,Gold,1.0,True,cd16c97a1ea189d51309,2.0,4377.67,17.0,1.0,1465.12,4.0,5842.79,True
CUST00001677,Jordan Patel 1677,customer1677@example.com,Peoria,IL,Midwest,2023-04-21,Plus,4.0,False,f588e9f802a81e60ed0e,2.0,5434.85,15.0,2.0,404.88,3.0,5839.7300000000005,True
CUST00001646,Riley Kim 1646,customer1646@example.com,Peoria,IL,Midwest,2023-02-14,Silver,2.0,False,a9b873d9d3f87bbf947b,2.0,5782.950000000001,10.0,1.0,43.0,1.0,5825.950000000001,True
CUST00000333,Riley Smith 333,customer333@example.com,Atlanta,GA,South,2020-12-23,Basic,5.0,True,7be6742015e1e164be9c,1.0,298.32,1.0,1.0,5526.62,9.0,5824.94,True
CUST00000517,Jordan Kim 517,customer517@example.com,Aurora,CO,West,,Gold,4.0,True,1fd73b92e0435ffa906d,0.0,0.0,0.0,3.0,5821.42,16.0,5821.42,False
CUST00001099,Riley Kim 1099,customer1099@example.com,Chicago,IL,Midwest,,Basic,,True,3f8b3f70883f4361bb7d,3.0,5812.06,17.0,0.0,0.0,0.0,5812.06,False
CUST00001442,Casey Brown 1442,customer1442@example.com,Albany,NY,Northeast,2020-07-31,Basic,1.0,True,0efe422d73d67704dc0d,2.0,1912.37,4.0,2.0,3897.6099999999997,11.0,5809.98,True
CUST00001789,Taylor Kim 1789,customer1789@example.com,Denver,CO,West,2022-10-28,Basic,6.0,True,288179bbb0fffd2569d4,1.0,2269.5699999999997,7.0,3.0,3539.23,12.0,5808.799999999999,True
CUST00000658,Alex Lee 658,customer658@example.com,Savannah,GA,South,,Silver,,True,03648889b68786cbd773,2.0,5796.62,11.0,0.0,0.0,0.0,5796.62,False
CUST00001284,Jordan Lee 1284,customer1284@example.com,Orlando,FL,South,,Silver,1.0,True,13c06ba901fabd865ae2,2.0,2697.96,7.0,1.0,3092.6499999999996,6.0,5790.61,True
CUST00001352,Riley Smith 1352,customer1352@example.com,Austin,TX,South,,Gold,,True,fdad942440494cd33e5e,4.0,4009.42,21.0,1.0,1778.4,4.0,5787.82,True
CUST00000614,Riley Garcia 614,customer614@example.com,Austin,TX,South,,Gold,1.0,False,e8512a3f5da80b3a2efc,1.0,5782.03,13.0,0.0,0.0,0.0,5782.03,False
CUST00001759,Riley Brown 1759,customer1759@example.com,Atlanta,GA,South,2024-11-14,Plus,1.0,True,4b04de7951b9c2c3a57b,3.0,5773.3099999999995,17.0,0.0,0.0,0.0,5773.3099999999995,False
CUST00000001,Taylor Brown 1,customer1@example.com,Aurora,CO,West,2020-08-31,Basic,,True,60f4119c74a6c3c0cd0d,3.0,5772.17,21.0,0.0,0.0,0.0,5772.17,False
CUST00001081,Jordan Garcia 1081,customer1081@example.com,Atlanta,GA,South,,Plus,2.0,True,f8401900101e20287294,2.0,5767.29,13.0,0.0,0.0,0.0,5767.29,False
CUST00000362,Riley Smith 362,customer362@example.com,Los Angeles,CA,West,,Plus,2.0,True,c0c282ae096aad1e240e,2.0,4082.6899999999996,23.0,1.0,1674.1800000000003,8.0,5756.87,True
CUST00001263,Alex Smith 1263,customer1263@example.com,Sacramento,CA,West,2021-08-04,Gold,6.0,True,0ec54e92c7d548ce61aa,1.0,4148.23,8.0,2.0,1603.75,6.0,5751.98,True
CUST00001780,Riley Brown 1780,customer1780@example.com,Orlando,FL,South,,Basic,1.0,False,01d62f1a8af52843ccfe,2.0,5006.55,15.0,1.0,741.03,3.0,5747.58,True
CUST00001558,Alex Brown 1558,customer1558@example.com,Chicago,IL,Midwest,2021-03-22,Gold,,True,59f15c88d8bca72e4a93,2.0,4274.9,15.0,1.0,1470.9,3.0,5745.799999999999,True
CUST00000641,Casey Brown 641,customer641@example.com,Seattle,WA,West,2023-03-25,Unknown,6.0,True,d8b434f54e11cfbf7895,1.0,5380.01,9.0,1.0,354.26,1.0,5734.27,True
CUST00001689,Alex Smith 1689,customer1689@example.com,Aurora,CO,West,2023-06-23,Gold,1.0,True,fe8cfdc751324580752d,0.0,0.0,0.0,3.0,5731.31,9.0,5731.31,False
CUST00000109,Alex Garcia 109,customer109@example.com,Sacramento,CA,West,,Silver,4.0,True,4c6018db18b8e0ef22fe,1.0,3743.86,9.0,1.0,1970.2999999999997,5.0,5714.16,True
CUST00000265,Riley Smith 265,customer265@example.com,Austin,TX,South,2024-01-22,Gold,5.0,True,96a4b33e280c3a7c9954,2.0,2935.92,6.0,1.0,2773.54,9.0,5709.46,True
CUST00000985,Alex Kim 985,customer985@example.com,Chicago,IL,Midwest,,Silver,1.0,True,04069ea7e390f4f5d04b,2.0,5699.25,11.0,0.0,0.0,0.0,5699.25,False
CUST00001022,Alex Garcia 1022,customer1022@example.com,Los Angeles,CA,West,2022-05-30,Basic,1.0,False,cec392252151ab2c900b,2.0,5683.34,8.0,0.0,0.0,0.0,5683.34,False
CUST00000649,Taylor Brown 649,customer649@example.com,Chicago,IL,Midwest,,Plus,4.0,True,eaebfe13bf3059f946f5,2.0,5683.1,7.0,0.0,0.0,0.0,5683.1,False
CUST00001176,Alex Garcia 1176,customer1176@example.com,Sacramento,CA,West,,Silver,,True,696bb79b6233bcc89d5e,2.0,5407.48,12.0,1.0,266.37,5.0,5673.849999999999,True
CUST00001096,Taylor Lee 1096,customer1096@example.com,Tacoma,WA,West,,Gold,5.0,True,8731c0edaa4b722bc8d2,0.0,0.0,0.0,2.0,5671.05,13.0,5671.05,False
CUST00001305,Morgan Kim 1305,customer1305@example.com,Seattle,WA,West,2023-03-12,Plus,5.0,True,5b2e8fd3c7428126d5b8,0.0,0.0,0.0,1.0,5657.69,11.0,5657.69,False
CUST00000356,Casey Garcia 356,customer356@example.com,Seattle,WA,West,2025-02-02,Basic,3.0,True,7a2a2ae34c2cff1a511a,3.0,4353.4800000000005,15.0,1.0,1301.42,5.0,5654.900000000001,True
CUST00000034,Riley Kim 34,customer34@example.com,Austin,TX,South,,Silver,,False,5b1502a254895f2734b5,2.0,3715.54,10.0,2.0,1937.69,5.0,5653.23,True
CUST00000418,Riley Smith 418,customer418@example.com,Seattle,WA,West,2020-09-24,Unknown,6.0,True,d79e72268db8aa1ebdd7,2.0,5646.950000000001,11.0,0.0,0.0,0.0,5646.950000000001,False
CUST00000822,Riley Smith 822,customer822@example.com,Aurora,CO,West,,Gold,5.0,False,32b875648d98f7aa5220,1.0,5636.110000000001,11.0,0.0,0.0,0.0,5636.110000000001,False
CUST00000114,Taylor Patel 114,customer114@example.com,Savannah,GA,South,2023-04-14,Plus,2.0,True,ba1a6a704916fdb521ab,1.0,417.45,1.0,4.0,5192.8099999999995,19.0,5610.259999999999,True
CUST00001446,Morgan Patel 1446,customer1446@example.com,Sacramento,CA,West,,Basic,4.0,True,8bb2751a73d54d5c81cd,1.0,694.86,3.0,3.0,4909.84,15.0,5604.7,True
CUST00000677,Casey Kim 677,customer677@example.com,Seattle,WA,West,,Plus,,True,e7374a161781f25e6214,2.0,2814.52,13.0,1.0,2774.38,6.0,5588.9,True
CUST00000832,Jordan Patel 832,customer832@example.com,Atlanta,GA,South,2025-08-13,Gold,4.0,True,03c36d633c2ac80bbdb9,2.0,5583.08,15.0,0.0,0.0,0.0,5583.08,False
CUST00001218,Morgan Kim 1218,customer1218@example.com,Aurora,CO,West,2024-12-29,Silver,1.0,True,ae66dbfb4ca3a2b96bb8,1.0,84.46,1.0,3.0,5488.2300000000005,9.0,5572.6900000000005,True
CUST00000999,Casey Brown 999,customer999@example.com,Buffalo,NY,Northeast,2026-04-16,Plus,,True,f0bf35174b646a97e130,2.0,2870.69,7.0,3.0,2694.94,11.0,5565.63,True
CUST00001469,Riley Kim 1469,customer1469@example.com,Aurora,CO,West,,Unknown,6.0,True,bbe6a945a959a7bc55b6,1.0,1667.6,5.0,2.0,3892.81,8.0,5560.41,True
CUST00000072,Alex Kim 72,customer72@example.com,Seattle,WA,West,,Basic,3.0,True,17980334f7c19f1f6b5c,1.0,3629.95,7.0,1.0,1929.0,14.0,5558.95,True
CUST00000078,Taylor Garcia 78,customer78@example.com,Chicago,IL,Midwest,,Basic,1.0,True,867ecc27d55449ff1c48,2.0,5553.15,16.0,0.0,0.0,0.0,5553.15,False
CUST00000662,Morgan Lee 662,customer662@example.com,Albany,NY,Northeast,,Gold,4.0,True,e2b32e4ffe7adbbfd223,2.0,5552.06,17.0,0.0,0.0,0.0,5552.06,False
CUST00000216,Taylor Smith 216,customer216@example.com,Savannah,GA,South,2020-10-24,Plus,3.0,True,03cd139560224b4b1c8d,4.0,3392.56,16.0,1.0,2148.01,5.0,5540.57,True
CUST00000068,Casey Brown 68,customer68@example.com,Chicago,IL,Midwest,,Gold,,True,9f19b7fb5f170d382850,3.0,3875.68,10.0,1.0,1659.97,3.0,5535.65,True
CUST00001083,Riley Brown 1083,customer1083@example.com,Miami,FL,South,2025-03-08,Plus,1.0,True,003487948900cb0b139d,1.0,1699.54,4.0,1.0,3835.4,8.0,5534.9400000000005,True
CUST00001416,Casey Patel 1416,customer1416@example.com,Aurora,CO,West,2024-08-09,Gold,1.0,True,e8fbc9279a3617940642,2.0,2251.38,5.0,2.0,3282.89,12.0,5534.27,True
CUST00001585,Taylor Garcia 1585,customer1585@example.com,Peoria,IL,Midwest,,Gold,2.0,True,070b9e6bbf038e82ce90,3.0,5401.81,11.0,1.0,129.15,1.0,5530.96,True
CUST00001005,Casey Kim 1005,customer1005@example.com,Peoria,IL,Midwest,2025-07-27,Gold,2.0,True,63b0bceb4a7a06a44d81,0.0,0.0,0.0,2.0,5529.64,14.0,5529.64,False
CUST00000334,Morgan Kim 334,unknown@example.com,Savannah,GA,South,,Gold,2.0,True,203bff60bfb00deb01b7,2.0,4362.47,10.0,1.0,1167.04,12.0,5529.51,True
CUST00001605,Morgan Lee 1605,customer1605@example.com,Buffalo,NY,Northeast,,Unknown,4.0,True,783996099e9689c57bbf,4.0,5518.63,16.0,0.0,0.0,0.0,5518.63,False
CUST00000154,Jordan Garcia 154,customer154@example.com,Chicago,IL,Midwest,2025-12-30,Silver,1.0,True,b09b8eb2f0b5c510c6ac,1.0,4498.35,10.0,2.0,1012.6,4.0,5510.950000000001,True
CUST00001039,Morgan Patel 1039,customer1039@example.com,Albany,NY,Northeast,,Silver,3.0,True,bf3d6cd01775cce6caf1,2.0,3168.3999999999996,8.0,2.0,2336.4,8.0,5504.799999999999,True
CUST00001328,Morgan Kim 1328,customer1328@example.com,Los Angeles,CA,West,,Gold,1.0,True,830ddfe55715eeab4571,2.0,4393.41,12.0,1.0,1110.36,10.0,5503.7699999999995,True
CUST00001716,Alex Brown 1716,customer1716@example.com,Tacoma,WA,West,2022-03-19,Unknown,3.0,True,3ab6349beea6e2fa8566,2.0,5312.47,19.0,1.0,186.8,4.0,5499.27,True
CUST00000995,Alex Smith 995,customer995@example.com,Seattle,WA,West,2023-03-19,Unknown,6.0,True,91087b861080c65c031b,1.0,4538.15,9.0,1.0,954.23,1.0,5492.379999999999,True
CUST00000872,Jordan Lee 872,customer872@example.com,Seattle,WA,West,2024-06-17,Unknown,2.0,True,dcffb4d56e9ed955fbcf,1.0,5490.53,9.0,0.0,0.0,0.0,5490.53,False
CUST00000954,Taylor Garcia 954,customer954@example.com,Miami,FL,South,,Plus,3.0,True,7c117f869cd730af8eea,3.0,5488.81,18.0,0.0,0.0,0.0,5488.81,False
CUST00000743,Jordan Smith 743,customer743@example.com,Houston,TX,South,2020-10-30,Plus,2.0,True,f45ba1ec6f101e767509,3.0,5112.2,13.0,1.0,371.0,4.0,5483.2,True
CUST00001129,Riley Brown 1129,customer1129@example.com,Savannah,GA,South,2023-12-15,Unknown,1.0,False,f86a70aa18ec737ce04a,1.0,2951.23,5.0,1.0,2507.5499999999997,7.0,5458.78,True
CUST00001543,Alex Smith 1543,customer1543@example.com,Los Angeles,CA,West,,Silver,1.0,True,65d1694bf183d6c594c3,2.0,2539.91,6.0,2.0,2904.7799999999997,10.0,5444.69,True
CUST00000615,Taylor Lee 615,customer615@example.com,Miami,FL,South,2025-01-15,Unknown,,False,9209df2e52c40554d4e4,2.0,5441.34,13.0,0.0,0.0,0.0,5441.34,False
CUST00001481,Morgan Brown 1481,customer1481@example.com,Denver,CO,West,2026-03-01,Silver,,True,b3751893a10180de2046,2.0,5441.139999999999,9.0,0.0,0.0,0.0,5441.139999999999,False
CUST00001560,Riley Garcia 1560,customer1560@example.com,Tacoma,WA,West,,Silver,,True,cad375faf854df94ced5,0.0,0.0,0.0,1.0,5438.72,8.0,5438.72,False
CUST00000288,Jordan Smith 288,customer288@example.com,Orlando,FL,South,,Plus,2.0,True,d164e80e780f3da921bf,1.0,5426.3099999999995,12.0,1.0,11.23,1.0,5437.539999999999,True
CUST00000620,Alex Garcia 620,customer620@example.com,Tacoma,WA,West,2024-11-22,Gold,5.0,False,db019ca7ef0c11aaca2c,0.0,0.0,0.0,1.0,5437.15,10.0,5437.15,False
CUST00001399,Morgan Kim 1399,customer1399@example.com,Tacoma,WA,West,,Silver,,False,f020ac3b4021303ead70,1.0,5419.12,8.0,0.0,0.0,0.0,5419.12,False
CUST00000015,Alex Patel 15,customer15@example.com,Orlando,FL,South,2025-01-06,Unknown,2.0,False,28ee926da3a6c20a017f,1.0,903.09,1.0,3.0,4508.66,11.0,5411.75,True
CUST00001507,Casey Garcia 1507,customer1507@example.com,Austin,TX,South,,Unknown,2.0,True,aa97b71d05b80ced04da,1.0,1027.86,2.0,2.0,4381.3,12.0,5409.16,True
CUST00001528,Jordan Patel 1528,customer1528@example.com,Los Angeles,CA,West,2023-01-11,Gold,,True,ce9bbde66fb9b8d19eb1,2.0,1607.9499999999998,5.0,2.0,3800.14,16.0,5408.09,True
CUST00001038,Jordan Patel 1038,customer1038@example.com,Peoria,IL,Midwest,,Basic,1.0,True,a30fe1b2d2b1f1dc64bc,2.0,449.15999999999997,5.0,3.0,4958.61,14.0,5407.7699999999995,True
CUST00001080,Alex Smith 1080,customer1080@example.com,Los Angeles,CA,West,,Gold,2.0,True,d44ae1bcc519b85fe51c,0.0,0.0,0.0,2.0,5399.47,10.0,5399.47,False
CUST00000157,Riley Kim 157,customer157@example.com,Houston,TX,South,2023-03-21,Basic,2.0,True,76d0772229b7efa69878,2.0,4104.73,9.0,2.0,1292.3000000000002,5.0,5397.03,True
CUST00000580,Casey Lee 580,customer580@example.com,Houston,TX,South,,Plus,1.0,True,fd01c0d3e5c9b44eb80f,1.0,3905.5,9.0,1.0,1484.88,4.0,5390.38,True
CUST00000503,Morgan Lee 503,customer503@example.com,Denver,CO,West,,Gold,6.0,True,d7bd699fb23971f1cd17,1.0,5383.549999999999,10.0,0.0,0.0,0.0,5383.549999999999,False
CUST00001750,Riley Patel 1750,customer1750@example.com,Los Angeles,CA,West,,Gold,2.0,True,76ae52b0e407dd487025,2.0,2370.39,13.0,1.0,3012.62,4.0,5383.01,True
CUST00001088,Taylor Kim 1088,customer1088@example.com,Tacoma,WA,West,,Unknown,5.0,False,9513cd08d4aab5b23e88,2.0,2533.06,7.0,1.0,2835.33,5.0,5368.389999999999,True
CUST00000202,Jordan Garcia 202,customer202@example.com,Tacoma,WA,West,2025-03-25,Basic,,True,f06f32078922187734bd,4.0,4174.21,19.0,1.0,1191.81,3.0,5366.02,True
CUST00001355,Casey Lee 1355,customer1355@example.com,Dallas,TX,South,,Gold,,True,48ff2195c712c0d27786,2.0,5364.91,10.0,0.0,0.0,0.0,5364.91,False
CUST00001384,Jordan Smith 1384,customer1384@example.com,Peoria,IL,Midwest,2021-07-02,Gold,2.0,True,46a0f4aca06ea4dc9182,0.0,0.0,0.0,1.0,5362.08,11.0,5362.08,False
CUST00001015,Taylor Brown 1015,customer1015@example.com,Houston,TX,South,,Gold,2.0,True,d916cd552d0b3bcd3e98,2.0,2069.6,7.0,1.0,3288.91,7.0,5358.51,True
CUST00000482,Jordan Kim 482,customer482@example.com,Albany,NY,Northeast,,Unknown,6.0,True,9d0070f6bb0a7dcd91e4,0.0,0.0,0.0,1.0,5355.49,13.0,5355.49,False
CUST00000737,Jordan Brown 737,customer737@example.com,Miami,FL,South,2023-10-14,Gold,2.0,True,fc91b3ec58f7284fc22a,0.0,0.0,0.0,3.0,5345.48,18.0,5345.48,False
CUST00001742,Riley Lee 1742,customer1742@example.com,Miami,FL,South,,Gold,4.0,False,144de01fc6cf2c2eb921,3.0,5342.06,13.0,0.0,0.0,0.0,5342.06,False
CUST00000738,Morgan Lee 738,customer738@example.com,Atlanta,GA,South,2023-09-16,Gold,,True,874a047330320e4d3a35,2.0,5334.639999999999,11.0,0.0,0.0,0.0,5334.639999999999,False
CUST00000375,Alex Patel 375,customer375@example.com,Seattle,WA,West,2020-02-28,Plus,2.0,False,6b781892ee056d210433,2.0,5329.45,15.0,0.0,0.0,0.0,5329.45,False
CUST00001695,Jordan Kim 1695,customer1695@example.com,Denver,CO,West,2024-08-24,Gold,,True,bebe0fad2e7416ba936f,1.0,2314.52,4.0,2.0,3005.6400000000003,10.0,5320.16,True
CUST00000573,Riley Kim 573,customer573@example.com,Sacramento,CA,West,,Basic,,True,50a9fefac3e9f7f408b8,3.0,5319.76,18.0,0.0,0.0,0.0,5319.76,False
CUST00000861,Taylor Patel 861,customer861@example.com,Miami,FL,South,2023-10-01,Gold,1.0,True,b941844f00a885eb07bc,1.0,2157.1,5.0,2.0,3151.74,9.0,5308.84,True
CUST00000896,Jordan Garcia 896,customer896@example.com,Savannah,GA,South,2023-01-09,Plus,2.0,True,fc3c9a8386eeec9ac232,0.0,0.0,0.0,2.0,5292.12,15.0,5292.12,False
CUST00001659,Jordan Brown 1659,customer1659@example.com,Aurora,CO,West,,Gold,6.0,True,db433dc65a25c2745982,1.0,5288.219999999999,12.0,0.0,0.0,0.0,5288.219999999999,False
CUST00001194,Jordan Garcia 1194,customer1194@example.com,Peoria,IL,Midwest,2025-04-16,Silver,1.0,False,418eb94371c9f2638779,2.0,2235.12,8.0,1.0,3051.54,7.0,5286.66,True
CUST00001137,Jordan Lee 1137,customer1137@example.com,Houston,TX,South,2024-05-22,Silver,5.0,True,5adf55fc4d2971619749,2.0,1013.4000000000001,7.0,2.0,4264.75,9.0,5278.15,True
CUST00000200,Casey Lee 200,customer200@example.com,Peoria,IL,Midwest,,Silver,5.0,True,80f3c5b98abaee0da989,3.0,5275.29,10.0,0.0,0.0,0.0,5275.29,False
CUST00001524,Taylor Kim 1524,customer1524@example.com,Albany,NY,Northeast,,Silver,2.0,True,dd6c673002f76283a97e,3.0,3567.6499999999996,19.0,2.0,1704.9000000000003,7.0,5272.55,True
CUST00000293,Alex Lee 293,customer293@example.com,Peoria,IL,Midwest,2025-01-11,Gold,2.0,True,8bc080aac0d5ce9791d0,1.0,1284.44,4.0,1.0,3978.84,8.0,5263.280000000001,True
CUST00001768,Taylor Brown 1768,customer1768@example.com,Orlando,FL,South,,Plus,3.0,True,4b172dab0883bf3ea73f,1.0,1618.41,10.0,1.0,3639.12,10.0,5257.53,True
CUST00000808,Riley Lee 808,customer808@example.com,Sacramento,CA,West,,Gold,,True,51dba3adacc45f5fd38e,1.0,3958.91,7.0,2.0,1296.58,2.0,5255.49,True
CUST00001698,Morgan Brown 1698,customer1698@example.com,Atlanta,GA,South,,Gold,,True,cfc004ebe708c1532ea7,1.0,1430.44,3.0,2.0,3817.35,12.0,5247.79,True
CUST00001634,Alex Patel 1634,customer1634@example.com,Peoria,IL,Midwest,,Gold,2.0,True,0ca0ff1463e40e1c554d,2.0,4757.3,12.0,1.0,485.34,1.0,5242.64,True
CUST00000899,Jordan Garcia 899,customer899@example.com,Chicago,IL,Midwest,,Silver,1.0,True,fa5146c04bc1d356d8da,2.0,1968.72,9.0,1.0,3271.86,8.0,5240.58,True
CUST00001052,Riley Smith 1052,customer1052@example.com,Sacramento,CA,West,2024-01-06,Plus,2.0,True,c0a65984d08d6a6c4c89,2.0,2700.73,11.0,1.0,2537.6,4.0,5238.33,True
CUST00000961,Riley Garcia 961,customer961@example.com,Chicago,IL,Midwest,,Unknown,,True,55a51506619a1a37e21d,1.0,4494.42,6.0,2.0,740.51,4.0,5234.93,True
CUST00001606,Alex Garcia 1606,customer1606@example.com,Savannah,GA,South,,Silver,4.0,True,e543db92488baaabc3a5,1.0,3366.91,8.0,2.0,1853.63,5.0,5220.54,True
CUST00000005,Taylor Lee 5,customer5@example.com,Seattle,WA,West,2020-04-20,Gold,1.0,False,5cb7b59b20cb229f4346,1.0,4194.07,7.0,1.0,1015.81,3.0,5209.879999999999,True
CUST00001409,Alex Brown 1409,customer1409@example.com,Tacoma,WA,West,2024-02-18,Basic,5.0,True,c3bd2c97b4af243cd646,2.0,3328.2400000000002,11.0,2.0,1879.68,3.0,5207.92,True
CUST00000691,Jordan Brown 691,customer691@example.com,Los Angeles,CA,West,2022-04-13,Silver,,True,7e759db76ea645b68995,1.0,1708.13,6.0,1.0,3489.79,11.0,5197.92,True
CUST00001548,Taylor Kim 1548,customer1548@example.com,Seattle,WA,West,2025-11-19,Unknown,6.0,True,c44146ed7fbdf7fe0283,1.0,2760.48,7.0,1.0,2423.73,12.0,5184.21,True
CUST00000984,Riley Brown 984,unknown@example.com,Denver,CO,West,,Unknown,2.0,True,9d66627c0e5ef0c05f57,1.0,2489.65,5.0,1.0,2690.92,6.0,5180.57,True
CUST00000783,Alex Garcia 783,customer783@example.com,Peoria,IL,Midwest,,Unknown,2.0,False,e16ec671a1ebf20b491e,1.0,724.6500000000001,6.0,1.0,4441.74,11.0,5166.389999999999,True
CUST00000639,Taylor Kim 639,customer639@example.com,Savannah,GA,South,,Plus,,True,2f52504ef7850134f731,0.0,0.0,0.0,3.0,5161.290000000001,8.0,5161.290000000001,False
CUST00001063,Morgan Smith 1063,customer1063@example.com,Austin,TX,South,,Gold,3.0,False,5ed3aba0e026fafe4357,1.0,1032.57,3.0,2.0,4119.38,11.0,5151.95,True
CUST00000447,Jordan Kim 447,customer447@example.com,Chicago,IL,Midwest,,Silver,5.0,True,a5df1783264104905318,3.0,5145.17,13.0,0.0,0.0,0.0,5145.17,False
CUST00001227,Alex Garcia 1227,customer1227@example.com,Peoria,IL,Midwest,,Gold,3.0,True,1d1fc42af0a8a8ba3ab2,4.0,3617.04,12.0,1.0,1519.1,5.0,5136.139999999999,True
CUST00000231,Taylor Kim 231,customer231@example.com,Los Angeles,CA,West,2025-03-15,Plus,5.0,True,b61be2157a9247fcc83b,3.0,5131.93,12.0,0.0,0.0,0.0,5131.93,False
CUST00001393,Alex Garcia 1393,customer1393@example.com,Albany,NY,Northeast,2021-09-06,Gold,1.0,True,20009d35decf73db2114,2.0,4637.89,9.0,1.0,490.8,1.0,5128.6900000000005,True
CUST00001298,Alex Kim 1298,customer1298@example.com,Miami,FL,South,2025-03-30,Unknown,6.0,True,46810750c7966fee63e5,1.0,2473.63,9.0,2.0,2648.6,6.0,5122.23,True
CUST00001269,Riley Kim 1269,customer1269@example.com,Seattle,WA,West,,Unknown,1.0,False,fb8e9a3b87e992c52a2f,0.0,0.0,0.0,3.0,5093.58,19.0,5093.58,False
CUST00001243,Riley Smith 1243,customer1243@example.com,Seattle,WA,West,2021-03-16,Plus,2.0,False,319c51774d08218feb41,2.0,4433.75,10.0,2.0,649.45,2.0,5083.2,True
CUST00001661,Jordan Garcia 1661,customer1661@example.com,Seattle,WA,West,,Plus,1.0,True,a9a95b374528a76a22e2,3.0,5081.48,10.0,0.0,0.0,0.0,5081.48,False
CUST00001622,Jordan Brown 1622,customer1622@example.com,Austin,TX,South,,Silver,,True,14606343ca544392bc3d,0.0,0.0,0.0,2.0,5081.04,14.0,5081.04,False
CUST00000701,Riley Brown 701,customer701@example.com,Albany,NY,Northeast,2026-05-18,Gold,4.0,True,1ec7759d1b0da27fc26c,2.0,5072.57,9.0,0.0,0.0,0.0,5072.57,False
CUST00000016,Alex Garcia 16,customer16@example.com,Peoria,IL,Midwest,,Silver,4.0,False,dad3f5fcdc06e5de1b20,1.0,2560.72,4.0,2.0,2508.43,9.0,5069.15,True
CUST00001267,Riley Smith 1267,customer1267@example.com,Orlando,FL,South,2026-01-06,Silver,,True,9d7bf66c2b5f32dd3990,1.0,814.2,4.0,3.0,4251.11,12.0,5065.3099999999995,True
CUST00000563,Alex Patel 563,customer563@example.com,Atlanta,GA,South,2023-02-21,Unknown,,True,ffbaf3894bd448483fdd,2.0,4570.71,10.0,1.0,488.92,1.0,5059.63,True
CUST00000041,Casey Smith 41,customer41@example.com,Los Angeles,CA,West,2023-10-08,Gold,,True,694fcf1d2b6d85260547,3.0,5046.03,18.0,0.0,0.0,0.0,5046.03,False
CUST00000811,Morgan Kim 811,customer811@example.com,Dallas,TX,South,2025-03-26,Unknown,4.0,True,97a9f10978240e751dd0,1.0,1409.5,3.0,1.0,3635.89,10.0,5045.389999999999,True
CUST00001515,Casey Kim 1515,customer1515@example.com,Buffalo,NY,Northeast,2021-03-03,Basic,3.0,False,3d1eb0428005a1d784d0,4.0,5044.610000000001,24.0,0.0,0.0,0.0,5044.610000000001,False
CUST00001748,Riley Patel 1748,customer1748@example.com,Miami,FL,South,,Basic,1.0,True,def50d7fbb5a320e8860,1.0,5043.26,9.0,0.0,0.0,0.0,5043.26,False
CUST00001207,Taylor Patel 1207,customer1207@example.com,Seattle,WA,West,,Plus,,True,bf3e2e0152146a3fdd29,3.0,5041.9,21.0,0.0,0.0,0.0,5041.9,False
CUST00000271,Riley Brown 271,customer271@example.com,Denver,CO,West,,Gold,1.0,False,497db5ece48f5a7a5406,1.0,2080.36,5.0,1.0,2951.41,10.0,5031.77,True
CUST00000902,Riley Kim 902,customer902@example.com,Buffalo,NY,Northeast,,Basic,6.0,True,a43207b8a235fa5033af,0.0,0.0,0.0,1.0,5029.08,7.0,5029.08,False
CUST00001619,Casey Kim 1619,customer1619@example.com,Albany,NY,Northeast,,Unknown,,True,66cbf173cfcc4b4bfc1b,2.0,2318.07,9.0,1.0,2709.98,5.0,5028.05,True
CUST00000711,Taylor Kim 711,customer711@example.com,Chicago,IL,Midwest,,Silver,5.0,True,2794f1656157bf6fce1b,3.0,1251.19,4.0,2.0,3776.37,12.0,5027.5599999999995,True
CUST00001188,Taylor Smith 1188,customer1188@example.com,Tacoma,WA,West,2020-05-24,Plus,6.0,True,e90ed51e51f056cb796a,2.0,5021.72,11.0,0.0,0.0,0.0,5021.72,False
CUST00000791,Riley Smith 791,customer791@example.com,Orlando,FL,South,2023-02-20,Gold,1.0,True,6a6b912ba4d3e17447a6,0.0,0.0,0.0,3.0,5002.45,15.0,5002.45,False
CUST00001486,Morgan Patel 1486,customer1486@example.com,Sacramento,CA,West,2020-03-04,Gold,3.0,True,462b314f552677f1b2dd,0.0,0.0,0.0,2.0,5002.2,12.0,5002.2,False
CUST00001373,Jordan Brown 1373,customer1373@example.com,Dallas,TX,South,,Unknown,4.0,True,b4d86becca55f7033ad7,3.0,4999.6,11.0,0.0,0.0,0.0,4999.6,False
CUST00000123,Alex Brown 123,customer123@example.com,Denver,CO,West,2026-01-18,Plus,2.0,True,6829a6b1f8c32c84169e,1.0,4993.67,14.0,0.0,0.0,0.0,4993.67,False
CUST00001183,Morgan Lee 1183,customer1183@example.com,Albany,NY,Northeast,,Plus,3.0,False,6abee09e1dcc798c8f51,1.0,4860.030000000001,7.0,1.0,125.8,1.0,4985.830000000001,True
CUST00001523,Casey Smith 1523,customer1523@example.com,Chicago,IL,Midwest,2021-05-06,Gold,3.0,True,2d3e0953cfca5dfd4eca,2.0,3365.7400000000002,15.0,1.0,1612.41,3.0,4978.150000000001,True
CUST00001626,Taylor Garcia 1626,customer1626@example.com,Sacramento,CA,West,,Unknown,,True,9d8ede001794765b48d8,1.0,4260.910000000001,13.0,1.0,716.59,4.0,4977.500000000001,True
CUST00001072,Alex Kim 1072,customer1072@example.com,Atlanta,GA,South,,Gold,1.0,True,ad39db59778a81629d7c,2.0,4977.25,9.0,0.0,0.0,0.0,4977.25,False
CUST00000907,Casey Kim 907,customer907@example.com,Houston,TX,South,2020-03-04,Unknown,5.0,True,bfbeee5562c271ec2872,2.0,4573.61,12.0,1.0,388.78,1.0,4962.389999999999,True
CUST00000731,Morgan Garcia 731,customer731@example.com,Tacoma,WA,West,2023-11-03,Plus,,True,838d0b64e079c973e3e2,1.0,4035.12,8.0,2.0,908.0,6.0,4943.12,True
CUST00000466,Riley Lee 466,customer466@example.com,Atlanta,GA,South,2025-02-26,Plus,5.0,True,1a7bbf26e1dfd4b3528c,1.0,4933.450000000001,7.0,0.0,0.0,0.0,4933.450000000001,False
CUST00000292,Casey Smith 292,customer292@example.com,Chicago,IL,Midwest,,Unknown,5.0,True,7562eecbbe3ee538c943,3.0,2576.81,11.0,1.0,2356.62,4.0,4933.43,True
CUST00000748,Jordan Lee 748,customer748@example.com,Chicago,IL,Midwest,2024-02-27,Gold,1.0,True,a043d31c3360944656aa,3.0,4920.879999999999,14.0,0.0,0.0,0.0,4920.879999999999,False
CUST00000671,Riley Smith 671,customer671@example.com,Sacramento,CA,West,,Gold,1.0,False,82e4ad95e72c40ddfc78,0.0,0.0,0.0,2.0,4917.41,16.0,4917.41,False
CUST00000382,Morgan Kim 382,customer382@example.com,Dallas,TX,South,2024-07-14,Unknown,5.0,True,f50c25583cab968f88de,3.0,4910.99,12.0,0.0,0.0,0.0,4910.99,False
CUST00000116,Riley Brown 116,customer116@example.com,Orlando,FL,South,,Unknown,6.0,True,a3c8363125f0378555ff,1.0,779.56,2.0,2.0,4118.8,10.0,4898.360000000001,True
CUST00000676,Alex Garcia 676,customer676@example.com,Sacramento,CA,West,2025-03-08,Gold,2.0,False,0e8fd3bea3a6d68fcda5,0.0,0.0,0.0,1.0,4894.98,9.0,4894.98,False
CUST00000820,Casey Kim 820,customer820@example.com,Peoria,IL,Midwest,2024-06-17,Plus,,True,23a355b22fdbc5ac3e1b,1.0,2741.4,8.0,2.0,2150.94,9.0,4892.34,True
CUST00000515,Casey Lee 515,customer515@example.com,Buffalo,NY,Northeast,2025-11-18,Plus,5.0,True,fff69fa7272520322fed,2.0,4531.37,11.0,1.0,359.8,2.0,4891.17,True
CUST00000846,Jordan Brown 846,customer846@example.com,Orlando,FL,South,,Gold,5.0,False,29eba47a77c6585f09c9,1.0,169.41,1.0,3.0,4708.5,15.0,4877.91,True
CUST00000148,Casey Lee 148,customer148@example.com,Denver,CO,West,2023-11-29,Gold,2.0,False,6191a9e0627f68d4c45a,2.0,3813.17,11.0,1.0,1062.46,1.0,4875.63,True
CUST00000219,Casey Patel 219,customer219@example.com,Peoria,IL,Midwest,,Gold,2.0,True,790b00cb927fa729b265,2.0,3904.66,8.0,1.0,965.18,2.0,4869.84,True
CUST00000938,Morgan Patel 938,customer938@example.com,Houston,TX,South,,Unknown,6.0,True,4d9ef63d452f60144092,0.0,0.0,0.0,2.0,4869.7,14.0,4869.7,False
CUST00000769,Riley Patel 769,customer769@example.com,Sacramento,CA,West,2023-04-13,Unknown,3.0,True,591d8bd4f6ecb1af1f42,3.0,4457.68,15.0,1.0,411.4,2.0,4869.08,True
CUST00000071,Alex Patel 71,customer71@example.com,Denver,CO,West,,Plus,2.0,True,95ddcd92a5951c796701,2.0,4563.0599999999995,8.0,1.0,305.54,5.0,4868.599999999999,True
CUST00001235,Taylor Lee 1235,customer1235@example.com,Tacoma,WA,West,2023-02-20,Gold,5.0,True,beda010f31462768d802,3.0,3870.8599999999997,10.0,1.0,996.27,5.0,4867.129999999999,True
CUST00001639,Casey Smith 1639,customer1639@example.com,Denver,CO,West,,Unknown,6.0,True,06ec8c9be56a9e405b48,4.0,4014.36,12.0,1.0,850.72,3.0,4865.08,True
CUST00001462,Jordan Smith 1462,customer1462@example.com,Miami,FL,South,2022-03-11,Gold,2.0,True,7f7408f5d38953edfa87,1.0,633.91,1.0,3.0,4225.97,22.0,4859.88,True
CUST00001213,Alex Garcia 1213,customer1213@example.com,Atlanta,GA,South,,Silver,5.0,True,b79189ea34456baa0a48,1.0,4047.5,7.0,1.0,810.46,1.0,4857.96,True
CUST00001688,Alex Smith 1688,customer1688@example.com,Houston,TX,South,,Unknown,2.0,True,0a751ff619754d479f51,2.0,4853.8,14.0,0.0,0.0,0.0,4853.8,False
CUST00001047,Alex Kim 1047,customer1047@example.com,Tacoma,WA,West,,Plus,,True,e7aefb27761e03f3417a,1.0,287.14,1.0,2.0,4554.33,11.0,4841.47,True
CUST00001620,Taylor Garcia 1620,customer1620@example.com,Albany,NY,Northeast,2021-10-04,Silver,1.0,True,110b91551e7241df06cc,3.0,3800.0699999999997,11.0,1.0,1029.81,4.0,4829.879999999999,True
CUST00001374,Alex Kim 1374,customer1374@example.com,Denver,CO,West,2024-10-27,Unknown,6.0,False,1ee4ba91a3d6ed65e237,4.0,4811.26,12.0,0.0,0.0,0.0,4811.26,False
CUST00000082,Casey Smith 82,customer82@example.com,Seattle,WA,West,,Gold,4.0,True,594555a57cdeb4990931,3.0,4802.66,6.0,0.0,0.0,0.0,4802.66,False
CUST00000927,Jordan Smith 927,customer927@example.com,Orlando,FL,South,2020-04-05,Silver,,True,a2d0f0a698b349b67e11,0.0,0.0,0.0,1.0,4801.56,10.0,4801.56,False
CUST00001542,Taylor Smith 1542,customer1542@example.com,Austin,TX,South,,Silver,,True,731e1309f9c0f016910d,3.0,4793.75,12.0,0.0,0.0,0.0,4793.75,False
CUST00000167,Morgan Patel 167,customer167@example.com,Chicago,IL,Midwest,2024-06-22,Gold,3.0,True,8108e2c4506610971bde,2.0,3646.52,8.0,2.0,1127.06,6.0,4773.58,True
CUST00000540,Riley Lee 540,customer540@example.com,Miami,FL,South,,Basic,6.0,True,b6173f437ed6dd3bd2f9,1.0,4770.71,8.0,0.0,0.0,0.0,4770.71,False
CUST00001627,Morgan Garcia 1627,customer1627@example.com,Dallas,TX,South,2026-05-21,Basic,,True,69ef3f1115570242b526,2.0,4764.5,7.0,0.0,0.0,0.0,4764.5,False
CUST00000437,Casey Kim 437,customer437@example.com,Savannah,GA,South,,Gold,6.0,True,cda4dc3d823f6e59d608,2.0,4759.1900000000005,12.0,0.0,0.0,0.0,4759.1900000000005,False
CUST00001545,Riley Lee 1545,customer1545@example.com,Atlanta,GA,South,,Gold,2.0,True,06b3456372e41711058d,3.0,4759.150000000001,24.0,0.0,0.0,0.0,4759.150000000001,False
CUST00000163,Jordan Lee 163,customer163@example.com,Miami,FL,South,,Unknown,5.0,True,31727c60c70c90dafdc0,0.0,0.0,0.0,2.0,4752.93,11.0,4752.93,False
CUST00000688,Riley Brown 688,customer688@example.com,Atlanta,GA,South,2026-03-18,Basic,6.0,True,1c431f450cd705cbc11d,2.0,4749.8,14.0,0.0,0.0,0.0,4749.8,False
CUST00000416,Jordan Brown 416,customer416@example.com,Atlanta,GA,South,2020-01-28,Plus,5.0,True,bed10f2bb5195a7bc397,0.0,0.0,0.0,2.0,4741.48,9.0,4741.48,False
CUST00001159,Riley Brown 1159,customer1159@example.com,Savannah,GA,South,,Unknown,1.0,True,bcc2d73141bf3ef2747e,0.0,0.0,0.0,2.0,4726.22,5.0,4726.22,False
CUST00000261,Taylor Patel 261,customer261@example.com,Orlando,FL,South,2024-03-09,Unknown,,True,c43584b042b65331c763,1.0,3297.96,4.0,1.0,1425.31,5.0,4723.27,True
CUST00000304,Morgan Smith 304,customer304@example.com,Seattle,WA,West,,Plus,,False,5926392442c21a196aff,1.0,94.05,1.0,1.0,4624.36,9.0,4718.41,True
CUST00001315,Alex Brown 1315,customer1315@example.com,Atlanta,GA,South,2021-12-01,Plus,3.0,True,3f64941f41b86ce99c51,1.0,1278.8899999999999,3.0,2.0,3432.09,7.0,4710.98,True
CUST00001790,Morgan Lee 1790,customer1790@example.com,Denver,CO,West,,Basic,6.0,True,261e8b1f313b085abae9,1.0,2617.0699999999997,6.0,2.0,2081.98,4.0,4699.049999999999,True
CUST00001628,Casey Smith 1628,customer1628@example.com,Seattle,WA,West,,Basic,,False,56e9112bd5f5fcb94555,3.0,4429.19,10.0,1.0,268.9,1.0,4698.089999999999,True
CUST00001720,Morgan Kim 1720,customer1720@example.com,Seattle,WA,West,2026-05-09,Silver,6.0,True,92ff2d1c1daac386f948,0.0,0.0,0.0,1.0,4690.14,9.0,4690.14,False
CUST00001539,Taylor Lee 1539,customer1539@example.com,Savannah,GA,South,2026-01-30,Gold,2.0,False,37c44216a302b25246db,3.0,4445.58,10.0,1.0,236.17000000000002,3.0,4681.75,True
CUST00001070,Riley Brown 1070,customer1070@example.com,Atlanta,GA,South,2026-04-18,Basic,2.0,False,b32b0fc4f62f65c62742,3.0,4679.360000000001,11.0,0.0,0.0,0.0,4679.360000000001,False
CUST00001477,Casey Brown 1477,customer1477@example.com,Miami,FL,South,2021-09-28,Gold,4.0,True,f9793d860e92691cb546,1.0,4678.63,11.0,0.0,0.0,0.0,4678.63,False
CUST00001656,Riley Patel 1656,customer1656@example.com,Atlanta,GA,South,,Gold,6.0,True,f59c1a183f63f0812f03,3.0,305.55,3.0,1.0,4332.18,12.0,4637.7300000000005,True
CUST00001246,Riley Garcia 1246,customer1246@example.com,Austin,TX,South,2024-12-15,Plus,6.0,True,2cc490618432b083ead1,2.0,4635.78,13.0,0.0,0.0,0.0,4635.78,False
CUST00000294,Alex Smith 294,customer294@example.com,Albany,NY,Northeast,,Unknown,4.0,True,bef3bb038a54751682f0,3.0,3285.77,8.0,1.0,1336.1599999999999,6.0,4621.93,True
CUST00000158,Riley Smith 158,customer158@example.com,Miami,FL,South,2021-09-19,Gold,4.0,True,96b4a2e3262d18c0f1e8,4.0,4620.1,16.0,0.0,0.0,0.0,4620.1,False
CUST00001106,Taylor Brown 1106,customer1106@example.com,Houston,TX,South,,Plus,5.0,False,9d288836c8779eac18ce,2.0,3404.31,14.0,1.0,1203.3600000000001,3.0,4607.67,True
CUST00000829,Riley Kim 829,customer829@example.com,Buffalo,NY,Northeast,,Plus,,True,4f534d994a0f8abee43c,1.0,263.41,1.0,2.0,4341.48,10.0,4604.889999999999,True
CUST00000598,Jordan Kim 598,customer598@example.com,Austin,TX,South,2022-08-17,Unknown,,True,4baa3ea93f75851145d2,1.0,1900.6100000000001,8.0,1.0,2704.0299999999997,6.0,4604.639999999999,True
CUST00001326,Casey Patel 1326,customer1326@example.com,Seattle,WA,West,2024-06-22,Unknown,1.0,True,3957274952e3c9ae13df,2.0,4139.5599999999995,12.0,1.0,460.11,1.0,4599.669999999999,True
CUST00000584,Jordan Smith 584,customer584@example.com,Miami,FL,South,2022-09-26,Gold,,True,b93d1e318dd18f26d2f6,0.0,0.0,0.0,2.0,4598.16,8.0,4598.16,False
CUST00001667,Alex Brown 1667,customer1667@example.com,Dallas,TX,South,,Silver,,True,9c99bfc47f16171bf362,2.0,4595.81,11.0,0.0,0.0,0.0,4595.81,False
CUST00001521,Riley Garcia 1521,customer1521@example.com,Tacoma,WA,West,2025-11-17,Plus,,True,f888fe748cc43fccfd7c,2.0,4590.26,14.0,0.0,0.0,0.0,4590.26,False
CUST00000809,Alex Brown 809,customer809@example.com,Miami,FL,South,,Gold,2.0,True,29c71d4fd296cd458ed5,3.0,3259.43,10.0,2.0,1329.52,5.0,4588.95,True
CUST00001563,Alex Lee 1563,customer1563@example.com,Aurora,CO,West,2020-06-23,Silver,,True,7c664f2325cba165775d,2.0,2960.0,6.0,1.0,1628.9099999999999,5.0,4588.91,True
CUST00000534,Riley Smith 534,customer534@example.com,Buffalo,NY,Northeast,,Plus,2.0,True,db7def0601374e742b80,1.0,1882.21,3.0,1.0,2702.1,6.0,4584.3099999999995,True
CUST00001581,Riley Brown 1581,customer1581@example.com,Seattle,WA,West,2024-12-16,Gold,1.0,True,39a2712d5a20e5fd95a9,0.0,0.0,0.0,2.0,4583.46,14.0,4583.46,False
CUST00000212,Morgan Kim 212,customer212@example.com,Austin,TX,South,2025-11-20,Silver,,True,2a2c8b18a88ff382b7c4,1.0,3842.55,7.0,1.0,732.82,1.0,4575.37,True
CUST00001436,Taylor Smith 1436,customer1436@example.com,Chicago,IL,Midwest,,Plus,4.0,True,9fbcf6caaf9a772bd8f5,0.0,0.0,0.0,2.0,4571.16,12.0,4571.16,False
CUST00001424,Jordan Garcia 1424,customer1424@example.com,Miami,FL,South,,Basic,2.0,False,caa96356e82866615aaf,1.0,2792.96,7.0,1.0,1774.5500000000002,4.0,4567.51,True
CUST00000777,Taylor Kim 777,customer777@example.com,Seattle,WA,West,,Basic,2.0,True,dd18c949a5c0c3936818,0.0,0.0,0.0,2.0,4564.86,13.0,4564.86,False
CUST00001582,Casey Brown 1582,customer1582@example.com,Seattle,WA,West,2022-10-03,Plus,5.0,True,f3ba200a8fc0ed0965b6,1.0,802.02,2.0,2.0,3762.2000000000003,9.0,4564.22,True
CUST00001570,Alex Lee 1570,customer1570@example.com,Buffalo,NY,Northeast,2021-10-08,Plus,4.0,True,62824424bdc1990534b7,2.0,4530.610000000001,11.0,0.0,0.0,0.0,4530.610000000001,False
CUST00001152,Jordan Patel 1152,customer1152@example.com,Dallas,TX,South,2022-07-08,Basic,2.0,True,a8abc0f5879b60f178be,0.0,0.0,0.0,3.0,4521.24,13.0,4521.24,False
CUST00001457,Jordan Lee 1457,customer1457@example.com,Tacoma,WA,West,2021-03-20,Gold,,True,43144e8c9c2e58edb9a7,1.0,2127.84,4.0,1.0,2389.91,7.0,4517.75,True
CUST00001385,Morgan Smith 1385,customer1385@example.com,Tacoma,WA,West,2024-02-05,Gold,2.0,True,d187b1fe4590d6635a57,2.0,4516.5,7.0,0.0,0.0,0.0,4516.5,False
CUST00001618,Casey Patel 1618,customer1618@example.com,Miami,FL,South,,Basic,1.0,True,49b543ed28a9f35cc1e5,3.0,4515.38,13.0,0.0,0.0,0.0,4515.38,False
CUST00001289,Taylor Lee 1289,customer1289@example.com,Austin,TX,South,,Gold,,True,a60ca2aa542d56a86bca,3.0,4513.21,12.0,0.0,0.0,0.0,4513.21,False
CUST00001512,Casey Smith 1512,customer1512@example.com,Savannah,GA,South,2025-04-13,Unknown,1.0,True,d83943286db3bf63a9f3,1.0,4507.66,13.0,0.0,0.0,0.0,4507.66,False
CUST00001592,Jordan Patel 1592,customer1592@example.com,Aurora,CO,West,2025-09-05,Plus,5.0,True,7390f78444b6f7858c60,0.0,0.0,0.0,1.0,4505.28,7.0,4505.28,False
CUST00000583,Casey Kim 583,customer583@example.com,Orlando,FL,South,,Basic,,True,335a4eada6b8a818aba5,2.0,4501.55,12.0,0.0,0.0,0.0,4501.55,False
CUST00000353,Jordan Garcia 353,customer353@example.com,Tacoma,WA,West,,Plus,5.0,True,bb9a23547c4eef1087f6,2.0,4499.46,21.0,0.0,0.0,0.0,4499.46,False
CUST00001610,Morgan Kim 1610,customer1610@example.com,Savannah,GA,South,,Gold,4.0,True,f38fc2b41dc1dff1f403,2.0,4498.8,9.0,0.0,0.0,0.0,4498.8,False
CUST00001786,Riley Patel 1786,customer1786@example.com,Buffalo,NY,Northeast,2021-12-30,Silver,,True,f975f3dc3ec4e1893ff2,1.0,2289.48,7.0,2.0,2200.48,5.0,4489.96,True
CUST00000103,Casey Kim 103,customer103@example.com,Aurora,CO,West,,Gold,2.0,True,b9afb7c69227bf473d14,2.0,3377.91,12.0,2.0,1110.8500000000001,7.0,4488.76,True
CUST00001349,Riley Brown 1349,customer1349@example.com,Albany,NY,Northeast,2025-07-10,Basic,3.0,True,fdb1eb9121074889d632,1.0,1789.79,5.0,1.0,2696.28,5.0,4486.07,True
CUST00001051,Jordan Kim 1051,customer1051@example.com,Buffalo,NY,Northeast,2023-11-30,Basic,,True,b81f5ec433694ccf4d5f,2.0,4486.02,12.0,0.0,0.0,0.0,4486.02,False
CUST00001645,Morgan Patel 1645,customer1645@example.com,Seattle,WA,West,,Basic,3.0,True,ba5b0df2bf9177620947,2.0,3073.6000000000004,14.0,1.0,1407.72,4.0,4481.320000000001,True
CUST00000874,Jordan Kim 874,customer874@example.com,Savannah,GA,South,2023-12-19,Unknown,4.0,False,6cdc44f09ca91d693a43,3.0,4479.21,10.0,0.0,0.0,0.0,4479.21,False
CUST00000502,Riley Garcia 502,customer502@example.com,Orlando,FL,South,2021-01-05,Gold,,False,2ea8bda83cd392fa40eb,2.0,4471.12,10.0,0.0,0.0,0.0,4471.12,False
CUST00001145,Jordan Lee 1145,customer1145@example.com,Aurora,CO,West,,Gold,4.0,False,21eda16bb190ff7d21c6,2.0,3149.02,14.0,1.0,1317.91,4.0,4466.93,True
CUST00001540,Riley Kim 1540,customer1540@example.com,Houston,TX,South,2020-02-27,Basic,5.0,False,fac5e026aefc6cd23101,1.0,4464.32,6.0,0.0,0.0,0.0,4464.32,False
CUST00001434,Morgan Brown 1434,customer1434@example.com,Los Angeles,CA,West,2022-11-23,Silver,5.0,True,50a0e30e46dc80822a6f,1.0,2172.71,8.0,3.0,2290.93,7.0,4463.639999999999,True
CUST00000224,Riley Brown 224,customer224@example.com,Orlando,FL,South,,Unknown,,True,1f18f8cedb470182e8bc,3.0,4458.84,14.0,0.0,0.0,0.0,4458.84,False
CUST00000496,Riley Lee 496,customer496@example.com,Sacramento,CA,West,,Plus,,True,9bdf6753e691030f99e0,1.0,1885.75,5.0,2.0,2568.7799999999997,8.0,4454.53,True
CUST00000259,Jordan Lee 259,customer259@example.com,Orlando,FL,South,,Gold,6.0,True,65dc877be2a65dadcfa3,2.0,4454.0199999999995,8.0,0.0,0.0,0.0,4454.0199999999995,False
CUST00001478,Alex Kim 1478,customer1478@example.com,Savannah,GA,South,,Basic,4.0,True,042dee5fbf8538a7e57e,1.0,234.14999999999998,3.0,2.0,4216.24,8.0,4450.389999999999,True
CUST00000013,Casey Smith 13,customer13@example.com,Seattle,WA,West,2025-09-13,Gold,2.0,True,765be2d1dfe18454120a,3.0,4445.33,17.0,0.0,0.0,0.0,4445.33,False
CUST00000079,Alex Garcia 79,customer79@example.com,Orlando,FL,South,2024-02-22,Gold,2.0,True,cb3df6c084e1c968e2e2,3.0,836.37,7.0,2.0,3602.0099999999998,12.0,4438.38,True
CUST00000435,Alex Patel 435,customer435@example.com,Peoria,IL,Midwest,,Gold,5.0,False,9946370c6aa1610d78eb,3.0,3168.6400000000003,12.0,1.0,1267.3899999999999,10.0,4436.030000000001,True
CUST00000831,Alex Patel 831,customer831@example.com,Denver,CO,West,2022-12-15,Gold,1.0,True,63eef21219b27888a3d8,2.0,3949.86,15.0,1.0,460.96,2.0,4410.82,True
CUST00001590,Jordan Lee 1590,customer1590@example.com,Tacoma,WA,West,,Basic,5.0,True,0fb358fc2263839d3590,4.0,4404.59,18.0,0.0,0.0,0.0,4404.59,False
CUST00000891,Jordan Lee 891,customer891@example.com,Chicago,IL,Midwest,,Unknown,2.0,True,9e8ebac74fee137974b5,0.0,0.0,0.0,1.0,4400.71,5.0,4400.71,False
CUST00001767,Morgan Smith 1767,customer1767@example.com,Sacramento,CA,West,,Plus,,True,d8c3102283f4d95df6d3,2.0,4398.6900000000005,9.0,0.0,0.0,0.0,4398.6900000000005,False
CUST00001302,Casey Garcia 1302,customer1302@example.com,Sacramento,CA,West,2024-03-10,Gold,,False,4c821baab01734ef667d,2.0,4393.68,14.0,0.0,0.0,0.0,4393.68,False
CUST00001334,Riley Smith 1334,customer1334@example.com,Denver,CO,West,2020-06-16,Silver,4.0,True,03f6c6895f9de4b33e0a,0.0,0.0,0.0,2.0,4382.82,18.0,4382.82,False
CUST00001169,Jordan Garcia 1169,customer1169@example.com,Atlanta,GA,South,,Silver,4.0,True,d31166f94efebc005319,0.0,0.0,0.0,1.0,4382.42,8.0,4382.42,False
CUST00001587,Alex Garcia 1587,customer1587@example.com,Sacramento,CA,West,2022-08-31,Unknown,6.0,True,1017955bcff487c03c29,0.0,0.0,0.0,2.0,4380.2300000000005,18.0,4380.2300000000005,False
CUST00000544,Morgan Brown 544,customer544@example.com,Peoria,IL,Midwest,2020-01-16,Silver,5.0,True,a0b4850feebb1895cdb3,2.0,2313.66,6.0,1.0,2065.29,4.0,4378.95,True
CUST00001075,Jordan Brown 1075,customer1075@example.com,Aurora,CO,West,2025-12-13,Plus,,False,9d5e42af200cd6368245,0.0,0.0,0.0,2.0,4378.5599999999995,14.0,4378.5599999999995,False
CUST00001788,Alex Smith 1788,customer1788@example.com,Los Angeles,CA,West,2023-11-16,Unknown,,True,e2ee0ed96c5ab2f12203,2.0,3375.44,14.0,1.0,999.28,4.0,4374.72,True
CUST00000301,Alex Brown 301,customer301@example.com,Savannah,GA,South,2022-05-20,Silver,4.0,False,f448602c5b143e855e4b,1.0,714.75,7.0,3.0,3640.4799999999996,10.0,4355.23,True
CUST00001327,Alex Smith 1327,customer1327@example.com,Sacramento,CA,West,,Unknown,5.0,True,ff9c15ee9cbb5eb22982,2.0,2360.33,9.0,2.0,1989.17,8.0,4349.5,True
CUST00001011,Alex Garcia 1011,customer1011@example.com,Atlanta,GA,South,,Unknown,,False,a9193c80d4661e6fef61,3.0,3624.58,10.0,1.0,714.61,1.0,4339.19,True
CUST00000172,Jordan Kim 172,customer172@example.com,Miami,FL,South,,Gold,,True,d98676b702e92f544ce0,0.0,0.0,0.0,1.0,4336.61,8.0,4336.61,False
CUST00000370,Morgan Kim 370,customer370@example.com,Miami,FL,South,2022-09-29,Basic,2.0,True,3a1da0cdd5b3f2614794,1.0,2239.52,6.0,1.0,2094.92,4.0,4334.4400000000005,True
CUST00000841,Riley Lee 841,customer841@example.com,Atlanta,GA,South,2023-04-19,Unknown,4.0,True,8ceb76a40b0d8f39fc85,2.0,4332.11,9.0,0.0,0.0,0.0,4332.11,False
CUST00001800,Jordan Patel 1800,customer1800@example.com,Sacramento,CA,West,,Plus,6.0,True,4ea80731d7cb50520238,2.0,3654.14,12.0,1.0,663.3900000000001,5.0,4317.53,True
CUST00000174,Taylor Brown 174,customer174@example.com,Atlanta,GA,South,2024-03-03,Gold,3.0,True,8c130affddc1a9a3ff6f,2.0,2684.7799999999997,9.0,2.0,1627.05,3.0,4311.83,True
CUST00001064,Riley Lee 1064,customer1064@example.com,Tacoma,WA,West,2024-08-24,Basic,,True,58e6bfc390800e4d85bd,3.0,4302.2300000000005,13.0,0.0,0.0,0.0,4302.2300000000005,False
CUST00000185,Jordan Brown 185,customer185@example.com,Buffalo,NY,Northeast,,Plus,,False,e2ed443223cb2e4ce98e,1.0,2390.7,5.0,2.0,1909.05,5.0,4299.75,True
CUST00001426,Riley Garcia 1426,customer1426@example.com,Seattle,WA,West,,Plus,4.0,True,d9fe7a118a0256339bfb,3.0,2620.89,7.0,2.0,1677.77,4.0,4298.66,True
CUST00000969,Alex Lee 969,customer969@example.com,Austin,TX,South,2021-05-19,Gold,2.0,True,4f826ad2576a1e984ecd,2.0,4253.9400000000005,9.0,0.0,0.0,0.0,4253.9400000000005,False
CUST00001018,Jordan Smith 1018,customer1018@example.com,Denver,CO,West,2020-05-13,Gold,3.0,True,efe0a9658f81d3305b1a,1.0,4249.27,10.0,0.0,0.0,0.0,4249.27,False
CUST00001666,Casey Smith 1666,customer1666@example.com,Atlanta,GA,South,,Gold,,False,15e40bd182ef81267239,1.0,2313.6,10.0,2.0,1917.94,5.0,4231.54,True
CUST00001415,Taylor Lee 1415,customer1415@example.com,Orlando,FL,South,2021-11-01,Gold,,True,b80727dd7ef3691f3f75,3.0,4225.68,13.0,0.0,0.0,0.0,4225.68,False
CUST00000878,Casey Lee 878,customer878@example.com,Sacramento,CA,West,2021-03-14,Gold,1.0,True,d5e47c86976c2e2bc562,2.0,4218.639999999999,14.0,0.0,0.0,0.0,4218.639999999999,False
CUST00000657,Morgan Garcia 657,customer657@example.com,Peoria,IL,Midwest,,Basic,6.0,True,33dd1e4b2f6007b6b41c,4.0,4211.38,18.0,0.0,0.0,0.0,4211.38,False
CUST00000530,Taylor Kim 530,customer530@example.com,Dallas,TX,South,,Plus,3.0,True,bc617afc20a211cdae4b,2.0,4207.400000000001,14.0,0.0,0.0,0.0,4207.400000000001,False
CUST00001032,Riley Garcia 1032,customer1032@example.com,Houston,TX,South,,Basic,,True,ff3b0266728cd49a8b45,2.0,1595.4299999999998,4.0,2.0,2600.59,8.0,4196.02,True
CUST00000433,Riley Brown 433,customer433@example.com,Savannah,GA,South,2021-08-17,Plus,4.0,True,0d738139f8f18dcc9d86,2.0,4195.37,20.0,0.0,0.0,0.0,4195.37,False
CUST00000198,Riley Kim 198,customer198@example.com,Sacramento,CA,West,,Basic,,True,4cfb990b55f857577947,1.0,1342.4,2.0,2.0,2837.0499999999997,5.0,4179.45,True
CUST00000339,Taylor Patel 339,customer339@example.com,Peoria,IL,Midwest,2023-11-15,Gold,4.0,True,d2632fa81ce44b0dabc9,2.0,1963.6999999999998,7.0,1.0,2213.71,4.0,4177.41,True
CUST00001222,Casey Garcia 1222,customer1222@example.com,Houston,TX,South,,Gold,6.0,True,d6147f18cae52dae3c7c,2.0,4171.28,10.0,0.0,0.0,0.0,4171.28,False
CUST00001417,Taylor Lee 1417,customer1417@example.com,Houston,TX,South,,Gold,1.0,True,f68a78100a5bae2c3368,0.0,0.0,0.0,1.0,4162.25,6.0,4162.25,False
CUST00001043,Taylor Brown 1043,customer1043@example.com,Tacoma,WA,West,,Silver,1.0,True,c9b25cada76cf9892fb2,3.0,4161.21,21.0,0.0,0.0,0.0,4161.21,False
CUST00001068,Alex Brown 1068,customer1068@example.com,Sacramento,CA,West,,Plus,3.0,True,f97a7af96a95bf519cd5,1.0,4160.82,7.0,0.0,0.0,0.0,4160.82,False
CUST00000428,Riley Kim 428,customer428@example.com,Savannah,GA,South,2024-08-24,Basic,4.0,True,b393b6e154997bca5885,4.0,4160.34,14.0,0.0,0.0,0.0,4160.34,False
CUST00000903,Alex Kim 903,customer903@example.com,Albany,NY,Northeast,2020-03-21,Unknown,,True,3970d2c4294d6385376a,0.0,0.0,0.0,2.0,4158.97,14.0,4158.97,False
CUST00000125,Morgan Brown 125,customer125@example.com,Aurora,CO,West,,Basic,3.0,True,50f6558d9a7ddffa752a,0.0,0.0,0.0,1.0,4145.35,8.0,4145.35,False
CUST00000876,Morgan Patel 876,customer876@example.com,Miami,FL,South,,Silver,2.0,False,ce091fdb96ce008977ab,2.0,4137.72,10.0,0.0,0.0,0.0,4137.72,False
CUST00001210,Taylor Lee 1210,customer1210@example.com,Tacoma,WA,West,2025-12-07,Plus,3.0,True,90ec459446a71b5343d6,1.0,1583.36,5.0,2.0,2549.81,7.0,4133.17,True
CUST00001611,Morgan Brown 1611,customer1611@example.com,Savannah,GA,South,,Silver,1.0,True,89cfc3170ba5e046fe55,1.0,315.82,1.0,2.0,3816.15,11.0,4131.97,True
CUST00000724,Taylor Lee 724,customer724@example.com,Chicago,IL,Midwest,2024-08-30,Basic,,True,1c502eebfe4ffd3a22b9,1.0,3286.65,14.0,1.0,835.92,2.0,4122.57,True
CUST00001456,Taylor Garcia 1456,customer1456@example.com,Atlanta,GA,South,,Basic,4.0,True,8d6d8a187f758a459bcb,3.0,4119.38,18.0,0.0,0.0,0.0,4119.38,False
CUST00000865,Jordan Smith 865,customer865@example.com,Chicago,IL,Midwest,2025-05-30,Unknown,3.0,False,814f5deda0d3274fec93,1.0,4115.75,5.0,0.0,0.0,0.0,4115.75,False
CUST00001387,Jordan Brown 1387,customer1387@example.com,Savannah,GA,South,,Gold,4.0,True,41a8ca63d61faa0c6269,1.0,4102.66,12.0,0.0,0.0,0.0,4102.66,False
CUST00001549,Riley Kim 1549,customer1549@example.com,Denver,CO,West,,Silver,1.0,True,5b7be1518f7ff9eb443d,3.0,4087.0699999999997,14.0,0.0,0.0,0.0,4087.0699999999997,False
CUST00000398,Alex Garcia 398,customer398@example.com,Los Angeles,CA,West,,Basic,3.0,True,6fd4c8c816e72ead5ea5,3.0,1261.26,6.0,2.0,2825.3,7.0,4086.5600000000004,True
CUST00000852,Jordan Brown 852,customer852@example.com,Atlanta,GA,South,,Unknown,2.0,True,d253688e8b7cf2ef2084,2.0,3195.34,9.0,1.0,891.06,2.0,4086.4,True
CUST00001648,Casey Garcia 1648,customer1648@example.com,Los Angeles,CA,West,2020-06-29,Basic,1.0,True,a6a1f53f5dabb7317fc4,1.0,4083.89,6.0,0.0,0.0,0.0,4083.89,False
CUST00000659,Alex Lee 659,customer659@example.com,Atlanta,GA,South,,Gold,3.0,True,cc0c23a3128d0e903490,2.0,4082.25,13.0,0.0,0.0,0.0,4082.25,False
CUST00001578,Morgan Garcia 1578,customer1578@example.com,Austin,TX,South,,Gold,6.0,True,bc1967ab577982c32fa6,0.0,0.0,0.0,1.0,4080.83,5.0,4080.83,False
CUST00001568,Jordan Patel 1568,customer1568@example.com,Los Angeles,CA,West,2020-07-11,Plus,6.0,True,29ae0b18a66d0a49c363,1.0,4067.34,11.0,0.0,0.0,0.0,4067.34,False
CUST00001595,Riley Lee 1595,customer1595@example.com,Savannah,GA,South,,Silver,,True,a1fd9f63ce4a8088cded,2.0,1863.77,10.0,1.0,2198.09,5.0,4061.86,True
CUST00001006,Taylor Kim 1006,customer1006@example.com,Tacoma,WA,West,,Unknown,,False,1094997d425e0fee0586,1.0,89.46,1.0,1.0,3971.84,6.0,4061.3,True
CUST00001763,Morgan Lee 1763,customer1763@example.com,Orlando,FL,South,,Unknown,2.0,True,a6ec46d1abac2880aaa1,1.0,4051.7299999999996,10.0,0.0,0.0,0.0,4051.7299999999996,False
CUST00000457,Casey Patel 457,customer457@example.com,Chicago,IL,Midwest,,Gold,,True,09f916ed63c1f8fa233b,0.0,0.0,0.0,1.0,4045.69,6.0,4045.69,False
CUST00001371,Jordan Smith 1371,customer1371@example.com,Miami,FL,South,,Silver,6.0,False,5b87f3f8c688dcb9ec79,3.0,4025.71,10.0,0.0,0.0,0.0,4025.71,False
CUST00000238,Jordan Brown 238,customer238@example.com,Sacramento,CA,West,,Basic,4.0,True,aad3c5181275d6c6202e,2.0,4024.1000000000004,13.0,0.0,0.0,0.0,4024.1000000000004,False
CUST00001480,Taylor Kim 1480,customer1480@example.com,Peoria,IL,Midwest,2023-08-16,Plus,,True,4c30eda364d64b6f0cd2,2.0,1887.91,8.0,1.0,2128.8,4.0,4016.71,True
CUST00000018,Casey Smith 18,customer18@example.com,Savannah,GA,South,2021-09-06,Unknown,3.0,True,14c5018652c3c03c3807,2.0,3677.54,12.0,1.0,335.46,2.0,4013.0,True
CUST00000141,Taylor Smith 141,customer141@example.com,Seattle,WA,West,2021-02-17,Basic,4.0,True,94089ea29db0566982fa,1.0,4012.39,10.0,0.0,0.0,0.0,4012.39,False
CUST00000213,Taylor Patel 213,customer213@example.com,Orlando,FL,South,,Unknown,,True,0ea7018c9a81f779fda0,1.0,625.02,2.0,2.0,3387.29,13.0,4012.31,True
CUST00000409,Casey Lee 409,customer409@example.com,Buffalo,NY,Northeast,2022-01-11,Unknown,6.0,False,1fcaba2d675920aa4373,0.0,0.0,0.0,1.0,4001.13,7.0,4001.13,False
CUST00001053,Taylor Smith 1053,customer1053@example.com,Chicago,IL,Midwest,2022-05-31,Unknown,3.0,True,b76d3c2aad6957746ffc,1.0,943.16,1.0,1.0,3054.83,8.0,3997.99,True
CUST00001000,Morgan Smith 1000,customer1000@example.com,Aurora,CO,West,2020-08-25,Unknown,3.0,False,d805d35f59dc0053e707,1.0,3119.9700000000003,10.0,1.0,869.02,7.0,3988.9900000000002,True
CUST00000300,Morgan Garcia 300,customer300@example.com,Austin,TX,South,,Unknown,,True,ba1d71ae89f17f4a8c95,2.0,2337.24,5.0,1.0,1649.5900000000001,5.0,3986.83,True
CUST00000352,Taylor Garcia 352,customer352@example.com,Peoria,IL,Midwest,2026-05-08,Silver,5.0,False,c4647f30089a00fa4795,0.0,0.0,0.0,1.0,3978.76,8.0,3978.76,False
CUST00001232,Casey Garcia 1232,customer1232@example.com,Chicago,IL,Midwest,,Gold,2.0,False,692ce831c51a9f82d756,0.0,0.0,0.0,2.0,3977.92,12.0,3977.92,False
CUST00001449,Riley Lee 1449,customer1449@example.com,Savannah,GA,South,2020-09-30,Basic,6.0,True,c423d05b54b99c095475,2.0,3977.48,9.0,0.0,0.0,0.0,3977.48,False
CUST00001172,Alex Lee 1172,customer1172@example.com,Denver,CO,West,,Unknown,5.0,True,9d9b7fd8a233224ee7c5,0.0,0.0,0.0,2.0,3967.67,8.0,3967.67,False
CUST00000144,Casey Lee 144,customer144@example.com,Dallas,TX,South,2020-03-30,Gold,3.0,False,80d1761f4438f671b072,1.0,3966.0,6.0,0.0,0.0,0.0,3966.0,False
CUST00001699,Taylor Garcia 1699,customer1699@example.com,Houston,TX,South,,Gold,1.0,True,8a5d809e27c8bed31e59,0.0,0.0,0.0,1.0,3961.82,6.0,3961.82,False
CUST00001156,Casey Brown 1156,customer1156@example.com,Dallas,TX,South,,Plus,3.0,True,d060f35e08466ff5966f,2.0,763.74,2.0,3.0,3189.79,15.0,3953.5299999999997,True
CUST00000278,Morgan Smith 278,customer278@example.com,Miami,FL,South,,Silver,,True,16c02e64c2513c8fd33f,2.0,2556.78,5.0,1.0,1383.03,4.0,3939.8100000000004,True
CUST00001125,Alex Patel 1125,customer1125@example.com,Albany,NY,Northeast,,Unknown,3.0,True,95f6567f3ef951ad1268,2.0,2414.82,8.0,1.0,1524.54,3.0,3939.36,True
CUST00000075,Taylor Kim 75,customer75@example.com,Houston,TX,South,,Gold,5.0,False,4767323e2a5744dc94f9,0.0,0.0,0.0,1.0,3936.65,6.0,3936.65,False
CUST00000419,Casey Lee 419,customer419@example.com,Orlando,FL,South,2024-07-26,Unknown,3.0,True,937b85e5764871a01635,2.0,2672.81,11.0,1.0,1253.98,4.0,3926.79,True
CUST00001504,Casey Garcia 1504,customer1504@example.com,Sacramento,CA,West,2024-01-30,Silver,6.0,False,2561830a3e40eb19ff76,1.0,3918.3999999999996,9.0,0.0,0.0,0.0,3918.3999999999996,False
CUST00001343,Morgan Patel 1343,customer1343@example.com,Los Angeles,CA,West,2023-01-23,Silver,4.0,True,383c963415c0fb4bff86,1.0,3914.6600000000003,8.0,0.0,0.0,0.0,3914.6600000000003,False
CUST00001710,Alex Kim 1710,customer1710@example.com,Aurora,CO,West,2024-01-23,Unknown,6.0,True,a508debe691317073cab,0.0,0.0,0.0,2.0,3905.17,9.0,3905.17,False
CUST00001636,Alex Garcia 1636,customer1636@example.com,Miami,FL,South,,Unknown,3.0,True,6be88cbb3740be32b366,1.0,3902.59,11.0,0.0,0.0,0.0,3902.59,False
CUST00001214,Alex Patel 1214,customer1214@example.com,Sacramento,CA,West,,Basic,6.0,True,4cca2fa2da772aa87f76,1.0,3897.6400000000003,10.0,0.0,0.0,0.0,3897.6400000000003,False
CUST00000801,Casey Lee 801,customer801@example.com,Austin,TX,South,,Plus,2.0,False,0afd5d5a57b784d034dc,1.0,3896.43,7.0,0.0,0.0,0.0,3896.43,False
CUST00000335,Alex Kim 335,customer335@example.com,Seattle,WA,West,,Gold,1.0,True,bda020a38263b6727902,1.0,2802.92,9.0,1.0,1090.24,7.0,3893.16,True
CUST00000710,Casey Lee 710,customer710@example.com,Miami,FL,South,,Basic,6.0,False,2d670ebbe258e3bd86d4,2.0,2258.05,8.0,3.0,1630.44,6.0,3888.4900000000002,True
CUST00000241,Taylor Kim 241,customer241@example.com,Los Angeles,CA,West,,Gold,,False,a2601e155ecdfdf1378e,1.0,695.3,3.0,2.0,3190.38,8.0,3885.6800000000003,True
CUST00000805,Casey Smith 805,customer805@example.com,Peoria,IL,Midwest,,Gold,2.0,True,e6b73486c926bc413dc8,1.0,1153.52,3.0,1.0,2729.68,6.0,3883.2,True
CUST00000520,Taylor Smith 520,customer520@example.com,Austin,TX,South,2026-05-20,Basic,6.0,False,c30592be7a801df948c2,0.0,0.0,0.0,2.0,3869.6,7.0,3869.6,False
CUST00001739,Riley Smith 1739,customer1739@example.com,Austin,TX,South,2025-05-18,Basic,2.0,True,e2a2187eaa1dc4a3e9f2,1.0,45.75,5.0,1.0,3818.2299999999996,14.0,3863.9799999999996,True
CUST00001331,Jordan Smith 1331,customer1331@example.com,Denver,CO,West,,Unknown,1.0,True,f777d62f0a96355d74cd,1.0,1299.65,5.0,1.0,2561.24,14.0,3860.89,True
CUST00000591,Jordan Patel 591,customer591@example.com,Houston,TX,South,,Basic,2.0,True,8fa67e927b7e1d57a268,2.0,2391.96,8.0,1.0,1464.94,10.0,3856.9,True
CUST00000674,Jordan Brown 674,customer674@example.com,Albany,NY,Northeast,2020-08-22,Silver,,False,d4ea589db462b3d2ce35,1.0,2761.77,12.0,1.0,1091.83,3.0,3853.6,True
CUST00000514,Morgan Lee 514,customer514@example.com,Peoria,IL,Midwest,,Unknown,,True,1c68d0d963b6d7164ae1,0.0,0.0,0.0,2.0,3848.17,6.0,3848.17,False
CUST00000070,Taylor Brown 70,customer70@example.com,Savannah,GA,South,2023-11-25,Gold,3.0,True,a7c85e72abc2dfcc5982,3.0,3842.97,12.0,0.0,0.0,0.0,3842.97,False
CUST00000048,Taylor Brown 48,customer48@example.com,Tacoma,WA,West,,Plus,3.0,True,bcbd99c4489580d2c855,1.0,3839.7799999999997,9.0,0.0,0.0,0.0,3839.7799999999997,False
CUST00001310,Riley Garcia 1310,customer1310@example.com,Denver,CO,West,2025-07-01,Silver,5.0,True,0c3cb2053cadc27fd0d0,0.0,0.0,0.0,2.0,3833.64,7.0,3833.64,False
CUST00001100,Jordan Kim 1100,customer1100@example.com,Denver,CO,West,,Gold,3.0,True,01320939fb4464643ce5,1.0,1160.33,3.0,1.0,2673.0199999999995,6.0,3833.3499999999995,True
CUST00000425,Taylor Smith 425,customer425@example.com,Seattle,WA,West,2023-07-10,Gold,2.0,False,d37a72d289775b333bcc,1.0,59.44,4.0,1.0,3756.1400000000003,12.0,3815.5800000000004,True
CUST00000729,Alex Brown 729,customer729@example.com,Seattle,WA,West,,Basic,4.0,True,328317feae78e764a844,3.0,3806.53,15.0,0.0,0.0,0.0,3806.53,False
CUST00000129,Casey Patel 129,customer129@example.com,Austin,TX,South,2024-08-11,Basic,2.0,True,6a18b825ebfef6a3e0bf,2.0,2806.31,6.0,1.0,988.9000000000001,4.0,3795.21,True
CUST00000411,Casey Smith 411,customer411@example.com,Austin,TX,South,,Plus,4.0,True,d5f8c8bca0858584e215,2.0,3791.93,11.0,0.0,0.0,0.0,3791.93,False
CUST00001382,Alex Brown 1382,customer1382@example.com,Seattle,WA,West,2020-02-04,Unknown,5.0,True,e5dd9af1d5d80873e577,1.0,3327.96,8.0,1.0,461.93,5.0,3789.89,True
CUST00001583,Riley Lee 1583,customer1583@example.com,Chicago,IL,Midwest,2026-05-09,Silver,4.0,True,f974db26bf60c18669c6,2.0,3789.2799999999997,12.0,0.0,0.0,0.0,3789.2799999999997,False
CUST00000312,Morgan Kim 312,customer312@example.com,Miami,FL,South,,Unknown,5.0,True,f32c4f26c20b0373be6b,1.0,3403.4799999999996,7.0,1.0,377.52,1.0,3780.9999999999995,True
CUST00001484,Taylor Kim 1484,customer1484@example.com,Savannah,GA,South,2020-02-14,Silver,3.0,True,6aafab1f94c34b131cb6,2.0,3779.54,9.0,0.0,0.0,0.0,3779.54,False
CUST00001745,Jordan Smith 1745,customer1745@example.com,Dallas,TX,South,,Basic,5.0,True,6f6f2465c992b7aa0944,1.0,518.54,3.0,2.0,3258.5699999999997,11.0,3777.1099999999997,True
CUST00000361,Alex Brown 361,customer361@example.com,Sacramento,CA,West,2024-01-26,Basic,3.0,True,7ae9e239d93f104e2206,2.0,825.85,6.0,1.0,2948.38,7.0,3774.23,True
CUST00001175,Alex Lee 1175,customer1175@example.com,Buffalo,NY,Northeast,2020-03-15,Plus,1.0,True,3641e200a98949282f82,2.0,2068.19,5.0,2.0,1705.43,11.0,3773.62,True
CUST00001250,Jordan Smith 1250,customer1250@example.com,Atlanta,GA,South,,Basic,2.0,True,967ffbd94198d75cfd67,1.0,770.82,6.0,1.0,2997.24,5.0,3768.06,True
CUST00001208,Taylor Kim 1208,customer1208@example.com,Aurora,CO,West,,Gold,2.0,False,25135207661c47a9b199,3.0,3763.39,6.0,0.0,0.0,0.0,3763.39,False
CUST00000477,Riley Brown 477,customer477@example.com,Aurora,CO,West,,Basic,5.0,True,387f97557efee1debde6,3.0,2192.34,6.0,1.0,1564.8,4.0,3757.1400000000003,True
CUST00001338,Casey Garcia 1338,customer1338@example.com,Aurora,CO,West,2020-02-15,Unknown,,True,7b7458a5063f502183d3,1.0,3547.88,10.0,1.0,207.0,2.0,3754.88,True
CUST00000609,Jordan Patel 609,customer609@example.com,Chicago,IL,Midwest,2020-04-05,Silver,1.0,True,b3657f8e1e43833736f6,2.0,3741.97,11.0,0.0,0.0,0.0,3741.97,False
CUST00001418,Jordan Lee 1418,customer1418@example.com,Orlando,FL,South,2024-10-31,Gold,1.0,True,9622247766acd83e07c4,1.0,340.40000000000003,4.0,2.0,3400.2799999999997,9.0,3740.68,True
CUST00001455,Casey Kim 1455,customer1455@example.com,Dallas,TX,South,2020-08-08,Unknown,3.0,False,b7cc24c4c991db753849,0.0,0.0,0.0,2.0,3738.32,7.0,3738.32,False
CUST00001603,Morgan Lee 1603,customer1603@example.com,Chicago,IL,Midwest,,Silver,5.0,False,f511c216508ef738f2aa,0.0,0.0,0.0,2.0,3723.86,9.0,3723.86,False
CUST00001406,Riley Brown 1406,customer1406@example.com,Los Angeles,CA,West,,Plus,5.0,True,9e8e63056a7e52ebea6c,2.0,3712.84,12.0,0.0,0.0,0.0,3712.84,False
CUST00001513,Riley Patel 1513,customer1513@example.com,Buffalo,NY,Northeast,2020-02-29,Silver,2.0,True,2b6a66cc2780d52a9d4c,2.0,1291.87,5.0,1.0,2418.62,8.0,3710.49,True
CUST00000343,Riley Patel 343,customer343@example.com,Aurora,CO,West,2025-10-24,Plus,1.0,True,541173c5223357759540,1.0,1401.21,2.0,1.0,2308.57,7.0,3709.78,True
CUST00000714,Alex Kim 714,customer714@example.com,Aurora,CO,West,,Basic,4.0,True,3c0c63e2da4d06a7006d,0.0,0.0,0.0,2.0,3709.71,12.0,3709.71,False
CUST00001522,Riley Patel 1522,customer1522@example.com,Orlando,FL,South,2025-04-27,Gold,6.0,True,8e85f7017523bbca3376,0.0,0.0,0.0,1.0,3707.2799999999997,10.0,3707.2799999999997,False
CUST00000159,Morgan Patel 159,customer159@example.com,Orlando,FL,South,2021-11-13,Basic,4.0,False,d76a0d9637efa349f964,1.0,1537.44,3.0,1.0,2166.9900000000002,3.0,3704.4300000000003,True
CUST00001683,Riley Lee 1683,customer1683@example.com,Buffalo,NY,Northeast,2020-10-29,Gold,3.0,True,73c990870c67f9cc1550,1.0,3569.66,6.0,1.0,133.3,2.0,3702.96,True
CUST00000971,Taylor Patel 971,customer971@example.com,Savannah,GA,South,,Plus,3.0,True,6c86d9d79a5951e98c35,0.0,0.0,0.0,1.0,3684.7,6.0,3684.7,False
CUST00000050,Casey Garcia 50,customer50@example.com,Orlando,FL,South,,Gold,5.0,False,aeaa9185e71fd0967ada,1.0,3681.62,13.0,0.0,0.0,0.0,3681.62,False
CUST00000298,Jordan Smith 298,customer298@example.com,Tacoma,WA,West,,Gold,3.0,True,e2f6a26bbcf084cf99d6,4.0,3669.01,13.0,0.0,0.0,0.0,3669.01,False
CUST00000397,Riley Patel 397,customer397@example.com,Seattle,WA,West,2020-12-09,Gold,2.0,True,b34cb339c05415ba4bca,1.0,3011.2,6.0,1.0,655.87,3.0,3667.0699999999997,True
CUST00000166,Riley Lee 166,customer166@example.com,Peoria,IL,Midwest,2024-04-27,Silver,,True,f399f1de6717af0f7241,3.0,3307.1499999999996,12.0,1.0,358.93,1.0,3666.0799999999995,True
CUST00000847,Alex Kim 847,customer847@example.com,Chicago,IL,Midwest,2020-08-23,Gold,1.0,True,e1f6eaaf0ac7cace090e,2.0,3664.98,12.0,0.0,0.0,0.0,3664.98,False
CUST00001149,Alex Kim 1149,customer1149@example.com,Los Angeles,CA,West,,Gold,,True,63562036fd6887a4c053,1.0,719.97,3.0,2.0,2941.06,4.0,3661.0299999999997,True
CUST00000225,Morgan Lee 225,customer225@example.com,Dallas,TX,South,2025-08-12,Plus,5.0,True,a841287ecbd80a43d5da,2.0,3653.43,11.0,0.0,0.0,0.0,3653.43,False
CUST00001094,Alex Lee 1094,customer1094@example.com,Denver,CO,West,,Plus,6.0,True,1ad8a34c0376f86dc5aa,1.0,542.02,2.0,1.0,3104.3,6.0,3646.32,True
CUST00000804,Riley Patel 804,customer804@example.com,Aurora,CO,West,,Plus,4.0,True,6b4eee3fbdf1a56770a7,1.0,961.1700000000001,3.0,2.0,2684.76,5.0,3645.9300000000003,True
CUST00001503,Jordan Brown 1503,customer1503@example.com,Seattle,WA,West,,Plus,4.0,True,3e0e4b27a5c8f491796a,1.0,1709.84,4.0,1.0,1929.58,11.0,3639.42,True
CUST00000945,Jordan Smith 945,customer945@example.com,Miami,FL,South,,Plus,,True,c116ed167336ffde56ea,2.0,1779.2800000000002,7.0,1.0,1857.39,4.0,3636.67,True
CUST00001299,Jordan Garcia 1299,customer1299@example.com,Albany,NY,Northeast,,Plus,,True,b830a5c8fc7696e322b6,1.0,280.06,2.0,1.0,3339.4,4.0,3619.46,True
CUST00000875,Jordan Kim 875,customer875@example.com,Sacramento,CA,West,2024-01-21,Unknown,4.0,True,412c57d1bc671d2f0b8d,2.0,3596.2,11.0,0.0,0.0,0.0,3596.2,False
CUST00000941,Jordan Kim 941,customer941@example.com,Savannah,GA,South,2025-03-11,Plus,4.0,True,77273ab8811a0b7d93a5,0.0,0.0,0.0,1.0,3593.4500000000003,9.0,3593.4500000000003,False
CUST00000047,Alex Patel 47,customer47@example.com,Dallas,TX,South,2022-06-14,Basic,2.0,True,eb8a0f9ba1237a822674,1.0,1393.1899999999998,8.0,1.0,2198.46,3.0,3591.6499999999996,True
CUST00001191,Riley Kim 1191,customer1191@example.com,Austin,TX,South,2023-02-12,Gold,,True,97d338edec8dcdcf7121,1.0,2203.27,5.0,1.0,1387.78,4.0,3591.05,True
CUST00001236,Riley Lee 1236,customer1236@example.com,Los Angeles,CA,West,,Unknown,2.0,True,e2231a3468d8e2f4a693,0.0,0.0,0.0,1.0,3589.68,4.0,3589.68,False
CUST00001630,Riley Brown 1630,customer1630@example.com,Sacramento,CA,West,2020-02-24,Gold,3.0,False,a2d87637504e0ec4a1a2,1.0,3586.55,8.0,0.0,0.0,0.0,3586.55,False
CUST00000083,Morgan Garcia 83,customer83@example.com,Seattle,WA,West,,Plus,3.0,True,30f96235e85cf5ff4d99,1.0,104.08,1.0,2.0,3470.42,7.0,3574.5,True
CUST00001647,Riley Brown 1647,customer1647@example.com,Orlando,FL,South,,Unknown,1.0,True,e3bcbdf055ee1cf3e406,3.0,2448.35,10.0,2.0,1101.78,2.0,3550.13,True
CUST00000735,Taylor Lee 735,customer735@example.com,Austin,TX,South,,Gold,3.0,True,1ae6a694bd0924602da8,3.0,3549.01,16.0,0.0,0.0,0.0,3549.01,False
CUST00000220,Alex Brown 220,customer220@example.com,Aurora,CO,West,2024-09-10,Gold,,True,3f7ef65ed85826fe7a7e,3.0,3546.8799999999997,16.0,0.0,0.0,0.0,3546.8799999999997,False
CUST00000190,Riley Patel 190,customer190@example.com,Seattle,WA,West,2024-10-21,Unknown,4.0,True,1817b3fd0cc3124fcc4c,1.0,2796.0499999999997,8.0,1.0,747.52,3.0,3543.5699999999997,True
CUST00001108,Riley Kim 1108,customer1108@example.com,Houston,TX,South,,Plus,,True,be2b9d470a08692bdf9d,0.0,0.0,0.0,1.0,3542.9799999999996,8.0,3542.9799999999996,False
CUST00001105,Morgan Garcia 1105,customer1105@example.com,Atlanta,GA,South,,Silver,2.0,True,6a7ebe04e04d38b346c7,1.0,924.12,1.0,1.0,2602.62,6.0,3526.74,True
CUST00000736,Jordan Patel 736,customer736@example.com,Austin,TX,South,,Unknown,1.0,True,3f62efe45f65a6ca770d,1.0,2341.2,5.0,1.0,1183.07,3.0,3524.2699999999995,True
CUST00000208,Alex Garcia 208,customer208@example.com,Los Angeles,CA,West,2025-10-30,Silver,4.0,True,7000a7e8487c02d55497,1.0,2321.09,4.0,1.0,1201.98,3.0,3523.07,True
CUST00001454,Casey Lee 1454,customer1454@example.com,Los Angeles,CA,West,2021-03-28,Gold,5.0,True,54119bfb84723c8124bd,1.0,3492.83,7.0,1.0,23.81,1.0,3516.64,True
CUST00000914,Morgan Brown 914,customer914@example.com,Los Angeles,CA,West,,Gold,,True,091fbb7952fbaacafa70,2.0,1983.0300000000002,6.0,1.0,1533.21,2.0,3516.2400000000002,True
CUST00001061,Jordan Garcia 1061,customer1061@example.com,Chicago,IL,Midwest,2020-04-25,Gold,4.0,False,04a100713e379633300c,0.0,0.0,0.0,1.0,3510.18,5.0,3510.18,False
CUST00000557,Alex Lee 557,customer557@example.com,Buffalo,NY,Northeast,,Unknown,4.0,True,8e7608f40d6ccd37e2bd,2.0,3504.81,7.0,0.0,0.0,0.0,3504.81,False
CUST00000289,Riley Brown 289,customer289@example.com,Sacramento,CA,West,2020-06-17,Silver,6.0,False,4e2bbdaa227050f03362,1.0,3360.94,5.0,1.0,141.9,2.0,3502.84,True
CUST00000340,Taylor Patel 340,customer340@example.com,Houston,TX,South,,Gold,6.0,True,fcc9804c8b3c6e80352d,2.0,3498.26,10.0,0.0,0.0,0.0,3498.26,False
CUST00000679,Morgan Brown 679,customer679@example.com,Miami,FL,South,2024-09-04,Plus,,True,f36715163eb388ff1a36,0.0,0.0,0.0,1.0,3496.6099999999997,10.0,3496.6099999999997,False
CUST00001464,Riley Kim 1464,customer1464@example.com,Denver,CO,West,,Silver,,True,13b65d700ec3eaaad3f0,1.0,3205.64,4.0,1.0,289.86,2.0,3495.5,True
CUST00001669,Taylor Patel 1669,customer1669@example.com,Buffalo,NY,Northeast,,Plus,,False,1b42c15f47a4cc5f514d,0.0,0.0,0.0,2.0,3484.74,8.0,3484.74,False
CUST00000859,Alex Kim 859,customer859@example.com,Los Angeles,CA,West,2024-06-04,Basic,,False,42cc116d783ea870b9aa,1.0,2250.2799999999997,9.0,1.0,1233.92,7.0,3484.2,True
CUST00000962,Alex Brown 962,customer962@example.com,Miami,FL,South,2025-02-18,Basic,6.0,True,8e28c6e631c5ce202661,1.0,1092.68,2.0,1.0,2389.46,8.0,3482.1400000000003,True
CUST00001485,Casey Garcia 1485,customer1485@example.com,Orlando,FL,South,2025-10-10,Gold,3.0,True,870f61906ca3b2522fcc,1.0,3477.38,5.0,0.0,0.0,0.0,3477.38,False
CUST00000422,Morgan Kim 422,customer422@example.com,Buffalo,NY,Northeast,,Gold,,True,5559611a4edbf8e93e76,2.0,3469.16,9.0,0.0,0.0,0.0,3469.16,False
CUST00001359,Riley Kim 1359,customer1359@example.com,Peoria,IL,Midwest,2024-09-26,Silver,5.0,True,e2ea025071fd1268459a,0.0,0.0,0.0,2.0,3468.25,11.0,3468.25,False
CUST00000722,Taylor Garcia 722,customer722@example.com,Chicago,IL,Midwest,,Plus,1.0,True,a1c77ed996c3bd09b681,0.0,0.0,0.0,2.0,3463.08,9.0,3463.08,False
CUST00000009,Morgan Patel 9,customer9@example.com,Buffalo,NY,Northeast,,Silver,,False,a9c6ba13ec995422fe03,1.0,397.63,1.0,2.0,3040.33,10.0,3437.96,True
CUST00000354,Casey Smith 354,customer354@example.com,Denver,CO,West,,Gold,5.0,True,1b1f3747b4b335c24999,1.0,259.82,1.0,1.0,3169.59,5.0,3429.4100000000003,True
CUST00001259,Riley Garcia 1259,customer1259@example.com,Seattle,WA,West,2020-07-18,Plus,5.0,True,b9d83860601316d63625,2.0,2737.56,9.0,1.0,686.4200000000001,7.0,3423.98,True
CUST00000789,Riley Kim 789,customer789@example.com,Tacoma,WA,West,2025-06-11,Gold,,True,33e53d718af76e95097a,1.0,1419.32,4.0,1.0,1995.65,7.0,3414.9700000000003,True
CUST00001249,Riley Lee 1249,customer1249@example.com,Orlando,FL,South,2023-05-08,Gold,4.0,True,66348e02c5c0d7c9ab85,0.0,0.0,0.0,2.0,3396.3999999999996,12.0,3396.3999999999996,False
CUST00000588,Taylor Smith 588,customer588@example.com,Miami,FL,South,2021-11-30,Basic,1.0,False,7c617a0626e3392b0f06,2.0,3394.23,8.0,0.0,0.0,0.0,3394.23,False
CUST00000508,Riley Garcia 508,customer508@example.com,Los Angeles,CA,West,,Plus,5.0,True,f82949fabb86b93c58df,1.0,3392.6,9.0,0.0,0.0,0.0,3392.6,False
CUST00000964,Casey Patel 964,customer964@example.com,Chicago,IL,Midwest,2021-07-15,Plus,3.0,True,1a89154be6446cde6ec3,1.0,923.64,2.0,2.0,2461.7,4.0,3385.3399999999997,True
CUST00000790,Riley Kim 790,customer790@example.com,Tacoma,WA,West,2021-07-05,Basic,4.0,True,f1b319e6791283eaadc5,2.0,3383.94,10.0,0.0,0.0,0.0,3383.94,False
CUST00001633,Jordan Garcia 1633,customer1633@example.com,Orlando,FL,South,2020-06-15,Basic,2.0,True,e74d7571240a4fb3d203,1.0,3380.1400000000003,4.0,0.0,0.0,0.0,3380.1400000000003,False
CUST00000470,Alex Lee 470,customer470@example.com,Peoria,IL,Midwest,2024-04-10,Plus,,True,24f33b1d90afed22ff1e,2.0,2478.84,4.0,1.0,897.55,5.0,3376.3900000000003,True
CUST00001050,Casey Smith 1050,customer1050@example.com,Buffalo,NY,Northeast,,Silver,,True,8f4aa631ae237c3a2df3,2.0,933.14,2.0,2.0,2442.98,9.0,3376.12,True
CUST00000331,Taylor Brown 331,customer331@example.com,Atlanta,GA,South,2021-06-10,Gold,4.0,True,86b01c038257088bbef1,0.0,0.0,0.0,1.0,3370.33,10.0,3370.33,False
CUST00001598,Morgan Lee 1598,customer1598@example.com,Tacoma,WA,West,2024-09-07,Gold,4.0,True,0da6d121357e895fe452,1.0,373.78,3.0,1.0,2981.76,5.0,3355.54,True
CUST00000036,Jordan Brown 36,customer36@example.com,Seattle,WA,West,,Gold,,False,56de7df1ac5fd6da7289,0.0,0.0,0.0,1.0,3355.0699999999997,9.0,3355.0699999999997,False
CUST00000975,Taylor Kim 975,customer975@example.com,Dallas,TX,South,2024-12-06,Basic,2.0,False,25878e260ed4953f8512,1.0,3353.01,7.0,0.0,0.0,0.0,3353.01,False
CUST00000739,Taylor Garcia 739,customer739@example.com,Miami,FL,South,,Plus,5.0,True,bfff3b03a3640accab4f,2.0,3352.21,7.0,0.0,0.0,0.0,3352.21,False
CUST00001126,Jordan Garcia 1126,customer1126@example.com,Austin,TX,South,2026-05-05,Unknown,6.0,False,d9128c13fec2ba915bb7,1.0,3024.3199999999997,8.0,1.0,320.86,1.0,3345.18,True
CUST00000693,Alex Garcia 693,customer693@example.com,Denver,CO,West,2025-02-24,Gold,1.0,True,b0d9fff62b4cd7965e26,0.0,0.0,0.0,1.0,3327.9700000000003,10.0,3327.9700000000003,False
CUST00000986,Morgan Brown 986,customer986@example.com,Albany,NY,Northeast,,Silver,5.0,True,646be2a38a173823ff64,2.0,3327.7200000000003,5.0,0.0,0.0,0.0,3327.7200000000003,False
CUST00000105,Morgan Lee 105,customer105@example.com,Sacramento,CA,West,,Plus,6.0,True,a92a99129328f902c647,1.0,3239.72,9.0,1.0,83.74,2.0,3323.4599999999996,True
CUST00001252,Riley Brown 1252,customer1252@example.com,Buffalo,NY,Northeast,,Silver,6.0,True,f0d8c63ad9c77ed9e857,2.0,3066.0,4.0,1.0,238.75,3.0,3304.75,True
CUST00000303,Morgan Garcia 303,customer303@example.com,Sacramento,CA,West,,Basic,4.0,True,b6d057c23c1b3d1eeae0,2.0,3296.78,10.0,0.0,0.0,0.0,3296.78,False
CUST00001658,Taylor Brown 1658,customer1658@example.com,Peoria,IL,Midwest,,Unknown,,True,09dc32f0c3be18e3207d,1.0,304.5,1.0,2.0,2978.06,9.0,3282.56,True
CUST00001206,Alex Smith 1206,customer1206@example.com,Austin,TX,South,,Silver,,True,e541266f7d0a13def335,4.0,3279.09,9.0,0.0,0.0,0.0,3279.09,False
CUST00000337,Riley Patel 337,customer337@example.com,Seattle,WA,West,2024-03-05,Unknown,3.0,True,84d89274f757f91330db,1.0,3273.46,7.0,0.0,0.0,0.0,3273.46,False
CUST00001340,Casey Kim 1340,customer1340@example.com,Buffalo,NY,Northeast,,Unknown,,True,4e178de73ab837deda9d,3.0,3270.79,10.0,0.0,0.0,0.0,3270.79,False
CUST00000734,Taylor Lee 734,customer734@example.com,Tacoma,WA,West,,Plus,3.0,True,394a7177cd0e4a222c69,1.0,2372.82,11.0,1.0,895.0799999999999,3.0,3267.9,True
CUST00000387,Riley Lee 387,customer387@example.com,Aurora,CO,West,,Gold,3.0,True,3c28fc9c37e52ad331ec,1.0,1936.0700000000002,3.0,1.0,1326.5700000000002,5.0,3262.6400000000003,True
CUST00000162,Alex Patel 162,customer162@example.com,Orlando,FL,South,,Silver,1.0,True,ae5fbb98136d371a3efd,2.0,2391.0,10.0,1.0,870.14,5.0,3261.14,True
CUST00000461,Taylor Garcia 461,customer461@example.com,Sacramento,CA,West,2022-03-27,Silver,,True,e7ccb8c4dc46ff64f460,2.0,970.98,5.0,1.0,2283.1,8.0,3254.08,True
CUST00001354,Riley Garcia 1354,customer1354@example.com,Denver,CO,West,2020-04-16,Gold,4.0,True,43df0522c81fc625c7fe,1.0,1020.3199999999999,3.0,1.0,2233.12,6.0,3253.4399999999996,True
CUST00001550,Morgan Garcia 1550,customer1550@example.com,Seattle,WA,West,2024-09-08,Gold,,True,7a306936e66b73d4b9ce,2.0,3249.34,7.0,0.0,0.0,0.0,3249.34,False
CUST00000950,Alex Patel 950,customer950@example.com,Tacoma,WA,West,,Basic,5.0,True,cf4512e9c1943c030dec,2.0,3244.56,8.0,0.0,0.0,0.0,3244.56,False
CUST00001473,Jordan Patel 1473,customer1473@example.com,Los Angeles,CA,West,,Gold,1.0,True,0091479ba7e176bb80a9,0.0,0.0,0.0,3.0,3239.5,8.0,3239.5,False
CUST00001566,Taylor Kim 1566,customer1566@example.com,Miami,FL,South,2024-05-23,Unknown,1.0,True,b3d07c06c8d8f055b70c,1.0,1026.1000000000001,8.0,1.0,2206.2599999999998,7.0,3232.3599999999997,True
CUST00000608,Morgan Garcia 608,customer608@example.com,Sacramento,CA,West,2021-03-18,Basic,,True,90ecd1d58a01c91b9fd6,0.0,0.0,0.0,2.0,3225.26,16.0,3225.26,False
CUST00000884,Alex Brown 884,customer884@example.com,Tacoma,WA,West,2020-03-19,Silver,3.0,True,96f20041984e8090a471,0.0,0.0,0.0,2.0,3224.55,10.0,3224.55,False
CUST00000449,Jordan Patel 449,customer449@example.com,Dallas,TX,South,2024-12-02,Unknown,5.0,False,e5748e8af94e207ba356,2.0,3223.4300000000003,8.0,0.0,0.0,0.0,3223.4300000000003,False
CUST00001411,Morgan Kim 1411,customer1411@example.com,Savannah,GA,South,2023-09-24,Gold,3.0,False,a58cf4afd4b53a828c20,1.0,2877.77,5.0,1.0,332.01,2.0,3209.7799999999997,True
CUST00000101,Morgan Brown 101,customer101@example.com,Albany,NY,Northeast,2022-06-10,Gold,6.0,True,c5ec9941e57efe07aaae,1.0,743.88,3.0,1.0,2462.8,6.0,3206.6800000000003,True
CUST00001240,Riley Brown 1240,customer1240@example.com,Buffalo,NY,Northeast,2022-12-26,Gold,4.0,False,da3fabfdec6a96576e8c,1.0,3197.8,12.0,0.0,0.0,0.0,3197.8,False
CUST00000139,Morgan Lee 139,customer139@example.com,Chicago,IL,Midwest,2025-04-28,Silver,6.0,True,79d5efedecdebcda88ba,0.0,0.0,0.0,3.0,3197.71,9.0,3197.71,False
CUST00001430,Morgan Smith 1430,customer1430@example.com,Chicago,IL,Midwest,,Silver,6.0,False,139daa0da231e6d8388f,1.0,968.7,5.0,1.0,2222.92,6.0,3191.62,True
CUST00000091,Jordan Patel 91,customer91@example.com,Savannah,GA,South,2024-07-29,Silver,5.0,True,48ae67c52d180f6139b9,2.0,3031.12,7.0,1.0,150.39,2.0,3181.5099999999998,True
CUST00001333,Casey Brown 1333,customer1333@example.com,Albany,NY,Northeast,,Gold,1.0,False,8eb043e7d926c49df475,2.0,3176.59,9.0,0.0,0.0,0.0,3176.59,False
CUST00001431,Taylor Patel 1431,customer1431@example.com,Austin,TX,South,2021-09-01,Silver,6.0,False,ca1a7fa5c2fa79797ced,1.0,3173.28,6.0,0.0,0.0,0.0,3173.28,False
CUST00000195,Taylor Patel 195,customer195@example.com,Denver,CO,West,2020-05-30,Unknown,,True,65d1ee4117aa4f9becb9,2.0,3059.58,10.0,1.0,113.02,1.0,3172.6,True
CUST00000137,Morgan Smith 137,customer137@example.com,Denver,CO,West,,Gold,4.0,False,970310f0ee8f2d81124a,0.0,0.0,0.0,2.0,3151.88,8.0,3151.88,False
CUST00000055,Casey Kim 55,unknown@example.com,Aurora,CO,West,,Basic,,True,224361ab344b424224b1,1.0,1477.5500000000002,5.0,1.0,1669.7,2.0,3147.25,True
CUST00000817,Morgan Kim 817,customer817@example.com,Denver,CO,West,,Plus,1.0,True,fd0cf9a60fbe7fa38098,0.0,0.0,0.0,3.0,3144.3599999999997,11.0,3144.3599999999997,False
CUST00001294,Jordan Smith 1294,customer1294@example.com,Sacramento,CA,West,,Basic,,True,040b6982b6bc8cf5bef0,3.0,3137.15,7.0,0.0,0.0,0.0,3137.15,False
CUST00000221,Jordan Kim 221,customer221@example.com,Sacramento,CA,West,2026-05-08,Basic,1.0,True,ac0e68de0ddcb01a0df5,1.0,3121.6099999999997,6.0,0.0,0.0,0.0,3121.6099999999997,False
CUST00000746,Taylor Kim 746,customer746@example.com,Houston,TX,South,,Plus,4.0,False,fdf21ca6d145e7c113ca,1.0,3120.75,8.0,0.0,0.0,0.0,3120.75,False
CUST00000538,Riley Patel 538,customer538@example.com,Dallas,TX,South,,Basic,2.0,False,41e17618ac82ff6087a3,2.0,3114.8,8.0,0.0,0.0,0.0,3114.8,False
CUST00000368,Morgan Kim 368,customer368@example.com,Peoria,IL,Midwest,,Gold,4.0,True,19360531c25a976cc042,3.0,3114.6800000000003,10.0,0.0,0.0,0.0,3114.6800000000003,False
CUST00001134,Morgan Lee 1134,customer1134@example.com,Buffalo,NY,Northeast,2024-09-11,Basic,,True,66c598c67f9954eb300e,3.0,3111.59,21.0,0.0,0.0,0.0,3111.59,False
CUST00000002,Casey Brown 2,customer2@example.com,Savannah,GA,South,,Plus,5.0,False,c299954bd6d3e38b986d,2.0,3108.46,9.0,0.0,0.0,0.0,3108.46,False
CUST00000640,Riley Brown 640,customer640@example.com,Seattle,WA,West,,Gold,6.0,True,bb3cf7ad40e448afe7c7,1.0,237.07,1.0,2.0,2842.76,7.0,3079.8300000000004,True
CUST00000448,Casey Garcia 448,customer448@example.com,Denver,CO,West,,Silver,4.0,True,4a493bf99be32106a6ee,1.0,3078.86,6.0,0.0,0.0,0.0,3078.86,False
CUST00001635,Jordan Lee 1635,customer1635@example.com,Los Angeles,CA,West,,Unknown,6.0,True,74b84f1d371d1f5af911,3.0,3076.22,13.0,0.0,0.0,0.0,3076.22,False
CUST00001466,Casey Garcia 1466,customer1466@example.com,Aurora,CO,West,2025-06-21,Plus,2.0,True,6751ed42d76021695b01,2.0,3070.09,9.0,0.0,0.0,0.0,3070.09,False
CUST00000654,Jordan Lee 654,customer654@example.com,Savannah,GA,South,2021-06-22,Unknown,2.0,True,2326b6e956656cae2fb6,3.0,3069.81,16.0,0.0,0.0,0.0,3069.81,False
CUST00000683,Riley Smith 683,customer683@example.com,Dallas,TX,South,2022-09-28,Gold,4.0,True,b8c23d7c766b2b38281b,1.0,3056.8999999999996,5.0,0.0,0.0,0.0,3056.8999999999996,False
CUST00000392,Riley Kim 392,customer392@example.com,Savannah,GA,South,,Gold,4.0,True,2e517604132cd3f9e719,2.0,3056.37,11.0,0.0,0.0,0.0,3056.37,False
CUST00001030,Morgan Brown 1030,customer1030@example.com,Atlanta,GA,South,2020-05-31,Basic,6.0,False,d9abea18f518dfc27fab,1.0,1336.7400000000002,8.0,1.0,1719.28,4.0,3056.0200000000004,True
CUST00001690,Casey Patel 1690,customer1690@example.com,Chicago,IL,Midwest,,Plus,2.0,True,a320f6154d0d4eda50e8,1.0,3053.47,5.0,0.0,0.0,0.0,3053.47,False
CUST00000222,Taylor Brown 222,customer222@example.com,Aurora,CO,West,2025-06-29,Silver,4.0,True,2ed9bb428fa1125a43d1,1.0,3051.92,9.0,0.0,0.0,0.0,3051.92,False
CUST00000836,Riley Lee 836,customer836@example.com,Aurora,CO,West,,Silver,4.0,True,583a52947c1082b08856,1.0,1380.6100000000001,6.0,2.0,1662.76,7.0,3043.37,True
CUST00001762,Jordan Brown 1762,customer1762@example.com,Los Angeles,CA,West,2021-02-21,Gold,,False,8153b032930206ae9b6d,0.0,0.0,0.0,1.0,3031.94,6.0,3031.94,False
CUST00001255,Morgan Garcia 1255,customer1255@example.com,Chicago,IL,Midwest,,Gold,5.0,True,421dc12ee675ba9d2795,2.0,2837.92,10.0,1.0,190.05,3.0,3027.9700000000003,True
CUST00001687,Morgan Patel 1687,customer1687@example.com,Chicago,IL,Midwest,,Plus,5.0,False,dd3a56d401d91d8dbd2b,2.0,3014.32,8.0,0.0,0.0,0.0,3014.32,False
CUST00000262,Casey Patel 262,customer262@example.com,Savannah,GA,South,2023-08-16,Gold,6.0,True,1b55db5100d9b3c070d7,3.0,3014.3199999999997,13.0,0.0,0.0,0.0,3014.3199999999997,False
CUST00000494,Riley Kim 494,customer494@example.com,Atlanta,GA,South,2025-04-24,Basic,,True,347374ecd49d866dc2ce,1.0,2951.41,6.0,1.0,61.8,4.0,3013.21,True
CUST00001140,Jordan Kim 1140,customer1140@example.com,Seattle,WA,West,,Gold,4.0,False,81692a53434f8365279b,2.0,1509.62,4.0,1.0,1500.08,6.0,3009.7,True
CUST00000453,Morgan Garcia 453,customer453@example.com,Chicago,IL,Midwest,2026-01-11,Basic,5.0,True,20c5ecd2fa4d1d132c0d,0.0,0.0,0.0,1.0,3004.52,4.0,3004.52,False
CUST00001195,Jordan Smith 1195,customer1195@example.com,Seattle,WA,West,,Silver,2.0,False,a2b0ca8c60d29e4e3198,1.0,3001.27,4.0,0.0,0.0,0.0,3001.27,False
CUST00000403,Taylor Kim 403,customer403@example.com,Albany,NY,Northeast,2020-01-01,Gold,5.0,False,fd0389c1897dc43893b4,1.0,2997.2400000000002,6.0,0.0,0.0,0.0,2997.2400000000002,False
CUST00000890,Casey Kim 890,customer890@example.com,Houston,TX,South,2025-08-21,Silver,,False,77aab33787168db18c67,1.0,829.48,4.0,2.0,2166.49,10.0,2995.97,True
CUST00001561,Alex Lee 1561,customer1561@example.com,Denver,CO,West,,Unknown,,True,5c405fc30ede276ade4c,0.0,0.0,0.0,1.0,2991.23,6.0,2991.23,False
CUST00001475,Jordan Garcia 1475,customer1475@example.com,Houston,TX,South,2022-07-07,Basic,,True,7a9004d64e52aadd5fd7,2.0,2659.17,14.0,1.0,328.9,2.0,2988.07,True
CUST00001020,Casey Brown 1020,customer1020@example.com,Orlando,FL,South,,Silver,,True,1a45503293acc1984e0d,0.0,0.0,0.0,2.0,2987.88,8.0,2987.88,False
CUST00000840,Riley Brown 840,customer840@example.com,Los Angeles,CA,West,,Basic,5.0,True,bf0012e7dbf13564d8fe,0.0,0.0,0.0,2.0,2986.17,5.0,2986.17,False
CUST00000184,Morgan Garcia 184,customer184@example.com,Atlanta,GA,South,2021-04-30,Plus,2.0,True,74948738efd5f88d58da,0.0,0.0,0.0,1.0,2976.84,5.0,2976.84,False
CUST00001754,Riley Patel 1754,customer1754@example.com,Miami,FL,South,,Unknown,4.0,True,36a8d55db910e93ff690,1.0,2974.0699999999997,8.0,0.0,0.0,0.0,2974.0699999999997,False
CUST00000056,Casey Brown 56,customer56@example.com,Atlanta,GA,South,2021-05-22,Silver,2.0,True,2a4c32ccb5da3901b4b2,1.0,673.47,3.0,1.0,2299.1800000000003,9.0,2972.6500000000005,True
CUST00000022,Morgan Kim 22,customer22@example.com,Aurora,CO,West,,Silver,,True,67800402cfe09ea18679,1.0,2967.8500000000004,5.0,0.0,0.0,0.0,2967.8500000000004,False
CUST00000561,Alex Lee 561,customer561@example.com,Dallas,TX,South,,Gold,6.0,False,3548694b27e61f26db63,3.0,2133.76,8.0,1.0,821.88,4.0,2955.6400000000003,True
CUST00001219,Morgan Smith 1219,customer1219@example.com,Orlando,FL,South,,Gold,4.0,True,1ebbf55b1bdc618184d2,2.0,2954.42,6.0,0.0,0.0,0.0,2954.42,False
CUST00000855,Taylor Brown 855,customer855@example.com,Savannah,GA,South,,Plus,1.0,False,e8e0e1ee9d61d6e0db66,1.0,2271.2,2.0,1.0,682.92,1.0,2954.12,True
CUST00000248,Taylor Kim 248,customer248@example.com,Denver,CO,West,2025-10-10,Gold,1.0,True,bcf9832d19de25ed849d,1.0,778.44,1.0,1.0,2173.75,3.0,2952.19,True
CUST00001364,Casey Garcia 1364,customer1364@example.com,Los Angeles,CA,West,2023-12-10,Unknown,5.0,True,c7fefaaa1f73a0122507,0.0,0.0,0.0,2.0,2951.7200000000003,8.0,2951.7200000000003,False
CUST00000276,Casey Brown 276,customer276@example.com,Savannah,GA,South,,Plus,,True,9d26d8057de23ebc9876,1.0,2951.36,10.0,0.0,0.0,0.0,2951.36,False
CUST00000761,Casey Smith 761,customer761@example.com,Buffalo,NY,Northeast,2024-09-23,Silver,,True,a526fbcc3290d9cc8044,1.0,1329.38,3.0,1.0,1610.75,3.0,2940.13,True
CUST00000542,Morgan Brown 542,customer542@example.com,Houston,TX,South,,Basic,2.0,True,619fdbdbd7e2ab2810a1,1.0,246.37,3.0,2.0,2684.04,7.0,2930.41,True
CUST00000924,Jordan Kim 924,customer924@example.com,Seattle,WA,West,2022-03-30,Unknown,,False,36237b57d5c3b66bf1f2,2.0,2909.8900000000003,5.0,0.0,0.0,0.0,2909.8900000000003,False
CUST00000415,Alex Lee 415,customer415@example.com,Seattle,WA,West,2020-06-27,Silver,4.0,False,02855adc23096037fcd6,4.0,2903.65,11.0,0.0,0.0,0.0,2903.65,False
CUST00000136,Taylor Garcia 136,customer136@example.com,Albany,NY,Northeast,,Plus,1.0,False,9e6abd667bf5635282f2,3.0,2899.24,10.0,0.0,0.0,0.0,2899.24,False
CUST00000987,Jordan Patel 987,customer987@example.com,Miami,FL,South,,Gold,6.0,True,dc0dd6add49174195b74,1.0,2891.92,3.0,0.0,0.0,0.0,2891.92,False
CUST00001693,Morgan Kim 1693,customer1693@example.com,Denver,CO,West,2021-06-09,Basic,5.0,True,6383fe0ead08e921183a,1.0,508.6,1.0,1.0,2382.68,7.0,2891.2799999999997,True
CUST00000151,Alex Kim 151,customer151@example.com,Austin,TX,South,2024-05-14,Gold,,False,86b18cea37cc30af839e,3.0,2881.28,18.0,0.0,0.0,0.0,2881.28,False
CUST00000605,Riley Lee 605,customer605@example.com,Denver,CO,West,,Unknown,3.0,True,2a8f8f13c4ed1f282611,1.0,1697.6100000000001,3.0,2.0,1180.52,4.0,2878.13,True
CUST00000440,Morgan Kim 440,customer440@example.com,Chicago,IL,Midwest,2023-04-16,Silver,4.0,True,e2f5708cc2432044fe3e,1.0,658.28,5.0,1.0,2217.78,8.0,2876.0600000000004,True
CUST00001440,Casey Garcia 1440,customer1440@example.com,Seattle,WA,West,,Basic,3.0,True,04b6ba4df469729de09e,1.0,2456.67,5.0,1.0,418.37,1.0,2875.04,True
CUST00000815,Casey Garcia 815,customer815@example.com,Sacramento,CA,West,2022-10-08,Plus,6.0,True,c0e9d66458fc74c0103f,1.0,843.04,1.0,1.0,2031.51,5.0,2874.55,True
CUST00001601,Alex Kim 1601,customer1601@example.com,Peoria,IL,Midwest,2024-05-05,Plus,1.0,True,3653ee73c3df28377110,3.0,2870.15,15.0,0.0,0.0,0.0,2870.15,False
CUST00000405,Alex Smith 405,customer405@example.com,Houston,TX,South,,Silver,4.0,True,d0ecf4283c49a0b9803f,2.0,2866.7200000000003,4.0,0.0,0.0,0.0,2866.7200000000003,False
CUST00001600,Alex Smith 1600,customer1600@example.com,Atlanta,GA,South,2024-12-09,Gold,4.0,True,e2a86a515de0a3fe9ade,1.0,728.64,1.0,2.0,2129.31,6.0,2857.95,True
CUST00000358,Alex Kim 358,customer358@example.com,Los Angeles,CA,West,,Unknown,,True,f991543aa91fcabc67ee,1.0,2123.97,5.0,1.0,732.33,3.0,2856.2999999999997,True
CUST00000792,Morgan Garcia 792,customer792@example.com,Aurora,CO,West,,Plus,5.0,True,afc9c7b274f7c54510fa,0.0,0.0,0.0,1.0,2846.05,6.0,2846.05,False
CUST00001376,Casey Patel 1376,customer1376@example.com,Houston,TX,South,2022-03-05,Silver,6.0,False,e28c6c17e401f55a6d2e,2.0,2840.85,6.0,0.0,0.0,0.0,2840.85,False
CUST00001397,Alex Garcia 1397,customer1397@example.com,Chicago,IL,Midwest,2020-10-25,Gold,5.0,True,4b2bf98ae9679befb059,3.0,2838.26,12.0,0.0,0.0,0.0,2838.26,False
CUST00000095,Casey Smith 95,customer95@example.com,Albany,NY,Northeast,2022-05-09,Gold,6.0,True,ef96689ba59df821184d,1.0,892.35,1.0,1.0,1939.54,9.0,2831.89,True
CUST00001056,Riley Garcia 1056,customer1056@example.com,Savannah,GA,South,2021-06-26,Gold,,True,9246c29afe40689fe054,1.0,2825.76,11.0,0.0,0.0,0.0,2825.76,False
CUST00000187,Jordan Kim 187,customer187@example.com,Tacoma,WA,West,2024-04-15,Gold,,True,48ecc67cc5b2a9071226,0.0,0.0,0.0,1.0,2822.52,4.0,2822.52,False
CUST00001642,Alex Brown 1642,customer1642@example.com,Peoria,IL,Midwest,2023-05-14,Plus,,True,3bdacc030ae545856ae3,1.0,2818.75,9.0,0.0,0.0,0.0,2818.75,False
CUST00000170,Jordan Smith 170,customer170@example.com,Seattle,WA,West,,Gold,,True,2f94a3fb93a707094ccc,0.0,0.0,0.0,2.0,2812.18,14.0,2812.18,False
CUST00001335,Riley Garcia 1335,customer1335@example.com,Buffalo,NY,Northeast,,Gold,,True,71edfb28534fd71f7b64,0.0,0.0,0.0,2.0,2811.2400000000002,8.0,2811.2400000000002,False
CUST00000089,Morgan Brown 89,customer89@example.com,Miami,FL,South,2020-09-14,Silver,,True,f391df36ea1726e45c6e,1.0,1175.46,3.0,2.0,1635.1,3.0,2810.56,True
CUST00000647,Casey Brown 647,customer647@example.com,Seattle,WA,West,,Plus,6.0,True,03a157ec41dec70c1faa,2.0,2237.19,11.0,1.0,573.1,2.0,2810.29,True
CUST00001184,Casey Brown 1184,customer1184@example.com,Albany,NY,Northeast,,Plus,,True,516da304f7647ef72d01,3.0,2803.83,9.0,0.0,0.0,0.0,2803.83,False
CUST00000982,Alex Kim 982,customer982@example.com,Aurora,CO,West,2021-09-12,Gold,,True,cc853a71e8da0110ff90,1.0,2803.1,10.0,0.0,0.0,0.0,2803.1,False
CUST00001529,Alex Smith 1529,customer1529@example.com,Chicago,IL,Midwest,2022-12-31,Basic,2.0,True,284c722273df9266b2ba,1.0,2715.5499999999997,9.0,1.0,82.78,2.0,2798.33,True
CUST00001174,Riley Lee 1174,customer1174@example.com,Chicago,IL,Midwest,,Gold,6.0,True,d9b86b979417789143c1,1.0,1629.98,6.0,1.0,1143.24,4.0,2773.2200000000003,True
CUST00000489,Alex Patel 489,customer489@example.com,Denver,CO,West,2025-03-10,Plus,4.0,True,38400d95ac27257a6429,2.0,2768.93,5.0,0.0,0.0,0.0,2768.93,False
CUST00000247,Alex Brown 247,customer247@example.com,Chicago,IL,Midwest,,Gold,1.0,False,1651fefb615ad4f289b6,2.0,2764.78,9.0,0.0,0.0,0.0,2764.78,False
CUST00000308,Alex Patel 308,customer308@example.com,Aurora,CO,West,,Gold,,True,cfa29c0dd5bd096b6f0a,2.0,482.78,4.0,2.0,2281.62,13.0,2764.3999999999996,True
CUST00000597,Morgan Brown 597,customer597@example.com,Seattle,WA,West,,Gold,6.0,False,5df719d7857b77a56621,2.0,2756.6499999999996,8.0,0.0,0.0,0.0,2756.6499999999996,False
CUST00001258,Taylor Lee 1258,customer1258@example.com,Tacoma,WA,West,2020-09-24,Silver,4.0,False,cb8f4ce9ee62e743b11f,0.0,0.0,0.0,3.0,2746.35,6.0,2746.35,False
CUST00000823,Riley Garcia 823,customer823@example.com,Los Angeles,CA,West,2022-05-30,Unknown,6.0,True,5dc39b8758ebac583e04,2.0,2745.52,6.0,0.0,0.0,0.0,2745.52,False
CUST00000351,Morgan Garcia 351,customer351@example.com,Tacoma,WA,West,2023-08-27,Gold,4.0,True,df6a4eb8ccc23861a3d0,1.0,1206.9,3.0,1.0,1537.71,3.0,2744.61,True
CUST00001410,Casey Patel 1410,customer1410@example.com,Miami,FL,South,,Silver,1.0,True,b85ec9fbe023e069764d,1.0,2741.7,8.0,0.0,0.0,0.0,2741.7,False
CUST00000423,Jordan Smith 423,customer423@example.com,Albany,NY,Northeast,2021-09-23,Silver,2.0,True,d4e48fa23fc776eb5114,1.0,2736.85,5.0,0.0,0.0,0.0,2736.85,False
CUST00000107,Riley Smith 107,customer107@example.com,Denver,CO,West,2020-03-31,Plus,,True,951378d9b4c0269bb53a,1.0,988.2900000000001,4.0,1.0,1745.96,7.0,2734.25,True
CUST00000497,Taylor Garcia 497,customer497@example.com,Peoria,IL,Midwest,,Plus,1.0,True,5d8a697680b1a0aa32f9,0.0,0.0,0.0,1.0,2734.19,7.0,2734.19,False
CUST00001728,Morgan Brown 1728,customer1728@example.com,Buffalo,NY,Northeast,,Silver,4.0,True,122af08ec2678bddc5a7,2.0,2732.0699999999997,6.0,0.0,0.0,0.0,2732.0699999999997,False
CUST00001657,Casey Brown 1657,customer1657@example.com,Austin,TX,South,,Gold,,False,e84f43358c533de2c73b,2.0,2729.6,6.0,0.0,0.0,0.0,2729.6,False
CUST00001040,Taylor Patel 1040,customer1040@example.com,Peoria,IL,Midwest,,Silver,,False,799db353df9b8f713d4e,1.0,2509.99,8.0,1.0,218.9,2.0,2728.89,True
CUST00000413,Morgan Brown 413,customer413@example.com,Albany,NY,Northeast,2022-05-22,Unknown,,False,dbfcea2dcd9f3ca7944c,2.0,1752.38,7.0,1.0,972.84,2.0,2725.2200000000003,True
CUST00001178,Casey Lee 1178,customer1178@example.com,Seattle,WA,West,2022-05-06,Plus,4.0,True,a43b3635627a7cd85e26,2.0,1701.1,7.0,1.0,1023.22,2.0,2724.3199999999997,True
CUST00001189,Morgan Lee 1189,customer1189@example.com,Albany,NY,Northeast,,Unknown,5.0,True,d24c97356cb5c9d46cca,3.0,2723.69,8.0,0.0,0.0,0.0,2723.69,False
CUST00001465,Morgan Lee 1465,customer1465@example.com,Peoria,IL,Midwest,2025-09-26,Gold,2.0,True,1a14040970d12ab8b6f4,1.0,1143.57,7.0,1.0,1562.3200000000002,3.0,2705.8900000000003,True
CUST00001029,Taylor Lee 1029,customer1029@example.com,Denver,CO,West,,Gold,5.0,True,2782bda96677ea6df214,1.0,2699.2,4.0,0.0,0.0,0.0,2699.2,False
CUST00000697,Taylor Lee 697,customer697@example.com,Miami,FL,South,,Silver,1.0,True,c2f43b11c3753bd28556,2.0,2698.2,10.0,0.0,0.0,0.0,2698.2,False
CUST00000421,Casey Garcia 421,customer421@example.com,Seattle,WA,West,2020-11-13,Plus,4.0,True,4dec1b41959af988c488,1.0,1612.51,5.0,1.0,1079.35,8.0,2691.8599999999997,True
CUST00001362,Riley Patel 1362,customer1362@example.com,Dallas,TX,South,2024-02-03,Gold,,True,5352d3a837e63d61f64f,1.0,2690.85,5.0,0.0,0.0,0.0,2690.85,False
CUST00000243,Alex Lee 243,customer243@example.com,Atlanta,GA,South,2024-12-11,Silver,2.0,True,e83df69ab084dd3a19d0,1.0,1974.41,8.0,1.0,711.5799999999999,2.0,2685.99,True
CUST00000023,Alex Brown 23,customer23@example.com,Sacramento,CA,West,2022-06-02,Gold,,True,25579e3319425711ecf1,1.0,1967.1999999999998,5.0,2.0,718.3399999999999,3.0,2685.54,True
CUST00000521,Morgan Patel 521,customer521@example.com,Denver,CO,West,,Plus,3.0,True,693b7e51d17f8c27cb1a,2.0,931.7399999999999,4.0,2.0,1749.37,7.0,2681.1099999999997,True
CUST00000915,Jordan Smith 915,customer915@example.com,Albany,NY,Northeast,2023-03-13,Gold,1.0,True,b685aab639fc53c09597,1.0,1738.2600000000002,6.0,1.0,940.14,5.0,2678.4,True
CUST00001074,Riley Garcia 1074,customer1074@example.com,Dallas,TX,South,2020-01-16,Silver,4.0,True,0e814e0e3d69f01d27e4,2.0,2677.6099999999997,9.0,0.0,0.0,0.0,2677.6099999999997,False
CUST00000476,Jordan Garcia 476,customer476@example.com,Albany,NY,Northeast,,Gold,1.0,True,d81cffb43bb719988d23,0.0,0.0,0.0,1.0,2656.38,8.0,2656.38,False
CUST00000316,Alex Lee 316,customer316@example.com,Seattle,WA,West,,Gold,5.0,True,b7148fa2688ac1808aed,0.0,0.0,0.0,2.0,2653.86,7.0,2653.86,False
CUST00001095,Jordan Patel 1095,customer1095@example.com,Austin,TX,South,2020-11-13,Basic,6.0,True,3f298b22f820136fac17,1.0,2396.4,7.0,1.0,253.66,2.0,2650.06,True
CUST00000327,Taylor Kim 327,customer327@example.com,Albany,NY,Northeast,,Unknown,,True,b165b0f63da9cbc6e66c,0.0,0.0,0.0,2.0,2649.6600000000003,8.0,2649.6600000000003,False
CUST00000324,Taylor Garcia 324,customer324@example.com,Savannah,GA,South,,Basic,5.0,True,cba06445ea79701d707d,0.0,0.0,0.0,2.0,2641.01,12.0,2641.01,False
CUST00000599,Riley Patel 599,customer599@example.com,Dallas,TX,South,2022-05-12,Silver,2.0,False,0dbda851a57140e61469,1.0,1226.48,6.0,1.0,1406.08,4.0,2632.56,True
CUST00000585,Morgan Garcia 585,customer585@example.com,Sacramento,CA,West,2025-04-09,Gold,6.0,False,c3e4d49b07c669d6b0d9,0.0,0.0,0.0,1.0,2631.96,4.0,2631.96,False
CUST00000065,Riley Lee 65,customer65@example.com,Tacoma,WA,West,,Silver,1.0,True,9ab2afff588c4b641672,1.0,2630.01,6.0,0.0,0.0,0.0,2630.01,False
CUST00001271,Alex Lee 1271,customer1271@example.com,Los Angeles,CA,West,,Unknown,3.0,True,9de286011c6c47c0e0e6,1.0,2621.19,9.0,0.0,0.0,0.0,2621.19,False
CUST00001546,Jordan Kim 1546,customer1546@example.com,Aurora,CO,West,2022-06-16,Gold,3.0,False,663bf660b2320cb4dff9,3.0,1787.35,10.0,1.0,827.72,4.0,2615.0699999999997,True
CUST00000795,Riley Brown 795,customer795@example.com,Denver,CO,West,2024-10-27,Silver,,True,0c7ec81e15995620e5be,1.0,2607.6000000000004,3.0,0.0,0.0,0.0,2607.6000000000004,False
CUST00001792,Jordan Kim 1792,customer1792@example.com,Houston,TX,South,2020-09-11,Gold,1.0,True,acda68e4dc3c6517d186,1.0,2603.71,8.0,0.0,0.0,0.0,2603.71,False
CUST00000756,Taylor Garcia 756,customer756@example.com,Houston,TX,South,2026-01-24,Gold,,True,25f59acf340bbba3ed3a,1.0,2597.21,6.0,0.0,0.0,0.0,2597.21,False
CUST00000388,Jordan Smith 388,customer388@example.com,Orlando,FL,South,,Basic,6.0,True,0c2afa06ea7ead9f1316,3.0,2596.12,9.0,0.0,0.0,0.0,2596.12,False
CUST00001731,Casey Kim 1731,customer1731@example.com,Sacramento,CA,West,2024-10-22,Unknown,1.0,False,e9228cd8dfb2ff51dcef,4.0,2592.37,11.0,0.0,0.0,0.0,2592.37,False
CUST00001270,Alex Lee 1270,customer1270@example.com,Austin,TX,South,,Gold,6.0,False,12e1958485a4534adb5a,1.0,2584.86,3.0,0.0,0.0,0.0,2584.86,False
CUST00000275,Riley Smith 275,customer275@example.com,Seattle,WA,West,2026-04-20,Unknown,3.0,True,7468c541a2f2ad818ea0,1.0,2577.88,13.0,0.0,0.0,0.0,2577.88,False
CUST00000821,Casey Brown 821,customer821@example.com,Tacoma,WA,West,,Basic,5.0,True,9f6551d437d77bbbadc2,1.0,1445.65,5.0,1.0,1115.22,6.0,2560.87,True
CUST00001383,Taylor Garcia 1383,customer1383@example.com,Sacramento,CA,West,2021-02-16,Gold,3.0,True,560d2378f0fc25f7b938,1.0,1502.83,4.0,1.0,1056.68,4.0,2559.51,True
CUST00001505,Riley Garcia 1505,customer1505@example.com,Sacramento,CA,West,,Gold,4.0,True,c0b2de32243ba7d822d1,1.0,139.68,1.0,1.0,2414.76,6.0,2554.44,True
CUST00000837,Taylor Lee 837,customer837@example.com,Dallas,TX,South,2024-07-02,Gold,6.0,True,dee8396a22e12b454feb,1.0,2551.67,9.0,0.0,0.0,0.0,2551.67,False
CUST00001616,Taylor Garcia 1616,customer1616@example.com,Sacramento,CA,West,,Gold,6.0,True,5db7a94253ea7d1d78ff,1.0,2550.0299999999997,7.0,0.0,0.0,0.0,2550.0299999999997,False
CUST00000825,Casey Lee 825,customer825@example.com,Tacoma,WA,West,2024-06-29,Gold,1.0,True,0fe915f9000db3f752b9,1.0,791.52,2.0,2.0,1746.0,7.0,2537.52,True
CUST00000345,Riley Lee 345,customer345@example.com,Tacoma,WA,West,2022-02-25,Plus,4.0,True,b5bd8767be36574371e4,0.0,0.0,0.0,2.0,2537.24,9.0,2537.24,False
CUST00001358,Morgan Garcia 1358,customer1358@example.com,Savannah,GA,South,,Basic,2.0,True,cdf31cc30501af557e15,1.0,1787.22,5.0,1.0,744.4,2.0,2531.62,True
CUST00000302,Casey Garcia 302,customer302@example.com,Dallas,TX,South,,Gold,,True,5555ebc238d49017c786,1.0,705.16,2.0,1.0,1814.82,8.0,2519.98,True
CUST00000481,Alex Kim 481,customer481@example.com,Aurora,CO,West,,Unknown,6.0,True,0ead916b0aa2bb495b48,1.0,2518.2799999999997,7.0,0.0,0.0,0.0,2518.2799999999997,False
CUST00001711,Riley Smith 1711,customer1711@example.com,Albany,NY,Northeast,,Gold,4.0,True,8a2ca57e8d42ba20e015,1.0,868.94,5.0,2.0,1643.92,5.0,2512.86,True
CUST00000549,Taylor Lee 549,customer549@example.com,Albany,NY,Northeast,2020-02-18,Basic,1.0,False,06162916ec6234baa3f6,0.0,0.0,0.0,1.0,2506.27,8.0,2506.27,False
CUST00000146,Riley Lee 146,customer146@example.com,Sacramento,CA,West,,Basic,,True,ad91b82bff23a343db69,3.0,2043.8999999999999,6.0,1.0,453.03,3.0,2496.93,True
CUST00000660,Taylor Lee 660,customer660@example.com,Sacramento,CA,West,2021-01-25,Gold,2.0,True,f1d03da12e6b93f38fb2,0.0,0.0,0.0,1.0,2489.8399999999997,8.0,2489.8399999999997,False
CUST00000426,Casey Garcia 426,customer426@example.com,Peoria,IL,Midwest,,Unknown,,True,51cc62d2e4e9d94a11fa,1.0,2461.54,8.0,0.0,0.0,0.0,2461.54,False
CUST00000138,Taylor Patel 138,customer138@example.com,Austin,TX,South,2021-07-05,Gold,,True,7e837a3ef3836d7aa753,1.0,186.5,2.0,1.0,2271.2,2.0,2457.7,True
CUST00000834,Riley Patel 834,customer834@example.com,Aurora,CO,West,,Unknown,,True,1e4473ae6bdb8854834b,2.0,2456.55,10.0,0.0,0.0,0.0,2456.55,False
CUST00000429,Jordan Garcia 429,customer429@example.com,Los Angeles,CA,West,2020-11-17,Gold,4.0,False,e3d9e8a79ec91bc5449c,0.0,0.0,0.0,1.0,2453.75,8.0,2453.75,False
CUST00000776,Alex Lee 776,customer776@example.com,Sacramento,CA,West,,Basic,,False,ef6f55cb82752b398acf,2.0,2448.0,6.0,0.0,0.0,0.0,2448.0,False
CUST00000373,Taylor Smith 373,customer373@example.com,Denver,CO,West,,Gold,5.0,True,ebc07eea4e488799f993,1.0,2447.1,5.0,0.0,0.0,0.0,2447.1,False
CUST00000709,Jordan Brown 709,customer709@example.com,Buffalo,NY,Northeast,,Plus,3.0,True,280aad37bdb189e5c99d,0.0,0.0,0.0,1.0,2441.6800000000003,3.0,2441.6800000000003,False
CUST00001013,Alex Kim 1013,customer1013@example.com,Miami,FL,South,,Plus,6.0,True,8d1b3a8deddf35522fd4,0.0,0.0,0.0,1.0,2440.5800000000004,5.0,2440.5800000000004,False
CUST00000569,Jordan Kim 569,customer569@example.com,Seattle,WA,West,2020-10-27,Unknown,1.0,True,b9db96eb64e07de759dc,0.0,0.0,0.0,1.0,2439.95,10.0,2439.95,False
CUST00001251,Jordan Kim 1251,customer1251@example.com,Tacoma,WA,West,2024-07-06,Basic,1.0,True,54b1022ef7fa5be81001,1.0,2433.29,12.0,0.0,0.0,0.0,2433.29,False
CUST00000264,Riley Garcia 264,customer264@example.com,Orlando,FL,South,2021-05-20,Gold,1.0,False,effeb97b56d00aa07b6b,1.0,1345.9099999999999,3.0,2.0,1075.09,9.0,2421.0,True
CUST00000992,Casey Brown 992,customer992@example.com,Tacoma,WA,West,,Plus,,True,575908567a342133c2dd,1.0,459.17,1.0,1.0,1945.95,8.0,2405.12,True
CUST00000892,Taylor Garcia 892,customer892@example.com,Los Angeles,CA,West,2022-05-23,Basic,1.0,True,fe3fa61733576a3e0268,2.0,2399.7999999999997,7.0,0.0,0.0,0.0,2399.7999999999997,False
CUST00001202,Morgan Brown 1202,customer1202@example.com,Albany,NY,Northeast,2025-08-19,Plus,1.0,True,df428c07cad1b69daf33,2.0,2395.73,8.0,0.0,0.0,0.0,2395.73,False
CUST00000325,Taylor Garcia 325,customer325@example.com,Seattle,WA,West,,Gold,1.0,True,7995aefdc1c37a01069c,0.0,0.0,0.0,1.0,2391.19,3.0,2391.19,False
CUST00001729,Casey Patel 1729,customer1729@example.com,Aurora,CO,West,2022-04-26,Plus,1.0,True,314a47cf4eb884ebdcf9,1.0,2390.91,7.0,0.0,0.0,0.0,2390.91,False
CUST00001589,Morgan Lee 1589,customer1589@example.com,Chicago,IL,Midwest,2021-04-29,Basic,4.0,True,94d8ec194dcfa8713f07,1.0,2385.51,9.0,0.0,0.0,0.0,2385.51,False
CUST00000753,Jordan Kim 753,customer753@example.com,Houston,TX,South,2025-09-12,Basic,6.0,True,2b017fbe231f3c9eb4eb,0.0,0.0,0.0,1.0,2382.92,8.0,2382.92,False
CUST00001008,Alex Smith 1008,customer1008@example.com,Los Angeles,CA,West,2022-05-04,Silver,5.0,True,8cdf9ef12f4889c61721,1.0,805.43,5.0,1.0,1575.13,7.0,2380.56,True
CUST00001580,Jordan Kim 1580,customer1580@example.com,Aurora,CO,West,2025-06-13,Unknown,5.0,True,8c6ecd9755a9a749a792,0.0,0.0,0.0,2.0,2377.14,9.0,2377.14,False
CUST00001680,Jordan Lee 1680,customer1680@example.com,Savannah,GA,South,,Gold,3.0,True,59aa04339bd308533f43,2.0,2331.83,8.0,1.0,43.0,1.0,2374.83,True
CUST00000754,Jordan Smith 754,customer754@example.com,Aurora,CO,West,2021-12-17,Silver,1.0,True,8d89743ddd317fd10ae7,1.0,2374.39,4.0,0.0,0.0,0.0,2374.39,False
CUST00000645,Morgan Kim 645,customer645@example.com,Seattle,WA,West,2023-10-10,Unknown,1.0,True,36cdecbf2b534865d4bf,1.0,202.36,1.0,1.0,2171.77,7.0,2374.13,True
CUST00000178,Morgan Garcia 178,customer178@example.com,Orlando,FL,South,,Gold,1.0,False,2648b35345616261a89d,2.0,1226.26,5.0,1.0,1141.18,8.0,2367.44,True
CUST00000579,Riley Smith 579,customer579@example.com,Houston,TX,South,,Silver,5.0,False,c187defe3a8a9f4fa8bd,3.0,2365.64,6.0,0.0,0.0,0.0,2365.64,False
CUST00001345,Riley Garcia 1345,customer1345@example.com,Los Angeles,CA,West,2023-09-23,Basic,,True,e3dff60c876b0dc29059,1.0,2360.2400000000002,7.0,0.0,0.0,0.0,2360.2400000000002,False
CUST00000251,Taylor Patel 251,customer251@example.com,Seattle,WA,West,2022-09-29,Gold,,True,a2578617e762564e6288,2.0,1378.18,11.0,1.0,980.81,3.0,2358.99,True
CUST00000752,Morgan Kim 752,customer752@example.com,Aurora,CO,West,2024-01-04,Unknown,,True,b5b0a7499e0d0996c74e,1.0,2328.51,10.0,1.0,26.25,2.0,2354.76,True
CUST00000784,Taylor Brown 784,unknown@example.com,Seattle,WA,West,2021-05-02,Basic,6.0,True,c0cec167437dd8c7ff9a,1.0,2353.84,5.0,0.0,0.0,0.0,2353.84,False
CUST00001365,Alex Brown 1365,customer1365@example.com,Peoria,IL,Midwest,,Unknown,1.0,True,a0d71359cadf1036c8c2,2.0,1379.2,8.0,2.0,967.96,7.0,2347.16,True
CUST00000775,Alex Garcia 775,customer775@example.com,Savannah,GA,South,2020-11-29,Unknown,1.0,True,30b51fbf8f76fe3627bc,2.0,2335.95,8.0,0.0,0.0,0.0,2335.95,False
CUST00000570,Taylor Brown 570,customer570@example.com,Aurora,CO,West,2021-10-26,Basic,,True,ee0d7ba807f935941460,1.0,586.63,3.0,3.0,1743.49,8.0,2330.12,True
CUST00001671,Jordan Kim 1671,customer1671@example.com,Atlanta,GA,South,,Plus,6.0,False,8d2638f9794dbea73bf9,1.0,1233.94,7.0,1.0,1080.53,3.0,2314.4700000000003,True
CUST00001201,Riley Kim 1201,customer1201@example.com,Chicago,IL,Midwest,2021-08-30,Gold,6.0,True,f739fbdfdc852f8609ac,1.0,1043.41,9.0,2.0,1266.44,3.0,2309.8500000000004,True
CUST00000341,Riley Kim 341,customer341@example.com,Miami,FL,South,2023-03-23,Silver,,True,541baac4e1ec342bd71a,1.0,2300.57,6.0,0.0,0.0,0.0,2300.57,False
CUST00000307,Taylor Smith 307,customer307@example.com,Miami,FL,South,2020-04-27,Plus,3.0,False,04c05a87182d69aa38e3,0.0,0.0,0.0,2.0,2290.68,4.0,2290.68,False
CUST00000040,Morgan Brown 40,customer40@example.com,Buffalo,NY,Northeast,2023-07-15,Gold,,True,0c1dffaf15245f695cf6,1.0,1205.36,6.0,1.0,1078.8899999999999,3.0,2284.25,True
CUST00001575,Morgan Lee 1575,customer1575@example.com,Miami,FL,South,,Gold,2.0,True,d44f669178d077714f20,0.0,0.0,0.0,1.0,2277.97,5.0,2277.97,False
CUST00000145,Taylor Brown 145,customer145@example.com,Tacoma,WA,West,2024-05-16,Silver,1.0,True,d0d89258bdff64d8b791,1.0,2267.6800000000003,6.0,0.0,0.0,0.0,2267.6800000000003,False
CUST00001650,Riley Lee 1650,customer1650@example.com,Buffalo,NY,Northeast,2020-06-19,Unknown,2.0,True,b5b41ea00ea6022ad187,1.0,218.56,6.0,1.0,2045.54,6.0,2264.1,True
CUST00001003,Taylor Brown 1003,customer1003@example.com,Albany,NY,Northeast,,Gold,,True,06d67c356710241812bd,1.0,2258.8199999999997,8.0,0.0,0.0,0.0,2258.8199999999997,False
CUST00000623,Riley Garcia 623,customer623@example.com,Los Angeles,CA,West,2021-02-11,Plus,1.0,False,ea07b520174c41a087a7,1.0,1886.55,5.0,1.0,365.63,1.0,2252.18,True
CUST00001131,Alex Kim 1131,customer1131@example.com,Sacramento,CA,West,,Plus,2.0,True,c284312bc59bb382aabc,3.0,2246.73,18.0,0.0,0.0,0.0,2246.73,False
CUST00001067,Taylor Kim 1067,customer1067@example.com,Los Angeles,CA,West,,Basic,,True,13368bfb3d0d452909a8,1.0,268.84,1.0,2.0,1976.3500000000001,10.0,2245.19,True
CUST00000197,Jordan Patel 197,customer197@example.com,Albany,NY,Northeast,,Gold,5.0,True,61fc48305c0e07a9f86b,1.0,2244.98,7.0,0.0,0.0,0.0,2244.98,False
CUST00000165,Alex Smith 165,customer165@example.com,Sacramento,CA,West,2020-07-30,Gold,,True,adc81f585bd4dc8e23b9,1.0,327.82,4.0,1.0,1915.06,8.0,2242.88,True
CUST00001193,Taylor Lee 1193,customer1193@example.com,Albany,NY,Northeast,2022-03-23,Gold,6.0,False,babff36a0ba1d585acba,0.0,0.0,0.0,1.0,2240.98,3.0,2240.98,False
CUST00001427,Casey Brown 1427,customer1427@example.com,Albany,NY,Northeast,2024-06-04,Unknown,6.0,False,33873056e048becb257a,2.0,2238.92,5.0,0.0,0.0,0.0,2238.92,False
CUST00000699,Jordan Garcia 699,customer699@example.com,Sacramento,CA,West,,Gold,,True,ecd8b9c9fbac1d4b3b58,1.0,1063.76,3.0,1.0,1172.23,2.0,2235.99,True
CUST00001065,Taylor Kim 1065,customer1065@example.com,Chicago,IL,Midwest,,Gold,4.0,True,4c121356b6345f654876,0.0,0.0,0.0,1.0,2234.7400000000002,4.0,2234.7400000000002,False
CUST00001621,Casey Brown 1621,customer1621@example.com,Dallas,TX,South,,Gold,5.0,True,d7aea8ce83e68ab41bb5,2.0,2232.92,9.0,0.0,0.0,0.0,2232.92,False
CUST00001488,Casey Smith 1488,customer1488@example.com,Austin,TX,South,2025-10-10,Gold,6.0,True,6632e6b1c010d997a326,3.0,2231.41,6.0,0.0,0.0,0.0,2231.41,False
CUST00001496,Casey Smith 1496,customer1496@example.com,Miami,FL,South,2020-07-19,Gold,,True,0d2ace08a570ff89491e,2.0,2226.64,7.0,0.0,0.0,0.0,2226.64,False
CUST00000234,Jordan Brown 234,customer234@example.com,Chicago,IL,Midwest,2025-11-10,Gold,3.0,True,82ff2209b9a89f1e863c,1.0,2225.64,3.0,0.0,0.0,0.0,2225.64,False
CUST00001135,Alex Smith 1135,customer1135@example.com,Austin,TX,South,,Basic,4.0,True,7b52ea6ecb7285c0c439,0.0,0.0,0.0,3.0,2224.75,13.0,2224.75,False
CUST00000602,Morgan Kim 602,customer602@example.com,Tacoma,WA,West,,Basic,5.0,False,8634b0b3636be2733155,1.0,2211.0200000000004,9.0,0.0,0.0,0.0,2211.0200000000004,False
CUST00001714,Casey Smith 1714,customer1714@example.com,Miami,FL,South,2025-11-05,Unknown,5.0,False,9fad91653e16d33e156e,1.0,741.37,1.0,1.0,1461.76,3.0,2203.13,True
CUST00001785,Alex Patel 1785,customer1785@example.com,Austin,TX,South,,Basic,3.0,True,c83a0cfe28dfd8a7b22f,1.0,2202.29,12.0,0.0,0.0,0.0,2202.29,False
CUST00000630,Casey Garcia 630,customer630@example.com,Aurora,CO,West,2021-05-22,Plus,5.0,False,bbd1efcd8e0f4fc4ba5c,1.0,2186.54,6.0,0.0,0.0,0.0,2186.54,False
CUST00000233,Morgan Brown 233,customer233@example.com,Chicago,IL,Midwest,2020-04-18,Basic,2.0,True,84e22608cc511aba9da0,2.0,2073.18,7.0,1.0,110.17,1.0,2183.35,True
CUST00000773,Taylor Kim 773,customer773@example.com,Miami,FL,South,,Basic,1.0,True,558911b363c0d1285ebb,1.0,408.4,1.0,1.0,1762.7,7.0,2171.1,True
CUST00001447,Taylor Brown 1447,customer1447@example.com,Peoria,IL,Midwest,2020-05-26,Plus,2.0,True,d1033b4241d85b3ed1a7,1.0,2169.8,7.0,0.0,0.0,0.0,2169.8,False
CUST00001177,Taylor Patel 1177,customer1177@example.com,Denver,CO,West,2024-02-29,Plus,,True,3178062345e06bf5053a,1.0,802.68,1.0,1.0,1360.23,3.0,2162.91,True
CUST00000319,Casey Kim 319,customer319@example.com,Atlanta,GA,South,2024-07-01,Unknown,3.0,False,079ae82cd1f404f88d9b,0.0,0.0,0.0,1.0,2155.09,4.0,2155.09,False
CUST00001797,Taylor Kim 1797,customer1797@example.com,Orlando,FL,South,,Gold,1.0,True,085f3d1ad9e98eddbdf9,2.0,1594.93,6.0,1.0,552.25,2.0,2147.1800000000003,True
CUST00001498,Jordan Kim 1498,customer1498@example.com,Aurora,CO,West,2023-04-16,Unknown,5.0,True,1f9c498112939f6d9c2d,0.0,0.0,0.0,2.0,2138.64,5.0,2138.64,False
CUST00000237,Riley Garcia 237,customer237@example.com,Tacoma,WA,West,2026-01-17,Gold,,False,6b8f4094b28a75b81e7d,1.0,2133.4,4.0,0.0,0.0,0.0,2133.4,False
CUST00000281,Alex Brown 281,customer281@example.com,Albany,NY,Northeast,,Basic,1.0,True,bed6c7f24ecc0b9364e7,2.0,2133.09,12.0,0.0,0.0,0.0,2133.09,False
CUST00000260,Alex Kim 260,customer260@example.com,Miami,FL,South,,Gold,,True,4639c52f38db49f1e4f0,0.0,0.0,0.0,1.0,2131.93,3.0,2131.93,False
CUST00001470,Alex Smith 1470,customer1470@example.com,Los Angeles,CA,West,,Gold,1.0,True,f4ff25f42b2741fa99af,0.0,0.0,0.0,2.0,2127.86,10.0,2127.86,False
CUST00001198,Casey Smith 1198,customer1198@example.com,Savannah,GA,South,,Unknown,,True,b1d4a6b42ea8ca43249b,1.0,135.1,1.0,2.0,1992.0400000000002,8.0,2127.1400000000003,True
CUST00000786,Morgan Brown 786,customer786@example.com,Atlanta,GA,South,2022-11-20,Gold,,True,0f71c8427db82707249e,0.0,0.0,0.0,1.0,2125.88,10.0,2125.88,False
CUST00000420,Riley Patel 420,customer420@example.com,Chicago,IL,Midwest,,Plus,4.0,True,cdb55091e70cd977f475,3.0,2118.48,9.0,0.0,0.0,0.0,2118.48,False
CUST00000638,Taylor Brown 638,customer638@example.com,Sacramento,CA,West,,Gold,,True,9b569e2be7696a56dc58,2.0,2113.2999999999997,7.0,0.0,0.0,0.0,2113.2999999999997,False
CUST00000499,Taylor Brown 499,customer499@example.com,Austin,TX,South,,Unknown,5.0,True,3efbd95592421d1e2877,1.0,2113.1,2.0,0.0,0.0,0.0,2113.1,False
CUST00001136,Casey Brown 1136,customer1136@example.com,Savannah,GA,South,,Plus,,True,ef364f4671e3ce4527ce,0.0,0.0,0.0,1.0,2107.88,4.0,2107.88,False
CUST00000871,Taylor Brown 871,customer871@example.com,Buffalo,NY,Northeast,2024-04-22,Gold,5.0,True,dee026036cc39ddbe35c,1.0,2091.6,4.0,0.0,0.0,0.0,2091.6,False
CUST00001071,Alex Smith 1071,customer1071@example.com,Sacramento,CA,West,2021-03-28,Gold,,True,313237958f77a7afc76d,1.0,1706.92,8.0,1.0,383.68,3.0,2090.6,True
CUST00000867,Taylor Patel 867,customer867@example.com,Chicago,IL,Midwest,2021-08-09,Gold,1.0,True,e97d7d4fff2f7b30a3ed,2.0,2081.53,9.0,0.0,0.0,0.0,2081.53,False
CUST00000199,Casey Garcia 199,customer199@example.com,Chicago,IL,Midwest,,Gold,5.0,True,4fef1b55a4133f8cf2db,2.0,2079.79,5.0,0.0,0.0,0.0,2079.79,False
CUST00001707,Morgan Patel 1707,customer1707@example.com,Sacramento,CA,West,,Gold,5.0,True,47348437166f3739bc9b,1.0,459.89,1.0,1.0,1619.27,4.0,2079.16,True
CUST00000838,Jordan Brown 838,customer838@example.com,Denver,CO,West,,Unknown,3.0,True,8aa72d106cad09517893,0.0,0.0,0.0,1.0,2056.12,5.0,2056.12,False
CUST00000606,Riley Smith 606,customer606@example.com,Miami,FL,South,,Gold,5.0,True,03ed9e0a698f92a3c03f,3.0,2051.6,7.0,0.0,0.0,0.0,2051.6,False
CUST00000802,Alex Smith 802,customer802@example.com,Los Angeles,CA,West,,Gold,1.0,True,375e5ed857cb42bd322d,1.0,446.65,5.0,1.0,1602.64,4.0,2049.29,True
CUST00001369,Casey Patel 1369,customer1369@example.com,Miami,FL,South,,Plus,3.0,True,7179eb2deaff8f1b2c35,2.0,2047.04,8.0,0.0,0.0,0.0,2047.04,False
CUST00001161,Jordan Brown 1161,customer1161@example.com,Seattle,WA,West,2020-08-06,Plus,6.0,True,0e6e52909f5afef2d92a,1.0,1774.27,3.0,1.0,265.11,3.0,2039.38,True
CUST00000113,Alex Garcia 113,customer113@example.com,Seattle,WA,West,2020-02-08,Gold,6.0,True,969ad165b70088a4e154,1.0,680.88,1.0,1.0,1357.1899999999998,3.0,2038.0699999999997,True
CUST00001378,Casey Patel 1378,customer1378@example.com,Albany,NY,Northeast,,Silver,,True,bf2e630848ca0e302c42,1.0,790.8499999999999,5.0,1.0,1246.47,7.0,2037.32,True
CUST00000283,Alex Brown 283,customer283@example.com,Houston,TX,South,,Unknown,,False,ddd78ebcb2e3bcd68e72,2.0,2035.04,8.0,0.0,0.0,0.0,2035.04,False
CUST00000250,Casey Patel 250,customer250@example.com,Tacoma,WA,West,2026-01-05,Unknown,1.0,True,4b3e58ecb58106715d34,1.0,25.35,1.0,1.0,2008.82,6.0,2034.1699999999998,True
CUST00000803,Riley Kim 803,customer803@example.com,Dallas,TX,South,,Basic,1.0,True,b8929b8da773e4892b4b,1.0,1782.0699999999997,4.0,1.0,250.72,4.0,2032.7899999999997,True
CUST00001760,Riley Smith 1760,customer1760@example.com,Savannah,GA,South,,Plus,4.0,True,b7c8703b3e382a848eb0,0.0,0.0,0.0,1.0,2029.6200000000001,4.0,2029.6200000000001,False
CUST00000730,Morgan Kim 730,customer730@example.com,Los Angeles,CA,West,2020-05-24,Plus,1.0,True,308696ff2ee286a43f3c,1.0,404.88,2.0,1.0,1613.69,3.0,2018.5700000000002,True
CUST00001122,Jordan Garcia 1122,customer1122@example.com,Houston,TX,South,,Plus,,True,1c7061824154c8e75e27,0.0,0.0,0.0,2.0,2015.54,7.0,2015.54,False
CUST00000452,Taylor Kim 452,customer452@example.com,Los Angeles,CA,West,,Basic,6.0,True,e6ce03a5ea99fd5b7e84,5.0,2011.76,11.0,0.0,0.0,0.0,2011.76,False
CUST00001182,Casey Kim 1182,customer1182@example.com,Austin,TX,South,2024-10-24,Basic,5.0,True,1cd459c88dc73b899225,1.0,2008.5,7.0,0.0,0.0,0.0,2008.5,False
CUST00001401,Riley Brown 1401,customer1401@example.com,Sacramento,CA,West,2024-11-22,Plus,3.0,True,e203050dd5e78fe173e6,0.0,0.0,0.0,1.0,2003.6899999999998,6.0,2003.6899999999998,False
CUST00000445,Morgan Patel 445,customer445@example.com,Savannah,GA,South,2023-05-26,Gold,6.0,True,59f02c1719edbd277701,0.0,0.0,0.0,2.0,2000.27,6.0,2000.27,False
CUST00000132,Morgan Smith 132,customer132@example.com,Buffalo,NY,Northeast,,Unknown,6.0,False,c9873722779d9b3d6ce0,0.0,0.0,0.0,1.0,1995.35,8.0,1995.35,False
CUST00000150,Taylor Patel 150,customer150@example.com,Seattle,WA,West,,Gold,5.0,True,b83d16722426ab18aeda,0.0,0.0,0.0,1.0,1991.98,4.0,1991.98,False
CUST00001510,Jordan Brown 1510,customer1510@example.com,Orlando,FL,South,2023-06-27,Basic,5.0,True,c44841f3aa6448f02895,2.0,1977.21,5.0,0.0,0.0,0.0,1977.21,False
CUST00000551,Riley Brown 551,customer551@example.com,Atlanta,GA,South,2022-07-22,Plus,,True,0d2eb4e8abf1b85855ce,1.0,1975.9299999999998,6.0,0.0,0.0,0.0,1975.9299999999998,False
CUST00001124,Taylor Kim 1124,customer1124@example.com,Sacramento,CA,West,,Gold,,True,aa1aff7452a6ddd1dd43,1.0,1967.28,8.0,0.0,0.0,0.0,1967.28,False
CUST00000919,Taylor Brown 919,customer919@example.com,Albany,NY,Northeast,2021-03-30,Gold,3.0,True,dce621664ac6245c914a,1.0,1953.15,11.0,0.0,0.0,0.0,1953.15,False
CUST00000525,Taylor Lee 525,customer525@example.com,Buffalo,NY,Northeast,,Basic,5.0,True,d61f14bd03d9e2db3c64,1.0,1501.96,3.0,1.0,449.64,2.0,1951.6,True
CUST00001564,Riley Patel 1564,customer1564@example.com,Dallas,TX,South,2026-02-23,Gold,6.0,False,6d4f1961c55173054a8c,1.0,1091.5,2.0,1.0,859.94,7.0,1951.44,True
CUST00001685,Riley Garcia 1685,customer1685@example.com,Houston,TX,South,2023-05-15,Unknown,1.0,True,4273bf6b5360c66e284a,0.0,0.0,0.0,2.0,1945.08,4.0,1945.08,False
CUST00000479,Jordan Lee 479,customer479@example.com,Albany,NY,Northeast,,Gold,,False,e20dd77d4aa99d55a01c,1.0,1936.75,3.0,0.0,0.0,0.0,1936.75,False
CUST00001532,Taylor Lee 1532,customer1532@example.com,Miami,FL,South,,Gold,3.0,True,548c58a4132dec657f7a,2.0,1931.0299999999997,4.0,0.0,0.0,0.0,1931.0299999999997,False
CUST00000877,Alex Patel 877,customer877@example.com,Buffalo,NY,Northeast,2026-01-14,Plus,6.0,True,0ef4f938f4640d6e2aa9,2.0,1929.72,6.0,0.0,0.0,0.0,1929.72,False
CUST00001127,Casey Brown 1127,customer1127@example.com,Peoria,IL,Midwest,2021-03-17,Silver,2.0,True,0b8fe2ac4195844b2f7d,2.0,1094.1,4.0,1.0,830.0999999999999,2.0,1924.1999999999998,True
CUST00000692,Riley Garcia 692,customer692@example.com,Buffalo,NY,Northeast,,Gold,2.0,True,d7722b8b939809dfece1,1.0,1922.07,8.0,0.0,0.0,0.0,1922.07,False
CUST00000408,Alex Smith 408,customer408@example.com,Dallas,TX,South,2022-07-05,Gold,3.0,True,74915936a7a1c85057fe,1.0,1921.19,12.0,0.0,0.0,0.0,1921.19,False
CUST00001472,Jordan Patel 1472,customer1472@example.com,Aurora,CO,West,,Gold,1.0,True,22cbc46fe85a087e0308,2.0,1912.3400000000001,7.0,0.0,0.0,0.0,1912.3400000000001,False
CUST00000978,Alex Lee 978,customer978@example.com,Peoria,IL,Midwest,,Silver,2.0,False,8a26c95e62b3a3fea64b,1.0,501.75,1.0,1.0,1408.92,8.0,1910.67,True
CUST00000628,Taylor Smith 628,customer628@example.com,Atlanta,GA,South,,Unknown,4.0,True,2fce0ac66aeccde7903a,2.0,1904.8500000000001,4.0,0.0,0.0,0.0,1904.8500000000001,False
CUST00001265,Riley Brown 1265,customer1265@example.com,Los Angeles,CA,West,,Silver,2.0,True,551977f535b83d8dfcfe,1.0,1900.75,4.0,0.0,0.0,0.0,1900.75,False
CUST00000856,Alex Smith 856,customer856@example.com,Albany,NY,Northeast,2023-05-09,Gold,5.0,True,15f24945475dc995e8d3,2.0,1900.1599999999999,4.0,0.0,0.0,0.0,1900.1599999999999,False
CUST00001350,Casey Smith 1350,customer1350@example.com,Houston,TX,South,,Gold,5.0,True,a9e5c953403f196a6f91,1.0,1870.02,4.0,0.0,0.0,0.0,1870.02,False
CUST00000217,Riley Patel 217,customer217@example.com,Aurora,CO,West,2025-02-07,Unknown,6.0,True,5ed2d1750cb11612c2e5,1.0,789.7,2.0,1.0,1059.2,5.0,1848.9,True
CUST00001010,Casey Brown 1010,customer1010@example.com,Buffalo,NY,Northeast,2025-02-21,Unknown,3.0,True,121dbada1d37859e2864,0.0,0.0,0.0,1.0,1848.67,4.0,1848.67,False
CUST00001638,Casey Lee 1638,customer1638@example.com,Tacoma,WA,West,2021-04-04,Plus,2.0,True,f994786ab18cc499d819,1.0,1844.56,3.0,0.0,0.0,0.0,1844.56,False
CUST00000285,Morgan Brown 285,customer285@example.com,Orlando,FL,South,,Silver,6.0,True,2d6a20d8fdda5181f50d,0.0,0.0,0.0,1.0,1843.03,5.0,1843.03,False
CUST00000268,Jordan Patel 268,customer268@example.com,Aurora,CO,West,2026-05-23,Plus,6.0,True,0d22874d9f4adf9e889a,1.0,1830.3900000000003,9.0,0.0,0.0,0.0,1830.3900000000003,False
CUST00001775,Riley Garcia 1775,customer1775@example.com,Tacoma,WA,West,,Silver,6.0,True,cb7ba07ebe21a71a175f,3.0,1822.75,12.0,0.0,0.0,0.0,1822.75,False
CUST00001684,Casey Smith 1684,customer1684@example.com,Tacoma,WA,West,2026-01-26,Unknown,6.0,False,87248bb1baaf90554fec,1.0,1821.34,10.0,0.0,0.0,0.0,1821.34,False
CUST00000407,Alex Brown 407,customer407@example.com,Houston,TX,South,,Gold,3.0,True,c8916ef26b15faabdfb7,1.0,1820.31,9.0,0.0,0.0,0.0,1820.31,False
CUST00000439,Alex Smith 439,customer439@example.com,Dallas,TX,South,2022-05-29,Basic,1.0,False,1ffa6efd2d0a4abdc769,1.0,1549.0800000000002,4.0,1.0,268.66,1.0,1817.7400000000002,True
CUST00000895,Morgan Lee 895,customer895@example.com,Savannah,GA,South,,Gold,3.0,True,b3d4761d48abcc811a70,1.0,1814.8500000000001,11.0,0.0,0.0,0.0,1814.8500000000001,False
CUST00000842,Taylor Garcia 842,customer842@example.com,Savannah,GA,South,2023-02-21,Gold,2.0,True,26ae2d18f5def983bfd6,1.0,360.93,2.0,1.0,1434.83,3.0,1795.76,True
CUST00001377,Alex Smith 1377,customer1377@example.com,Tacoma,WA,West,2026-03-20,Plus,5.0,True,db999f583ebf6b859dff,2.0,1789.7,6.0,0.0,0.0,0.0,1789.7,False
CUST00001574,Alex Smith 1574,customer1574@example.com,Miami,FL,South,2024-08-04,Gold,2.0,True,8a0d3906bfb2f2ba89fa,1.0,1786.58,9.0,0.0,0.0,0.0,1786.58,False
CUST00000806,Morgan Lee 806,customer806@example.com,Atlanta,GA,South,,Unknown,6.0,True,727581aa0f83bdf84884,1.0,105.29,1.0,1.0,1679.28,5.0,1784.57,True
CUST00000338,Jordan Brown 338,customer338@example.com,Buffalo,NY,Northeast,,Plus,6.0,True,fff9b2f89f90cb9326d3,1.0,764.2,3.0,1.0,1011.71,3.0,1775.91,True
CUST00000833,Alex Kim 833,customer833@example.com,Chicago,IL,Midwest,2023-01-18,Plus,,True,9e0236d8e032a97d0066,1.0,1769.04,6.0,0.0,0.0,0.0,1769.04,False
CUST00001273,Morgan Lee 1273,customer1273@example.com,Denver,CO,West,,Gold,6.0,True,edf46027c41167bd9b79,3.0,1758.9,6.0,0.0,0.0,0.0,1758.9,False
CUST00000921,Taylor Lee 921,customer921@example.com,Sacramento,CA,West,,Basic,2.0,True,626acb555868c07a73d6,2.0,1754.9,5.0,0.0,0.0,0.0,1754.9,False
CUST00000483,Jordan Kim 483,customer483@example.com,Miami,FL,South,2023-01-14,Basic,6.0,True,70164a1d0a8464fb3ca8,1.0,1750.3600000000001,8.0,0.0,0.0,0.0,1750.3600000000001,False
CUST00001275,Alex Garcia 1275,customer1275@example.com,Albany,NY,Northeast,2023-07-11,Gold,2.0,True,1c89e7b3779d2e019ed4,1.0,1749.4,5.0,0.0,0.0,0.0,1749.4,False
CUST00000203,Alex Smith 203,customer203@example.com,Dallas,TX,South,,Basic,1.0,True,312cbf75b1f8d4a4d86c,0.0,0.0,0.0,2.0,1748.6200000000001,8.0,1748.6200000000001,False
CUST00000131,Alex Garcia 131,customer131@example.com,Houston,TX,South,2026-02-21,Gold,5.0,True,f496ee0f63beeed6e6e3,1.0,1030.45,5.0,1.0,707.71,2.0,1738.16,True
CUST00000813,Taylor Brown 813,customer813@example.com,Savannah,GA,South,,Plus,,True,7821f83b5ea35ae90bc4,0.0,0.0,0.0,1.0,1737.18,6.0,1737.18,False
CUST00000575,Casey Patel 575,customer575@example.com,Buffalo,NY,Northeast,,Gold,,True,5f3c0a26a160ea715c34,2.0,1567.54,6.0,2.0,167.72,2.0,1735.26,True
CUST00000468,Casey Kim 468,customer468@example.com,Tacoma,WA,West,2024-06-01,Silver,6.0,False,42cee5beaa299ab21ebe,0.0,0.0,0.0,1.0,1734.5700000000002,7.0,1734.5700000000002,False
CUST00001046,Taylor Lee 1046,customer1046@example.com,Seattle,WA,West,,Gold,,True,0e08f9e9447d50d4553c,1.0,1725.57,6.0,0.0,0.0,0.0,1725.57,False
CUST00000682,Riley Patel 682,customer682@example.com,Houston,TX,South,,Unknown,5.0,True,5ca85a5001f0ddf587a6,0.0,0.0,0.0,1.0,1722.24,2.0,1722.24,False
CUST00000973,Casey Garcia 973,customer973@example.com,Denver,CO,West,,Gold,5.0,True,ca597e5e8d4622115027,2.0,1375.62,4.0,1.0,346.29,4.0,1721.9099999999999,True
CUST00000367,Alex Garcia 367,customer367@example.com,Chicago,IL,Midwest,2025-07-26,Silver,4.0,False,ee7fe92ef864c56916b3,1.0,1720.22,2.0,0.0,0.0,0.0,1720.22,False
CUST00001557,Taylor Kim 1557,customer1557@example.com,Chicago,IL,Midwest,,Unknown,,True,8bf5ac6f20161a18bf16,1.0,852.29,2.0,1.0,861.97,1.0,1714.26,True
CUST00001192,Casey Brown 1192,customer1192@example.com,Chicago,IL,Midwest,,Plus,1.0,True,5ec52d6e4a96ff9b748a,0.0,0.0,0.0,1.0,1710.6399999999999,3.0,1710.6399999999999,False
CUST00000279,Riley Brown 279,customer279@example.com,Aurora,CO,West,2026-02-13,Gold,,True,41f0d074f3631ef805de,0.0,0.0,0.0,1.0,1705.44,3.0,1705.44,False
CUST00000012,Alex Smith 12,customer12@example.com,Chicago,IL,Midwest,,Gold,4.0,True,da25f55ab3366452e182,1.0,1193.2,5.0,1.0,510.93,3.0,1704.13,True
CUST00001774,Casey Brown 1774,customer1774@example.com,Seattle,WA,West,2023-12-11,Basic,2.0,True,91ff354f8e8434c40f48,0.0,0.0,0.0,1.0,1686.3000000000002,3.0,1686.3000000000002,False
CUST00000066,Alex Garcia 66,customer66@example.com,Peoria,IL,Midwest,,Basic,1.0,True,79a8d49cd5d56a61b0e7,1.0,1682.81,7.0,0.0,0.0,0.0,1682.81,False
CUST00001166,Riley Brown 1166,customer1166@example.com,Aurora,CO,West,,Silver,1.0,True,4bb872ecfd142f31c403,1.0,109.95,1.0,1.0,1571.47,8.0,1681.42,True
CUST00001164,Riley Garcia 1164,customer1164@example.com,Tacoma,WA,West,2022-06-23,Unknown,4.0,True,1f249884e8d835317006,1.0,1681.3500000000001,5.0,0.0,0.0,0.0,1681.3500000000001,False
CUST00001608,Taylor Patel 1608,customer1608@example.com,Denver,CO,West,,Unknown,,True,761312fbd456a35fa96d,0.0,0.0,0.0,1.0,1677.49,4.0,1677.49,False
CUST00000396,Riley Brown 396,customer396@example.com,Savannah,GA,South,,Gold,,True,5edf9ade3d63f01faf0b,2.0,1676.82,5.0,0.0,0.0,0.0,1676.82,False
CUST00000778,Alex Kim 778,customer778@example.com,Austin,TX,South,,Unknown,2.0,True,617a10a5e5fb05b4b07e,1.0,1356.02,2.0,1.0,314.02,1.0,1670.04,True
CUST00000357,Morgan Patel 357,customer357@example.com,Orlando,FL,South,2022-05-13,Gold,3.0,True,eac713c40692ce23ca7f,1.0,811.8199999999999,2.0,1.0,836.74,2.0,1648.56,True
CUST00001764,Jordan Patel 1764,customer1764@example.com,Buffalo,NY,Northeast,,Unknown,5.0,True,423215679cd779b59d7c,0.0,0.0,0.0,1.0,1646.09,5.0,1646.09,False
CUST00000532,Taylor Patel 532,customer532@example.com,Seattle,WA,West,,Basic,,True,ee37a8fe852ecfc5cb13,1.0,1646.01,5.0,0.0,0.0,0.0,1646.01,False
CUST00001468,Jordan Garcia 1468,customer1468@example.com,Seattle,WA,West,,Gold,4.0,False,2b775853bb71ecd6f2cc,0.0,0.0,0.0,1.0,1637.33,3.0,1637.33,False
CUST00000506,Casey Smith 506,customer506@example.com,Seattle,WA,West,2023-05-07,Gold,6.0,True,b746c55ab75854723243,0.0,0.0,0.0,1.0,1633.44,4.0,1633.44,False
CUST00001272,Jordan Lee 1272,customer1272@example.com,Orlando,FL,South,2024-07-05,Gold,6.0,True,31fe8a9e522c6e54877b,1.0,608.65,5.0,1.0,1015.38,7.0,1624.03,True
CUST00001123,Riley Lee 1123,customer1123@example.com,Seattle,WA,West,2022-04-30,Plus,,True,7e47f3b3266cb5249558,2.0,1622.5600000000002,10.0,0.0,0.0,0.0,1622.5600000000002,False
CUST00001004,Morgan Smith 1004,customer1004@example.com,Buffalo,NY,Northeast,,Gold,4.0,True,2f7f3c01df15a52bf94b,1.0,1559.0100000000002,5.0,1.0,38.81,1.0,1597.8200000000002,True
CUST00000560,Taylor Kim 560,customer560@example.com,Buffalo,NY,Northeast,2022-01-08,Gold,2.0,True,606d1af266bf60951250,2.0,1363.61,3.0,1.0,216.29,1.0,1579.8999999999999,True
CUST00001223,Jordan Lee 1223,customer1223@example.com,Los Angeles,CA,West,2026-03-08,Gold,,True,899efd7fdea390ad7041,1.0,1579.7199999999998,3.0,0.0,0.0,0.0,1579.7199999999998,False
CUST00000111,Alex Smith 111,customer111@example.com,Sacramento,CA,West,,Unknown,5.0,True,68124e5d7ff696c484c9,1.0,76.4,2.0,1.0,1486.6,2.0,1563.0,True
CUST00001681,Jordan Lee 1681,customer1681@example.com,Buffalo,NY,Northeast,2023-05-03,Gold,1.0,True,4a0d422aa180675faa8b,0.0,0.0,0.0,1.0,1558.25,3.0,1558.25,False
CUST00001744,Alex Lee 1744,customer1744@example.com,Sacramento,CA,West,,Basic,,True,302b44f5a006ce861d7d,2.0,1547.77,9.0,0.0,0.0,0.0,1547.77,False
CUST00001615,Casey Kim 1615,customer1615@example.com,Sacramento,CA,West,,Gold,,True,0c510c12822a7470c606,2.0,1196.46,4.0,1.0,350.14,8.0,1546.6,True
CUST00001185,Morgan Garcia 1185,customer1185@example.com,Atlanta,GA,South,2024-09-02,Basic,3.0,True,7dc52bd8bc23d6d221bd,2.0,1542.39,12.0,0.0,0.0,0.0,1542.39,False
CUST00001676,Casey Brown 1676,customer1676@example.com,Seattle,WA,West,2022-04-10,Basic,5.0,False,9c19a46ed06f267d6c10,2.0,1542.01,4.0,0.0,0.0,0.0,1542.01,False
CUST00001090,Casey Lee 1090,customer1090@example.com,Albany,NY,Northeast,,Gold,,True,d42d20141abe55a83ac3,0.0,0.0,0.0,1.0,1535.38,3.0,1535.38,False
CUST00000637,Alex Lee 637,customer637@example.com,Denver,CO,West,2021-04-23,Plus,,True,cceb3ff586149c29ffe8,0.0,0.0,0.0,1.0,1530.54,3.0,1530.54,False
CUST00001285,Riley Kim 1285,customer1285@example.com,Peoria,IL,Midwest,,Basic,2.0,True,0cc1ffc2a162ca49cda2,1.0,1292.01,7.0,1.0,238.34,1.0,1530.35,True
CUST00001489,Morgan Lee 1489,customer1489@example.com,Chicago,IL,Midwest,,Plus,1.0,True,6b076b501c7828354c75,1.0,1527.3400000000001,6.0,0.0,0.0,0.0,1527.3400000000001,False
CUST00001372,Riley Kim 1372,customer1372@example.com,Miami,FL,South,2022-09-03,Silver,,True,153674c705a03d72713d,1.0,458.95,4.0,2.0,1065.94,3.0,1524.89,True
CUST00001313,Casey Lee 1313,customer1313@example.com,Dallas,TX,South,2023-10-07,Gold,2.0,True,1d4b3a2ac214d6cd4ce4,0.0,0.0,0.0,2.0,1517.5,8.0,1517.5,False
CUST00001165,Alex Brown 1165,unknown@example.com,Los Angeles,CA,West,,Plus,,True,3a647b7087d831666575,0.0,0.0,0.0,1.0,1504.72,3.0,1504.72,False
CUST00000887,Riley Smith 887,customer887@example.com,Austin,TX,South,2025-05-28,Silver,,True,3c80e5b8c145c600eff6,1.0,1503.04,2.0,0.0,0.0,0.0,1503.04,False
CUST00001623,Alex Smith 1623,customer1623@example.com,Denver,CO,West,,Unknown,,True,115192be389d81987bad,2.0,1502.6200000000001,4.0,0.0,0.0,0.0,1502.6200000000001,False
CUST00001347,Morgan Brown 1347,customer1347@example.com,Savannah,GA,South,2022-08-31,Basic,,True,a8a38f3df1b596405eb8,0.0,0.0,0.0,1.0,1502.3100000000002,5.0,1502.3100000000002,False
CUST00000675,Riley Brown 675,customer675@example.com,Atlanta,GA,South,2022-08-08,Unknown,3.0,True,3ca19d0037644a18bc40,2.0,1325.78,4.0,1.0,159.98,1.0,1485.76,True
CUST00000194,Jordan Garcia 194,customer194@example.com,Sacramento,CA,West,2025-06-28,Plus,,True,d9d04414237a69af1590,1.0,314.02,1.0,1.0,1167.18,6.0,1481.2,True
CUST00000223,Alex Garcia 223,customer223@example.com,Buffalo,NY,Northeast,,Gold,1.0,True,6c71dc1ce3909ea20cf6,3.0,1475.9299999999998,6.0,0.0,0.0,0.0,1475.9299999999998,False
CUST00000412,Riley Lee 412,customer412@example.com,Atlanta,GA,South,2025-11-21,Gold,5.0,True,145bfb0eec7e0790401c,1.0,1475.52,4.0,0.0,0.0,0.0,1475.52,False
CUST00001571,Alex Kim 1571,customer1571@example.com,Chicago,IL,Midwest,,Unknown,,True,42568ca9b054ff7a94e1,1.0,1472.3,5.0,0.0,0.0,0.0,1472.3,False
CUST00001679,Taylor Smith 1679,customer1679@example.com,Peoria,IL,Midwest,,Silver,,True,322a86231a858471b181,1.0,968.21,1.0,1.0,492.88,1.0,1461.0900000000001,True
CUST00000669,Morgan Lee 669,customer669@example.com,Chicago,IL,Midwest,,Gold,,True,83f27829892495767e20,3.0,902.3399999999999,8.0,1.0,553.24,2.0,1455.58,True
CUST00000885,Alex Patel 885,customer885@example.com,Miami,FL,South,,Gold,,True,c3b7f30fac98391b9913,1.0,1454.26,2.0,0.0,0.0,0.0,1454.26,False
CUST00000765,Morgan Brown 765,customer765@example.com,Denver,CO,West,,Gold,2.0,True,2a92ddf5bc4e8fbdd042,0.0,0.0,0.0,2.0,1452.2099999999998,5.0,1452.2099999999998,False
CUST00000399,Taylor Kim 399,customer399@example.com,Savannah,GA,South,2026-02-11,Plus,,False,ab2a3ff29b32935e8e6b,1.0,257.90999999999997,3.0,1.0,1186.68,8.0,1444.5900000000001,True
CUST00000266,Morgan Patel 266,customer266@example.com,Atlanta,GA,South,2025-10-13,Gold,3.0,True,b3e737cf1c876013a259,1.0,829.9300000000001,6.0,1.0,613.86,1.0,1443.79,True
CUST00001091,Taylor Lee 1091,customer1091@example.com,Austin,TX,South,,Gold,4.0,True,b13aba7b77ba1f3294d8,1.0,1440.79,3.0,0.0,0.0,0.0,1440.79,False
CUST00000313,Alex Kim 313,customer313@example.com,Sacramento,CA,West,2024-08-18,Gold,,True,3066dd9cca7beb527107,2.0,1439.78,7.0,0.0,0.0,0.0,1439.78,False
CUST00001565,Taylor Garcia 1565,customer1565@example.com,Peoria,IL,Midwest,2023-05-09,Unknown,4.0,True,47fb4478d050406cc000,0.0,0.0,0.0,1.0,1439.76,4.0,1439.76,False
CUST00001228,Casey Kim 1228,customer1228@example.com,Denver,CO,West,2024-08-07,Silver,3.0,True,b5123596160cf3defb8a,1.0,530.25,3.0,1.0,903.52,3.0,1433.77,True
CUST00000314,Casey Lee 314,customer314@example.com,Buffalo,NY,Northeast,2025-12-06,Plus,3.0,True,ae816e35de8ec19f4db4,1.0,92.35,5.0,1.0,1335.74,2.0,1428.09,True
CUST00000554,Alex Patel 554,customer554@example.com,Houston,TX,South,2023-03-13,Gold,2.0,True,6a8b1052dedeb7b4750f,2.0,1427.1399999999999,7.0,0.0,0.0,0.0,1427.1399999999999,False
CUST00000690,Riley Patel 690,customer690@example.com,Houston,TX,South,,Plus,6.0,True,45dfd5a9c3bae6e76ace,0.0,0.0,0.0,1.0,1425.6599999999999,4.0,1425.6599999999999,False
CUST00000996,Alex Kim 996,customer996@example.com,Savannah,GA,South,,Plus,3.0,False,5ac0f8f8fc367dec69c0,3.0,1417.4,11.0,0.0,0.0,0.0,1417.4,False
CUST00000621,Riley Lee 621,customer621@example.com,Buffalo,NY,Northeast,2022-02-01,Unknown,,False,d07f666b918524339531,1.0,1416.4299999999998,5.0,0.0,0.0,0.0,1416.4299999999998,False
CUST00000923,Taylor Smith 923,customer923@example.com,Denver,CO,West,2025-05-15,Unknown,5.0,True,1c6cae6701ca9b4842ba,0.0,0.0,0.0,1.0,1415.85,6.0,1415.85,False
CUST00000284,Taylor Brown 284,customer284@example.com,Chicago,IL,Midwest,2022-01-23,Basic,2.0,True,20bd80dbdf6445df4e83,1.0,128.78,1.0,1.0,1283.5800000000002,7.0,1412.3600000000001,True
CUST00001363,Riley Brown 1363,customer1363@example.com,Chicago,IL,Midwest,,Gold,5.0,True,6924473ec647ac1f33da,0.0,0.0,0.0,1.0,1406.6000000000001,8.0,1406.6000000000001,False
CUST00001391,Alex Smith 1391,customer1391@example.com,Aurora,CO,West,,Gold,,True,6d247603396c8eb805c8,0.0,0.0,0.0,1.0,1397.1,8.0,1397.1,False
CUST00000074,Alex Lee 74,customer74@example.com,Aurora,CO,West,2024-07-26,Unknown,,False,461d8699eaa1c93bc2ff,1.0,369.84,2.0,1.0,1026.67,2.0,1396.51,True
CUST00000935,Taylor Smith 935,customer935@example.com,Miami,FL,South,,Unknown,6.0,True,9d87efe01ac9a4750f11,0.0,0.0,0.0,1.0,1395.6,2.0,1395.6,False
CUST00000680,Alex Garcia 680,customer680@example.com,Houston,TX,South,2024-06-05,Unknown,,False,6fc03e6b79656238d2d4,0.0,0.0,0.0,1.0,1394.94,3.0,1394.94,False
CUST00000673,Jordan Brown 673,customer673@example.com,Orlando,FL,South,,Gold,3.0,True,7aa52f7168def26151cd,0.0,0.0,0.0,1.0,1386.34,3.0,1386.34,False
CUST00000130,Morgan Lee 130,customer130@example.com,Buffalo,NY,Northeast,,Gold,3.0,True,7acef0c683be5782128b,1.0,1380.6,6.0,0.0,0.0,0.0,1380.6,False
CUST00001556,Morgan Patel 1556,customer1556@example.com,Chicago,IL,Midwest,2022-05-02,Plus,,True,bc1f5c41f5d067ea152a,0.0,0.0,0.0,1.0,1362.06,5.0,1362.06,False
CUST00000026,Riley Smith 26,customer26@example.com,Denver,CO,West,,Gold,1.0,False,c2580b11c3683a5647eb,1.0,1347.2,7.0,0.0,0.0,0.0,1347.2,False
CUST00000434,Riley Garcia 434,customer434@example.com,Tacoma,WA,West,2023-11-16,Silver,5.0,True,27f053c825c6da0d3852,2.0,1341.37,4.0,0.0,0.0,0.0,1341.37,False
CUST00000378,Jordan Garcia 378,customer378@example.com,Buffalo,NY,Northeast,2026-02-01,Gold,3.0,True,e687db1f2c430f364152,0.0,0.0,0.0,1.0,1330.7,7.0,1330.7,False
CUST00001233,Jordan Kim 1233,customer1233@example.com,Chicago,IL,Midwest,,Silver,,True,bdec0f62a6542f5bb21b,1.0,1328.5900000000001,7.0,0.0,0.0,0.0,1328.5900000000001,False
CUST00001079,Morgan Kim 1079,customer1079@example.com,Seattle,WA,West,2024-08-04,Gold,2.0,True,f854d3c86e9b29ed939a,0.0,0.0,0.0,2.0,1311.1200000000001,4.0,1311.1200000000001,False
CUST00000094,Alex Lee 94,customer94@example.com,Aurora,CO,West,2023-03-04,Basic,2.0,True,696be1907b57e37ee44c,0.0,0.0,0.0,1.0,1306.57,3.0,1306.57,False
CUST00000656,Jordan Kim 656,customer656@example.com,Sacramento,CA,West,,Silver,4.0,True,1d80c3591ea208a61ea5,0.0,0.0,0.0,1.0,1293.78,5.0,1293.78,False
CUST00000901,Riley Lee 901,customer901@example.com,Buffalo,NY,Northeast,2021-01-27,Unknown,4.0,False,6a1be3d581312be34fba,1.0,1284.84,3.0,0.0,0.0,0.0,1284.84,False
CUST00001276,Riley Brown 1276,customer1276@example.com,Miami,FL,South,,Plus,,True,13ddf7f8a85b52108d33,1.0,699.66,2.0,1.0,582.13,2.0,1281.79,True
CUST00000862,Riley Patel 862,customer862@example.com,Albany,NY,Northeast,,Gold,3.0,True,c59d1078200f484093cc,1.0,1254.35,2.0,0.0,0.0,0.0,1254.35,False
CUST00000590,Taylor Kim 590,customer590@example.com,Peoria,IL,Midwest,2021-03-22,Silver,,False,5d4bb7a3fda0cd6444f9,1.0,1252.04,4.0,0.0,0.0,0.0,1252.04,False
CUST00000442,Jordan Patel 442,customer442@example.com,Dallas,TX,South,,Basic,5.0,True,17147144cd36209cda16,1.0,1240.75,3.0,0.0,0.0,0.0,1240.75,False
CUST00000949,Jordan Brown 949,customer949@example.com,Denver,CO,West,2021-02-15,Gold,1.0,True,8bbc87006644b67b4a04,1.0,1212.35,7.0,0.0,0.0,0.0,1212.35,False
CUST00000492,Jordan Smith 492,customer492@example.com,Los Angeles,CA,West,2021-03-06,Unknown,,True,458993cd80f964057cdc,2.0,1211.85,5.0,0.0,0.0,0.0,1211.85,False
CUST00000402,Taylor Lee 402,customer402@example.com,Buffalo,NY,Northeast,,Unknown,2.0,True,8b94e16c2ea5be390561,0.0,0.0,0.0,1.0,1206.96,3.0,1206.96,False
CUST00000745,Alex Brown 745,customer745@example.com,Albany,NY,Northeast,2024-06-07,Gold,4.0,True,aaf0853e45ea273aaf6b,0.0,0.0,0.0,1.0,1191.81,3.0,1191.81,False
CUST00001664,Riley Lee 1664,customer1664@example.com,Aurora,CO,West,,Unknown,,False,eba5fc91f4d8f26c9fd1,0.0,0.0,0.0,2.0,1188.79,5.0,1188.79,False
CUST00001567,Casey Smith 1567,customer1567@example.com,Tacoma,WA,West,,Unknown,1.0,True,dd54f6782f28697dbe1b,0.0,0.0,0.0,1.0,1188.3600000000001,7.0,1188.3600000000001,False
CUST00000965,Riley Brown 965,customer965@example.com,Tacoma,WA,West,,Gold,2.0,True,1552e73319d2592f5e32,1.0,1184.23,2.0,0.0,0.0,0.0,1184.23,False
CUST00001460,Alex Garcia 1460,customer1460@example.com,Denver,CO,West,2024-02-18,Silver,2.0,True,97751895c3cf7e6e2e9a,0.0,0.0,0.0,1.0,1183.55,9.0,1183.55,False
CUST00001476,Taylor Kim 1476,customer1476@example.com,Albany,NY,Northeast,2021-09-02,Unknown,4.0,True,555fef04318bd3c3507f,1.0,1182.28,3.0,0.0,0.0,0.0,1182.28,False
CUST00000519,Taylor Lee 519,customer519@example.com,Peoria,IL,Midwest,,Basic,4.0,True,0af362594d691acb2626,0.0,0.0,0.0,1.0,1165.6299999999999,3.0,1165.6299999999999,False
CUST00000529,Taylor Smith 529,customer529@example.com,Dallas,TX,South,2021-11-24,Unknown,5.0,True,ff41fd8e0635157c271d,1.0,1155.72,2.0,0.0,0.0,0.0,1155.72,False
CUST00000869,Casey Brown 869,customer869@example.com,Houston,TX,South,2023-11-15,Unknown,2.0,False,c5bf4255dd90eb8c230f,2.0,1155.24,3.0,0.0,0.0,0.0,1155.24,False
CUST00000311,Taylor Lee 311,customer311@example.com,Atlanta,GA,South,2022-08-20,Gold,2.0,True,254d8024fd7e87ca816b,0.0,0.0,0.0,2.0,1152.71,5.0,1152.71,False
CUST00000061,Jordan Garcia 61,customer61@example.com,Orlando,FL,South,,Gold,,True,10f7b98d7b383d3717d4,1.0,1149.28,4.0,0.0,0.0,0.0,1149.28,False
CUST00000807,Casey Smith 807,customer807@example.com,Albany,NY,Northeast,2025-04-11,Silver,6.0,True,22c851020e7d18674434,1.0,1142.31,3.0,0.0,0.0,0.0,1142.31,False
CUST00000491,Casey Smith 491,customer491@example.com,Tacoma,WA,West,,Unknown,6.0,True,4fd7d6bafdf4cf6f90d3,0.0,0.0,0.0,1.0,1140.11,9.0,1140.11,False
CUST00001607,Casey Lee 1607,customer1607@example.com,Peoria,IL,Midwest,2026-05-10,Basic,2.0,True,9304838074295923555e,1.0,574.91,3.0,1.0,563.01,1.0,1137.92,True
CUST00000850,Morgan Patel 850,customer850@example.com,Los Angeles,CA,West,2021-04-21,Unknown,4.0,True,38857ef1ad35f16f236f,1.0,1136.2,5.0,0.0,0.0,0.0,1136.2,False
CUST00001028,Riley Lee 1028,customer1028@example.com,Sacramento,CA,West,2022-09-11,Plus,5.0,True,9c8c5935709596740f75,0.0,0.0,0.0,1.0,1134.4,3.0,1134.4,False
CUST00001413,Jordan Smith 1413,customer1413@example.com,Peoria,IL,Midwest,,Gold,,True,e4c8169496e281627f9b,2.0,1134.14,4.0,0.0,0.0,0.0,1134.14,False
CUST00000726,Riley Brown 726,customer726@example.com,Tacoma,WA,West,2025-05-24,Gold,5.0,True,47e06f0d8e79ce5a443f,1.0,1133.96,5.0,0.0,0.0,0.0,1133.96,False
CUST00000760,Morgan Patel 760,customer760@example.com,Denver,CO,West,2021-07-06,Silver,6.0,True,791176c59d5f9cd9bc78,0.0,0.0,0.0,1.0,1122.96,2.0,1122.96,False
CUST00000744,Alex Lee 744,customer744@example.com,Sacramento,CA,West,,Gold,6.0,True,ffb74327835f358a11fb,1.0,787.39,9.0,1.0,335.28000000000003,3.0,1122.67,True
CUST00000594,Jordan Garcia 594,customer594@example.com,Denver,CO,West,,Unknown,2.0,False,7d879eb2b92d50bb6195,1.0,1111.9,2.0,0.0,0.0,0.0,1111.9,False
CUST00000115,Riley Patel 115,customer115@example.com,Seattle,WA,West,2025-04-15,Basic,3.0,True,3c5c2a519e8c1040fe6d,1.0,766.13,9.0,1.0,340.62,2.0,1106.75,True
CUST00001443,Jordan Smith 1443,customer1443@example.com,Denver,CO,West,,Basic,,True,ad267a037fb0306aa58c,1.0,748.2700000000001,6.0,1.0,349.75,1.0,1098.02,True
CUST00001593,Riley Brown 1593,customer1593@example.com,Aurora,CO,West,2021-01-20,Plus,5.0,True,74ecb1eca87f81913b9b,1.0,1097.3,2.0,0.0,0.0,0.0,1097.3,False
CUST00000229,Alex Smith 229,customer229@example.com,Aurora,CO,West,2021-07-17,Gold,,True,433d458067a67617c41d,1.0,1094.19,6.0,0.0,0.0,0.0,1094.19,False
CUST00000332,Riley Patel 332,customer332@example.com,Buffalo,NY,Northeast,,Basic,5.0,False,138a2cc127d98a0d6dda,1.0,1087.32,4.0,0.0,0.0,0.0,1087.32,False
CUST00000942,Alex Patel 942,customer942@example.com,Chicago,IL,Midwest,,Gold,,True,5cac1ba91cd0a86d084a,1.0,1071.78,2.0,0.0,0.0,0.0,1071.78,False
CUST00000732,Taylor Smith 732,customer732@example.com,Tacoma,WA,West,2020-02-07,Basic,5.0,True,df0fe2ead4f0576af3c5,2.0,1070.4,8.0,0.0,0.0,0.0,1070.4,False
CUST00000719,Jordan Smith 719,customer719@example.com,Los Angeles,CA,West,,Gold,,True,16c3f3c06997ab42fe53,1.0,1069.09,2.0,0.0,0.0,0.0,1069.09,False
CUST00000183,Casey Garcia 183,customer183@example.com,Denver,CO,West,2023-07-29,Plus,,True,f736c65b6bdf6e022906,1.0,1067.16,2.0,0.0,0.0,0.0,1067.16,False
CUST00001423,Casey Kim 1423,customer1423@example.com,Albany,NY,Northeast,2021-06-13,Basic,3.0,False,74eca8698b65da7cc83a,0.0,0.0,0.0,1.0,1060.45,4.0,1060.45,False
CUST00001082,Alex Lee 1082,customer1082@example.com,Peoria,IL,Midwest,2021-04-06,Plus,1.0,True,0a873d73d054ff0552c3,1.0,1059.72,6.0,0.0,0.0,0.0,1059.72,False
CUST00000568,Jordan Brown 568,customer568@example.com,Buffalo,NY,Northeast,2023-02-02,Silver,5.0,True,3d1bbd1c57c370ffc62e,0.0,0.0,0.0,1.0,1059.49,3.0,1059.49,False
CUST00001682,Morgan Smith 1682,customer1682@example.com,Atlanta,GA,South,,Unknown,6.0,True,b4a48856904931d86b91,2.0,1056.42,4.0,0.0,0.0,0.0,1056.42,False
CUST00001398,Casey Smith 1398,customer1398@example.com,Aurora,CO,West,,Plus,1.0,True,aa67c2f0a9aaaad58a88,0.0,0.0,0.0,1.0,1055.24,2.0,1055.24,False
CUST00001597,Taylor Smith 1597,customer1597@example.com,Chicago,IL,Midwest,,Plus,,True,2792f773beb31cf3776a,2.0,1054.25,6.0,0.0,0.0,0.0,1054.25,False
CUST00001722,Riley Smith 1722,customer1722@example.com,Albany,NY,Northeast,2026-03-06,Unknown,1.0,True,acfb7f395f9ee1f1b16f,1.0,1047.88,4.0,0.0,0.0,0.0,1047.88,False
CUST00001678,Taylor Kim 1678,customer1678@example.com,Dallas,TX,South,2024-08-14,Gold,6.0,True,60292d0f945cd1db65c5,2.0,1039.23,3.0,0.0,0.0,0.0,1039.23,False
CUST00001644,Casey Smith 1644,customer1644@example.com,Atlanta,GA,South,2025-03-19,Plus,,True,10a642aeeaf79aa4b524,2.0,1036.1399999999999,4.0,0.0,0.0,0.0,1036.1399999999999,False
CUST00001495,Morgan Brown 1495,customer1495@example.com,Tacoma,WA,West,2021-04-27,Gold,3.0,False,a252e2ff1dafb7d0e68a,1.0,563.74,2.0,1.0,469.71,3.0,1033.45,True
CUST00001536,Riley Patel 1536,customer1536@example.com,Peoria,IL,Midwest,2023-02-11,Unknown,6.0,False,495991acc4463394a458,1.0,65.47,1.0,1.0,964.7,6.0,1030.17,True
CUST00000052,Casey Smith 52,customer52@example.com,Albany,NY,Northeast,2022-02-20,Basic,5.0,True,89c2ff995885004c2d49,1.0,1027.56,6.0,0.0,0.0,0.0,1027.56,False
CUST00001783,Jordan Lee 1783,customer1783@example.com,Houston,TX,South,,Unknown,3.0,False,e98d2268a49047f2a5ac,2.0,1021.42,8.0,0.0,0.0,0.0,1021.42,False
CUST00001353,Casey Lee 1353,customer1353@example.com,Atlanta,GA,South,,Plus,,True,4943e2c196bc120372a2,0.0,0.0,0.0,2.0,1021.3,3.0,1021.3,False
CUST00000741,Jordan Patel 741,customer741@example.com,Albany,NY,Northeast,,Basic,,False,2b863ba4b978e2fdb6e0,0.0,0.0,0.0,1.0,1021.15,2.0,1021.15,False
CUST00000881,Morgan Patel 881,customer881@example.com,Chicago,IL,Midwest,,Basic,1.0,True,45f25675ceafcbaa000f,1.0,274.58,2.0,1.0,728.02,2.0,1002.5999999999999,True
CUST00001119,Taylor Smith 1119,customer1119@example.com,Los Angeles,CA,West,,Silver,6.0,True,8efb296654ea45728736,1.0,998.44,3.0,0.0,0.0,0.0,998.44,False
CUST00000897,Casey Smith 897,customer897@example.com,Albany,NY,Northeast,2025-10-23,Gold,6.0,True,5a276bfb6556d3a53642,1.0,978.64,2.0,0.0,0.0,0.0,978.64,False
CUST00000527,Taylor Garcia 527,customer527@example.com,Peoria,IL,Midwest,,Silver,6.0,True,4f97505689222da610b1,1.0,977.47,4.0,0.0,0.0,0.0,977.47,False
CUST00001778,Morgan Smith 1778,customer1778@example.com,Tacoma,WA,West,,Unknown,2.0,True,f2c1c29640d571ff454a,1.0,369.9,3.0,1.0,604.16,3.0,974.06,True
CUST00000156,Taylor Patel 156,customer156@example.com,Sacramento,CA,West,2025-12-01,Basic,3.0,True,68cde9a3e72c53ca675a,2.0,972.7800000000001,3.0,0.0,0.0,0.0,972.7800000000001,False
CUST00000310,Jordan Garcia 310,customer310@example.com,Miami,FL,South,,Gold,,True,8c1f4a4e674a706ccb09,1.0,969.3199999999999,2.0,0.0,0.0,0.0,969.3199999999999,False
CUST00001506,Alex Patel 1506,customer1506@example.com,Los Angeles,CA,West,,Silver,4.0,True,9524a360a4e4bf4c6bdd,0.0,0.0,0.0,1.0,968.62,4.0,968.62,False
CUST00000430,Casey Patel 430,customer430@example.com,Peoria,IL,Midwest,,Gold,2.0,True,f65c6e7094bad324f18e,1.0,678.86,1.0,2.0,259.85,3.0,938.71,True
CUST00000543,Casey Brown 543,customer543@example.com,Atlanta,GA,South,2023-06-01,Basic,5.0,False,c3ed63a2baafed467dfb,2.0,923.66,3.0,0.0,0.0,0.0,923.66,False
CUST00000917,Casey Patel 917,customer917@example.com,Tacoma,WA,West,2025-09-24,Unknown,5.0,True,4317909100d0abf19247,1.0,922.34,2.0,0.0,0.0,0.0,922.34,False
CUST00000607,Jordan Lee 607,customer607@example.com,Albany,NY,Northeast,2022-01-25,Basic,6.0,True,f2200faa9a3fbc913f6f,2.0,908.6800000000001,7.0,0.0,0.0,0.0,908.6800000000001,False
CUST00000084,Taylor Patel 84,customer84@example.com,Houston,TX,South,2024-05-16,Plus,1.0,True,876f6e12448245c2a4cf,0.0,0.0,0.0,1.0,897.8900000000001,7.0,897.8900000000001,False
CUST00000617,Morgan Garcia 617,customer617@example.com,Chicago,IL,Midwest,,Gold,6.0,True,0c550caaa505ba4711eb,0.0,0.0,0.0,1.0,871.72,2.0,871.72,False
CUST00000067,Riley Kim 67,customer67@example.com,Orlando,FL,South,2025-04-06,Gold,,True,723844e4919bfdfdac8c,1.0,863.6199999999999,4.0,0.0,0.0,0.0,863.6199999999999,False
CUST00001054,Morgan Smith 1054,customer1054@example.com,Los Angeles,CA,West,2022-03-30,Plus,4.0,False,49726a4bbaf688e1152f,1.0,862.52,1.0,0.0,0.0,0.0,862.52,False
CUST00000582,Alex Garcia 582,customer582@example.com,Aurora,CO,West,2024-07-03,Plus,,True,b888a71d393eb5b5e3fa,1.0,856.98,6.0,0.0,0.0,0.0,856.98,False
CUST00000947,Casey Kim 947,customer947@example.com,Peoria,IL,Midwest,,Basic,5.0,True,83fa2feb0ff3680d9421,0.0,0.0,0.0,1.0,850.27,2.0,850.27,False
CUST00000898,Taylor Patel 898,customer898@example.com,Sacramento,CA,West,,Gold,1.0,True,9ee784bae0c2ee2d5edd,1.0,848.1899999999999,4.0,0.0,0.0,0.0,848.1899999999999,False
CUST00000164,Jordan Garcia 164,customer164@example.com,Sacramento,CA,West,,Gold,,True,3dde158654eadb9dd479,0.0,0.0,0.0,1.0,839.46,2.0,839.46,False
CUST00000562,Jordan Lee 562,customer562@example.com,Miami,FL,South,2026-04-15,Plus,5.0,False,c084c569755d2c68d5a7,0.0,0.0,0.0,1.0,829.76,3.0,829.76,False
CUST00000080,Morgan Garcia 80,customer80@example.com,Aurora,CO,West,2023-12-17,Basic,5.0,True,259412c5b47369b67e80,0.0,0.0,0.0,1.0,827.74,6.0,827.74,False
CUST00001421,Morgan Smith 1421,customer1421@example.com,Denver,CO,West,2022-10-28,Basic,1.0,True,7231e693bdb7a4cfa1bb,0.0,0.0,0.0,1.0,821.9100000000001,2.0,821.9100000000001,False
CUST00000576,Casey Garcia 576,customer576@example.com,Tacoma,WA,West,2023-10-18,Silver,2.0,True,50210818bda43a5d532a,0.0,0.0,0.0,1.0,806.1500000000001,4.0,806.1500000000001,False
CUST00001663,Casey Brown 1663,customer1663@example.com,Atlanta,GA,South,,Unknown,,True,6fa5a06b42741dcaa543,1.0,566.99,6.0,1.0,234.0,2.0,800.99,True
CUST00000242,Riley Kim 242,customer242@example.com,Savannah,GA,South,2022-08-15,Plus,1.0,True,fe149d6f65abf77837bc,0.0,0.0,0.0,1.0,786.6,1.0,786.6,False
CUST00000119,Riley Brown 119,customer119@example.com,Houston,TX,South,,Unknown,2.0,True,48233fbe190ef1ad64cf,2.0,768.98,3.0,0.0,0.0,0.0,768.98,False
CUST00000664,Taylor Lee 664,customer664@example.com,Denver,CO,West,,Gold,3.0,True,6cc34b4f1bd6f1115110,1.0,760.14,1.0,0.0,0.0,0.0,760.14,False
CUST00001640,Riley Lee 1640,customer1640@example.com,Tacoma,WA,West,2022-08-07,Gold,6.0,True,613f42b83faef847fc5f,1.0,755.1,2.0,0.0,0.0,0.0,755.1,False
CUST00001660,Jordan Brown 1660,customer1660@example.com,Aurora,CO,West,2021-07-02,Basic,4.0,True,b872bd25509e5d1c05ae,2.0,754.0699999999999,3.0,0.0,0.0,0.0,754.0699999999999,False
CUST00000988,Casey Lee 988,customer988@example.com,Atlanta,GA,South,2023-01-17,Basic,,True,658dc96fa6b2837e89b4,1.0,742.2,2.0,0.0,0.0,0.0,742.2,False
CUST00000716,Taylor Kim 716,customer716@example.com,Seattle,WA,West,2020-05-11,Basic,1.0,True,f88c231565579f64c7a7,1.0,730.1899999999999,2.0,0.0,0.0,0.0,730.1899999999999,False
CUST00000758,Alex Lee 758,customer758@example.com,Albany,NY,Northeast,2024-04-04,Gold,,True,5888b03c2c2a9680066b,0.0,0.0,0.0,1.0,724.44,2.0,724.44,False
CUST00000490,Jordan Brown 490,customer490@example.com,Houston,TX,South,,Plus,6.0,True,a480d41ea5b301f7ac6f,1.0,674.94,3.0,1.0,41.39,1.0,716.33,True
CUST00000417,Morgan Brown 417,customer417@example.com,Sacramento,CA,West,2025-05-28,Gold,5.0,True,007bd1241712bd6d123b,1.0,707.6800000000001,7.0,0.0,0.0,0.0,707.6800000000001,False
CUST00000152,Casey Lee 152,customer152@example.com,Chicago,IL,Midwest,2021-05-18,Basic,5.0,True,b9e355abf7455abfae08,1.0,702.28,6.0,0.0,0.0,0.0,702.28,False
CUST00001395,Riley Kim 1395,customer1395@example.com,Orlando,FL,South,,Silver,3.0,True,ae22fe282ece98b0ee07,0.0,0.0,0.0,1.0,702.1600000000001,2.0,702.1600000000001,False
CUST00001519,Morgan Garcia 1519,customer1519@example.com,Houston,TX,South,,Gold,1.0,True,5383e80cc66e07dac1ce,1.0,682.21,2.0,0.0,0.0,0.0,682.21,False
CUST00000913,Alex Garcia 913,customer913@example.com,Orlando,FL,South,2021-06-08,Basic,1.0,True,8d2ea9e6225c2364e35c,1.0,681.72,3.0,0.0,0.0,0.0,681.72,False
CUST00001743,Casey Kim 1743,customer1743@example.com,Los Angeles,CA,West,2024-08-29,Silver,,True,c1f819442c2e3894e413,0.0,0.0,0.0,1.0,673.5,2.0,673.5,False
CUST00001001,Taylor Kim 1001,customer1001@example.com,Miami,FL,South,2023-10-20,Plus,,True,ce5e513519c4627fc1ef,1.0,434.33,1.0,1.0,229.08999999999997,6.0,663.42,True
CUST00000153,Jordan Smith 153,customer153@example.com,Albany,NY,Northeast,2023-11-05,Unknown,,True,e89b9f4b94c5289a760e,0.0,0.0,0.0,1.0,662.67,3.0,662.67,False
CUST00000994,Taylor Kim 994,customer994@example.com,Peoria,IL,Midwest,2024-11-12,Gold,,True,a63efb48e07ff982d60e,1.0,420.52,2.0,1.0,235.72,4.0,656.24,True
CUST00000712,Morgan Lee 712,customer712@example.com,Orlando,FL,South,2020-04-21,Gold,5.0,True,f95bf4d4e226d3cc57e5,1.0,656.02,3.0,0.0,0.0,0.0,656.02,False
CUST00001713,Taylor Lee 1713,customer1713@example.com,Chicago,IL,Midwest,,Silver,5.0,True,2d20ff9caeaa7eabf6df,0.0,0.0,0.0,1.0,650.6,4.0,650.6,False
CUST00001499,Riley Brown 1499,customer1499@example.com,Tacoma,WA,West,,Unknown,,True,2b3c46e2ec231aefdfa5,1.0,650.25,2.0,0.0,0.0,0.0,650.25,False
CUST00000360,Morgan Brown 360,customer360@example.com,Buffalo,NY,Northeast,,Basic,6.0,True,525c2ee81b0178603678,2.0,650.1099999999999,8.0,0.0,0.0,0.0,650.1099999999999,False
CUST00000204,Alex Patel 204,customer204@example.com,Seattle,WA,West,,Gold,2.0,True,b7645daf0226ab59aaae,1.0,639.9,5.0,0.0,0.0,0.0,639.9,False
CUST00000263,Alex Smith 263,customer263@example.com,Savannah,GA,South,2020-02-19,Plus,6.0,False,35d2e019ec9d0fbdcdd8,1.0,638.77,3.0,0.0,0.0,0.0,638.77,False
CUST00000192,Taylor Lee 192,customer192@example.com,Denver,CO,West,,Plus,4.0,True,71b151a856f0777a06b0,1.0,629.0799999999999,8.0,0.0,0.0,0.0,629.0799999999999,False
CUST00001784,Riley Patel 1784,customer1784@example.com,Sacramento,CA,West,2026-03-31,Unknown,,False,2b0a87e1d7fa43e04d8c,1.0,619.96,10.0,0.0,0.0,0.0,619.96,False
CUST00000471,Casey Brown 471,customer471@example.com,Denver,CO,West,,Unknown,4.0,True,70e121e45b6702b280f7,1.0,613.8299999999999,3.0,0.0,0.0,0.0,613.8299999999999,False
CUST00000394,Jordan Lee 394,customer394@example.com,Orlando,FL,South,,Unknown,1.0,True,39691fcbc4fb6e47d4ec,0.0,0.0,0.0,1.0,609.38,2.0,609.38,False
CUST00000143,Morgan Lee 143,customer143@example.com,Los Angeles,CA,West,2022-07-09,Basic,,True,0a3c0bdc8f1ba9ebc8c7,0.0,0.0,0.0,2.0,585.1700000000001,8.0,585.1700000000001,False
CUST00000535,Morgan Brown 535,customer535@example.com,Denver,CO,West,,Gold,6.0,False,5208fb57e4d6d9e1d3d2,1.0,579.87,2.0,0.0,0.0,0.0,579.87,False
CUST00001793,Taylor Patel 1793,customer1793@example.com,Atlanta,GA,South,,Basic,,True,f2ebf5d619622077202a,1.0,570.78,4.0,0.0,0.0,0.0,570.78,False
CUST00000963,Morgan Garcia 963,customer963@example.com,Aurora,CO,West,,Gold,6.0,True,6f76db89fb336dd075cf,1.0,560.3000000000001,5.0,0.0,0.0,0.0,560.3000000000001,False
CUST00000810,Jordan Brown 810,customer810@example.com,Atlanta,GA,South,,Silver,1.0,True,454057c73994b7dfbdc2,0.0,0.0,0.0,2.0,559.5699999999999,4.0,559.5699999999999,False
CUST00000406,Casey Kim 406,customer406@example.com,Los Angeles,CA,West,,Plus,1.0,True,eb7d110442d067ec33f1,1.0,532.41,4.0,0.0,0.0,0.0,532.41,False
CUST00001057,Taylor Smith 1057,customer1057@example.com,Tacoma,WA,West,,Silver,4.0,True,c67ab5e15eb147b1acab,1.0,527.15,3.0,0.0,0.0,0.0,527.15,False
CUST00001224,Taylor Garcia 1224,customer1224@example.com,Albany,NY,Northeast,,Basic,6.0,True,42d5f75ba20a5fde45ab,2.0,526.55,2.0,0.0,0.0,0.0,526.55,False
CUST00000957,Alex Smith 957,customer957@example.com,Savannah,GA,South,,Plus,,True,d54268af5205ef0b911c,1.0,206.64,2.0,1.0,317.53,3.0,524.17,True
CUST00000873,Riley Kim 873,customer873@example.com,Austin,TX,South,,Silver,4.0,True,6f04f94c0793c0352129,1.0,509.07,5.0,0.0,0.0,0.0,509.07,False
CUST00001747,Alex Patel 1747,customer1747@example.com,Seattle,WA,West,,Unknown,1.0,True,81a54363ac5a807e580a,1.0,500.66,2.0,0.0,0.0,0.0,500.66,False
CUST00000024,Morgan Kim 24,customer24@example.com,Seattle,WA,West,,Gold,5.0,True,01fb4ded583b415833af,1.0,498.5,3.0,0.0,0.0,0.0,498.5,False
CUST00000374,Riley Smith 374,customer374@example.com,Los Angeles,CA,West,,Gold,2.0,True,3694edb759f3a0fe69ee,1.0,490.72,3.0,0.0,0.0,0.0,490.72,False
CUST00000509,Taylor Lee 509,customer509@example.com,Dallas,TX,South,2025-11-05,Unknown,2.0,False,9091587c1702a82f99de,1.0,471.33,1.0,0.0,0.0,0.0,471.33,False
CUST00001342,Jordan Brown 1342,customer1342@example.com,Chicago,IL,Midwest,,Plus,4.0,True,b8cc8418f54ffd9f4527,0.0,0.0,0.0,1.0,463.22,2.0,463.22,False
CUST00001329,Morgan Kim 1329,customer1329@example.com,Tacoma,WA,West,,Basic,2.0,True,08d8930a83afdcc42a32,1.0,461.82,1.0,0.0,0.0,0.0,461.82,False
CUST00001017,Taylor Kim 1017,customer1017@example.com,Peoria,IL,Midwest,2025-01-12,Silver,4.0,False,bcb8ce78cfa1f466de61,0.0,0.0,0.0,1.0,460.12,1.0,460.12,False
CUST00000240,Alex Patel 240,customer240@example.com,Tacoma,WA,West,,Silver,,True,cba620f1b0bc39fa87ab,0.0,0.0,0.0,1.0,459.17,1.0,459.17,False
CUST00000122,Casey Patel 122,customer122@example.com,Tacoma,WA,West,,Basic,4.0,True,bdb1a0292ffc21b07f53,1.0,458.22,2.0,0.0,0.0,0.0,458.22,False
CUST00000290,Taylor Patel 290,customer290@example.com,Savannah,GA,South,2020-10-02,Plus,,True,eaa7b27011e5b98907a8,2.0,444.52,4.0,0.0,0.0,0.0,444.52,False
CUST00000252,Casey Garcia 252,customer252@example.com,Tacoma,WA,West,2020-09-14,Unknown,2.0,True,89c1ad320b0ae902a180,0.0,0.0,0.0,1.0,442.68,1.0,442.68,False
CUST00000799,Taylor Kim 799,customer799@example.com,Savannah,GA,South,,Gold,1.0,True,45c10dd0457df0f3f338,0.0,0.0,0.0,1.0,424.23,1.0,424.23,False
CUST00000687,Riley Lee 687,customer687@example.com,Los Angeles,CA,West,,Unknown,2.0,True,03b5875ad5a96225e461,0.0,0.0,0.0,1.0,421.57,1.0,421.57,False
CUST00001613,Taylor Patel 1613,customer1613@example.com,Orlando,FL,South,,Basic,3.0,True,a7fbc4ab75a92060d592,1.0,416.22,1.0,0.0,0.0,0.0,416.22,False
CUST00001021,Casey Lee 1021,customer1021@example.com,Atlanta,GA,South,,Plus,3.0,True,d08112e646677f369784,0.0,0.0,0.0,1.0,411.32,3.0,411.32,False
CUST00000400,Jordan Kim 400,customer400@example.com,Albany,NY,Northeast,,Plus,6.0,True,7c2f3c7e1dc68793d2c9,1.0,403.63,1.0,0.0,0.0,0.0,403.63,False
CUST00000093,Alex Smith 93,customer93@example.com,Peoria,IL,Midwest,2022-01-30,Basic,3.0,False,0e2eb4336ed52267c712,1.0,400.06,1.0,0.0,0.0,0.0,400.06,False
CUST00000934,Alex Patel 934,customer934@example.com,Los Angeles,CA,West,2021-07-01,Gold,4.0,True,ad71d1eb13f54db09cea,1.0,388.11,3.0,0.0,0.0,0.0,388.11,False
CUST00000008,Morgan Lee 8,customer8@example.com,Orlando,FL,South,,Plus,,True,71a3787653c3cdceaa9c,0.0,0.0,0.0,1.0,381.6,2.0,381.6,False
CUST00001631,Jordan Garcia 1631,customer1631@example.com,Albany,NY,Northeast,2024-02-26,Unknown,5.0,True,27d63b4a32c53691480b,0.0,0.0,0.0,1.0,377.16,1.0,377.16,False
CUST00001429,Taylor Patel 1429,customer1429@example.com,Sacramento,CA,West,,Silver,3.0,True,78519c19fbf9837e11b3,1.0,372.33,1.0,0.0,0.0,0.0,372.33,False
CUST00000344,Casey Garcia 344,customer344@example.com,Orlando,FL,South,,Plus,6.0,True,b55d2965f220faa63909,0.0,0.0,0.0,1.0,365.09,1.0,365.09,False
CUST00001196,Morgan Lee 1196,customer1196@example.com,Tacoma,WA,West,2021-07-29,Gold,1.0,True,9187a5aa35d59c0bf44c,1.0,362.55,1.0,0.0,0.0,0.0,362.55,False
CUST00001241,Morgan Brown 1241,customer1241@example.com,Aurora,CO,West,2024-08-27,Plus,2.0,True,b3a0b11c87d9818af5ef,2.0,352.82,3.0,0.0,0.0,0.0,352.82,False
CUST00000556,Riley Smith 556,customer556@example.com,Buffalo,NY,Northeast,,Plus,1.0,True,47261285e43c0180d361,0.0,0.0,0.0,1.0,352.47,1.0,352.47,False
CUST00001715,Taylor Patel 1715,customer1715@example.com,Seattle,WA,West,,Plus,6.0,True,41ce27e4897bdd45e972,0.0,0.0,0.0,1.0,336.78000000000003,3.0,336.78000000000003,False
CUST00001357,Riley Garcia 1357,customer1357@example.com,Buffalo,NY,Northeast,,Silver,1.0,False,56f8e60833c12268e3a9,1.0,331.76,1.0,0.0,0.0,0.0,331.76,False
CUST00000997,Taylor Lee 997,customer997@example.com,Chicago,IL,Midwest,,Gold,,True,abda5ced936e3ee87716,0.0,0.0,0.0,1.0,325.16,1.0,325.16,False
CUST00000456,Taylor Lee 456,customer456@example.com,Miami,FL,South,2021-07-20,Gold,,True,4837bd597ac0a93dc06f,0.0,0.0,0.0,1.0,317.74,1.0,317.74,False
CUST00000207,Taylor Patel 207,customer207@example.com,Albany,NY,Northeast,,Basic,,True,5a72e9b4d915f0095ba7,0.0,0.0,0.0,2.0,315.29,4.0,315.29,False
CUST00000193,Casey Patel 193,customer193@example.com,Aurora,CO,West,2020-11-22,Unknown,3.0,True,688a20f4e0d9aaff6505,1.0,308.29,1.0,0.0,0.0,0.0,308.29,False
CUST00000798,Alex Kim 798,customer798@example.com,Chicago,IL,Midwest,2021-03-01,Unknown,1.0,True,6728438a56905dfb7575,1.0,308.19,1.0,0.0,0.0,0.0,308.19,False
CUST00001170,Riley Garcia 1170,customer1170@example.com,Seattle,WA,West,,Silver,,True,ca17eca6113237bee61f,1.0,298.58,1.0,0.0,0.0,0.0,298.58,False
CUST00000173,Riley Kim 173,customer173@example.com,Albany,NY,Northeast,2024-11-20,Plus,3.0,True,2b8c11a8bff154dbc4ff,1.0,297.75,5.0,0.0,0.0,0.0,297.75,False
CUST00001491,Morgan Smith 1491,customer1491@example.com,Los Angeles,CA,West,2023-04-06,Basic,4.0,True,57e820448c08c1c5a48f,1.0,293.29999999999995,5.0,0.0,0.0,0.0,293.29999999999995,False
CUST00000666,Casey Smith 666,customer666@example.com,Peoria,IL,Midwest,2025-09-02,Gold,4.0,True,fbf3f06ba9069fa774c6,1.0,287.5,3.0,0.0,0.0,0.0,287.5,False
CUST00000062,Jordan Garcia 62,customer62@example.com,Aurora,CO,West,,Unknown,,True,8828a4a3bc5416e298cb,1.0,262.44,2.0,0.0,0.0,0.0,262.44,False
CUST00001381,Morgan Patel 1381,customer1381@example.com,Savannah,GA,South,2025-03-14,Gold,1.0,True,1990e0f06d90dd01cbd6,0.0,0.0,0.0,1.0,248.4,4.0,248.4,False
CUST00000974,Taylor Garcia 974,customer974@example.com,Savannah,GA,South,,Gold,1.0,True,c0d2d170c7888d1ba4a7,1.0,245.89,1.0,0.0,0.0,0.0,245.89,False
CUST00000830,Riley Patel 830,customer830@example.com,Orlando,FL,South,2022-11-07,Silver,,True,14637ec4e208d9ceeb42,0.0,0.0,0.0,1.0,239.61,4.0,239.61,False
CUST00000205,Morgan Smith 205,customer205@example.com,Sacramento,CA,West,2024-01-08,Unknown,,True,09cdaa59a738bd16d7a2,1.0,234.62,1.0,0.0,0.0,0.0,234.62,False
CUST00000943,Alex Lee 943,customer943@example.com,Sacramento,CA,West,,Gold,,True,31636bb04db6fe4ad97c,1.0,230.65,5.0,0.0,0.0,0.0,230.65,False
CUST00001139,Alex Brown 1139,customer1139@example.com,Chicago,IL,Midwest,,Unknown,3.0,True,fab1addbff465476ed5b,0.0,0.0,0.0,1.0,219.0,4.0,219.0,False
CUST00001487,Jordan Patel 1487,customer1487@example.com,Peoria,IL,Midwest,,Unknown,,True,8cdf42583f432daa4ff1,1.0,213.49,1.0,0.0,0.0,0.0,213.49,False
CUST00000513,Morgan Patel 513,customer513@example.com,Los Angeles,CA,West,,Gold,,True,28a001d23666558446a0,1.0,204.6,4.0,0.0,0.0,0.0,204.6,False
CUST00001348,Alex Garcia 1348,customer1348@example.com,Seattle,WA,West,,Plus,2.0,True,8c4e8f148ec1004eba89,1.0,194.9,2.0,0.0,0.0,0.0,194.9,False
CUST00001753,Alex Brown 1753,customer1753@example.com,Savannah,GA,South,,Basic,1.0,True,b0a337f2b8e6e2f5009f,0.0,0.0,0.0,1.0,182.18,1.0,182.18,False
CUST00001257,Casey Smith 1257,customer1257@example.com,Tacoma,WA,West,,Unknown,4.0,True,7d187e56e0c46f28f5d8,1.0,146.58,2.0,0.0,0.0,0.0,146.58,False
CUST00000460,Morgan Garcia 460,customer460@example.com,Houston,TX,South,2022-02-23,Unknown,3.0,True,911d0e4331ae6e77c1ba,1.0,145.67000000000002,2.0,0.0,0.0,0.0,145.67000000000002,False
CUST00001288,Jordan Kim 1288,customer1288@example.com,Atlanta,GA,South,2022-06-22,Unknown,6.0,True,633133b294739d751f3b,1.0,138.25,1.0,0.0,0.0,0.0,138.25,False
CUST00001078,Alex Lee 1078,customer1078@example.com,Seattle,WA,West,,Plus,,True,aa39b3ba7d5955b76627,0.0,0.0,0.0,1.0,118.56,1.0,118.56,False
CUST00000826,Morgan Lee 826,customer826@example.com,Sacramento,CA,West,2022-08-15,Gold,3.0,False,8b136c17412d90c7a110,0.0,0.0,0.0,1.0,105.07,1.0,105.07,False
CUST00000905,Jordan Patel 905,customer905@example.com,Chicago,IL,Midwest,2020-09-20,Unknown,5.0,True,364761dd32b8c8807a48,1.0,104.5,1.0,0.0,0.0,0.0,104.5,False
CUST00001167,Riley Lee 1167,customer1167@example.com,Houston,TX,South,,Gold,3.0,True,88d6f25968f2f727a606,0.0,0.0,0.0,1.0,99.4,1.0,99.4,False
CUST00001444,Taylor Lee 1444,customer1444@example.com,Savannah,GA,South,2021-01-24,Unknown,3.0,True,c369bc4b03d26c2580c1,1.0,96.77,1.0,0.0,0.0,0.0,96.77,False
CUST00000704,Alex Patel 704,customer704@example.com,Albany,NY,Northeast,2024-04-27,Basic,,True,28b572f36f2ceb4a46e3,1.0,96.34,2.0,0.0,0.0,0.0,96.34,False
CUST00000653,Jordan Brown 653,customer653@example.com,Los Angeles,CA,West,,Silver,2.0,False,b7fa61368554752ed22e,1.0,75.59,1.0,0.0,0.0,0.0,75.59,False
CUST00000613,Morgan Lee 613,customer613@example.com,Austin,TX,South,2020-12-14,Silver,2.0,True,a6d6e0d666e5150c265f,1.0,75.5,1.0,0.0,0.0,0.0,75.5,False
CUST00000708,Riley Smith 708,customer708@example.com,Peoria,IL,Midwest,2021-06-03,Basic,2.0,True,e0ec7a13ca2eda845e0e,1.0,72.2,1.0,0.0,0.0,0.0,72.2,False
CUST00001312,Riley Patel 1312,customer1312@example.com,Savannah,GA,South,2022-07-02,Silver,3.0,True,a700f97ce6b6c91a65bc,0.0,0.0,0.0,1.0,65.18,1.0,65.18,False
CUST00000485,Casey Garcia 485,customer485@example.com,Seattle,WA,West,2023-07-02,Unknown,4.0,True,887a81de4bc66c6061e8,1.0,48.06,1.0,0.0,0.0,0.0,48.06,False
CUST00001390,Taylor Garcia 1390,customer1390@example.com,Chicago,IL,Midwest,2021-07-01,Basic,5.0,True,61db7887149b181ef134,0.0,0.0,0.0,1.0,46.7,1.0,46.7,False
CUST00000206,Riley Lee 206,customer206@example.com,Atlanta,GA,South,,Gold,3.0,True,367e37d61e6bab958de4,1.0,42.03,1.0,0.0,0.0,0.0,42.03,False
CUST00000053,Casey Patel 53,customer53@example.com,Miami,FL,South,2023-02-16,Gold,1.0,True,f1d88a1c35574f258031,0.0,0.0,0.0,1.0,22.78,1.0,22.78,False
CUST00001339,Alex Lee 1339,customer1339@example.com,Miami,FL,South,,Silver,3.0,True,72a269785895b9a361f3,0.0,0.0,0.0,0.0,0.0,0.0,0.0,False
CUST00001316,Morgan Patel 1316,customer1316@example.com,Albany,NY,Northeast,,Basic,,True,bb103af4f256dbb1cae2,0.0,0.0,0.0,0.0,0.0,0.0,0.0,False
CUST00001459,Jordan Brown 1459,customer1459@example.com,Los Angeles,CA,West,2020-11-08,Unknown,,True,2e9f71442c76c40e595e,0.0,0.0,0.0,0.0,0.0,0.0,0.0,False
CUST00001277,Morgan Smith 1277,customer1277@example.com,Miami,FL,South,,Unknown,3.0,True,8db9197b919650490795,0.0,0.0,0.0,0.0,0.0,0.0,0.0,False
CUST00001771,Alex Kim 1771,customer1771@example.com,Austin,TX,South,,Gold,,True,231ff1c39a965f80efc9,0.0,0.0,0.0,0.0,0.0,0.0,0.0,False
CUST00001336,Casey Smith 1336,customer1336@example.com,Aurora,CO,West,,Plus,4.0,True,99a9f933cbed213cf8cf,0.0,0.0,0.0,0.0,0.0,0.0,0.0,False
CUST00000239,Riley Garcia 239,customer239@example.com,Seattle,WA,West,,Gold,6.0,True,75914abbbcb41bd34526,0.0,0.0,0.0,0.0,0.0,0.0,0.0,False
CUST00000246,Taylor Lee 246,customer246@example.com,Chicago,IL,Midwest,2022-08-17,Gold,5.0,True,efe1d4ab3cdf6f18bfba,0.0,0.0,0.0,0.0,0.0,0.0,0.0,False
CUST00000244,Alex Smith 244,customer244@example.com,Savannah,GA,South,,Gold,,True,5dbf5e51e6ac2f6f5b07,0.0,0.0,0.0,0.0,0.0,0.0,0.0,False
CUST00000063,Riley Patel 63,customer63@example.com,Aurora,CO,West,2023-03-23,Silver,4.0,True,419318f64b6471e1bf23,0.0,0.0,0.0,0.0,0.0,0.0,0.0,False
CUST00000069,Riley Patel 69,customer69@example.com,Miami,FL,South,,Silver,5.0,False,4d0ee8ac1f1cbc2e99f9,0.0,0.0,0.0,0.0,0.0,0.0,0.0,False
CUST00001749,Alex Smith 1749,customer1749@example.com,Seattle,WA,West,,Silver,,True,6f5842273906c76b1541,0.0,0.0,0.0,0.0,0.0,0.0,0.0,False
CUST00000249,Morgan Kim 249,customer249@example.com,Austin,TX,South,2020-02-20,Basic,1.0,True,51e30bf00f512194dd2a,0.0,0.0,0.0,0.0,0.0,0.0,0.0,False
CUST00001438,Riley Kim 1438,customer1438@example.com,Chicago,IL,Midwest,,Basic,5.0,True,ee9b8625f2f1caa3cc15,0.0,0.0,0.0,0.0,0.0,0.0,0.0,False
CUST00001290,Alex Garcia 1290,customer1290@example.com,Aurora,CO,West,2021-02-10,Gold,6.0,True,197aa67479c05327a408,0.0,0.0,0.0,0.0,0.0,0.0,0.0,False
CUST00001291,Morgan Smith 1291,customer1291@example.com,Buffalo,NY,Northeast,,Unknown,5.0,True,22fe30a7a17e0c8273cc,0.0,0.0,0.0,0.0,0.0,0.0,0.0,False
CUST00001297,Taylor Lee 1297,customer1297@example.com,Albany,NY,Northeast,2023-02-05,Unknown,6.0,False,55a0c13b88007f08b8da,0.0,0.0,0.0,0.0,0.0,0.0,0.0,False
CUST00001301,Alex Kim 1301,customer1301@example.com,Aurora,CO,West,2022-02-21,Unknown,5.0,True,83b1693038e63b30c5f7,0.0,0.0,0.0,0.0,0.0,0.0,0.0,False
CUST00001405,Taylor Kim 1405,customer1405@example.com,Miami,FL,South,,Unknown,2.0,True,0b1506318c6eb760423a,0.0,0.0,0.0,0.0,0.0,0.0,0.0,False
CUST00001321,Riley Smith 1321,customer1321@example.com,Dallas,TX,South,2026-05-07,Gold,,True,e0462e9bc7ca42fcdc73,0.0,0.0,0.0,0.0,0.0,0.0,0.0,False
CUST00001337,Riley Garcia 1337,customer1337@example.com,Atlanta,GA,South,2024-05-16,Gold,3.0,True,8bd5feb9e29c83811747,0.0,0.0,0.0,0.0,0.0,0.0,0.0,False
CUST00000073,Jordan Garcia 73,customer73@example.com,Atlanta,GA,South,,Plus,1.0,False,738e18579c8348fd0b88,0.0,0.0,0.0,0.0,0.0,0.0,0.0,False
CUST00000135,Taylor Kim 135,customer135@example.com,Houston,TX,South,2024-07-22,Gold,,True,fedb787c90dc7e087037,0.0,0.0,0.0,0.0,0.0,0.0,0.0,False
CUST00000126,Taylor Garcia 126,customer126@example.com,Chicago,IL,Midwest,,Gold,,True,f43c2460bb4dafb4a357,0.0,0.0,0.0,0.0,0.0,0.0,0.0,False
CUST00000059,Casey Garcia 59,customer59@example.com,Sacramento,CA,West,,Gold,6.0,True,846fcd1c5fab7617dc26,0.0,0.0,0.0,0.0,0.0,0.0,0.0,False
CUST00000043,Morgan Lee 43,customer43@example.com,Savannah,GA,South,,Silver,1.0,True,188d8466f2e563d00dde,0.0,0.0,0.0,0.0,0.0,0.0,0.0,False
CUST00000042,Jordan Smith 42,customer42@example.com,Houston,TX,South,,Gold,2.0,True,88557db67fee92d0f532,0.0,0.0,0.0,0.0,0.0,0.0,0.0,False
CUST00000098,Casey Kim 98,customer98@example.com,Tacoma,WA,West,2020-05-21,Basic,1.0,True,60f885940edf1ca37f71,0.0,0.0,0.0,0.0,0.0,0.0,0.0,False
CUST00000616,Taylor Kim 616,customer616@example.com,Tacoma,WA,West,,Gold,2.0,True,8ea21ac714424b14dca4,0.0,0.0,0.0,0.0,0.0,0.0,0.0,False
CUST00000581,Jordan Brown 581,customer581@example.com,Austin,TX,South,2024-06-03,Gold,5.0,True,9118374ecf7ad9acf52c,0.0,0.0,0.0,0.0,0.0,0.0,0.0,False
CUST00000589,Taylor Patel 589,customer589@example.com,Albany,NY,Northeast,2020-05-12,Silver,1.0,True,bb1b77adf3b68b7c2901,0.0,0.0,0.0,0.0,0.0,0.0,0.0,False
CUST00000610,Casey Patel 610,customer610@example.com,Buffalo,NY,Northeast,2024-07-03,Gold,,True,ff0209750ce269ecac1d,0.0,0.0,0.0,0.0,0.0,0.0,0.0,False
CUST00000603,Morgan Lee 603,customer603@example.com,Chicago,IL,Midwest,,Gold,5.0,False,831ac831583b247d3720,0.0,0.0,0.0,0.0,0.0,0.0,0.0,False
CUST00000612,Taylor Patel 612,customer612@example.com,Los Angeles,CA,West,,Gold,,False,da6f5b68d5a261313e97,0.0,0.0,0.0,0.0,0.0,0.0,0.0,False
CUST00000553,Riley Smith 553,customer553@example.com,Aurora,CO,West,,Silver,6.0,True,012a0d61ed52ff38a897,0.0,0.0,0.0,0.0,0.0,0.0,0.0,False
CUST00000768,Alex Smith 768,customer768@example.com,Savannah,GA,South,2023-05-18,Unknown,,True,3a268dc77800c777d246,0.0,0.0,0.0,0.0,0.0,0.0,0.0,False
CUST00000081,Morgan Lee 81,customer81@example.com,Los Angeles,CA,West,2025-11-23,Gold,,True,39dcf33798a543184176,0.0,0.0,0.0,0.0,0.0,0.0,0.0,False
CUST00000922,Alex Smith 922,customer922@example.com,Los Angeles,CA,West,2022-10-08,Gold,4.0,True,4132de9ec612f788b122,0.0,0.0,0.0,0.0,0.0,0.0,0.0,False
CUST00000916,Jordan Smith 916,customer916@example.com,Houston,TX,South,2023-07-31,Silver,2.0,True,0e3cd09ee986f7303e5c,0.0,0.0,0.0,0.0,0.0,0.0,0.0,False
CUST00000967,Riley Brown 967,customer967@example.com,Austin,TX,South,,Gold,6.0,False,4133e9a3b50981bf9d1b,0.0,0.0,0.0,0.0,0.0,0.0,0.0,False
CUST00001591,Taylor Smith 1591,customer1591@example.com,Buffalo,NY,Northeast,2026-01-22,Gold,5.0,True,b3c917379d8beb59a489,0.0,0.0,0.0,0.0,0.0,0.0,0.0,False
CUST00001604,Riley Patel 1604,customer1604@example.com,Houston,TX,South,2020-02-20,Plus,,True,9020a1c817a792931bee,0.0,0.0,0.0,0.0,0.0,0.0,0.0,False
CUST00001599,Taylor Garcia 1599,customer1599@example.com,Austin,TX,South,,Plus,4.0,True,60bb85ccf34390f92a9a,0.0,0.0,0.0,0.0,0.0,0.0,0.0,False
CUST00000684,Riley Kim 684,customer684@example.com,Orlando,FL,South,2021-08-03,Plus,1.0,True,40e59e3e928ff420bfff,0.0,0.0,0.0,0.0,0.0,0.0,0.0,False
CUST00001586,Jordan Patel 1586,customer1586@example.com,Aurora,CO,West,,Gold,6.0,True,d3b45a6da5bbda84051f,0.0,0.0,0.0,0.0,0.0,0.0,0.0,False
CUST00000713,Taylor Kim 713,customer713@example.com,Orlando,FL,South,2020-04-04,Plus,4.0,False,d994b05ac8b7db033a37,0.0,0.0,0.0,0.0,0.0,0.0,0.0,False
CUST00000727,Alex Garcia 727,customer727@example.com,Aurora,CO,West,,Gold,1.0,True,025a80dfadaec8339f5b,0.0,0.0,0.0,0.0,0.0,0.0,0.0,False
CUST00000728,Morgan Garcia 728,customer728@example.com,Buffalo,NY,Northeast,,Plus,6.0,True,c1c5675bbce3b33ac0a9,0.0,0.0,0.0,0.0,0.0,0.0,0.0,False
CUST00000733,Riley Patel 733,customer733@example.com,Aurora,CO,West,2024-12-08,Plus,,True,1c2415e0080892e8ff08,0.0,0.0,0.0,0.0,0.0,0.0,0.0,False
CUST00000665,Riley Brown 665,customer665@example.com,Austin,TX,South,,Unknown,,True,a2dc7313c56b38bcf997,0.0,0.0,0.0,0.0,0.0,0.0,0.0,False
CUST00000667,Casey Kim 667,customer667@example.com,Dallas,TX,South,,Gold,,True,0d6d9356ab8947a9c6b5,0.0,0.0,0.0,0.0,0.0,0.0,0.0,False
CUST00000555,Jordan Lee 555,customer555@example.com,Peoria,IL,Midwest,2025-11-25,Gold,1.0,True,16827fa078a8560fa904,0.0,0.0,0.0,0.0,0.0,0.0,0.0,False
CUST00000747,Jordan Lee 747,customer747@example.com,Savannah,GA,South,2020-10-03,Gold,3.0,False,039aeb789dd3e85d8bc1,0.0,0.0,0.0,0.0,0.0,0.0,0.0,False
CUST00000632,Jordan Garcia 632,customer632@example.com,Tacoma,WA,West,2023-01-18,Plus,5.0,True,828fac0c56597a83e13f,0.0,0.0,0.0,0.0,0.0,0.0,0.0,False
CUST00001668,Taylor Kim 1668,customer1668@example.com,Tacoma,WA,West,,Unknown,,True,701674d8e78f74903c16,0.0,0.0,0.0,0.0,0.0,0.0,0.0,False
CUST00000472,Casey Brown 472,customer472@example.com,Dallas,TX,South,2023-11-12,Silver,5.0,True,f506e415005cb96d6370,0.0,0.0,0.0,0.0,0.0,0.0,0.0,False
CUST00000450,Jordan Kim 450,customer450@example.com,Peoria,IL,Midwest,2023-08-29,Gold,6.0,True,c4d60c0d3ff79e0334fe,0.0,0.0,0.0,0.0,0.0,0.0,0.0,False
CUST00000475,Casey Patel 475,customer475@example.com,Chicago,IL,Midwest,2021-01-22,Basic,,True,7d93d1b5c5ce432ca1ea,0.0,0.0,0.0,0.0,0.0,0.0,0.0,False
CUST00000480,Taylor Garcia 480,customer480@example.com,Orlando,FL,South,,Gold,5.0,True,ea215ee9e61af68249fd,0.0,0.0,0.0,0.0,0.0,0.0,0.0,False
CUST00000487,Alex Lee 487,customer487@example.com,Los Angeles,CA,West,,Gold,,True,fc6ec1267440fe5b9273,0.0,0.0,0.0,0.0,0.0,0.0,0.0,False
CUST00001653,Alex Kim 1653,customer1653@example.com,Chicago,IL,Midwest,2025-09-07,Plus,5.0,True,446bf4d1b2c914619f8c,0.0,0.0,0.0,0.0,0.0,0.0,0.0,False
CUST00000512,Alex Kim 512,customer512@example.com,Denver,CO,West,,Unknown,,True,47c4bedcb93a4efd5e70,0.0,0.0,0.0,0.0,0.0,0.0,0.0,False
CUST00000458,Casey Garcia 458,customer458@example.com,Sacramento,CA,West,,Silver,,True,2561f440e5984f1f9372,0.0,0.0,0.0,0.0,0.0,0.0,0.0,False
CUST00000459,Riley Kim 459,customer459@example.com,Peoria,IL,Midwest,2023-04-26,Basic,,True,1d4e9d28c3642189e586,0.0,0.0,0.0,0.0,0.0,0.0,0.0,False
CUST00000462,Jordan Kim 462,customer462@example.com,Austin,TX,South,2024-05-28,Gold,6.0,True,bb5cd46401a1502fd4c8,0.0,0.0,0.0,0.0,0.0,0.0,0.0,False
CUST00000469,Alex Patel 469,customer469@example.com,Tacoma,WA,West,,Unknown,,False,4e7c166e0ca8bd7a8e88,0.0,0.0,0.0,0.0,0.0,0.0,0.0,False
CUST00001085,Jordan Smith 1085,customer1085@example.com,Orlando,FL,South,,Plus,3.0,False,b7428ff541e8d7674ebe,0.0,0.0,0.0,0.0,0.0,0.0,0.0,False
CUST00001092,Alex Kim 1092,customer1092@example.com,Savannah,GA,South,,Plus,4.0,False,0b0a4ba97d50f06e04ac,0.0,0.0,0.0,0.0,0.0,0.0,0.0,False
CUST00001049,Jordan Garcia 1049,customer1049@example.com,Aurora,CO,West,2020-12-02,Basic,1.0,True,4ec46b5758d8a0722d2a,0.0,0.0,0.0,0.0,0.0,0.0,0.0,False
CUST00001059,Jordan Smith 1059,customer1059@example.com,Peoria,IL,Midwest,2020-05-25,Gold,4.0,True,ad91cfc108a70b06a652,0.0,0.0,0.0,0.0,0.0,0.0,0.0,False
CUST00001554,Taylor Kim 1554,customer1554@example.com,Los Angeles,CA,West,,Basic,6.0,True,22fd66493a3c7a7959a5,0.0,0.0,0.0,0.0,0.0,0.0,0.0,False
CUST00001555,Riley Patel 1555,customer1555@example.com,Sacramento,CA,West,2024-04-25,Plus,1.0,False,68f99fe24171bbc0a311,0.0,0.0,0.0,0.0,0.0,0.0,0.0,False
CUST00001559,Taylor Garcia 1559,customer1559@example.com,Aurora,CO,West,,Silver,3.0,True,79e335e3300c51789f91,0.0,0.0,0.0,0.0,0.0,0.0,0.0,False
CUST00001572,Riley Garcia 1572,customer1572@example.com,Buffalo,NY,Northeast,,Plus,,True,3a5064445fbf85ec88b7,0.0,0.0,0.0,0.0,0.0,0.0,0.0,False
CUST00000787,Jordan Lee 787,customer787@example.com,Peoria,IL,Midwest,2022-06-04,Gold,3.0,True,6f040106715140e3bd40,0.0,0.0,0.0,0.0,0.0,0.0,0.0,False
CUST00000845,Casey Patel 845,customer845@example.com,Peoria,IL,Midwest,2021-07-07,Gold,,True,22c693bece00410741b6,0.0,0.0,0.0,0.0,0.0,0.0,0.0,False
CUST00000848,Riley Brown 848,customer848@example.com,Savannah,GA,South,,Plus,2.0,True,107d339c4ea7cf67470d,0.0,0.0,0.0,0.0,0.0,0.0,0.0,False
CUST00000853,Morgan Lee 853,customer853@example.com,Sacramento,CA,West,,Unknown,5.0,True,871ada5b7d18b07f7d9a,0.0,0.0,0.0,0.0,0.0,0.0,0.0,False
CUST00000886,Taylor Patel 886,customer886@example.com,Los Angeles,CA,West,2024-06-18,Silver,,True,43bcdb4cf97311e3090b,0.0,0.0,0.0,0.0,0.0,0.0,0.0,False
CUST00000889,Casey Kim 889,customer889@example.com,Denver,CO,West,2026-03-12,Basic,4.0,True,5fa5c30dc573fa676640,0.0,0.0,0.0,0.0,0.0,0.0,0.0,False
CUST00000904,Riley Patel 904,customer904@example.com,Savannah,GA,South,,Basic,5.0,True,8c31478d356e0248377c,0.0,0.0,0.0,0.0,0.0,0.0,0.0,False
CUST00000844,Alex Kim 844,customer844@example.com,Dallas,TX,South,,Gold,6.0,True,3da2b0a0a09e8ac0ebea,0.0,0.0,0.0,0.0,0.0,0.0,0.0,False
CUST00000536,Morgan Brown 536,customer536@example.com,Seattle,WA,West,2023-04-02,Plus,4.0,True,102224133b08d5fd2e03,0.0,0.0,0.0,0.0,0.0,0.0,0.0,False
CUST00000624,Alex Kim 624,customer624@example.com,Tacoma,WA,West,,Unknown,4.0,True,a3622bb53bbf80c85ff7,0.0,0.0,0.0,0.0,0.0,0.0,0.0,False
CUST00000533,Casey Lee 533,customer533@example.com,Albany,NY,Northeast,,Plus,5.0,True,c3c7b5e54e862ba99c50,0.0,0.0,0.0,0.0,0.0,0.0,0.0,False
CUST00000493,Taylor Patel 493,customer493@example.com,Peoria,IL,Midwest,2024-05-29,Gold,6.0,True,16a33fed0bc7fb2ed476,0.0,0.0,0.0,0.0,0.0,0.0,0.0,False
CUST00000545,Morgan Brown 545,customer545@example.com,Sacramento,CA,West,2022-03-31,Unknown,1.0,True,587dbad3aa21b67eddec,0.0,0.0,0.0,0.0,0.0,0.0,0.0,False
CUST00000291,Jordan Brown 291,customer291@example.com,Orlando,FL,South,2023-01-04,Plus,6.0,False,549e31b016d586330bd5,0.0,0.0,0.0,0.0,0.0,0.0,0.0,False
CUST00000270,Riley Brown 270,customer270@example.com,Tacoma,WA,West,2023-05-26,Unknown,,True,b3ce9c089a2153648b4f,0.0,0.0,0.0,0.0,0.0,0.0,0.0,False
CUST00001701,Alex Kim 1701,customer1701@example.com,Albany,NY,Northeast,2025-07-25,Unknown,,True,36df3d5f449a909f15e1,0.0,0.0,0.0,0.0,0.0,0.0,0.0,False
CUST00000355,Taylor Brown 355,customer355@example.com,Aurora,CO,West,2022-01-31,Plus,3.0,True,046f42f8cdc2e811f621,0.0,0.0,0.0,0.0,0.0,0.0,0.0,False
CUST00000297,Morgan Lee 297,customer297@example.com,Tacoma,WA,West,,Gold,4.0,True,eab73b6921bba0cc7585,0.0,0.0,0.0,0.0,0.0,0.0,0.0,False
CUST00000277,Morgan Patel 277,customer277@example.com,Buffalo,NY,Northeast,2022-12-26,Gold,5.0,True,8397cb3bdc2e6ea8ebe5,0.0,0.0,0.0,0.0,0.0,0.0,0.0,False
CUST00000321,Jordan Kim 321,customer321@example.com,Chicago,IL,Midwest,2025-05-03,Gold,5.0,False,7f89386b501387f9cb9e,0.0,0.0,0.0,0.0,0.0,0.0,0.0,False
CUST00000372,Alex Kim 372,customer372@example.com,Chicago,IL,Midwest,2025-08-05,Basic,,True,398585b08f8c5d0f0640,0.0,0.0,0.0,0.0,0.0,0.0,0.0,False
CUST00000376,Taylor Patel 376,customer376@example.com,Dallas,TX,South,,Silver,,True,40ec6dcbf4cec0f73b8f,0.0,0.0,0.0,0.0,0.0,0.0,0.0,False
CUST00000385,Casey Brown 385,customer385@example.com,Savannah,GA,South,,Gold,6.0,True,cb7e2113fced54bb436a,0.0,0.0,0.0,0.0,0.0,0.0,0.0,False
CUST00000391,Casey Patel 391,customer391@example.com,Seattle,WA,West,2023-10-08,Silver,,True,6ad78d934e101a1404a2,0.0,0.0,0.0,0.0,0.0,0.0,0.0,False
CUST00001234,Taylor Smith 1234,customer1234@example.com,Austin,TX,South,2020-04-21,Basic,,True,8ff5198f21f225f28602,0.0,0.0,0.0,0.0,0.0,0.0,0.0,False
CUST00001239,Casey Garcia 1239,customer1239@example.com,Buffalo,NY,Northeast,2024-10-17,Silver,2.0,True,072c7a8af34af89a5f4e,0.0,0.0,0.0,0.0,0.0,0.0,0.0,False
CUST00001686,Riley Lee 1686,customer1686@example.com,Atlanta,GA,South,,Gold,6.0,True,61cc39774742bfc702c7,0.0,0.0,0.0,0.0,0.0,0.0,0.0,False
CUST00001248,Morgan Patel 1248,customer1248@example.com,Atlanta,GA,South,2023-04-07,Gold,5.0,True,34f74c12a0e7ae886b48,0.0,0.0,0.0,0.0,0.0,0.0,0.0,False
CUST00001205,Jordan Kim 1205,customer1205@example.com,Tacoma,WA,West,2023-07-10,Plus,6.0,True,5d4c2d035f787f6c5829,0.0,0.0,0.0,0.0,0.0,0.0,0.0,False
CUST00000956,Alex Brown 956,customer956@example.com,Albany,NY,Northeast,2020-04-06,Plus,5.0,True,54a05b16c46cc124b648,0.0,0.0,0.0,0.0,0.0,0.0,0.0,False
CUST00000952,Casey Smith 952,customer952@example.com,Miami,FL,South,,Unknown,6.0,True,bd3f7009c0e6b616c712,0.0,0.0,0.0,0.0,0.0,0.0,0.0,False
CUST00001520,Jordan Brown 1520,customer1520@example.com,Denver,CO,West,2025-08-03,Gold,1.0,True,deec88c4368ca2dc6b45,0.0,0.0,0.0,0.0,0.0,0.0,0.0,False
CUST00001544,Alex Brown 1544,customer1544@example.com,Savannah,GA,South,2020-09-08,Plus,1.0,True,17174b658cb6fa554ceb,0.0,0.0,0.0,0.0,0.0,0.0,0.0,False
CUST00001009,Alex Garcia 1009,customer1009@example.com,Buffalo,NY,Northeast,,Silver,,True,04293d5f9d8a7dc826b6,0.0,0.0,0.0,0.0,0.0,0.0,0.0,False
CUST00000990,Riley Lee 990,customer990@example.com,Dallas,TX,South,2024-08-01,Plus,2.0,True,6ed6f8d31bae1df5281a,0.0,0.0,0.0,0.0,0.0,0.0,0.0,False
CUST00001031,Casey Smith 1031,customer1031@example.com,Tacoma,WA,West,2023-06-09,Basic,5.0,True,4af6147e6d89fd60460c,0.0,0.0,0.0,0.0,0.0,0.0,0.0,False
CUST00000989,Alex Garcia 989,customer989@example.com,Seattle,WA,West,,Gold,,True,935bc935908b8cc659c2,0.0,0.0,0.0,0.0,0.0,0.0,0.0,False
CUST00001445,Jordan Smith 1445,customer1445@example.com,Austin,TX,South,,Unknown,2.0,True,7a0372e78cb6351aadae,0.0,0.0,0.0,0.0,0.0,0.0,0.0,False
CUST00001389,Taylor Brown 1389,customer1389@example.com,Savannah,GA,South,2026-05-14,Plus,2.0,True,a76daecac3ef85d30548,0.0,0.0,0.0,0.0,0.0,0.0,0.0,False
CUST00001392,Morgan Brown 1392,customer1392@example.com,Buffalo,NY,Northeast,2020-09-26,Unknown,3.0,True,d7ca16dc480afc2580a7,0.0,0.0,0.0,0.0,0.0,0.0,0.0,False
CUST00001509,Casey Smith 1509,customer1509@example.com,Seattle,WA,West,,Plus,4.0,True,c2b194d55c4840df670f,0.0,0.0,0.0,0.0,0.0,0.0,0.0,False
CUST00001142,Morgan Brown 1142,customer1142@example.com,Seattle,WA,West,,Basic,2.0,True,f05c1451fab231162b2f,0.0,0.0,0.0,0.0,0.0,0.0,0.0,False
CUST00000315,Riley Kim 315,customer315@example.com,Sacramento,CA,West,2023-10-10,Unknown,4.0,False,0ccffc120185186a5103,0.0,0.0,0.0,0.0,0.0,0.0,0.0,False
CUST00001155,Taylor Lee 1155,customer1155@example.com,Tacoma,WA,West,2021-08-23,Gold,1.0,False,ee32603e76ef2d8acdb5,0.0,0.0,0.0,0.0,0.0,0.0,0.0,False
CUST00001157,Alex Kim 1157,customer1157@example.com,Los Angeles,CA,West,,Silver,1.0,True,e94116f544facb706653,0.0,0.0,0.0,0.0,0.0,0.0,0.0,False
CUST00001102,Riley Brown 1102,customer1102@example.com,Savannah,GA,South,2025-04-22,Basic,1.0,False,c094d9dac2ad1a33c76c,0.0,0.0,0.0,0.0,0.0,0.0,0.0,False
CUST00001158,Riley Kim 1158,customer1158@example.com,Seattle,WA,West,,Silver,5.0,True,84519fb2e7a3f83bc5e1,0.0,0.0,0.0,0.0,0.0,0.0,0.0,False
CUST00001114,Morgan Garcia 1114,customer1114@example.com,Denver,CO,West,,Gold,6.0,True,52051c168fcf299b6833,0.0,0.0,0.0,0.0,0.0,0.0,0.0,False
CUST00001215,Casey Patel 1215,customer1215@example.com,Los Angeles,CA,West,,Silver,,True,3b803b2c6cca775c53cd,0.0,0.0,0.0,0.0,0.0,0.0,0.0,False
CUST00001216,Casey Patel 1216,customer1216@example.com,Denver,CO,West,2024-06-23,Silver,4.0,True,9f8cc447b1ef61eafed7,0.0,0.0,0.0,0.0,0.0,0.0,0.0,False
CUST00001103,Jordan Kim 1103,customer1103@example.com,Dallas,TX,South,2022-02-10,Gold,6.0,True,5435f4c5757c2cfa4477,0.0,0.0,0.0,0.0,0.0,0.0,0.0,False
CUST00001168,Jordan Smith 1168,customer1168@example.com,Seattle,WA,West,,Unknown,5.0,True,9c2b16026119946c99e5,0.0,0.0,0.0,0.0,0.0,0.0,0.0,False
CUST00000395,Riley Smith 395,customer395@example.com,Peoria,IL,Midwest,,Gold,5.0,True,7b65037a40be229d0ee0,0.0,0.0,0.0,0.0,0.0,0.0,0.0,False
CUST00000401,Casey Kim 401,customer401@example.com,Los Angeles,CA,West,,Silver,,False,9c88588919fbd04baeb1,0.0,0.0,0.0,0.0,0.0,0.0,0.0,False
CUST00000404,Alex Smith 404,customer404@example.com,Sacramento,CA,West,2021-05-05,Basic,4.0,False,c7a9d9555b5d4d1fe2dc,0.0,0.0,0.0,0.0,0.0,0.0,0.0,False
CUST00001727,Riley Lee 1727,customer1727@example.com,Atlanta,GA,South,2025-05-12,Plus,2.0,True,af0567f93ce66dc19159,0.0,0.0,0.0,0.0,0.0,0.0,0.0,False
CUST00001732,Morgan Lee 1732,customer1732@example.com,Sacramento,CA,West,,Gold,,True,e078a1b06df799e17344,0.0,0.0,0.0,0.0,0.0,0.0,0.0,False
CUST00001733,Taylor Kim 1733,customer1733@example.com,Miami,FL,South,,Gold,,True,9a54e9983817014386ae,0.0,0.0,0.0,0.0,0.0,0.0,0.0,False
CUST00001217,Riley Garcia 1217,customer1217@example.com,Austin,TX,South,2021-12-12,Gold,3.0,True,9834380d2442e8ce96b8,0.0,0.0,0.0,0.0,0.0,0.0,0.0,False
CUST00001428,Alex Smith 1428,customer1428@example.com,Miami,FL,South,2023-01-09,Unknown,4.0,False,880b25b6e55394a8e6be,0.0,0.0,0.0,0.0,0.0,0.0,0.0,False
CUST00000232,Riley Garcia 232,customer232@example.com,Tacoma,WA,West,2023-05-26,Silver,,True,f3468aa5f285c982bb82,0.0,0.0,0.0,0.0,0.0,0.0,0.0,False
CUST00001705,Taylor Lee 1705,customer1705@example.com,Austin,TX,South,2024-06-30,Silver,,True,c05ee0e1e177be6e9049,0.0,0.0,0.0,0.0,0.0,0.0,0.0,False
CUST00000188,Morgan Brown 188,customer188@example.com,Miami,FL,South,,Gold,,False,19e5782a13c87babcffb,0.0,0.0,0.0,0.0,0.0,0.0,0.0,False
CUST00001708,Morgan Lee 1708,customer1708@example.com,Tacoma,WA,West,,Gold,,True,ee184a7a49825028d1df,0.0,0.0,0.0,0.0,0.0,0.0,0.0,False
CUST00000201,Alex Brown 201,customer201@example.com,Seattle,WA,West,2025-04-05,Gold,2.0,True,3c276ada2008c7025339,0.0,0.0,0.0,0.0,0.0,0.0,0.0,False
CUST00000226,Morgan Smith 226,customer226@example.com,Seattle,WA,West,,Silver,2.0,True,47e7d89c58a7d22fc831,0.0,0.0,0.0,0.0,0.0,0.0,0.0,False
CUST00000227,Alex Kim 227,customer227@example.com,Buffalo,NY,Northeast,2023-06-17,Gold,6.0,True,0f73702d2d090329d72f,0.0,0.0,0.0,0.0,0.0,0.0,0.0,False
CUST00000037,Jordan Patel 37,customer37@example.com,Denver,CO,West,,Unknown,1.0,True,94baf0f71c4cf4dbba6b,0.0,0.0,0.0,0.0,0.0,0.0,0.0,False
CUST00000155,Casey Brown 155,customer155@example.com,Atlanta,GA,South,2023-02-25,Gold,5.0,True,88b9ecc88d0ee7c8dbb4,0.0,0.0,0.0,0.0,0.0,0.0,0.0,False
CUST00000031,Alex Brown 31,customer31@example.com,Atlanta,GA,South,,Unknown,1.0,True,731d568e972cda0c1fac,0.0,0.0,0.0,0.0,0.0,0.0,0.0,False
CUST00000030,Alex Garcia 30,customer30@example.com,Denver,CO,West,,Silver,5.0,True,ab810e5ab511c7722c9e,0.0,0.0,0.0,0.0,0.0,0.0,0.0,False
CUST00000106,Alex Patel 106,customer106@example.com,Houston,TX,South,2022-11-21,Gold,3.0,True,87f240b6daea22060db0,0.0,0.0,0.0,0.0,0.0,0.0,0.0,False
CUST00000017,Alex Garcia 17,customer17@example.com,Austin,TX,South,2024-12-28,Silver,,False,27bb2cbe68401665d024,0.0,0.0,0.0,0.0,0.0,0.0,0.0,False
CUST00000011,Taylor Patel 11,customer11@example.com,Savannah,GA,South,2023-09-01,Silver,5.0,True,561ed94c49df108322d5,0.0,0.0,0.0,0.0,0.0,0.0,0.0,False
CUST00000010,Riley Kim 10,customer10@example.com,Denver,CO,West,,Basic,3.0,True,65613d323654cf290397,0.0,0.0,0.0,0.0,0.0,0.0,0.0,False
