transaction_date,store_id,department,transaction_count,units,net_sales,gross_margin,markdown_amount
2026-04-01,STR0002,Electronics,1,2.0,695.21,113.02999999999997,100.27999999999997
2026-04-01,STR0002,Health & Beauty,1,1.0,861.62,455.21,0.0
2026-04-01,STR0002,Home,1,1.0,34.25,-2.509999999999998,9.810000000000002
2026-04-01,STR0002,Sports,2,6.0,1682.15,470.5,403.98999999999995
2026-04-01,STR0004,Apparel,3,9.0,7187.2,4149.95,179.95999999999992
2026-04-01,STR0004,Automotive,3,7.0,1355.54,331.07,108.72000000000003
2026-04-01,STR0004,Grocery,2,3.0,1009.98,179.66000000000003,2.6900000000000013
2026-04-01,STR0004,Health & Beauty,1,3.0,836.73,420.81000000000006,92.96999999999986
2026-04-01,STR0004,Home,4,10.0,1550.47,430.13,314.4
2026-04-01,STR0004,Office,1,1.0,245.67,81.45999999999998,0.0
2026-04-01,STR0005,Apparel,1,4.0,1615.24,651.64,0.0
2026-04-01,STR0005,Automotive,2,10.0,2117.14,301.86,253.86000000000013
2026-04-01,STR0005,Electronics,1,3.0,1225.1999999999998,523.1999999999998,0.0
2026-04-01,STR0005,Home,1,1.0,416.38,11.629999999999995,21.920000000000016
2026-04-01,STR0005,Office,1,4.0,1298.64,432.48000000000013,0.0
2026-04-01,STR0007,Electronics,1,3.0,1258.72,636.79,0.0
2026-04-01,STR0007,Home,1,4.0,332.84,177.51999999999998,0.0
2026-04-01,STR0009,Apparel,2,8.0,1545.46,774.0799999999999,172.25999999999996
2026-04-01,STR0009,Automotive,1,2.0,836.22,467.56,93.01999999999998
2026-04-01,STR0009,Office,1,1.0,294.58,82.01999999999998,74.15000000000003
2026-04-01,STR0010,Automotive,1,5.0,581.7,-35.94999999999993,145.45000000000002
2026-04-01,STR0010,Home,2,7.0,2137.7200000000003,745.29,107.66999999999996
2026-04-01,STR0010,Office,1,2.0,224.52,79.34,0.0
2026-04-01,STR0011,Automotive,1,5.0,2122.4,626.8499999999999,235.79999999999984
2026-04-01,STR0011,Home,1,2.0,883.36,194.15999999999997,0.0
2026-04-01,STR0011,Office,1,2.0,1461.28,771.88,0.0
2026-04-01,STR0015,Automotive,1,2.0,979.6,384.44000000000005,0.0
2026-04-01,STR0015,Health & Beauty,1,4.0,982.28,576.2,0.0
2026-04-01,STR0015,Home,1,4.0,578.96,237.40000000000003,144.7199999999999
2026-04-01,STR0016,Home,1,1.0,398.49,202.72,21.079999999999984
2026-04-01,STR0017,Apparel,1,4.0,3637.36,2236.92,0.0
2026-04-01,STR0017,Electronics,1,1.0,399.23,191.92000000000002,21.00999999999999
2026-04-01,STR0017,Office,1,5.0,1239.8,680.0,65.24999999999991
2026-04-01,STR0018,Apparel,2,2.0,601.23,127.33000000000004,122.30999999999995
2026-04-01,STR0018,Automotive,1,4.0,1202.4,748.6800000000001,0.0
2026-04-01,STR0018,Health & Beauty,1,1.0,356.5,45.22000000000003,0.0
2026-04-01,STR0018,Office,1,1.0,422.13,8.069999999999993,46.89999999999998
2026-04-01,STR0019,Home,1,4.0,2133.4,1177.6000000000001,376.48
2026-04-01,STR0019,Sports,1,5.0,1395.35,283.0,73.44999999999999
2026-04-01,STR0020,Apparel,2,8.0,1924.71,482.55,167.56999999999994
2026-04-01,STR0020,Automotive,1,1.0,31.21,7.760000000000002,1.6400000000000006
2026-04-01,STR0020,Sports,1,5.0,1849.1,846.4999999999999,0.0
2026-04-01,STR0021,Health & Beauty,2,6.0,4611.28,2661.12,242.79999999999995
2026-04-01,STR0021,Home,2,3.0,1006.48,315.93999999999994,78.24000000000001
2026-04-01,STR0023,Electronics,1,5.0,2638.65,1456.6000000000001,138.89999999999986
2026-04-01,STR0023,Sports,1,4.0,232.4,-24.400000000000006,58.08000000000001
2026-04-01,STR0024,Automotive,1,1.0,95.99,27.879999999999995,10.670000000000002
2026-04-01,STR0024,Grocery,1,1.0,837.72,428.87,0.0
2026-04-01,STR0024,Office,1,2.0,1462.14,803.4200000000001,162.4599999999998
2026-04-01,STR_UNKNOWN,Health & Beauty,1,2.0,662.52,265.65999999999997,0.0
2026-04-01,STR_UNKNOWN,Sports,1,4.0,1149.66,490.38000000000017,55.28999999999985
2026-04-02,STR0001,Apparel,1,2.0,783.62,305.42,138.46000000000004
2026-04-02,STR0001,Automotive,1,1.0,122.73,56.63000000000001,0.0
2026-04-02,STR0001,Home,1,2.0,883.44,417.02000000000004,98.15999999999997
2026-04-02,STR0002,Apparel,1,1.0,326.52,164.58999999999997,0.0
2026-04-02,STR0002,Health & Beauty,1,4.0,2671.04,1410.0,296.8000000000002
2026-04-02,STR0002,Office,1,2.0,162.96,55.08000000000001,8.579999999999984
2026-04-02,STR0002,Sports,1,2.0,1039.86,155.25999999999988,54.74000000000001
2026-04-02,STR0003,Health & Beauty,1,3.0,140.22,27.599999999999994,0.0
2026-04-02,STR0003,Home,1,1.0,180.92,95.52999999999999,0.0
2026-04-02,STR0003,Office,1,1.0,309.02,4.329999999999984,54.53000000000003
2026-04-02,STR0003,Sports,1,5.0,2455.7,1354.7499999999998,0.0
2026-04-02,STR0004,Electronics,1,5.0,4096.05,2288.1500000000005,0.0
2026-04-02,STR0004,Grocery,2,7.0,3151.23,1642.6100000000001,26.40000000000002
2026-04-02,STR0004,Health & Beauty,1,1.0,12.36,5.4399999999999995,3.09
2026-04-02,STR0004,Office,2,11.0,5627.129999999999,1914.3399999999992,693.0800000000004
2026-04-02,STR0005,Grocery,1,1.0,398.25,61.98000000000002,70.45999999999998
2026-04-02,STR0006,Automotive,1,1.0,109.46,43.36,12.27000000000001
2026-04-02,STR0006,Grocery,1,3.0,1256.85,27.539999999999964,221.79000000000002
2026-04-02,STR0006,Sports,1,5.0,2846.17,1106.22,316.2499999999999
2026-04-02,STR0008,Electronics,1,5.0,4177.200000000001,2578.5500000000006,0.0
2026-04-02,STR0008,Health & Beauty,1,1.0,335.12,185.02,37.24000000000001
2026-04-02,STR0008,Home,1,1.0,371.64,105.01999999999998,19.560000000000002
2026-04-02,STR0009,Apparel,1,3.0,916.96,312.18,68.54000000000002
2026-04-02,STR0009,Electronics,2,3.0,1629.27,830.1700000000001,91.46000000000004
2026-04-02,STR0009,Home,2,6.0,2518.8599999999997,1303.84,68.53999999999996
2026-04-02,STR0009,Office,1,7.0,2929.67,1568.12,73.05999999999995
2026-04-02,STR0009,Sports,2,8.0,2374.19,721.1300000000001,465.6599999999999
2026-04-02,STR0010,Health & Beauty,1,2.0,354.94,180.74,62.639999999999986
2026-04-02,STR0010,Home,1,5.0,4042.58,1856.81,631.0799999999999
2026-04-02,STR0010,Office,1,6.0,912.45,279.51,96.85000000000002
2026-04-02,STR0010,Sports,1,1.0,339.92,44.0,59.99000000000001
2026-04-02,STR0011,Automotive,1,3.0,484.54,139.27000000000004,85.86000000000001
2026-04-02,STR0011,Office,1,2.0,1126.36,284.79999999999995,59.38000000000011
2026-04-02,STR0012,Apparel,1,1.0,452.81,243.39000000000001,50.870000000000005
2026-04-02,STR0012,Health & Beauty,1,3.0,1442.85,485.44000000000005,40.299999999999955
2026-04-02,STR0012,Home,1,2.0,1254.94,777.0400000000001,0.0
2026-04-02,STR0013,Electronics,1,1.0,341.8,192.60000000000002,0.0
2026-04-02,STR0013,Home,1,1.0,569.05,131.71999999999997,142.26
2026-04-02,STR0015,Electronics,1,3.0,280.04999999999995,148.43999999999997,0.0
2026-04-02,STR0015,Health & Beauty,1,2.0,615.76,222.89999999999998,68.41999999999996
2026-04-02,STR0015,Sports,1,1.0,872.8,486.0799999999999,0.0
2026-04-02,STR0016,Sports,1,1.0,165.76,50.599999999999994,18.420000000000016
2026-04-02,STR0017,Automotive,1,2.0,707.18,401.97999999999996,37.22000000000003
2026-04-02,STR0017,Health & Beauty,1,3.0,1430.22,571.2,357.5699999999998
2026-04-02,STR0017,Home,1,3.0,2549.91,1263.84,637.47
2026-04-02,STR0017,Office,1,3.0,255.31,93.49000000000001,0.0
2026-04-02,STR0017,Sports,2,5.0,1953.8999999999999,1007.6899999999998,11.070000000000036
2026-04-02,STR0018,Apparel,1,3.0,493.24,61.39000000000004,0.0
2026-04-02,STR0018,Automotive,1,4.0,2387.48,902.48,0.0
2026-04-02,STR0018,Health & Beauty,1,1.0,202.05,100.56000000000002,10.629999999999995
2026-04-02,STR0018,Home,1,1.0,173.65,78.44000000000001,30.819999999999993
2026-04-02,STR0018,Office,1,5.0,883.5,321.0,0.0
2026-04-02,STR0019,Apparel,2,4.0,694.9,371.68,0.0
2026-04-02,STR0019,Electronics,1,5.0,829.6500000000001,254.35000000000014,43.64999999999995
2026-04-02,STR0019,Health & Beauty,1,3.0,872.3399999999999,283.04999999999995,153.93
2026-04-02,STR0019,Office,1,2.0,1024.2,534.6600000000001,0.0
2026-04-02,STR0020,Home,1,4.0,3921.64,2454.8,0.0
2026-04-02,STR0021,Office,1,3.0,550.77,288.78,0.0
2026-04-02,STR0025,Apparel,1,3.0,2496.24,1482.1899999999998,131.42999999999995
2026-04-02,STR0025,Automotive,1,5.0,894.71,455.96,135.2700000000001
2026-04-02,STR0025,Home,1,1.0,391.2,124.57999999999998,0.0
2026-04-02,STR0025,Sports,1,3.0,240.66,123.80999999999999,0.0
2026-04-03,STR0002,Apparel,1,2.0,699.5,261.2,174.88
2026-04-03,STR0002,Automotive,1,3.0,952.92,322.76999999999987,0.0
2026-04-03,STR0003,Apparel,1,1.0,164.14,66.41999999999999,41.03
2026-04-03,STR0003,Home,1,2.0,837.78,184.95999999999992,147.84000000000003
2026-04-03,STR0003,Sports,1,1.0,368.53,170.95999999999998,0.0
2026-04-03,STR0005,Apparel,2,6.0,3698.1899999999996,1610.2799999999997,242.7000000000001
2026-04-03,STR0005,Automotive,1,4.0,17.4,-527.28,1.0
2026-04-03,STR0005,Electronics,1,2.0,637.74,7.039999999999964,160.67999999999995
2026-04-03,STR0005,Health & Beauty,1,3.0,173.22,1.049999999999983,19.259999999999984
2026-04-03,STR0005,Home,1,5.0,2342.2,675.0499999999997,123.30000000000013
2026-04-03,STR0005,Office,1,5.0,4543.25,2301.5,0.0
2026-04-03,STR0005,Sports,1,1.0,519.93,77.62999999999994,27.370000000000005
2026-04-03,STR0006,Home,1,3.0,1278.8899999999999,459.32,123.48000000000002
2026-04-03,STR0008,Electronics,1,2.0,500.74,24.180000000000007,26.399999999999977
2026-04-03,STR0008,Health & Beauty,1,2.0,1001.64,497.18,0.0
2026-04-03,STR0008,Office,1,5.0,1798.7,435.54999999999995,0.0
2026-04-03,STR0009,Electronics,1,1.0,283.45,171.45,0.0
2026-04-03,STR0009,Grocery,1,2.0,399.72,122.96000000000004,99.91999999999996
2026-04-03,STR0009,Home,1,3.0,1095.2,299.21,98.82
2026-04-03,STR0009,Office,1,6.0,2297.4,423.48000000000013,385.42000000000013
2026-04-03,STR0009,Sports,1,1.0,456.41,159.05,50.70999999999998
2026-04-03,STR0010,Apparel,1,6.0,3433.1,1621.7599999999998,134.85000000000014
2026-04-03,STR0010,Health & Beauty,1,4.0,2757.2,1131.5599999999997,689.2800000000002
2026-04-03,STR0011,Apparel,1,2.0,363.3,3.420000000000016,40.579999999999984
2026-04-03,STR0011,Automotive,1,1.0,300.6,187.17000000000002,0.0
2026-04-03,STR0011,Electronics,1,1.0,50.39,9.57,2.700000000000003
2026-04-03,STR0011,Grocery,1,4.0,2863.48,1587.2,318.15999999999985
2026-04-03,STR0014,Apparel,1,1.0,432.38,222.96,76.30000000000001
2026-04-03,STR0014,Automotive,1,1.0,597.37,226.12,0.0
2026-04-03,STR0014,Home,1,2.0,963.4100000000001,433.79,65.91999999999996
2026-04-03,STR0014,Office,1,7.0,3775.9900000000002,1959.4700000000003,62.280000000000086
2026-04-03,STR0014,Sports,1,1.0,509.35,216.73000000000002,90.24000000000001
2026-04-03,STR0015,Grocery,1,1.0,286.01,44.079999999999984,32.0
2026-04-03,STR0015,Home,1,5.0,658.3,19.75,34.650000000000034
2026-04-03,STR0015,Office,1,1.0,773.67,354.09999999999997,136.5300000000001
2026-04-03,STR0015,Sports,1,3.0,2665.3,1538.2600000000002,0.0
2026-04-03,STR0016,Apparel,1,5.0,568.45,141.76000000000002,13.019999999999989
2026-04-03,STR0016,Electronics,1,1.0,525.74,190.37,0.0
2026-04-03,STR0016,Office,1,4.0,2551.84,1029.16,450.67999999999984
2026-04-03,STR0018,Apparel,2,10.0,3038.2200000000003,1629.8000000000002,153.05999999999995
2026-04-03,STR0018,Automotive,2,8.0,1033.55,254.23000000000005,38.160000000000025
2026-04-03,STR0018,Grocery,1,3.0,1402.51,219.0999999999999,248.40000000000003
2026-04-03,STR0018,Health & Beauty,1,4.0,1987.28,361.76,0.0
2026-04-03,STR0018,Office,2,6.0,1424.46,355.49999999999994,75.33999999999997
2026-04-03,STR0019,Apparel,1,2.0,1817.68,1117.46,0.0
2026-04-03,STR0019,Automotive,1,2.0,601.2,374.34000000000003,0.0
2026-04-03,STR0019,Electronics,1,2.0,868.86,291.1,0.0
2026-04-03,STR0019,Health & Beauty,1,2.0,447.42,133.54000000000002,0.0
2026-04-03,STR0021,Health & Beauty,1,5.0,515.4,262.34999999999997,130.09999999999997
2026-04-03,STR0021,Sports,1,5.0,3203.95,1312.9499999999998,168.6500000000001
2026-04-03,STR0022,Apparel,1,4.0,777.64,386.76,41.039999999999964
2026-04-03,STR0023,Electronics,1,6.0,2039.53,523.2299999999999,221.81
2026-04-03,STR0023,Home,1,2.0,891.78,550.56,0.0
2026-04-03,STR0025,Electronics,1,5.0,2164.7,611.8,0.0
2026-04-04,STR0001,Home,1,2.0,694.76,169.26,123.48000000000002
2026-04-04,STR0002,Apparel,1,1.0,362.81,132.49,90.94999999999999
2026-04-04,STR0002,Electronics,1,4.0,256.68,27.439999999999998,45.31999999999999
2026-04-04,STR0002,Grocery,1,2.0,121.54,24.540000000000006,0.0
2026-04-04,STR0003,Apparel,1,2.0,850.42,247.38,94.5
2026-04-04,STR0003,Automotive,1,1.0,459.17,60.56,0.0
2026-04-04,STR0003,Grocery,1,8.0,3053.46,1156.29,209.33999999999992
2026-04-04,STR0003,Sports,1,3.0,1506.67,708.2200000000001,0.0
2026-04-04,STR0004,Home,1,3.0,932.3700000000001,523.5900000000001,164.51999999999992
2026-04-04,STR0005,Automotive,1,1.0,250.52,20.580000000000013,62.87999999999997
2026-04-04,STR0010,Automotive,1,4.0,360.64,88.19999999999999,64.0
2026-04-04,STR0010,Grocery,1,2.0,1358.46,687.08,340.1199999999999
2026-04-04,STR0010,Health & Beauty,1,1.0,427.26,184.63,106.82000000000005
2026-04-04,STR0010,Home,1,2.0,556.98,224.68,29.319999999999936
2026-04-04,STR0013,Apparel,2,6.0,4593.67,2788.44,241.76
2026-04-04,STR0013,Electronics,1,4.0,2220.04,1274.4,0.0
2026-04-04,STR0013,Home,1,5.0,799.9,488.45,0.0
2026-04-04,STR0013,Office,1,1.0,721.5,406.83,0.0
2026-04-04,STR0013,Sports,1,5.0,472.02000000000004,472.02000000000004,90.27999999999997
2026-04-04,STR0016,Electronics,1,4.0,496.72,-5.319999999999993,124.15999999999997
2026-04-04,STR0016,Home,1,1.0,490.8,257.59000000000003,0.0
2026-04-04,STR0016,Office,1,2.0,1501.26,739.92,0.0
2026-04-04,STR0016,Sports,1,2.0,92.4,38.480000000000004,0.0
2026-04-04,STR0017,Apparel,1,1.0,42.43,14.64,0.0
2026-04-04,STR0017,Electronics,1,1.0,836.44,516.71,0.0
2026-04-04,STR0017,Health & Beauty,1,2.0,55.78,16.660000000000004,0.0
2026-04-04,STR0017,Office,1,5.0,1133.5,488.0999999999999,283.3500000000001
2026-04-04,STR0017,Sports,1,3.0,1628.52,458.6700000000001,407.12999999999977
2026-04-04,STR0018,Apparel,1,2.0,739.04,264.42999999999995,84.13000000000002
2026-04-04,STR0018,Automotive,1,4.0,978.32,473.00000000000006,244.60000000000002
2026-04-04,STR0018,Electronics,1,1.0,325.52,30.099999999999966,0.0
2026-04-04,STR0018,Sports,1,6.0,2608.5,1221.1799999999998,73.96000000000004
2026-04-04,STR0019,Apparel,1,1.0,303.09,128.28999999999996,75.77000000000004
2026-04-04,STR0020,Grocery,1,1.0,26.93,8.629999999999999,0.0
2026-04-04,STR0020,Sports,1,3.0,644.47,358.78000000000003,0.0
2026-04-04,STR0023,Electronics,3,9.0,2551.61,852.51,120.50999999999988
2026-04-04,STR0023,Grocery,1,1.0,434.27,130.85999999999996,48.25
2026-04-04,STR0023,Home,2,2.0,968.23,413.98,189.7899999999999
2026-04-04,STR0023,Office,1,2.0,495.92,272.0,26.099999999999966
2026-04-04,STR0024,Apparel,1,5.0,170.0,60.95,43.00000000000001
2026-04-04,STR0024,Automotive,1,2.0,775.5,417.56,0.0
2026-04-04,STR0024,Electronics,1,1.0,336.19,128.88,84.05000000000001
2026-04-04,STR0024,Health & Beauty,1,2.0,881.88,49.67999999999995,220.95999999999992
2026-04-04,STR0024,Home,1,1.0,417.75,90.94,46.420000000000016
2026-04-04,STR0024,Office,1,7.0,6218.17,3685.04,122.22000000000003
2026-04-04,STR0025,Grocery,1,2.0,449.68,172.92000000000002,49.95999999999998
2026-04-05,STR0002,Automotive,1,3.0,87.71000000000001,17.360000000000014,9.840000000000003
2026-04-05,STR0002,Home,1,1.0,370.09,159.90999999999997,0.0
2026-04-05,STR0003,Health & Beauty,1,2.0,187.57,89.16,19.519999999999996
2026-04-05,STR0004,Electronics,1,2.0,826.42,4.1200000000000045,145.84000000000003
2026-04-05,STR0004,Grocery,1,5.0,1343.5,426.0,0.0
2026-04-05,STR0004,Health & Beauty,1,3.0,2590.91,1265.21,0.0
2026-04-05,STR0004,Home,1,5.0,1802.41,923.5799999999999,0.0
2026-04-05,STR0004,Sports,1,1.0,124.99,65.8,0.0
2026-04-05,STR0005,Apparel,1,1.0,727.87,377.76,181.97000000000003
2026-04-05,STR0005,Health & Beauty,1,2.0,129.8,77.06,7.099999999999994
2026-04-05,STR0005,Office,1,2.0,2093.56,1221.54,232.6199999999999
2026-04-05,STR0006,Electronics,1,2.0,186.7,98.96,0.0
2026-04-05,STR0008,Office,1,4.0,890.96,244.96000000000004,0.0
2026-04-05,STR0009,Apparel,1,2.0,2271.2,1397.6999999999998,0.0
2026-04-05,STR0009,Health & Beauty,1,5.0,1234.6,541.4,309.9
2026-04-05,STR0010,Apparel,1,4.0,1970.24,926.7,295.62000000000006
2026-04-05,STR0010,Grocery,1,2.0,509.9,142.89999999999998,26.899999999999977
2026-04-05,STR0010,Health & Beauty,1,4.0,2522.68,1261.6399999999999,445.1600000000003
2026-04-05,STR0011,Electronics,1,2.0,1051.48,380.74,0.0
2026-04-05,STR0011,Home,1,2.0,834.44,155.7800000000001,0.0
2026-04-05,STR0011,Office,1,4.0,728.82,227.18000000000004,18.180000000000007
2026-04-05,STR0011,Sports,2,6.0,2319.23,745.3,116.16000000000003
2026-04-05,STR0012,Apparel,1,5.0,1873.85,642.87,34.06
2026-04-05,STR0012,Home,1,5.0,2352.9,340.8499999999999,0.0
2026-04-05,STR0012,Sports,1,5.0,3592.4,1579.65,0.0
2026-04-05,STR0015,Health & Beauty,1,3.0,2067.8999999999996,848.6699999999996,516.9600000000002
2026-04-05,STR0015,Home,1,3.0,1913.5,870.6999999999998,478.86
2026-04-05,STR0015,Sports,1,3.0,172.3,-20.30000000000001,43.56000000000001
2026-04-05,STR0018,Sports,1,1.0,710.28,334.59999999999997,177.82000000000005
2026-04-05,STR0019,Office,1,1.0,186.87,77.54,0.0
2026-04-05,STR0021,Automotive,1,4.0,1959.2,768.8800000000001,0.0
2026-04-05,STR0023,Apparel,1,2.0,1325.54,445.5799999999999,0.0
2026-04-05,STR0024,Apparel,2,4.0,1033.3700000000001,378.7700000000001,31.05000000000001
2026-04-05,STR0024,Home,1,2.0,740.18,319.81999999999994,0.0
2026-04-05,STR0025,Electronics,1,2.0,905.18,529.1199999999999,47.74000000000001
2026-04-05,STR0025,Office,1,1.0,867.08,444.24000000000007,153.18999999999994
2026-04-06,STR0001,Sports,1,5.0,563.15,340.65,29.650000000000034
2026-04-06,STR0002,Electronics,1,5.0,1122.3,-69.10000000000014,198.04999999999993
2026-04-06,STR0002,Home,3,5.0,2840.47,1198.1599999999999,140.03999999999996
2026-04-06,STR0002,Office,1,5.0,817.45,479.45000000000005,43.049999999999926
2026-04-06,STR0003,Sports,1,1.0,924.12,519.13,0.0
2026-04-06,STR0004,Automotive,1,1.0,89.31,19.450000000000003,15.759999999999991
2026-04-06,STR0004,Office,1,1.0,716.91,320.53,0.0
2026-04-06,STR0004,Sports,1,2.0,505.36,21.840000000000032,126.34000000000003
2026-04-06,STR0006,Automotive,1,3.0,3029.2200000000003,1872.6900000000003,0.0
2026-04-06,STR0007,Apparel,1,2.0,878.0,32.89999999999998,220.74
2026-04-06,STR0008,Electronics,1,5.0,2119.25,545.2,0.0
2026-04-06,STR0008,Office,1,5.0,70.4,19.500000000000007,0.0
2026-04-06,STR0008,Sports,1,1.0,454.68,154.81,50.51999999999998
2026-04-06,STR0011,Health & Beauty,1,1.0,1.37,-126.05,0.06999999999999984
2026-04-06,STR0011,Home,1,5.0,1963.1999999999998,797.1499999999999,490.8000000000001
2026-04-06,STR0011,Sports,1,2.0,760.0,263.14,40.25999999999999
2026-04-06,STR0012,Electronics,1,1.0,157.19,42.129999999999995,17.47
2026-04-06,STR0012,Health & Beauty,1,4.0,2051.56,468.72,0.0
2026-04-06,STR0012,Home,1,4.0,861.2,191.0,215.27999999999997
2026-04-06,STR0013,Apparel,1,3.0,1597.0,340.75,84.30000000000007
2026-04-06,STR0013,Automotive,1,3.0,775.63,378.28999999999996,61.940000000000055
2026-04-06,STR0013,Grocery,1,1.0,18.28,-4.989999999999998,2.59
2026-04-06,STR0014,Automotive,1,2.0,681.96,45.98000000000002,170.5
2026-04-06,STR0014,Electronics,1,1.0,649.9,247.89,0.0
2026-04-06,STR0014,Grocery,1,2.0,1020.06,442.79999999999995,180.18000000000006
2026-04-06,STR0014,Sports,1,2.0,597.68,238.33999999999997,105.82000000000005
2026-04-06,STR0015,Electronics,1,1.0,477.46,289.42999999999995,0.0
2026-04-06,STR0015,Health & Beauty,1,5.0,1657.8000000000002,943.5500000000001,0.0
2026-04-06,STR0017,Automotive,2,5.0,2577.42,1104.5100000000002,286.5099999999998
2026-04-06,STR0017,Health & Beauty,2,8.0,2206.36,966.6400000000001,551.5999999999999
2026-04-06,STR0017,Sports,1,5.0,3431.9,1845.3500000000001,0.0
2026-04-06,STR0019,Grocery,1,4.0,710.4,100.55999999999995,0.0
2026-04-06,STR0019,Office,1,2.0,529.64,87.12,132.41999999999996
2026-04-06,STR0019,Sports,1,2.0,180.68,63.72000000000001,9.620000000000005
2026-04-06,STR0020,Apparel,1,2.0,76.4,32.78000000000001,8.599999999999994
2026-04-06,STR0020,Automotive,1,1.0,564.6,253.60000000000002,0.0
2026-04-06,STR0020,Electronics,1,1.0,35.25,16.2,4.140000000000001
2026-04-06,STR0020,Grocery,1,1.0,215.12,31.620000000000005,53.77999999999997
2026-04-06,STR0021,Apparel,1,3.0,1314.76,416.28999999999996,329.1899999999999
2026-04-06,STR0021,Sports,1,4.0,1605.56,972.3599999999999,0.0
2026-04-06,STR0022,Automotive,1,2.0,330.46,31.339999999999975,0.0
2026-04-06,STR0022,Electronics,1,1.0,485.13,73.98000000000002,0.0
2026-04-06,STR0024,Automotive,1,1.0,859.55,496.62999999999994,0.0
2026-04-06,STR0024,Electronics,1,2.0,107.48,42.16000000000001,0.0
2026-04-06,STR0024,Grocery,1,2.0,118.28,59.5,0.0
2026-04-06,STR0024,Health & Beauty,1,2.0,608.97,105.76999999999998,152.23999999999995
2026-04-06,STR0025,Automotive,1,4.0,1770.69,211.19,120.0
2026-04-06,STR0025,Electronics,2,3.0,841.0899999999999,177.06,69.98000000000002
2026-04-06,STR0025,Grocery,1,6.0,3252.68,1812.7,159.07999999999993
2026-04-06,STR0025,Home,2,4.0,640.62,316.1,19.430000000000007
2026-04-07,STR0001,Apparel,1,2.0,423.62,175.86,0.0
2026-04-07,STR0001,Automotive,2,3.0,2967.01,1832.4099999999999,0.0
2026-04-07,STR0001,Electronics,1,3.0,232.18,122.35000000000001,26.340000000000003
2026-04-07,STR0001,Grocery,1,4.0,1088.04,120.31999999999994,192.0
2026-04-07,STR0001,Health & Beauty,1,1.0,371.36,221.26000000000002,0.0
2026-04-07,STR0001,Home,1,3.0,365.59000000000003,31.68000000000002,22.35000000000001
2026-04-07,STR0002,Automotive,1,5.0,1348.95,298.70000000000005,238.2499999999999
2026-04-07,STR0002,Grocery,1,1.0,112.15,35.30000000000001,12.459999999999994
2026-04-07,STR0002,Health & Beauty,2,7.0,1735.8400000000001,699.73,0.0
2026-04-07,STR0002,Home,1,7.0,2886.84,1288.19,87.86000000000001
2026-04-07,STR0002,Sports,1,2.0,571.28,258.09999999999997,0.0
2026-04-07,STR0004,Electronics,1,1.0,49.05,16.39,2.690000000000005
2026-04-07,STR0004,Grocery,1,1.0,51.12,21.729999999999997,9.020000000000003
2026-04-07,STR0005,Apparel,2,2.0,716.3399999999999,417.51,50.27999999999997
2026-04-07,STR0005,Automotive,1,5.0,1959.95,-33.100000000000136,345.90000000000003
2026-04-07,STR0005,Grocery,1,2.0,140.82,1.1800000000000068,35.20000000000002
2026-04-07,STR0005,Health & Beauty,1,1.0,571.92,185.71999999999997,0.0
2026-04-07,STR0005,Home,1,1.0,271.5,114.91999999999999,48.25999999999999
2026-04-07,STR0005,Office,1,1.0,109.78,44.129999999999995,19.370000000000005
2026-04-07,STR0006,Apparel,1,1.0,117.51,15.040000000000006,6.289999999999992
2026-04-07,STR0006,Grocery,1,1.0,276.92,169.32000000000002,0.0
2026-04-07,STR0006,Office,1,4.0,2919.28,1601.8400000000001,324.9199999999996
2026-04-07,STR0006,Sports,1,2.0,470.02,25.079999999999984,117.5
2026-04-07,STR0007,Home,1,6.0,1023.8599999999999,600.0,0.0
2026-04-07,STR0008,Apparel,1,5.0,1025.85,537.2499999999999,0.0
2026-04-07,STR0008,Automotive,1,2.0,880.08,142.58000000000004,0.0
2026-04-07,STR0008,Electronics,1,4.0,870.52,425.52,153.6400000000001
2026-04-07,STR0008,Home,1,2.0,258.74,63.860000000000014,0.0
2026-04-07,STR0008,Sports,1,3.0,1021.11,485.62,0.0
2026-04-07,STR0009,Apparel,1,4.0,3180.72,1663.6,353.4000000000001
2026-04-07,STR0009,Automotive,1,4.0,1014.44,174.24,254.1199999999999
2026-04-07,STR0009,Electronics,1,1.0,525.74,190.37,0.0
2026-04-07,STR0009,Office,1,3.0,172.54,13.359999999999985,0.0
2026-04-07,STR0010,Grocery,1,2.0,957.86,558.7,106.63999999999999
2026-04-07,STR0011,Office,1,2.0,348.82,174.16,18.360000000000014
2026-04-07,STR0011,Sports,1,2.0,708.52,373.85999999999996,0.0
2026-04-07,STR0012,Automotive,1,2.0,699.66,225.05999999999995,176.16000000000008
2026-04-07,STR0014,Apparel,2,7.0,4105.59,1824.8099999999997,0.0
2026-04-07,STR0014,Automotive,1,3.0,1974.31,795.3399999999999,104.16000000000008
2026-04-07,STR0014,Grocery,1,4.0,246.64,61.19999999999999,0.0
2026-04-07,STR0014,Health & Beauty,1,3.0,182.85000000000002,10.680000000000007,9.629999999999981
2026-04-07,STR0014,Office,2,6.0,1044.78,498.08,90.10000000000002
2026-04-07,STR0014,Sports,1,2.0,498.86,217.90000000000003,0.0
2026-04-07,STR0015,Electronics,1,1.0,461.82,50.670000000000016,24.310000000000002
2026-04-07,STR0016,Automotive,1,6.0,4216.15,2158.4999999999995,489.7199999999997
2026-04-07,STR0016,Electronics,1,3.0,219.51,124.74,11.549999999999983
2026-04-07,STR0016,Health & Beauty,1,3.0,1369.5500000000002,650.0600000000002,241.86
2026-04-07,STR0016,Office,1,1.0,108.95,51.410000000000004,0.0
2026-04-07,STR0018,Home,1,4.0,1577.16,269.9200000000001,278.52
2026-04-07,STR0018,Sports,1,3.0,1995.11,1127.04,48.25999999999999
2026-04-07,STR0019,Apparel,1,4.0,1125.82,-10.839999999999918,195.4899999999999
2026-04-07,STR0021,Automotive,1,5.0,1125.75,672.2,59.50000000000003
2026-04-07,STR0021,Office,1,1.0,553.99,148.18,0.0
2026-04-07,STR0021,Sports,1,3.0,1481.3600000000001,873.8900000000001,0.0
2026-04-07,STR0023,Health & Beauty,2,5.0,3750.94,1941.7300000000002,0.0
2026-04-07,STR0023,Office,1,1.0,261.01,149.05,0.0
2026-04-07,STR0025,Apparel,1,1.0,526.22,326.83000000000004,0.0
2026-04-07,STR0025,Electronics,1,1.0,53.74,21.080000000000005,0.0
2026-04-07,STR0025,Home,1,2.0,156.1,78.44,8.319999999999993
2026-04-07,STR0025,Office,1,3.0,1540.81,779.89,386.46000000000015
2026-04-07,STR0025,Sports,1,1.0,896.42,502.19999999999993,0.0
2026-04-08,STR0001,Home,1,3.0,818.31,368.5799999999999,0.0
2026-04-08,STR0001,Sports,1,2.0,709.0,373.94,1.1899999999999977
2026-04-08,STR0002,Home,1,7.0,1570.5900000000001,772.44,35.04999999999999
2026-04-08,STR0003,Apparel,1,4.0,2792.28,1263.9200000000003,699.3199999999997
2026-04-08,STR0003,Automotive,1,1.0,399.66,40.02000000000004,0.0
2026-04-08,STR0003,Electronics,1,1.0,115.22,54.05,28.810000000000002
2026-04-08,STR0004,Apparel,1,1.0,339.6,199.05,17.870000000000005
2026-04-08,STR0004,Electronics,1,2.0,23.26,1.5800000000000018,0.0
2026-04-08,STR0004,Grocery,1,1.0,57.73,9.229999999999997,3.0400000000000063
2026-04-08,STR0004,Home,2,10.0,3200.95,1331.3500000000004,146.54999999999973
2026-04-08,STR0004,Office,1,4.0,50.04,9.32,2.8800000000000026
2026-04-08,STR0005,Sports,2,3.0,604.47,154.57000000000005,145.26999999999992
2026-04-08,STR0006,Apparel,1,5.0,3409.69,1916.87,397.9800000000001
2026-04-08,STR0006,Automotive,1,2.0,335.46,36.339999999999975,0.0
2026-04-08,STR0006,Electronics,1,5.0,1510.1,303.0999999999999,377.5
2026-04-08,STR0006,Home,3,6.0,1661.4299999999998,745.0199999999999,122.72000000000003
2026-04-08,STR0006,Office,1,5.0,2465.75,1188.65,435.14999999999986
2026-04-08,STR0006,Sports,1,4.0,74.32,36.39999999999999,0.0
2026-04-08,STR0007,Automotive,1,3.0,892.28,434.48,223.32
2026-04-08,STR0007,Grocery,1,2.0,74.04,40.86000000000001,0.0
2026-04-08,STR0007,Health & Beauty,1,1.0,352.66,25.430000000000007,18.560000000000002
2026-04-08,STR0007,Office,1,1.0,112.02,-5.260000000000005,19.769999999999996
2026-04-08,STR0008,Electronics,1,5.0,385.09999999999997,227.14999999999998,0.0
2026-04-08,STR0008,Grocery,1,3.0,45.78,18.21,8.069999999999999
2026-04-08,STR0008,Office,1,2.0,189.08,112.62000000000002,9.95999999999998
2026-04-08,STR0009,Automotive,1,2.0,142.41000000000003,54.790000000000006,0.0
2026-04-08,STR0009,Electronics,1,1.0,60.4,3.0899999999999963,15.100000000000001
2026-04-08,STR0009,Office,1,3.0,1716.29,790.3599999999999,239.60000000000002
2026-04-08,STR0010,Apparel,2,10.0,1888.35,1018.0000000000001,19.849999999999994
2026-04-08,STR0010,Electronics,1,1.0,337.08,22.269999999999982,84.77000000000004
2026-04-08,STR0010,Home,1,1.0,792.45,394.78000000000003,41.809999999999945
2026-04-08,STR0014,Home,1,4.0,2560.72,811.3999999999999,284.52
2026-04-08,STR0015,Automotive,1,2.0,681.12,-38.15999999999997,120.20000000000005
2026-04-08,STR0015,Sports,1,1.0,64.18,25.230000000000004,16.039999999999992
2026-04-08,STR0016,Health & Beauty,1,2.0,531.16,296.71999999999997,59.01999999999998
2026-04-08,STR0016,Sports,1,1.0,686.38,369.07,0.0
2026-04-08,STR0018,Health & Beauty,1,1.0,279.09,279.09,49.25
2026-04-08,STR0018,Office,2,6.0,3216.42,1657.39,54.129999999999995
2026-04-08,STR0018,Sports,1,1.0,378.38,76.75,0.0
2026-04-08,STR0020,Apparel,2,4.0,2180.42,1058.14,314.04999999999984
2026-04-08,STR0020,Grocery,1,1.0,397.25,60.98000000000002,70.45999999999998
2026-04-08,STR0020,Health & Beauty,1,3.0,1005.36,555.0600000000001,111.72000000000003
2026-04-08,STR0020,Office,2,2.0,790.72,454.75000000000006,8.840000000000003
2026-04-08,STR0021,Apparel,1,2.0,405.88,46.0,0.0
2026-04-08,STR0021,Automotive,2,8.0,1957.48,983.35,115.57000000000005
2026-04-08,STR0021,Office,1,4.0,2768.08,1362.52,488.84000000000015
2026-04-08,STR0021,Sports,2,2.0,577.4,238.57999999999998,8.019999999999996
2026-04-08,STR0022,Office,1,1.0,264.66,79.51000000000002,0.0
2026-04-08,STR0023,Apparel,1,1.0,443.84,142.32,23.620000000000005
2026-04-08,STR0023,Automotive,1,1.0,857.28,471.77,151.46000000000004
2026-04-08,STR0023,Electronics,1,1.0,355.34,146.72999999999996,88.84000000000003
2026-04-08,STR0023,Health & Beauty,1,5.0,1710.4499999999998,728.2999999999997,0.0
2026-04-08,STR0024,Automotive,1,1.0,369.35,132.05,66.06
2026-04-08,STR0024,Office,1,5.0,312.65,-15.600000000000023,78.14999999999998
2026-04-08,STR0025,Apparel,1,3.0,625.6500000000001,175.42000000000007,70.06999999999998
2026-04-08,STR0025,Home,1,4.0,2674.44,1167.16,471.96000000000004
2026-04-09,STR0001,Grocery,1,1.0,110.17,30.070000000000007,0.0
2026-04-09,STR0001,Health & Beauty,1,5.0,1544.5,851.3000000000001,0.0
2026-04-09,STR0002,Apparel,1,2.0,500.66,72.01000000000003,22.939999999999998
2026-04-09,STR0003,Apparel,2,6.0,3939.69,2210.92,248.17999999999984
2026-04-09,STR0003,Automotive,1,1.0,303.73,177.40000000000003,0.0
2026-04-09,STR0003,Grocery,2,6.0,206.3,91.14,17.039999999999985
2026-04-09,STR0003,Health & Beauty,1,5.0,2395.85,1079.0499999999997,126.09999999999985
2026-04-09,STR0003,Home,1,3.0,2154.93,1112.1299999999997,239.43000000000018
2026-04-09,STR0003,Office,2,7.0,3665.84,1006.5200000000006,448.61999999999955
2026-04-09,STR0003,Sports,1,2.0,1355.1,575.1999999999999,0.0
2026-04-09,STR0004,Apparel,1,5.0,3866.8,2116.25,682.4000000000001
2026-04-09,STR0004,Automotive,2,6.0,1660.07,782.11,83.79000000000002
2026-04-09,STR0004,Office,1,2.0,106.68,14.920000000000002,0.0
2026-04-09,STR0004,Sports,1,1.0,171.59,77.06,19.620000000000005
2026-04-09,STR0007,Electronics,1,4.0,3011.2,1732.2799999999997,334.5600000000004
2026-04-09,STR0007,Office,1,7.0,4000.0199999999995,2001.53,483.33
2026-04-09,STR0007,Sports,1,2.0,1613.36,824.9199999999998,179.48000000000002
2026-04-09,STR0008,Automotive,1,1.0,23.0,1.5399999999999991,2.780000000000001
2026-04-09,STR0008,Health & Beauty,1,2.0,563.74,84.07999999999998,0.0
2026-04-09,STR0009,Automotive,1,2.0,1721.22,1008.88,191.24
2026-04-09,STR0010,Automotive,1,1.0,567.5,196.25,29.870000000000005
2026-04-09,STR0010,Office,1,6.0,2210.37,634.0600000000001,31.40000000000009
2026-04-09,STR0010,Sports,1,7.0,3806.5800000000004,1384.3200000000002,43.10000000000002
2026-04-09,STR0011,Electronics,1,1.0,420.24,212.93,0.0
2026-04-09,STR0011,Health & Beauty,2,6.0,876.87,136.47000000000003,110.62000000000003
2026-04-09,STR0011,Home,2,2.0,737.94,338.33000000000004,78.65999999999997
2026-04-09,STR0011,Office,1,1.0,169.41,82.08,9.180000000000007
2026-04-09,STR0011,Sports,1,2.0,1658.32,884.8799999999999,87.27999999999997
2026-04-09,STR0012,Apparel,1,1.0,78.05,45.699999999999996,0.0
2026-04-09,STR0012,Health & Beauty,1,1.0,83.99,36.19,0.0
2026-04-09,STR0012,Home,1,4.0,1607.0,924.56,178.55999999999995
2026-04-09,STR0013,Apparel,1,1.0,707.62,396.14,125.23000000000002
2026-04-09,STR0013,Grocery,1,1.0,469.71,133.44,0.0
2026-04-09,STR0013,Sports,2,7.0,605.5699999999999,142.09000000000003,14.76000000000002
2026-04-09,STR0014,Grocery,1,3.0,806.6999999999999,256.19999999999993,0.0
2026-04-09,STR0014,Health & Beauty,1,4.0,412.16,168.00000000000003,46.0
2026-04-09,STR0014,Home,1,2.0,1421.16,803.1000000000001,0.0
2026-04-09,STR0015,Apparel,1,1.0,404.06,163.16,0.0
2026-04-09,STR0015,Electronics,1,4.0,3276.64,1830.32,0.0
2026-04-09,STR0015,Sports,1,6.0,1574.44,303.79,293.75
2026-04-09,STR0016,Apparel,1,4.0,1846.16,889.7600000000001,0.0
2026-04-09,STR0016,Automotive,1,2.0,1133.0,390.5,59.74000000000001
2026-04-09,STR0016,Electronics,1,1.0,460.82,49.670000000000016,24.310000000000002
2026-04-09,STR0016,Health & Beauty,1,5.0,3655.9500000000003,2202.0,0.0
2026-04-09,STR0018,Automotive,1,5.0,1653.0,-29.949999999999818,291.6999999999999
2026-04-09,STR0018,Health & Beauty,1,5.0,2573.65,642.6500000000001,285.9499999999997
2026-04-09,STR0019,Automotive,1,3.0,1051.09,-55.16000000000008,264.03000000000014
2026-04-09,STR0019,Grocery,1,2.0,733.19,345.27000000000004,0.0
2026-04-09,STR0021,Grocery,1,4.0,96.88,53.76,10.760000000000005
2026-04-09,STR0021,Health & Beauty,1,3.0,1202.3600000000001,289.9100000000002,0.0
2026-04-09,STR0021,Office,2,2.0,283.14,78.01,6.589999999999989
2026-04-09,STR0022,Automotive,1,1.0,507.52,215.25,127.13
2026-04-09,STR0022,Sports,1,1.0,684.38,367.07,0.0
2026-04-10,STR0001,Apparel,2,5.0,463.71,205.25,48.710000000000036
2026-04-10,STR0001,Sports,1,3.0,2633.73,1418.76,138.6300000000001
2026-04-10,STR0004,Apparel,2,3.0,1396.26,478.7,50.700000000000045
2026-04-10,STR0004,Automotive,3,9.0,1932.8,685.12,276.39
2026-04-10,STR0004,Grocery,2,2.0,502.14,-5.889999999999986,127.03999999999996
2026-04-10,STR0004,Health & Beauty,2,7.0,3350.5,1576.31,604.59
2026-04-10,STR0004,Home,2,6.0,3842.79,1578.0599999999997,6.539999999999999
2026-04-10,STR0004,Office,3,4.0,979.76,318.65,88.28999999999999
2026-04-10,STR0004,Sports,2,8.0,6147.2699999999995,3263.37,584.5200000000001
2026-04-10,STR0005,Electronics,1,2.0,954.92,578.8599999999999,0.0
2026-04-10,STR0005,Grocery,2,3.0,1948.18,964.3100000000001,0.0
2026-04-10,STR0005,Office,1,1.0,546.17,290.75,29.00999999999999
2026-04-10,STR0005,Sports,1,2.0,750.08,36.40000000000009,83.33999999999992
2026-04-10,STR0006,Automotive,2,2.0,772.76,354.02000000000004,89.62999999999994
2026-04-10,STR0006,Electronics,2,8.0,1933.76,501.80000000000007,231.43999999999994
2026-04-10,STR0006,Health & Beauty,1,5.0,2202.16,930.6700000000001,302.9599999999998
2026-04-10,STR0006,Office,1,3.0,971.8499999999999,153.95999999999992,107.97000000000003
2026-04-10,STR0007,Apparel,1,5.0,2273.8,1122.2000000000003,0.0
2026-04-10,STR0007,Electronics,1,1.0,439.64,236.92,23.139999999999986
2026-04-10,STR0007,Grocery,2,12.0,4759.22,1620.88,120.54999999999993
2026-04-10,STR0007,Home,1,3.0,407.20000000000005,134.29000000000008,45.45000000000002
2026-04-10,STR0009,Apparel,1,1.0,244.44,136.98000000000002,0.0
2026-04-10,STR0010,Apparel,2,2.0,1457.6299999999999,846.0799999999999,56.83000000000004
2026-04-10,STR0010,Health & Beauty,1,1.0,15.45,8.53,0.0
2026-04-10,STR0010,Home,1,6.0,1548.82,930.26,9.820000000000007
2026-04-10,STR0010,Office,1,1.0,716.91,320.53,0.0
2026-04-10,STR0010,Sports,1,3.0,1063.51,634.6,0.0
2026-04-10,STR0011,Apparel,1,5.0,1362.19,852.45,0.0
2026-04-10,STR0012,Apparel,1,4.0,1734.6,789.2399999999999,306.1200000000001
2026-04-10,STR0012,Automotive,1,1.0,115.02,38.099999999999994,0.0
2026-04-10,STR0012,Grocery,1,2.0,1066.5,667.3399999999999,0.0
2026-04-10,STR0012,Home,1,2.0,748.32,122.60000000000002,83.13999999999999
2026-04-10,STR0012,Sports,1,1.0,395.87,39.03000000000003,20.839999999999975
2026-04-10,STR0013,Apparel,2,5.0,1811.14,856.6000000000001,71.48000000000002
2026-04-10,STR0013,Grocery,1,1.0,237.07,94.20999999999998,0.0
2026-04-10,STR0013,Sports,2,4.0,618.91,166.31999999999994,0.0
2026-04-10,STR0014,Apparel,1,2.0,71.1,27.479999999999997,12.900000000000006
2026-04-10,STR0014,Grocery,1,1.0,394.89,88.94999999999999,20.889999999999986
2026-04-10,STR0014,Home,1,5.0,1344.6,506.8499999999999,0.0
2026-04-10,STR0014,Office,2,6.0,4001.24,2038.8400000000001,204.26
2026-04-10,STR0014,Sports,1,9.0,5791.37,2492.22,508.89999999999986
2026-04-10,STR0016,Grocery,1,9.0,5067.64,2908.1100000000006,236.15999999999985
2026-04-10,STR0016,Health & Beauty,2,9.0,1031.2599999999998,705.1899999999999,0.0
2026-04-10,STR0016,Sports,1,4.0,2990.84,1481.5600000000002,0.0
2026-04-10,STR0019,Apparel,1,1.0,255.75,118.19,0.0
2026-04-10,STR0019,Automotive,1,4.0,2777.96,1206.0,0.0
2026-04-10,STR0019,Health & Beauty,1,1.0,347.66,20.430000000000007,18.560000000000002
2026-04-10,STR0020,Grocery,1,4.0,189.48,-4.52000000000001,48.60000000000002
2026-04-10,STR0020,Health & Beauty,1,1.0,41.33,21.849999999999998,4.700000000000003
2026-04-10,STR0020,Home,1,2.0,51.7,6.1200000000000045,9.299999999999997
2026-04-10,STR0020,Office,1,1.0,512.31,252.54999999999995,26.960000000000036
2026-04-10,STR0021,Apparel,1,2.0,1746.3,982.12,0.0
2026-04-10,STR0021,Home,1,8.0,3808.79,1722.6399999999999,867.25
2026-04-10,STR0021,Sports,1,1.0,96.15,37.67000000000001,0.0
2026-04-10,STR0022,Automotive,1,1.0,243.58,117.25000000000001,61.150000000000006
2026-04-10,STR0022,Grocery,1,4.0,199.92000000000002,70.05000000000003,28.809999999999995
2026-04-10,STR0022,Health & Beauty,1,2.0,997.64,493.18,0.0
2026-04-10,STR0022,Sports,1,1.0,459.47,253.54000000000002,24.44999999999999
2026-04-10,STR0023,Automotive,1,5.0,3824.9,2044.05,956.25
2026-04-10,STR0023,Office,1,1.0,325.16,108.62000000000003,0.0
2026-04-10,STR0024,Grocery,1,3.0,466.54,288.55,0.0
2026-04-10,STR0024,Health & Beauty,1,1.0,5.77,2.0999999999999996,1.4400000000000004
2026-04-10,STR0024,Office,1,2.0,94.68,-11.439999999999998,23.679999999999993
2026-04-11,STR0001,Automotive,1,4.0,1940.36,243.63999999999987,0.0
2026-04-11,STR0001,Electronics,1,5.0,1908.1,331.3499999999999,100.44999999999987
2026-04-11,STR0001,Grocery,1,5.0,2759.8500000000004,787.5000000000002,0.0
2026-04-11,STR0001,Health & Beauty,1,6.0,2135.23,1198.7099999999998,29.50999999999999
2026-04-11,STR0001,Home,1,2.0,344.54,169.84000000000003,38.39999999999998
2026-04-11,STR0001,Office,1,2.0,1063.02,224.91999999999996,0.0
2026-04-11,STR0001,Sports,3,10.0,2591.71,916.4300000000001,168.58999999999997
2026-04-11,STR0002,Office,1,5.0,544.75,257.05,0.0
2026-04-11,STR0003,Apparel,2,6.0,2279.86,1221.23,0.0
2026-04-11,STR0003,Electronics,1,1.0,410.48,99.90000000000003,21.659999999999968
2026-04-11,STR0007,Health & Beauty,1,5.0,2761.1,680.5999999999999,0.0
2026-04-11,STR0008,Apparel,1,1.0,7.720000000000001,2.880000000000001,0.0
2026-04-11,STR0008,Electronics,1,2.0,40.44,19.2,2.0700000000000003
2026-04-11,STR0008,Health & Beauty,1,5.0,1604.25,47.850000000000136,178.2499999999999
2026-04-11,STR0008,Home,1,4.0,780.88,243.51999999999998,41.120000000000005
2026-04-11,STR0010,Apparel,1,1.0,371.61,152.46,65.57999999999998
2026-04-11,STR0012,Apparel,1,2.0,536.68,326.02,0.0
2026-04-11,STR0012,Electronics,1,5.0,2607.6,597.55,651.9
2026-04-11,STR0012,Health & Beauty,1,1.0,159.1,82.77,39.78
2026-04-11,STR0012,Home,1,1.0,702.9,318.56,175.73000000000002
2026-04-11,STR0014,Automotive,1,1.0,466.79,142.35000000000002,51.86999999999995
2026-04-11,STR0014,Grocery,1,3.0,992.5699999999999,509.79999999999995,34.96000000000001
2026-04-11,STR0014,Health & Beauty,1,1.0,185.29,12.310000000000002,46.32000000000002
2026-04-11,STR0014,Office,1,2.0,1490.6,921.5799999999999,0.0
2026-04-11,STR0015,Office,1,1.0,670.9,321.97999999999996,118.39999999999998
2026-04-11,STR0016,Electronics,1,6.0,2667.24,1249.3399999999997,133.65999999999997
2026-04-11,STR0017,Apparel,1,2.0,569.62,192.10000000000002,0.0
2026-04-11,STR0017,Office,1,5.0,2370.5,266.60000000000036,593.8499999999999
2026-04-11,STR0018,Grocery,1,2.0,206.84,53.140000000000015,37.379999999999995
2026-04-11,STR0018,Home,1,1.0,548.25,238.72000000000003,137.05999999999995
2026-04-11,STR0018,Office,1,3.0,803.98,248.52999999999997,0.0
2026-04-11,STR0018,Sports,1,2.0,198.72,65.58000000000001,0.0
2026-04-11,STR0019,Automotive,1,4.0,3379.96,1690.92,845.2399999999998
2026-04-11,STR0019,Health & Beauty,1,4.0,708.56,259.71999999999997,125.04000000000008
2026-04-11,STR0019,Office,1,4.0,2699.2,911.8399999999999,0.0
2026-04-11,STR0021,Apparel,1,2.0,323.58,138.82,17.04000000000002
2026-04-11,STR0021,Electronics,1,2.0,4.24,-0.13999999999999968,0.0
2026-04-11,STR0021,Grocery,1,2.0,121.32,28.599999999999994,0.0
2026-04-11,STR0022,Grocery,1,1.0,700.09,333.17,176.26999999999998
2026-04-11,STR0022,Home,1,5.0,2895.65,1425.3000000000002,0.0
2026-04-11,STR0024,Apparel,1,1.0,528.22,328.83000000000004,0.0
2026-04-11,STR0024,Automotive,2,5.0,1288.34,459.35999999999996,0.0
2026-04-11,STR0024,Grocery,1,1.0,110.73,28.88000000000001,5.829999999999998
2026-04-11,STR0024,Health & Beauty,1,1.0,263.41,124.77000000000004,46.48999999999995
2026-04-11,STR0024,Office,1,2.0,344.2,209.0,0.0
2026-04-11,STR0024,Sports,1,5.0,2864.7000000000003,973.7000000000003,505.89999999999975
2026-04-11,STR0025,Automotive,1,4.0,3661.84,2199.5200000000004,0.0
2026-04-11,STR0025,Electronics,1,3.0,1075.92,351.72,56.639999999999986
2026-04-12,STR0001,Apparel,1,2.0,323.96,156.64,57.160000000000025
2026-04-12,STR0001,Grocery,1,7.0,2049.3,752.3200000000002,121.13999999999997
2026-04-12,STR0001,Office,1,2.0,340.0,155.24,60.18000000000001
2026-04-12,STR0004,Apparel,2,5.0,717.27,253.25,179.57000000000002
2026-04-12,STR0004,Automotive,1,4.0,2161.2,992.1199999999999,381.4000000000001
2026-04-12,STR0004,Electronics,1,1.0,738.3,389.84,38.960000000000036
2026-04-12,STR0004,Grocery,1,4.0,245.64,60.19999999999999,0.0
2026-04-12,STR0004,Office,1,2.0,106.68,14.920000000000002,0.0
2026-04-12,STR0005,Apparel,1,5.0,2668.0,574.25,140.5000000000001
2026-04-12,STR0005,Electronics,1,2.0,691.02,69.86000000000001,173.26
2026-04-12,STR0005,Home,1,2.0,1493.68,725.0000000000001,263.5799999999999
2026-04-12,STR0006,Grocery,1,1.0,59.66,13.299999999999997,0.0
2026-04-12,STR0006,Sports,1,1.0,717.94,323.72,179.4799999999999
2026-04-12,STR0009,Apparel,1,5.0,1060.45,124.39999999999998,117.80000000000001
2026-04-12,STR0009,Electronics,1,3.0,497.45000000000005,114.04,88.35999999999996
2026-04-12,STR0009,Office,1,7.0,5583.099999999999,3178.0499999999993,581.5499999999997
2026-04-12,STR0009,Sports,2,8.0,2275.7700000000004,748.6300000000001,0.0
2026-04-12,STR0011,Electronics,2,5.0,2473.2400000000002,1057.4400000000003,240.8699999999999
2026-04-12,STR0011,Grocery,1,2.0,385.82,121.12,96.45999999999998
2026-04-12,STR0011,Health & Beauty,2,7.0,5005.95,2190.24,481.98000000000025
2026-04-12,STR0011,Home,2,2.0,481.25,244.81,14.620000000000005
2026-04-12,STR0011,Sports,2,4.0,1099.23,592.3500000000001,0.0
2026-04-12,STR0012,Office,2,6.0,298.04,96.47000000000001,6.51
2026-04-12,STR0012,Sports,1,2.0,1165.84,531.2199999999999,205.92000000000007
2026-04-12,STR0013,Apparel,1,3.0,1981.54,1238.05,0.0
2026-04-12,STR0013,Grocery,1,1.0,399.25,62.98000000000002,70.45999999999998
2026-04-12,STR0013,Office,1,3.0,636.9399999999999,222.4899999999999,33.78000000000006
2026-04-12,STR0014,Apparel,1,2.0,536.68,326.02,0.0
2026-04-12,STR0014,Electronics,1,2.0,590.21,223.25,11.549999999999997
2026-04-12,STR0014,Grocery,1,1.0,271.92,164.32000000000002,0.0
2026-04-12,STR0014,Health & Beauty,1,2.0,165.98,70.38,0.0
2026-04-12,STR0014,Home,1,2.0,1049.78,410.9,263.70000000000005
2026-04-12,STR0014,Office,2,8.0,4211.849999999999,867.0899999999992,329.7600000000002
2026-04-12,STR0014,Sports,1,4.0,66.88,28.959999999999994,7.439999999999998
2026-04-12,STR0015,Apparel,1,1.0,665.88,354.4,166.97000000000003
2026-04-12,STR0015,Grocery,1,5.0,439.7,39.19999999999999,110.15
2026-04-12,STR0015,Health & Beauty,2,3.0,1737.3300000000002,823.02,193.58999999999995
2026-04-12,STR0015,Office,1,5.0,1613.7,478.9000000000001,0.0
2026-04-12,STR0017,Home,1,3.0,1064.15,36.019999999999925,236.89000000000004
2026-04-12,STR0018,Apparel,1,4.0,3494.6,1966.24,0.0
2026-04-12,STR0018,Electronics,1,1.0,740.3,391.84,38.960000000000036
2026-04-12,STR0018,Office,1,4.0,1687.52,31.279999999999973,187.5999999999999
2026-04-12,STR0018,Sports,1,2.0,222.04000000000002,86.60000000000001,22.53
2026-04-12,STR0019,Office,1,4.0,3226.4,1563.52,0.0
2026-04-12,STR0021,Automotive,1,3.0,715.74,330.37,0.0
2026-04-12,STR0021,Health & Beauty,1,1.0,608.21,323.48,67.79999999999995
2026-04-12,STR0021,Home,1,2.0,1672.52,877.18,0.0
2026-04-12,STR0022,Apparel,3,13.0,3389.44,1457.46,178.69999999999976
2026-04-12,STR0022,Automotive,1,5.0,4781.15,3000.2999999999993,0.0
2026-04-12,STR0022,Grocery,1,1.0,22.87,12.090000000000002,4.039999999999999
2026-04-12,STR0022,Home,1,3.0,1511.79,614.07,62.360000000000014
2026-04-12,STR0023,Apparel,1,2.0,1155.96,628.5,204.87999999999988
2026-04-12,STR0023,Automotive,1,3.0,1674.83,401.5999999999999,0.0
2026-04-12,STR0023,Grocery,1,2.0,2125.34,1250.2000000000003,236.15999999999985
2026-04-12,STR0023,Health & Beauty,2,5.0,2281.86,457.90999999999997,33.18000000000001
2026-04-12,STR0023,Home,1,1.0,397.41,52.81,44.26999999999998
2026-04-12,STR0023,Office,1,1.0,80.77,26.83,0.0
2026-04-12,STR0023,Sports,2,6.0,4270.4400000000005,2325.38,0.0
2026-04-12,STR0024,Grocery,1,2.0,148.62,8.980000000000018,26.400000000000006
2026-04-12,STR0024,Health & Beauty,1,8.0,4770.71,2234.7299999999996,75.65999999999991
2026-04-12,STR0024,Home,1,1.0,760.14,312.76,0.0
2026-04-12,STR0025,Apparel,1,2.0,498.82,58.579999999999984,125.19999999999999
2026-04-12,STR0025,Automotive,1,1.0,397.27,162.85999999999999,0.0
2026-04-12,STR0025,Electronics,1,6.0,1989.66,593.1900000000002,169.90999999999985
2026-04-12,STR0025,Grocery,1,3.0,297.24,51.690000000000026,52.44000000000001
2026-04-12,STR0025,Office,1,5.0,644.75,316.5,0.0
2026-04-13,STR0003,Apparel,1,1.0,570.67,249.59999999999997,142.92000000000007
2026-04-13,STR0003,Health & Beauty,1,1.0,131.66,20.22,7.189999999999998
2026-04-13,STR0004,Grocery,1,4.0,681.72,324.72,0.0
2026-04-13,STR0004,Home,1,6.0,5060.53,2492.0,609.5399999999997
2026-04-13,STR0006,Apparel,1,4.0,163.04,51.879999999999995,8.680000000000007
2026-04-13,STR0006,Health & Beauty,1,3.0,825.33,250.64999999999998,206.33999999999992
2026-04-13,STR0006,Home,1,5.0,124.0,10.050000000000011,30.999999999999996
2026-04-13,STR0007,Automotive,1,4.0,1747.44,153.0,92.24000000000001
2026-04-13,STR0007,Electronics,1,5.0,280.5,173.39999999999998,0.0
2026-04-13,STR0007,Sports,1,2.0,797.82,205.98000000000002,0.0
2026-04-13,STR0008,Health & Beauty,2,2.0,1142.78,621.31,42.14999999999998
2026-04-13,STR0008,Home,1,3.0,1407.09,401.81999999999994,351.78
2026-04-13,STR0008,Office,1,2.0,113.36,7.239999999999995,0.0
2026-04-13,STR0009,Apparel,1,2.0,1298.34,485.1399999999999,324.58000000000015
2026-04-13,STR0009,Grocery,1,2.0,75.08,41.9,3.960000000000008
2026-04-13,STR0009,Health & Beauty,1,5.0,845.25,463.6,149.14999999999992
2026-04-13,STR0009,Home,1,4.0,2316.84,1147.1200000000001,0.0
2026-04-13,STR0010,Sports,1,1.0,90.81,17.99000000000001,4.780000000000001
2026-04-13,STR0011,Apparel,1,1.0,508.68,299.26,0.0
2026-04-13,STR0011,Home,1,5.0,3615.4,1378.5,190.29999999999973
2026-04-13,STR0011,Sports,1,5.0,622.4,137.64999999999998,156.1
2026-04-13,STR0012,Apparel,1,4.0,1495.92,285.4000000000001,265.7399999999999
2026-04-13,STR0012,Automotive,2,14.0,5866.37,2623.41,0.0
2026-04-13,STR0012,Health & Beauty,1,3.0,1360.85,570.7699999999999,151.32
2026-04-13,STR0012,Office,1,5.0,1001.6999999999999,180.64999999999986,250.64999999999998
2026-04-13,STR0013,Office,1,3.0,453.29999999999995,125.30999999999995,113.31000000000003
2026-04-13,STR0013,Sports,1,2.0,189.9,50.58000000000001,0.0
2026-04-13,STR0014,Automotive,3,11.0,811.85,78.56000000000006,74.60000000000002
2026-04-13,STR0014,Electronics,1,5.0,3048.55,1417.1500000000003,0.0
2026-04-13,STR0014,Grocery,3,9.0,5973.23,3090.02,59.039999999999964
2026-04-13,STR0014,Home,2,2.0,794.8399999999999,275.58,174.76
2026-04-13,STR0014,Office,1,2.0,933.51,448.62,49.629999999999995
2026-04-13,STR0014,Sports,1,1.0,53.81,17.480000000000004,2.9399999999999977
2026-04-13,STR0015,Grocery,1,4.0,1139.0,131.93000000000015,284.76999999999987
2026-04-13,STR0015,Sports,1,4.0,2215.06,1171.56,116.96000000000004
2026-04-13,STR0017,Electronics,1,1.0,472.46,284.42999999999995,0.0
2026-04-13,STR0017,Grocery,1,1.0,55.13,25.740000000000002,3.009999999999998
2026-04-13,STR0017,Health & Beauty,1,2.0,566.01,122.77000000000004,101.87999999999995
2026-04-13,STR0018,Automotive,1,1.0,415.75,118.17000000000002,73.55000000000001
2026-04-13,STR0018,Grocery,2,7.0,2581.77,921.3499999999999,265.1999999999998
2026-04-13,STR0018,Health & Beauty,1,3.0,1419.6,713.7599999999999,354.90000000000003
2026-04-13,STR0018,Home,1,6.0,2647.75,703.49,110.64999999999998
2026-04-13,STR0018,Office,1,3.0,313.35,140.73000000000002,16.5
2026-04-13,STR0019,Automotive,1,3.0,2581.83,1513.32,286.86
2026-04-13,STR0019,Health & Beauty,1,2.0,859.96,380.3,214.98000000000002
2026-04-13,STR0019,Home,1,1.0,48.06,11.300000000000004,0.0
2026-04-13,STR0019,Office,1,1.0,908.65,460.29999999999995,0.0
2026-04-13,STR0019,Sports,1,2.0,1452.26,777.56,0.0
2026-04-13,STR0020,Automotive,1,1.0,462.11,205.60000000000002,51.35000000000002
2026-04-13,STR0020,Office,1,1.0,419.16,232.61,0.0
2026-04-13,STR0022,Apparel,2,2.0,395.33000000000004,84.24000000000001,47.129999999999995
2026-04-13,STR0022,Electronics,1,1.0,762.75,374.49,40.139999999999986
2026-04-13,STR0022,Health & Beauty,1,2.0,14.42,7.08,0.0
2026-04-13,STR0022,Sports,1,2.0,963.52,368.79999999999995,50.72000000000003
2026-04-13,STR0024,Automotive,1,4.0,307.76,162.67999999999998,54.31999999999999
2026-04-13,STR0024,Health & Beauty,1,1.0,508.6,268.77,26.870000000000005
2026-04-13,STR0025,Apparel,2,4.0,1151.06,384.3400000000001,171.48
2026-04-13,STR0025,Electronics,2,10.0,2894.7599999999998,366.9399999999998,303.8
2026-04-13,STR0025,Grocery,2,4.0,607.11,253.96000000000004,17.489999999999995
2026-04-13,STR0025,Health & Beauty,2,7.0,1462.26,723.3599999999999,172.47000000000003
2026-04-13,STR0025,Home,1,4.0,1244.6,-10.040000000000191,138.2800000000002
2026-04-13,STR0025,Office,1,2.0,167.89,64.22,19.88000000000001
2026-04-14,STR0001,Automotive,1,2.0,76.82,-195.51999999999998,13.720000000000013
2026-04-14,STR0001,Electronics,1,2.0,778.66,157.5,86.62
2026-04-14,STR0001,Home,1,1.0,758.21,410.61,39.90999999999997
2026-04-14,STR0003,Electronics,1,3.0,1025.4,577.8000000000002,0.0
2026-04-14,STR0003,Sports,1,1.0,67.62,3.4200000000000017,0.0
2026-04-14,STR0004,Electronics,1,1.0,197.1,51.56,49.53
2026-04-14,STR0004,Grocery,1,9.0,1323.9,477.9,268.63999999999993
2026-04-14,STR0004,Home,1,5.0,475.0,82.55000000000001,83.80000000000003
2026-04-14,STR0005,Automotive,1,2.0,565.24,196.8,62.799999999999955
2026-04-14,STR0005,Grocery,1,14.0,4695.360000000001,1499.1300000000003,223.95999999999987
2026-04-14,STR0005,Sports,1,1.0,64.36,0.1599999999999966,7.260000000000005
2026-04-14,STR0006,Apparel,2,8.0,5229.88,2727.8399999999997,455.7599999999999
2026-04-14,STR0006,Automotive,1,2.0,796.32,77.04000000000008,0.0
2026-04-14,STR0006,Grocery,1,5.0,1831.3999999999999,208.75,0.0
2026-04-14,STR0006,Home,1,4.0,1641.56,439.75999999999993,304.46000000000004
2026-04-14,STR0006,Office,3,8.0,4338.4,1586.12,234.52999999999997
2026-04-14,STR0006,Sports,1,1.0,402.31,136.16000000000003,100.57999999999998
2026-04-14,STR0007,Apparel,1,4.0,2178.2,1076.04,264.4799999999998
2026-04-14,STR0007,Automotive,2,3.0,615.35,304.79,68.58000000000004
2026-04-14,STR0007,Health & Beauty,1,1.0,726.19,435.40000000000003,0.0
2026-04-14,STR0007,Home,2,2.0,1416.4,834.3000000000001,0.0
2026-04-14,STR0007,Office,1,8.0,3991.8,1541.56,645.4799999999998
2026-04-14,STR0007,Sports,2,7.0,456.76,177.07999999999998,92.65000000000003
2026-04-14,STR0008,Automotive,2,3.0,1127.24,471.52000000000004,7.930000000000007
2026-04-14,STR0008,Grocery,1,1.0,218.82,111.1,0.0
2026-04-14,STR0008,Home,1,7.0,4823.36,2504.37,422.0500000000002
2026-04-14,STR0008,Sports,2,3.0,1315.1799999999998,526.71,146.42000000000002
2026-04-14,STR0011,Sports,1,2.0,651.72,155.14000000000004,0.0
2026-04-14,STR0012,Health & Beauty,3,10.0,6929.04,2943.8,1207.6500000000005
2026-04-14,STR0012,Home,1,4.0,3010.52,1419.84,334.52
2026-04-14,STR0012,Office,2,6.0,1452.51,730.91,65.20999999999998
2026-04-14,STR0012,Sports,1,3.0,175.25,66.26,0.0
2026-04-14,STR0013,Apparel,1,2.0,282.14,115.19999999999999,49.80000000000001
2026-04-14,STR0013,Automotive,1,2.0,1388.98,603.0,0.0
2026-04-14,STR0013,Electronics,2,7.0,2970.61,1111.5900000000001,42.01999999999998
2026-04-14,STR0013,Health & Beauty,1,4.0,2366.0,1424.88,0.0
2026-04-14,STR0013,Office,1,2.0,1083.48,525.12,0.0
2026-04-14,STR0013,Sports,1,2.0,959.88,360.14,50.51999999999998
2026-04-14,STR0016,Grocery,1,1.0,239.14,106.78999999999999,0.0
2026-04-14,STR0016,Office,1,1.0,310.12,97.56,55.610000000000014
2026-04-14,STR0016,Sports,1,5.0,3696.5,1671.55,924.1000000000003
2026-04-14,STR0018,Automotive,2,4.0,1781.1,518.36,194.03999999999996
2026-04-14,STR0018,Health & Beauty,3,6.0,2552.2799999999997,1092.23,80.10000000000014
2026-04-14,STR0018,Home,1,3.0,1494.5,671.9299999999998,263.74000000000007
2026-04-14,STR0018,Office,1,3.0,1144.1299999999999,702.4699999999999,0.0
2026-04-14,STR0018,Sports,1,4.0,3013.64,1386.12,753.6800000000003
2026-04-14,STR0020,Apparel,1,7.0,2540.21,1223.47,0.0
2026-04-14,STR0020,Grocery,1,3.0,350.34000000000003,127.31000000000002,34.96000000000001
2026-04-14,STR0020,Sports,1,3.0,852.81,127.52999999999997,94.74000000000012
2026-04-14,STR0021,Apparel,1,1.0,304.62,119.30000000000001,16.30000000000001
2026-04-14,STR0021,Electronics,1,2.0,495.26,204.18,0.0
2026-04-14,STR0021,Office,1,6.0,993.0799999999999,417.17,42.89999999999999
2026-04-14,STR0022,Apparel,1,6.0,3251.7,1103.5,489.2399999999998
2026-04-14,STR0022,Electronics,1,1.0,79.35,35.48,14.0
2026-04-14,STR0022,Grocery,1,5.0,3839.4,1868.75,202.04999999999984
2026-04-14,STR0022,Health & Beauty,1,1.0,353.74,203.64000000000001,18.620000000000005
2026-04-14,STR0022,Office,1,2.0,404.44,128.14,45.04000000000002
2026-04-14,STR0023,Apparel,1,6.0,681.8,336.08000000000004,143.82
2026-04-14,STR0023,Electronics,1,3.0,1858.2599999999998,555.1499999999996,0.0
2026-04-14,STR0023,Home,1,1.0,353.93,111.32,0.0
2026-04-14,STR0023,Office,1,3.0,1701.5700000000002,684.8400000000001,425.39999999999986
2026-04-14,STR0023,Sports,1,1.0,507.12,209.76,0.0
2026-04-14,STR0024,Automotive,1,5.0,1420.1,644.1499999999999,250.60000000000002
2026-04-14,STR0024,Home,1,3.0,407.93999999999994,221.06999999999994,72.0
2026-04-14,STR0024,Office,1,1.0,165.23,77.89999999999999,18.360000000000014
2026-04-14,STR0024,Sports,1,1.0,618.06,280.7099999999999,109.07000000000005
2026-04-14,STR0025,Grocery,1,1.0,253.59,106.86000000000001,0.0
2026-04-14,STR0025,Health & Beauty,1,1.0,456.85,217.02,80.62
2026-04-15,STR0001,Apparel,1,4.0,2156.24,667.1599999999999,0.0
2026-04-15,STR0001,Automotive,1,1.0,512.01,221.89,27.049999999999955
2026-04-15,STR0001,Electronics,1,5.0,2100.95,424.0999999999999,525.7500000000002
2026-04-15,STR0001,Grocery,1,2.0,391.62,243.70000000000002,0.0
2026-04-15,STR0001,Home,1,2.0,218.52,61.54000000000002,0.0
2026-04-15,STR0001,Sports,1,1.0,766.63,434.46999999999997,0.0
2026-04-15,STR0004,Automotive,1,2.0,290.86,43.80000000000001,0.0
2026-04-15,STR0004,Electronics,2,3.0,1111.35,289.31000000000006,42.379999999999995
2026-04-15,STR0004,Grocery,2,7.0,2342.59,999.8199999999999,68.16000000000008
2026-04-15,STR0004,Health & Beauty,2,9.0,4862.57,2057.9500000000003,437.32000000000016
2026-04-15,STR0005,Office,1,2.0,237.22,2.6599999999999966,26.359999999999985
2026-04-15,STR0005,Sports,1,2.0,1423.02,668.38,74.90000000000009
2026-04-15,STR0006,Health & Beauty,1,1.0,964.64,544.66,0.0
2026-04-15,STR0006,Home,1,2.0,364.74,190.04000000000002,19.19999999999999
2026-04-15,STR0007,Apparel,1,3.0,2097.96,951.69,524.4899999999998
2026-04-15,STR0007,Automotive,2,3.0,863.0,-10.669999999999945,44.0
2026-04-15,STR0007,Grocery,1,9.0,352.60999999999996,47.60999999999994,69.41
2026-04-15,STR0008,Automotive,1,2.0,599.46,289.08000000000004,66.81999999999994
2026-04-15,STR0008,Electronics,1,1.0,439.18,230.57,0.0
2026-04-15,STR0010,Apparel,2,4.0,1958.1399999999999,1046.8899999999999,50.27999999999997
2026-04-15,STR0010,Automotive,1,5.0,3424.4,1733.75,605.1999999999998
2026-04-15,STR0010,Grocery,1,2.0,553.84,338.64000000000004,0.0
2026-04-15,STR0010,Office,2,6.0,2730.0899999999997,1450.9499999999998,541.25
2026-04-15,STR0010,Sports,2,3.0,684.6200000000001,277.83000000000004,121.16999999999999
2026-04-15,STR0011,Automotive,1,4.0,848.1899999999999,432.0999999999999,23.79000000000002
2026-04-15,STR0011,Grocery,1,1.0,268.9,85.39999999999998,0.0
2026-04-15,STR0013,Apparel,1,1.0,502.78,309.28,0.0
2026-04-15,STR0013,Automotive,2,8.0,2454.0,239.79999999999995,614.7600000000001
2026-04-15,STR0013,Electronics,2,4.0,1533.66,1463.1100000000001,159.66000000000008
2026-04-15,STR0013,Grocery,1,4.0,755.24,-120.96000000000004,189.31999999999994
2026-04-15,STR0013,Health & Beauty,1,1.0,122.27,10.829999999999998,21.58
2026-04-15,STR0013,Home,2,6.0,932.52,252.23999999999998,39.120000000000005
2026-04-15,STR0014,Apparel,1,4.0,4112.16,2402.84,457.4800000000005
2026-04-15,STR0014,Automotive,1,2.0,1127.2,505.20000000000005,0.0
2026-04-15,STR0014,Home,1,1.0,464.78,203.61999999999995,0.0
2026-04-15,STR0014,Office,1,3.0,336.78000000000003,119.01000000000002,0.0
2026-04-15,STR0014,Sports,1,8.0,2478.11,710.4700000000003,0.0
2026-04-15,STR0015,Grocery,1,1.0,352.91,101.37000000000003,62.629999999999995
2026-04-15,STR0015,Office,1,5.0,1907.55,1171.4499999999998,0.0
2026-04-15,STR0016,Apparel,1,3.0,1194.03,557.46,298.5
2026-04-15,STR0016,Automotive,1,1.0,1051.55,629.29,0.0
2026-04-15,STR0016,Grocery,1,2.0,622.68,-26.379999999999995,109.88
2026-04-15,STR0016,Sports,2,6.0,3294.41,1682.74,385.10999999999984
2026-04-15,STR0018,Apparel,2,11.0,3863.01,974.2800000000001,498.9499999999998
2026-04-15,STR0018,Electronics,1,1.0,607.71,281.43000000000006,0.0
2026-04-15,STR0018,Grocery,2,2.0,504.47,14.600000000000037,98.57999999999998
2026-04-15,STR0018,Home,3,6.0,3174.1,1692.31,209.5200000000001
2026-04-15,STR0020,Grocery,1,4.0,2857.21,1525.61,54.94
2026-04-15,STR0020,Office,1,1.0,862.22,413.87,45.42999999999995
2026-04-15,STR0020,Sports,1,1.0,488.92,282.99,0.0
2026-04-15,STR0021,Office,1,3.0,924.6999999999999,275.0799999999999,48.78000000000014
2026-04-15,STR0023,Apparel,1,5.0,2007.9499999999998,500.3499999999999,354.35
2026-04-15,STR0023,Automotive,1,2.0,526.56,21.67999999999995,132.8800000000001
2026-04-15,STR0023,Electronics,1,1.0,35.18,16.13,6.210000000000001
2026-04-15,STR0023,Health & Beauty,1,3.0,1441.27,848.11,0.0
2026-04-15,STR0023,Sports,2,5.0,470.65000000000003,186.36,66.13999999999999
2026-04-15,STR0024,Office,1,5.0,3753.65,1850.3,0.0
2026-04-15,STR0024,Sports,1,3.0,815.6999999999999,356.78999999999996,198.82000000000005
2026-04-15,STR0025,Home,1,1.0,465.78,204.61999999999995,0.0
2026-04-16,STR0001,Grocery,1,2.0,57.86,21.259999999999998,0.0
2026-04-16,STR0001,Health & Beauty,1,4.0,891.84,264.08000000000004,0.0
2026-04-16,STR0002,Electronics,1,5.0,619.99,203.93,114.91999999999996
2026-04-16,STR0002,Grocery,1,1.0,104.66,24.560000000000002,5.510000000000005
2026-04-16,STR0004,Apparel,1,1.0,534.36,248.51,0.0
2026-04-16,STR0004,Grocery,1,1.0,39.87,20.229999999999997,0.0
2026-04-16,STR0004,Health & Beauty,3,5.0,2400.48,997.8,260.01000000000016
2026-04-16,STR0004,Office,1,3.0,908.03,146.23,137.01000000000005
2026-04-16,STR0004,Sports,3,10.0,3965.63,1686.98,628.3900000000001
2026-04-16,STR0005,Apparel,1,2.0,790.68,389.79999999999995,139.54000000000008
2026-04-16,STR0005,Automotive,1,1.0,374.35,137.05,66.06
2026-04-16,STR0005,Office,1,5.0,2420.6,1180.0499999999997,268.9499999999998
2026-04-16,STR0005,Sports,1,1.0,399.91,103.99000000000001,0.0
2026-04-16,STR0006,Automotive,1,5.0,674.72,319.5899999999999,0.0
2026-04-16,STR0006,Electronics,1,1.0,397.78,130.95,0.0
2026-04-16,STR0006,Health & Beauty,1,2.0,402.98,124.10000000000002,71.12
2026-04-16,STR0007,Apparel,1,4.0,167.0,79.76,0.0
2026-04-16,STR0007,Home,1,1.0,66.57,27.739999999999995,16.64
2026-04-16,STR0007,Office,1,1.0,910.2,490.63000000000005,0.0
2026-04-16,STR0008,Apparel,1,2.0,1573.48,809.3000000000001,174.81999999999994
2026-04-16,STR0008,Electronics,1,3.0,2406.67,1241.89,0.0
2026-04-16,STR0008,Home,1,2.0,1573.2,819.5600000000001,0.0
2026-04-16,STR0009,Electronics,1,2.0,781.98,204.22000000000003,86.88
2026-04-16,STR0009,Sports,1,1.0,924.12,519.13,0.0
2026-04-16,STR0010,Apparel,1,4.0,725.08,38.440000000000055,181.27999999999997
2026-04-16,STR0010,Electronics,1,7.0,4933.450000000001,2071.8300000000004,391.1199999999999
2026-04-16,STR0012,Electronics,1,2.0,762.94,133.32000000000005,84.75999999999999
2026-04-16,STR0012,Office,1,1.0,462.14,206.72,116.03999999999996
2026-04-16,STR0013,Apparel,1,5.0,1429.9,727.1500000000001,357.45000000000005
2026-04-16,STR0013,Electronics,1,2.0,1111.02,638.2,0.0
2026-04-16,STR0013,Home,1,3.0,2051.81,1238.0500000000002,0.0
2026-04-16,STR0013,Office,1,2.0,975.14,416.78,108.34000000000003
2026-04-16,STR0014,Automotive,1,2.0,589.38,143.75,111.27000000000001
2026-04-16,STR0014,Health & Beauty,1,1.0,800.82,407.13000000000005,89.53999999999996
2026-04-16,STR0014,Home,1,2.0,714.22,373.0,178.55999999999995
2026-04-16,STR0017,Automotive,1,2.0,943.28,345.05999999999995,0.0
2026-04-16,STR0018,Apparel,2,4.0,3181.6400000000003,1717.9600000000005,47.33999999999992
2026-04-16,STR0018,Automotive,2,7.0,3184.77,1339.79,533.3199999999998
2026-04-16,STR0018,Electronics,1,2.0,1600.78,824.26,0.0
2026-04-16,STR0018,Health & Beauty,1,1.0,376.92,79.12,0.0
2026-04-16,STR0018,Home,2,8.0,3425.21,1614.6399999999999,161.28999999999988
2026-04-16,STR0018,Office,1,4.0,1957.28,757.5999999999999,0.0
2026-04-16,STR0019,Apparel,1,6.0,393.49,118.97000000000003,38.77999999999997
2026-04-16,STR0019,Health & Beauty,2,4.0,817.94,466.02000000000004,0.0
2026-04-16,STR0019,Sports,2,6.0,1555.0,430.8199999999999,169.12000000000003
2026-04-16,STR0020,Electronics,1,1.0,319.57,65.72,0.0
2026-04-16,STR0020,Home,1,7.0,3041.8,658.3500000000003,551.3000000000002
2026-04-16,STR0020,Office,1,1.0,471.5,286.53,24.819999999999993
2026-04-16,STR0020,Sports,2,3.0,2327.06,1265.6399999999999,0.0
2026-04-16,STR0021,Automotive,1,6.0,2459.76,237.15000000000026,100.15000000000015
2026-04-16,STR0021,Electronics,1,7.0,2125.75,916.2199999999998,359.59
2026-04-16,STR0021,Grocery,1,4.0,1919.72,1121.4,213.27999999999997
2026-04-16,STR0021,Home,1,4.0,491.6,101.84000000000003,25.879999999999995
2026-04-16,STR0021,Office,1,2.0,336.48,111.48000000000002,17.71999999999997
2026-04-16,STR0021,Sports,1,3.0,355.51,148.89999999999998,90.12000000000002
2026-04-16,STR0022,Sports,1,3.0,1466.76,848.97,0.0
2026-04-16,STR0024,Automotive,1,4.0,1449.2,177.24,255.72000000000003
2026-04-16,STR0024,Home,1,1.0,302.32,145.01999999999998,0.0
2026-04-16,STR0025,Apparel,1,2.0,287.52,102.75999999999999,51.10000000000002
2026-04-16,STR0025,Automotive,1,2.0,285.86,38.80000000000001,0.0
2026-04-16,STR0025,Health & Beauty,1,5.0,59.8,25.199999999999996,15.45
2026-04-16,STR0025,Sports,1,3.0,966.3000000000001,221.0100000000001,241.58999999999992
2026-04-17,STR0001,Automotive,1,3.0,1711.27,834.46,190.67999999999984
2026-04-17,STR0001,Electronics,1,1.0,224.46,-13.819999999999993,39.609999999999985
2026-04-17,STR0001,Home,1,1.0,375.4,36.06999999999999,41.82000000000005
2026-04-17,STR0001,Office,1,2.0,1417.02,848.0,74.57999999999993
2026-04-17,STR0001,Sports,1,2.0,589.82,251.90000000000003,65.75999999999999
2026-04-17,STR0002,Apparel,1,5.0,2307.7000000000003,1112.2000000000003,0.0
2026-04-17,STR0002,Automotive,1,5.0,4047.2000000000003,2197.4500000000003,0.0
2026-04-17,STR0002,Office,2,6.0,1871.8999999999999,147.90999999999988,272.65000000000015
2026-04-17,STR0002,Sports,1,4.0,1197.36,478.67999999999995,211.6400000000001
2026-04-17,STR0003,Automotive,1,1.0,105.46,39.36,12.27000000000001
2026-04-17,STR0003,Health & Beauty,1,4.0,1442.04,225.44000000000005,160.44000000000005
2026-04-17,STR0003,Office,1,1.0,82.95,25.940000000000005,4.420000000000002
2026-04-17,STR0003,Sports,2,5.0,2343.24,830.09,97.75999999999999
2026-04-17,STR0005,Apparel,1,1.0,706.82,327.5400000000001,176.70999999999992
2026-04-17,STR0005,Health & Beauty,1,1.0,613.98,263.28000000000003,108.35000000000002
2026-04-17,STR0005,Home,1,1.0,640.94,403.0200000000001,0.0
2026-04-17,STR0006,Apparel,1,1.0,201.94,22.0,0.0
2026-04-17,STR0006,Grocery,1,3.0,3183.01,1870.3000000000002,354.2399999999998
2026-04-17,STR0006,Home,1,3.0,1471.5,807.72,163.5
2026-04-17,STR0006,Sports,1,1.0,341.34,39.70999999999998,38.04000000000002
2026-04-17,STR0007,Apparel,1,1.0,392.47,173.32000000000002,43.71999999999997
2026-04-17,STR0007,Automotive,1,1.0,541.06,250.93999999999994,0.0
2026-04-17,STR0008,Apparel,1,1.0,293.87,131.94,32.64999999999998
2026-04-17,STR0008,Automotive,1,2.0,199.64,59.91999999999999,10.5
2026-04-17,STR0008,Grocery,1,1.0,125.74,66.41,31.440000000000012
2026-04-17,STR0008,Office,2,2.0,497.88,219.67000000000002,0.0
2026-04-17,STR0008,Sports,1,1.0,741.37,427.32,39.01999999999998
2026-04-17,STR0010,Apparel,1,3.0,1525.54,816.52,0.0
2026-04-17,STR0010,Automotive,1,5.0,4032.6,2341.95,0.0
2026-04-17,STR0010,Electronics,1,1.0,762.75,374.49,40.139999999999986
2026-04-17,STR0010,Office,1,5.0,3544.95,1850.3999999999996,0.0
2026-04-17,STR0010,Sports,2,5.0,601.22,143.89999999999998,58.08000000000001
2026-04-17,STR0013,Health & Beauty,1,1.0,138.25,63.81,24.400000000000006
2026-04-17,STR0013,Office,1,1.0,93.46,35.919999999999995,16.49000000000001
2026-04-17,STR0014,Automotive,1,2.0,133.18,34.72000000000001,0.0
2026-04-17,STR0014,Electronics,1,2.0,1637.82,914.66,0.0
2026-04-17,STR0014,Home,1,1.0,287.4,146.17,0.0
2026-04-17,STR0016,Apparel,1,4.0,418.0,256.32,0.0
2026-04-17,STR0016,Home,1,6.0,1405.08,579.1300000000001,84.36000000000001
2026-04-17,STR0017,Apparel,1,5.0,757.25,338.95000000000005,190.55000000000007
2026-04-17,STR0017,Grocery,1,3.0,2423.87,1241.48,0.0
2026-04-17,STR0018,Health & Beauty,1,3.0,221.77,78.37000000000003,25.199999999999974
2026-04-17,STR0019,Automotive,1,1.0,479.91,168.91000000000003,84.69
2026-04-17,STR0019,Health & Beauty,1,1.0,225.5,-14.330000000000013,56.370000000000005
2026-04-17,STR0019,Sports,1,1.0,196.21,101.68,0.0
2026-04-17,STR0021,Apparel,1,2.0,402.44,154.68,21.180000000000007
2026-04-17,STR0021,Electronics,1,3.0,676.81,253.7,35.629999999999995
2026-04-17,STR0021,Health & Beauty,1,4.0,517.88,72.12,57.51999999999998
2026-04-17,STR0021,Home,1,2.0,426.04,76.96000000000004,0.0
2026-04-17,STR0022,Home,1,2.0,779.56,362.67999999999995,0.0
2026-04-17,STR0023,Office,1,1.0,112.26,39.67,0.0
2026-04-17,STR0025,Apparel,1,2.0,554.08,230.22000000000003,97.95999999999992
2026-04-17,STR0025,Grocery,1,1.0,876.36,509.44,0.0
2026-04-18,STR0003,Apparel,1,2.0,209.0,128.16,0.0
2026-04-18,STR0003,Health & Beauty,1,2.0,905.9,379.17999999999995,100.88
2026-04-18,STR0003,Sports,1,2.0,233.46,118.9,12.280000000000001
2026-04-18,STR0004,Apparel,1,4.0,151.36,40.20000000000002,17.359999999999985
2026-04-18,STR0004,Automotive,1,1.0,397.27,162.85999999999999,0.0
2026-04-18,STR0004,Health & Beauty,2,6.0,508.44,72.99000000000001,86.30999999999999
2026-04-18,STR0004,Office,1,2.0,354.2,129.2,0.0
2026-04-18,STR0004,Sports,1,2.0,1453.26,778.56,0.0
2026-04-18,STR0005,Health & Beauty,2,5.0,1728.1599999999999,630.29,0.0
2026-04-18,STR0005,Home,1,5.0,1361.85,612.3,0.0
2026-04-18,STR0005,Sports,1,1.0,9.55,0.6400000000000006,1.6799999999999997
2026-04-18,STR0006,Automotive,1,1.0,102.87,28.49000000000001,5.409999999999997
2026-04-18,STR0006,Home,1,4.0,1431.32,648.2399999999999,252.96000000000004
2026-04-18,STR0006,Office,1,1.0,36.9,18.479999999999997,9.230000000000004
2026-04-18,STR0006,Sports,1,8.0,1550.67,1043.79,0.0
2026-04-18,STR0007,Automotive,1,3.0,807.87,306.66999999999996,61.66999999999996
2026-04-18,STR0007,Home,1,1.0,171.03,27.430000000000007,43.25999999999999
2026-04-18,STR0007,Office,2,3.0,2050.31,809.2,287.15999999999985
2026-04-18,STR0009,Automotive,1,3.0,896.0,138.68000000000006,99.66000000000008
2026-04-18,STR0009,Office,1,1.0,542.48,288.84000000000003,96.61000000000001
2026-04-18,STR0010,Apparel,2,7.0,2672.59,547.8500000000001,636.7099999999997
2026-04-18,STR0010,Automotive,1,4.0,536.72,-61.51999999999998,134.19999999999993
2026-04-18,STR0010,Electronics,1,1.0,428.06,38.379999999999995,47.56
2026-04-18,STR0010,Grocery,1,1.0,198.31,124.35000000000001,0.0
2026-04-18,STR0010,Health & Beauty,1,6.0,4440.94,2286.18,0.0
2026-04-18,STR0010,Office,1,1.0,581.26,156.44,146.56000000000006
2026-04-18,STR0011,Apparel,1,1.0,77.05,44.699999999999996,0.0
2026-04-18,STR0011,Electronics,1,1.0,53.3,31.879999999999995,2.8000000000000043
2026-04-18,STR0011,Sports,1,1.0,569.02,213.04999999999995,0.0
2026-04-18,STR0012,Health & Beauty,1,2.0,1727.94,844.1400000000001,0.0
2026-04-18,STR0012,Office,1,5.0,2569.6499999999996,1280.9499999999996,286.0500000000002
2026-04-18,STR0014,Automotive,1,2.0,1556.2,830.36,172.89999999999986
2026-04-18,STR0016,Apparel,2,5.0,1936.61,911.72,328.76000000000005
2026-04-18,STR0016,Automotive,1,7.0,1137.65,566.3000000000001,26.840000000000032
2026-04-18,STR0016,Health & Beauty,1,2.0,94.06,55.1,0.0
2026-04-18,STR0016,Home,1,5.0,1665.3999999999999,614.4999999999998,185.04999999999995
2026-04-18,STR0017,Grocery,1,1.0,862.52,490.01,95.84000000000003
2026-04-18,STR0017,Health & Beauty,1,1.0,223.2,83.75999999999999,11.850000000000023
2026-04-18,STR0017,Home,1,1.0,461.26,228.04999999999998,24.54000000000002
2026-04-18,STR0017,Office,1,3.0,1420.3000000000002,157.96000000000026,356.30999999999995
2026-04-18,STR0018,Apparel,1,3.0,1690.98,781.23,0.0
2026-04-18,STR0018,Health & Beauty,1,6.0,2758.29,1551.21,93.95999999999998
2026-04-18,STR0018,Home,2,4.0,1710.3,531.9799999999999,98.56000000000006
2026-04-18,STR0018,Sports,1,3.0,224.41,5.950000000000017,57.360000000000014
2026-04-18,STR0020,Apparel,1,1.0,698.32,316.2300000000001,174.82999999999993
2026-04-18,STR0020,Electronics,1,2.0,263.88,12.859999999999985,46.56
2026-04-18,STR0021,Sports,1,5.0,58.5,13.379999999999999,0.0
2026-04-18,STR0022,Apparel,1,4.0,2120.24,1087.3599999999997,0.0
2026-04-18,STR0022,Automotive,1,4.0,959.92,506.19999999999993,240.48000000000013
2026-04-18,STR0022,Health & Beauty,1,5.0,233.70000000000002,46.00000000000003,0.0
2026-04-18,STR0024,Apparel,3,5.0,1533.13,812.3000000000002,0.0
2026-04-18,STR0024,Automotive,1,4.0,631.12,124.0,158.03999999999996
2026-04-18,STR0024,Electronics,3,7.0,2759.6099999999997,1029.2099999999998,124.19
2026-04-18,STR0024,Health & Beauty,1,2.0,960.8499999999999,528.37,74.20000000000005
2026-04-18,STR0024,Home,2,7.0,3077.23,921.5400000000001,291.51000000000005
2026-04-19,STR0001,Electronics,1,4.0,1803.56,904.16,0.0
2026-04-19,STR0001,Grocery,1,1.0,91.64,11.540000000000006,16.53
2026-04-19,STR0001,Health & Beauty,1,4.0,1906.96,761.6000000000001,476.75999999999976
2026-04-19,STR0002,Apparel,2,7.0,2527.97,1114.81,477.60000000000014
2026-04-19,STR0002,Automotive,1,4.0,1554.76,208.4000000000001,0.0
2026-04-19,STR0002,Health & Beauty,1,1.0,535.47,295.64,0.0
2026-04-19,STR0002,Office,1,3.0,1486.96,932.0500000000001,0.0
2026-04-19,STR0002,Sports,1,2.0,708.4,-5.279999999999973,125.01999999999998
2026-04-19,STR0003,Electronics,1,2.0,967.26,144.96000000000004,0.0
2026-04-19,STR0003,Home,2,3.0,1571.15,438.81,277.2700000000001
2026-04-19,STR0004,Office,1,1.0,289.05,92.11000000000001,0.0
2026-04-19,STR0004,Sports,1,5.0,3635.65,1948.9,0.0
2026-04-19,STR0005,Apparel,1,2.0,818.56,357.91999999999996,90.96000000000004
2026-04-19,STR0005,Health & Beauty,1,1.0,169.14,67.64999999999999,42.54000000000002
2026-04-19,STR0005,Office,1,2.0,118.36,12.239999999999995,0.0
2026-04-19,STR0005,Sports,1,6.0,2198.5299999999997,844.9299999999998,149.99999999999983
2026-04-19,STR0008,Automotive,1,3.0,1320.94,370.33000000000004,147.32999999999987
2026-04-19,STR0008,Electronics,1,2.0,85.75999999999999,43.32999999999999,1.8900000000000006
2026-04-19,STR0008,Home,1,1.0,232.52,66.37,58.62999999999997
2026-04-19,STR0008,Office,1,4.0,292.0,29.399999999999977,15.639999999999986
2026-04-19,STR0009,Electronics,1,1.0,129.63,68.46,14.400000000000006
2026-04-19,STR0009,Grocery,1,4.0,1487.06,636.1799999999998,267.42000000000013
2026-04-19,STR0010,Apparel,1,2.0,156.1,91.39999999999999,0.0
2026-04-19,STR0010,Automotive,1,2.0,248.3,134.32,27.599999999999966
2026-04-19,STR0010,Electronics,1,2.0,585.94,-4.899999999999977,65.09999999999991
2026-04-19,STR0010,Grocery,1,1.0,88.14,8.040000000000006,22.03
2026-04-19,STR0010,Health & Beauty,1,2.0,1468.74,584.94,259.20000000000005
2026-04-19,STR0010,Home,2,6.0,1869.19,541.81,295.68
2026-04-19,STR0010,Sports,2,2.0,656.13,185.23,40.25999999999999
2026-04-19,STR0011,Automotive,1,2.0,814.1400000000001,308.0200000000001,0.46000000000000085
2026-04-19,STR0011,Health & Beauty,1,1.0,115.09,64.48,13.009999999999991
2026-04-19,STR0012,Apparel,1,2.0,404.88,45.0,0.0
2026-04-19,STR0013,Apparel,1,1.0,387.96,13.019999999999982,43.110000000000014
2026-04-19,STR0013,Grocery,1,2.0,236.76,83.06,12.460000000000008
2026-04-19,STR0014,Grocery,2,3.0,522.96,125.40999999999997,52.54000000000002
2026-04-19,STR0014,Home,1,3.0,875.1999999999999,451.51,0.0
2026-04-19,STR0014,Office,1,1.0,183.59,96.26,0.0
2026-04-19,STR0015,Apparel,1,2.0,2167.96,1313.3000000000002,114.36000000000013
2026-04-19,STR0016,Apparel,1,3.0,881.61,395.82,97.94999999999993
2026-04-19,STR0016,Automotive,1,2.0,181.04,108.49999999999999,0.0
2026-04-19,STR0016,Sports,1,1.0,236.33,38.34,12.699999999999989
2026-04-19,STR0018,Electronics,1,5.0,1280.2,723.95,0.0
2026-04-19,STR0018,Grocery,1,1.0,790.95,461.28000000000003,0.0
2026-04-19,STR0018,Health & Beauty,1,1.0,7.21,3.54,0.0
2026-04-19,STR0018,Sports,1,1.0,646.99,244.44,71.88999999999999
2026-04-19,STR0019,Apparel,1,1.0,665.27,225.28999999999996,0.0
2026-04-19,STR0019,Automotive,1,1.0,108.28,33.900000000000006,0.0
2026-04-19,STR0019,Home,1,5.0,1007.78,-94.04000000000002,252.93000000000006
2026-04-19,STR0019,Office,1,2.0,155.32,24.019999999999982,0.0
2026-04-19,STR0020,Apparel,1,1.0,320.92,135.60000000000002,0.0
2026-04-19,STR0020,Automotive,1,4.0,1202.04,361.8399999999999,63.51999999999998
2026-04-19,STR0020,Electronics,1,3.0,1104.51,172.76999999999998,194.9099999999999
2026-04-19,STR0020,Office,1,3.0,2317.05,972.0,408.89999999999986
2026-04-19,STR0020,Sports,1,3.0,2288.43,1105.7699999999998,403.83000000000004
2026-04-19,STR0021,Apparel,1,1.0,117.51,15.040000000000006,6.289999999999992
2026-04-19,STR0021,Electronics,1,4.0,658.72,198.48000000000002,34.91999999999996
2026-04-19,STR0021,Grocery,1,1.0,276.92,169.32000000000002,0.0
2026-04-19,STR0021,Home,2,5.0,2233.05,917.0799999999999,0.0
2026-04-19,STR0021,Sports,3,8.0,3168.6,1255.3400000000001,143.65999999999997
2026-04-19,STR0022,Health & Beauty,1,4.0,316.24,102.13000000000001,31.66000000000001
2026-04-19,STR0022,Home,1,2.0,890.81,446.93999999999994,0.0
2026-04-19,STR0022,Office,3,4.0,1300.19,468.00000000000006,137.02000000000004
2026-04-19,STR0023,Automotive,2,4.0,1354.94,584.35,76.76999999999987
2026-04-19,STR0023,Electronics,1,2.0,616.06,231.21999999999997,0.0
2026-04-19,STR0023,Grocery,2,7.0,5052.2,2725.5,142.44999999999993
2026-04-19,STR0023,Health & Beauty,1,5.0,1066.75,369.54999999999995,118.50000000000009
2026-04-19,STR0023,Home,1,4.0,615.12,273.56,108.55999999999995
2026-04-19,STR0023,Sports,2,2.0,1008.8499999999999,301.54999999999995,99.03000000000003
2026-04-19,STR0024,Apparel,1,1.0,788.11,476.63,41.74000000000001
2026-04-19,STR0024,Electronics,1,1.0,197.8,36.68000000000001,22.089999999999975
2026-04-19,STR0024,Grocery,1,1.0,234.88,56.22999999999999,0.0
2026-04-19,STR0024,Office,1,1.0,94.43,47.77000000000001,4.969999999999999
2026-04-19,STR0024,Sports,1,1.0,867.8,481.0799999999999,0.0
2026-04-20,STR0001,Apparel,1,5.0,1432.58,532.6099999999999,146.67000000000013
2026-04-20,STR0001,Electronics,1,1.0,358.64,117.23999999999998,18.879999999999995
2026-04-20,STR0001,Health & Beauty,2,5.0,2061.7,825.3500000000001,0.0
2026-04-20,STR0001,Office,1,4.0,404.12,113.75999999999999,44.920000000000016
2026-04-20,STR0003,Apparel,1,1.0,285.98,145.43,71.49000000000001
2026-04-20,STR0003,Automotive,1,5.0,452.59999999999997,271.24999999999994,0.0
2026-04-20,STR0003,Health & Beauty,1,1.0,481.72,241.89000000000001,53.75
2026-04-20,STR0007,Automotive,1,2.0,596.46,286.08000000000004,66.81999999999994
2026-04-20,STR0007,Electronics,1,3.0,1241.79,628.4599999999999,167.29000000000008
2026-04-20,STR0007,Grocery,1,3.0,317.76,87.21000000000001,56.06999999999999
2026-04-20,STR0008,Sports,1,1.0,328.79,159.83,0.0
2026-04-20,STR0010,Automotive,1,1.0,134.11,53.85000000000001,0.0
2026-04-20,STR0010,Home,1,3.0,1582.62,580.5899999999999,0.0
2026-04-20,STR0010,Office,1,1.0,326.8,126.26000000000002,0.0
2026-04-20,STR0012,Electronics,1,3.0,583.2,337.14000000000004,0.0
2026-04-20,STR0012,Home,1,1.0,401.75,231.14,44.639999999999986
2026-04-20,STR0012,Sports,1,5.0,83.25,35.849999999999994,4.649999999999999
2026-04-20,STR0013,Electronics,1,1.0,12.63,1.790000000000001,0.0
2026-04-20,STR0013,Office,1,2.0,315.88,140.18,0.0
2026-04-20,STR0013,Sports,1,1.0,344.75,121.28999999999999,0.0
2026-04-20,STR0014,Automotive,1,3.0,2868.69,1800.18,0.0
2026-04-20,STR0014,Home,1,4.0,605.92,356.76,32.0
2026-04-20,STR0015,Apparel,1,2.0,266.24,97.36000000000001,67.06
2026-04-20,STR0015,Electronics,1,3.0,1318.92,710.7600000000001,69.41999999999996
2026-04-20,STR0015,Grocery,1,2.0,57.86,21.259999999999998,0.0
2026-04-20,STR0015,Office,1,1.0,815.91,402.46999999999997,143.99
2026-04-20,STR0016,Apparel,1,2.0,315.34,148.39999999999998,16.600000000000023
2026-04-20,STR0016,Grocery,1,1.0,142.08,-10.379999999999995,35.51999999999998
2026-04-20,STR0016,Office,1,2.0,1107.98,296.36,0.0
2026-04-20,STR0016,Sports,1,2.0,498.86,217.90000000000003,0.0
2026-04-20,STR0017,Home,1,1.0,555.52,257.14,0.0
2026-04-20,STR0017,Office,1,1.0,182.59,95.26,0.0
2026-04-20,STR0018,Apparel,2,3.0,975.7,354.91,164.5999999999999
2026-04-20,STR0018,Automotive,1,3.0,736.61,248.39999999999995,5.329999999999998
2026-04-20,STR0018,Office,1,1.0,40.34,-5.539999999999999,8.0
2026-04-20,STR0020,Apparel,1,5.0,5678.0,3494.25,0.0
2026-04-20,STR0020,Electronics,1,5.0,4097.05,2289.1500000000005,0.0
2026-04-20,STR0020,Home,1,2.0,298.1,116.16000000000003,0.0
2026-04-20,STR0022,Sports,1,5.0,1978.35,194.1500000000001,104.19999999999987
2026-04-20,STR0023,Apparel,2,8.0,2934.52,1497.5300000000002,114.32000000000005
2026-04-20,STR0023,Electronics,2,8.0,3146.1400000000003,1386.8300000000002,555.4999999999998
2026-04-20,STR0023,Health & Beauty,1,1.0,451.85,212.02,80.62
2026-04-20,STR0023,Office,1,2.0,1142.5,584.58,286.8800000000001
2026-04-20,STR0023,Sports,2,4.0,728.9,270.7199999999999,93.66
2026-04-21,STR0001,Automotive,1,1.0,7.06,-0.3000000000000007,1.240000000000001
2026-04-21,STR0003,Health & Beauty,1,2.0,1411.26,608.9,0.0
2026-04-21,STR0004,Automotive,1,2.0,922.6,510.32000000000005,0.0
2026-04-21,STR0004,Health & Beauty,1,3.0,557.35,308.71000000000004,20.879999999999995
2026-04-21,STR0004,Office,2,10.0,3959.7000000000003,1746.7400000000002,215.96000000000004
2026-04-21,STR0005,Automotive,1,2.0,742.2,373.54,186.03999999999996
2026-04-21,STR0005,Home,1,2.0,1434.1,756.5999999999999,253.08000000000015
2026-04-21,STR0006,Grocery,1,3.0,2293.7799999999997,1286.7099999999998,255.08999999999992
2026-04-21,STR0006,Health & Beauty,1,5.0,2418.6000000000004,1219.4500000000003,268.75
2026-04-21,STR0006,Office,1,5.0,2320.7,1043.6,580.1999999999998
2026-04-21,STR0006,Sports,1,2.0,1435.76,630.66,0.0
2026-04-21,STR0010,Automotive,2,9.0,2439.5600000000004,271.0500000000003,128.64
2026-04-21,STR0010,Grocery,2,8.0,5926.4800000000005,2537.120000000001,768.0399999999997
2026-04-21,STR0010,Health & Beauty,2,8.0,3938.8499999999995,1506.0299999999997,863.9500000000004
2026-04-21,STR0010,Home,1,4.0,1076.48,406.28,0.0
2026-04-21,STR0010,Office,1,7.0,3138.2699999999995,698.0299999999995,198.51999999999998
2026-04-21,STR0011,Apparel,1,1.0,648.89,342.71,0.0
2026-04-21,STR0011,Grocery,1,2.0,787.6,-31.93999999999994,197.15999999999997
2026-04-21,STR0011,Health & Beauty,1,1.0,5.21,1.54,0.0
2026-04-21,STR0011,Home,1,3.0,292.86,77.41000000000003,38.389999999999986
2026-04-21,STR0011,Office,1,5.0,1318.5,-52.30000000000018,233.55000000000018
2026-04-21,STR0011,Sports,1,5.0,213.35000000000002,85.07000000000001,4.759999999999991
2026-04-21,STR0013,Automotive,1,2.0,210.14,70.41999999999999,0.0
2026-04-21,STR0013,Home,1,4.0,1251.84,185.3599999999999,312.96000000000004
2026-04-21,STR0013,Sports,1,3.0,2409.36,1267.7700000000002,267.69000000000005
2026-04-21,STR0015,Health & Beauty,1,1.0,115.04,54.00000000000001,0.0
2026-04-21,STR0016,Automotive,1,3.0,2530.7200000000003,1263.9400000000003,633.9299999999998
2026-04-21,STR0016,Health & Beauty,1,2.0,225.08,103.00000000000001,0.0
2026-04-21,STR0016,Sports,1,2.0,37.16,18.199999999999996,0.0
2026-04-21,STR0018,Apparel,1,2.0,1622.92,809.72,0.0
2026-04-21,STR0018,Automotive,1,4.0,1160.76,655.44,61.16000000000008
2026-04-21,STR0018,Electronics,1,1.0,74.5,17.189999999999998,0.0
2026-04-21,STR0018,Health & Beauty,1,4.0,2133.98,949.98,333.68000000000006
2026-04-21,STR0018,Home,1,3.0,1120.26,336.78,280.07999999999987
2026-04-21,STR0018,Office,1,3.0,968.22,287.34000000000003,0.0
2026-04-21,STR0019,Apparel,1,4.0,38.24,18.880000000000003,7.640000000000001
2026-04-21,STR0019,Grocery,1,4.0,2329.3,1096.19,552.92
2026-04-21,STR0019,Office,1,2.0,933.06,104.93999999999994,0.0
2026-04-21,STR0019,Sports,1,2.0,1755.82,945.8399999999999,92.42000000000007
2026-04-21,STR0021,Electronics,1,2.0,651.04,60.19999999999993,0.0
2026-04-21,STR0021,Health & Beauty,1,3.0,1948.3000000000002,896.2000000000003,216.69000000000005
2026-04-21,STR0021,Home,1,4.0,1662.92,411.48,0.0
2026-04-21,STR0021,Office,2,3.0,1710.83,804.0899999999999,281.6700000000002
2026-04-21,STR0021,Sports,2,3.0,1774.51,655.3599999999999,443.64
2026-04-21,STR0023,Apparel,1,3.0,81.27,45.75,9.030000000000005
2026-04-21,STR0023,Electronics,2,5.0,2314.94,833.1400000000001,30.49000000000001
2026-04-21,STR0023,Grocery,1,1.0,943.16,550.76,0.0
2026-04-21,STR0023,Home,1,3.0,519.09,88.29000000000008,129.77999999999997
2026-04-21,STR0023,Office,1,1.0,974.3,604.56,0.0
2026-04-21,STR0023,Sports,1,2.0,1221.1,415.9999999999999,215.66000000000008
2026-04-21,STR0024,Health & Beauty,1,3.0,2584.86,1365.63,0.0
2026-04-21,STR_UNKNOWN,Grocery,1,4.0,4723.0,2972.7200000000003,0.0
2026-04-21,STR_UNKNOWN,Health & Beauty,1,5.0,1425.0,-131.39999999999986,356.50000000000006
2026-04-22,STR0001,Home,1,1.0,798.12,450.52,0.0
2026-04-22,STR0001,Office,1,2.0,450.48,174.18,0.0
2026-04-22,STR0001,Sports,1,1.0,72.2,33.25,8.019999999999996
2026-04-22,STR0002,Electronics,1,4.0,1354.84,287.52,239.27999999999997
2026-04-22,STR0002,Health & Beauty,1,3.0,710.1500000000001,291.8300000000001,0.0
2026-04-22,STR0002,Office,2,6.0,1098.79,431.62999999999994,0.0
2026-04-22,STR0002,Sports,1,5.0,1308.01,575.1,62.44
2026-04-22,STR0003,Electronics,1,1.0,379.62,64.26999999999998,20.089999999999975
2026-04-22,STR0003,Office,1,5.0,1985.3,1060.4499999999998,496.29999999999995
2026-04-22,STR0004,Apparel,2,6.0,2344.96,-69.49999999999989,587.74
2026-04-22,STR0004,Grocery,1,5.0,1528.45,546.95,269.7
2026-04-22,STR0004,Office,1,1.0,94.52,56.29,0.0
2026-04-22,STR0004,Sports,1,2.0,633.13,358.33000000000004,0.0
2026-04-22,STR0005,Apparel,1,2.0,1546.82,939.1999999999999,0.0
2026-04-22,STR0005,Home,1,2.0,1337.4,653.8000000000001,149.15999999999985
2026-04-22,STR0006,Electronics,1,4.0,2894.16,1222.7199999999998,724.8000000000002
2026-04-22,STR0006,Grocery,1,1.0,19.58,-3.6900000000000013,1.2900000000000027
2026-04-22,STR0007,Automotive,2,4.0,2341.39,1208.07,77.02000000000004
2026-04-22,STR0007,Health & Beauty,2,4.0,2956.08,1638.75,0.0
2026-04-22,STR0007,Office,1,1.0,238.14,73.92999999999998,12.530000000000001
2026-04-22,STR0007,Sports,1,3.0,1449.3899999999999,836.0699999999999,0.0
2026-04-22,STR0008,Office,1,1.0,657.58,312.88000000000005,73.05999999999995
2026-04-22,STR0009,Grocery,1,1.0,715.87,396.8,79.53999999999996
2026-04-22,STR0009,Health & Beauty,1,1.0,508.6,84.92000000000002,128.39999999999998
2026-04-22,STR0009,Home,1,3.0,585.66,182.64,30.840000000000003
2026-04-22,STR0011,Automotive,1,4.0,458.08,150.39999999999998,0.0
2026-04-22,STR0011,Health & Beauty,1,3.0,967.3799999999999,-41.6400000000001,241.83000000000004
2026-04-22,STR0011,Sports,1,2.0,397.08,116.12,99.78000000000003
2026-04-22,STR0012,Apparel,2,2.0,791.43,451.2199999999999,34.06
2026-04-22,STR0012,Automotive,1,3.0,1363.44,741.8700000000001,151.5
2026-04-22,STR0012,Health & Beauty,2,4.0,1096.04,501.9,0.0
2026-04-22,STR0012,Home,1,2.0,689.44,62.120000000000005,0.0
2026-04-22,STR0012,Sports,2,7.0,2137.85,782.15,138.14999999999998
2026-04-22,STR0014,Apparel,2,3.0,1461.57,773.65,50.870000000000005
2026-04-22,STR0014,Automotive,1,4.0,1931.08,476.39999999999986,101.6400000000001
2026-04-22,STR0014,Electronics,1,1.0,41.39,22.34,0.0
2026-04-22,STR0014,Grocery,1,1.0,10.57,0.5199999999999996,0.0
2026-04-22,STR0014,Health & Beauty,1,5.0,92.35,-544.75,10.300000000000011
2026-04-22,STR0014,Office,2,5.0,1178.5500000000002,511.30000000000007,161.37999999999988
2026-04-22,STR0015,Apparel,1,3.0,1043.16,189.21000000000015,260.78999999999985
2026-04-22,STR0015,Grocery,1,1.0,108.17,28.070000000000007,0.0
2026-04-22,STR0016,Apparel,1,1.0,435.19,216.04,0.0
2026-04-22,STR0016,Grocery,1,1.0,393.3,-16.46999999999997,98.57999999999998
2026-04-22,STR0016,Health & Beauty,1,7.0,3403.69,1681.93,107.5
2026-04-22,STR0019,Home,1,4.0,2109.56,831.8,527.4000000000001
2026-04-22,STR0019,Office,1,1.0,536.91,288.79999999999995,0.0
2026-04-22,STR0020,Automotive,1,2.0,892.78,43.95999999999992,223.44000000000005
2026-04-22,STR0021,Apparel,2,3.0,1140.94,292.27000000000004,0.0
2026-04-22,STR0021,Automotive,1,3.0,343.06,112.30000000000001,0.0
2026-04-22,STR0021,Electronics,1,4.0,1302.08,120.39999999999986,0.0
2026-04-22,STR0021,Grocery,1,2.0,449.62,11.519999999999982,23.659999999999968
2026-04-22,STR0021,Health & Beauty,1,3.0,2349.11,1384.2,36.56000000000006
2026-04-22,STR0021,Home,1,2.0,409.94,219.52,0.0
2026-04-22,STR0022,Apparel,1,2.0,331.94,165.0,0.0
2026-04-22,STR0022,Automotive,1,1.0,438.41,201.11,0.0
2026-04-22,STR0022,Grocery,1,2.0,385.82,121.12,96.45999999999998
2026-04-22,STR0022,Office,1,3.0,943.83,337.39000000000004,0.0
2026-04-22,STR0023,Office,1,1.0,177.1,64.6,0.0
2026-04-22,STR0024,Apparel,1,10.0,8901.039999999999,5165.039999999999,45.48000000000002
2026-04-22,STR0024,Office,1,2.0,613.2,159.28000000000003,32.27999999999997
2026-04-22,STR0025,Apparel,1,1.0,408.14,171.79999999999998,102.04000000000002
2026-04-22,STR_UNKNOWN,Apparel,1,1.0,41.8,21.379999999999995,10.950000000000003
2026-04-22,STR_UNKNOWN,Automotive,1,1.0,167.64,87.61999999999999,29.940000000000026
2026-04-22,STR_UNKNOWN,Electronics,1,3.0,1347.07,502.22999999999996,10.82
2026-04-22,STR_UNKNOWN,Sports,1,2.0,665.68,264.63999999999993,73.96000000000004
2026-04-23,STR0001,Apparel,1,5.0,1012.7,113.0,0.0
2026-04-23,STR0001,Automotive,1,1.0,32.85,9.400000000000002,0.0
2026-04-23,STR0002,Apparel,1,4.0,2141.92,928.9200000000001,112.7199999999998
2026-04-23,STR0002,Office,1,2.0,139.4,25.38000000000001,35.34
2026-04-23,STR0003,Apparel,1,1.0,40.85,19.040000000000003,2.1499999999999986
2026-04-23,STR0003,Grocery,1,4.0,2689.24,1370.5599999999997,474.5600000000004
2026-04-23,STR0003,Health & Beauty,1,4.0,100.4,22.16000000000001,11.159999999999997
2026-04-23,STR0003,Office,1,4.0,2318.72,1304.1599999999999,257.6400000000003
2026-04-23,STR0004,Health & Beauty,1,1.0,44.74,7.200000000000003,0.0
2026-04-23,STR0004,Office,1,6.0,1698.23,831.5699999999998,49.64999999999998
2026-04-23,STR0004,Sports,1,4.0,3568.4,2046.2800000000002,0.0
2026-04-23,STR0006,Apparel,1,4.0,351.88,109.16,62.95999999999998
2026-04-23,STR0006,Automotive,1,1.0,372.31,73.19999999999999,94.32999999999998
2026-04-23,STR0006,Sports,1,1.0,294.82,97.25,73.70999999999998
2026-04-23,STR0007,Apparel,1,2.0,298.94,11.04000000000002,33.22000000000003
2026-04-23,STR0007,Automotive,2,2.0,727.9300000000001,93.46999999999997,147.32
2026-04-23,STR0007,Electronics,1,1.0,235.93,123.93,42.51999999999998
2026-04-23,STR0007,Health & Beauty,1,1.0,83.99,36.19,0.0
2026-04-23,STR0007,Sports,1,2.0,190.3,73.34000000000002,0.0
2026-04-23,STR0008,Automotive,1,4.0,1624.53,414.04999999999995,166.62000000000006
2026-04-23,STR0009,Apparel,1,2.0,1042.88,633.3600000000001,0.0
2026-04-23,STR0009,Sports,1,1.0,46.0,9.670000000000002,11.75
2026-04-23,STR0010,Automotive,2,6.0,536.3299999999999,183.95,13.97999999999999
2026-04-23,STR0010,Grocery,1,2.0,1885.06,1065.5,0.0
2026-04-23,STR0010,Home,1,5.0,799.9,488.45,0.0
2026-04-23,STR0011,Sports,1,4.0,2617.68,1268.2799999999997,290.84000000000015
2026-04-23,STR0012,Apparel,1,5.0,368.75,207.0,19.499999999999957
2026-04-23,STR0012,Health & Beauty,1,1.0,47.03,27.55,0.0
2026-04-23,STR0012,Sports,1,5.0,92.89999999999999,45.499999999999986,0.0
2026-04-23,STR0013,Apparel,1,1.0,120.74,13.449999999999989,21.310000000000016
2026-04-23,STR0013,Health & Beauty,1,1.0,757.42,419.31999999999994,0.0
2026-04-23,STR0013,Home,2,5.0,2803.33,1300.6399999999999,0.0
2026-04-23,STR0013,Sports,1,2.0,1097.2,462.58000000000004,274.55999999999995
2026-04-23,STR0016,Health & Beauty,1,1.0,143.85,32.41,0.0
2026-04-23,STR0017,Health & Beauty,1,2.0,663.52,266.65999999999997,0.0
2026-04-23,STR0018,Apparel,1,5.0,922.25,433.65,102.59999999999991
2026-04-23,STR0021,Grocery,1,4.0,2929.63,1738.14,143.75999999999988
2026-04-23,STR0021,Office,1,5.0,2231.45,1306.6,248.14999999999998
2026-04-23,STR0022,Grocery,1,6.0,1327.37,380.48,76.26999999999995
2026-04-23,STR0022,Office,1,5.0,1556.0500000000002,185.25,0.0
2026-04-23,STR0023,Apparel,1,1.0,505.04,190.52000000000004,0.0
2026-04-23,STR0023,Electronics,1,1.0,428.35,203.50000000000003,22.539999999999964
2026-04-23,STR0023,Grocery,1,1.0,499.55,257.94,0.0
2026-04-23,STR0023,Office,1,1.0,377.39,33.45999999999998,0.0
2026-04-23,STR0023,Sports,1,6.0,1239.32,740.1199999999999,65.24000000000008
2026-04-23,STR0024,Apparel,1,3.0,1467.9,757.8900000000001,366.96
2026-04-24,STR0001,Automotive,1,2.0,126.52,28.060000000000002,6.660000000000011
2026-04-24,STR0001,Grocery,1,2.0,452.34,166.61999999999995,23.80000000000001
2026-04-24,STR0002,Automotive,1,2.0,824.66,-23.700000000000045,145.51999999999998
2026-04-24,STR0003,Electronics,1,1.0,369.27,80.38999999999999,65.16000000000003
2026-04-24,STR0003,Office,1,3.0,268.38,128.4,29.820000000000036
2026-04-24,STR0003,Sports,1,6.0,3025.42,903.92,143.77999999999997
2026-04-24,STR0005,Apparel,2,11.0,5152.61,2122.58,80.90000000000003
2026-04-24,STR0005,Electronics,2,5.0,993.8399999999999,457.65999999999997,0.0
2026-04-24,STR0005,Grocery,1,3.0,684.6800000000001,134.18000000000006,121.01999999999992
2026-04-24,STR0005,Home,2,3.0,1016.98,468.13999999999993,126.48000000000002
2026-04-24,STR0005,Office,1,5.0,1398.49,661.2,16.83
2026-04-24,STR0005,Sports,1,2.0,20.34,2.5199999999999996,1.120000000000001
2026-04-24,STR0006,Apparel,2,3.0,972.9300000000001,349.32,108.86999999999995
2026-04-24,STR0006,Automotive,1,5.0,2319.0,1288.3000000000002,0.0
2026-04-24,STR0006,Electronics,1,1.0,416.5,213.78,46.27999999999997
2026-04-24,STR0006,Health & Beauty,1,3.0,2686.08,1505.01,0.0
2026-04-24,STR0006,Sports,2,2.0,930.1600000000001,459.52,131.36999999999995
2026-04-24,STR0007,Electronics,1,1.0,420.24,212.93,0.0
2026-04-24,STR0007,Home,1,4.0,1769.28,801.8399999999999,93.12000000000012
2026-04-24,STR0007,Office,1,1.0,579.18,323.76,0.0
2026-04-24,STR0009,Automotive,1,1.0,416.75,119.17000000000002,73.55000000000001
2026-04-24,STR0009,Grocery,1,1.0,158.84,6.3799999999999955,17.75999999999999
2026-04-24,STR0009,Health & Beauty,2,9.0,1834.74,262.12,280.6899999999999
2026-04-24,STR0009,Home,2,4.0,1945.48,670.0600000000001,0.0
2026-04-24,STR0009,Office,1,1.0,452.71,194.96999999999997,114.43
2026-04-24,STR0009,Sports,1,2.0,1257.55,719.46,0.0
2026-04-24,STR0010,Automotive,1,2.0,1016.36,289.02,0.0
2026-04-24,STR0010,Sports,1,1.0,127.69,30.739999999999995,23.409999999999997
2026-04-24,STR0011,Apparel,1,1.0,432.19,213.04,0.0
2026-04-24,STR0011,Health & Beauty,1,3.0,670.63,199.81,0.0
2026-04-24,STR0012,Automotive,1,1.0,32.85,9.400000000000002,0.0
2026-04-24,STR0013,Office,1,1.0,433.39,154.20999999999998,108.35000000000002
2026-04-24,STR0014,Apparel,1,1.0,649.17,242.56999999999994,162.29000000000008
2026-04-24,STR0014,Automotive,1,2.0,1117.22,268.4,0.0
2026-04-24,STR0014,Electronics,2,8.0,2616.0199999999995,992.0399999999998,252.16000000000008
2026-04-24,STR0014,Health & Beauty,1,1.0,328.81,128.96,58.379999999999995
2026-04-24,STR0014,Home,1,3.0,652.66,202.92999999999995,163.64999999999995
2026-04-24,STR0015,Apparel,1,4.0,1901.6,1104.04,211.2800000000002
2026-04-24,STR0015,Home,2,4.0,633.36,193.9,136.47999999999996
2026-04-24,STR0015,Sports,1,5.0,1316.26,636.08,217.4099999999999
2026-04-24,STR0017,Automotive,2,2.0,781.9200000000001,360.5100000000001,63.559999999999945
2026-04-24,STR0017,Electronics,1,4.0,240.6,11.359999999999985,60.400000000000006
2026-04-24,STR0017,Sports,1,2.0,45.62,10.119999999999997,0.0
2026-04-24,STR0019,Automotive,1,5.0,4062.4300000000003,2251.42,0.0
2026-04-24,STR0019,Health & Beauty,1,4.0,139.52,4.680000000000007,25.519999999999982
2026-04-24,STR0020,Apparel,1,4.0,1651.68,513.0800000000002,86.91999999999985
2026-04-24,STR0020,Office,1,6.0,2749.7200000000003,1663.7400000000002,30.82000000000005
2026-04-24,STR0020,Sports,1,4.0,798.16,236.24,199.56000000000006
2026-04-24,STR0021,Home,1,3.0,1185.28,401.79999999999995,210.05999999999995
2026-04-24,STR0023,Health & Beauty,2,7.0,4354.47,1851.73,146.17999999999995
2026-04-24,STR0023,Home,1,5.0,2512.05,1227.2,279.20000000000016
2026-04-24,STR0025,Automotive,1,1.0,518.66,194.21999999999997,0.0
2026-04-24,STR0025,Electronics,1,4.0,972.96,527.96,51.200000000000045
2026-04-24,STR0025,Office,1,2.0,1352.04,590.6999999999999,150.22000000000003
2026-04-24,STR0025,Sports,1,4.0,1284.44,651.24,321.1199999999999
2026-04-25,STR0001,Electronics,1,5.0,268.45000000000005,64.35000000000005,0.0
2026-04-25,STR0001,Home,1,2.0,459.96,227.85999999999999,0.0
2026-04-25,STR0001,Sports,1,1.0,164.78,70.25,29.430000000000007
2026-04-25,STR0002,Automotive,2,4.0,323.06,68.49000000000001,82.50999999999999
2026-04-25,STR0002,Office,1,5.0,357.92,105.2,22.0
2026-04-25,STR0002,Sports,1,1.0,182.17,86.93999999999998,32.32000000000002
2026-04-25,STR0004,Apparel,1,3.0,716.7199999999999,382.17999999999995,31.77000000000001
2026-04-25,STR0004,Office,1,1.0,324.16,107.62000000000003,0.0
2026-04-25,STR0005,Apparel,1,1.0,167.65,83.21000000000001,0.0
2026-04-25,STR0005,Automotive,2,3.0,2596.19,1327.4899999999998,0.0
2026-04-25,STR0005,Electronics,1,4.0,1101.76,-79.92000000000007,195.31999999999994
2026-04-25,STR0005,Grocery,2,5.0,1029.96,551.03,100.31
2026-04-25,STR0005,Office,1,1.0,729.64,384.94,0.0
2026-04-25,STR0005,Sports,1,1.0,510.12,154.14999999999998,56.89999999999998
2026-04-25,STR0006,Grocery,1,2.0,959.86,560.7,106.63999999999999
2026-04-25,STR0006,Home,1,2.0,1775.88,1018.4800000000001,0.0
2026-04-25,STR0007,Automotive,1,4.0,1571.48,304.0,392.8799999999999
2026-04-25,STR0007,Electronics,1,5.0,56.849999999999994,2.6499999999999915,6.300000000000008
2026-04-25,STR0007,Home,1,1.0,307.96,41.339999999999975,78.24000000000001
2026-04-25,STR0008,Automotive,1,2.0,930.24,561.5799999999999,0.0
2026-04-25,STR0009,Electronics,1,1.0,93.35,49.48,0.0
2026-04-25,STR0009,Office,1,4.0,1139.32,616.89,62.870000000000005
2026-04-25,STR0011,Automotive,1,2.0,789.7,421.04,139.53999999999996
2026-04-25,STR0012,Grocery,1,2.0,314.36,195.70000000000002,0.0
2026-04-25,STR0013,Apparel,1,1.0,195.55,88.09000000000002,48.889999999999986
2026-04-25,STR0013,Office,1,4.0,2320.72,1299.04,0.0
2026-04-25,STR0014,Apparel,1,2.0,1126.02,706.46,0.0
2026-04-25,STR0014,Electronics,2,8.0,1195.17,361.3300000000001,204.54999999999995
2026-04-25,STR0014,Grocery,1,2.0,469.66,192.90000000000003,24.97999999999996
2026-04-25,STR0014,Home,1,1.0,249.18,83.03,43.96999999999997
2026-04-25,STR0014,Office,1,6.0,1418.76,687.52,68.59999999999997
2026-04-25,STR0014,Sports,2,6.0,2708.73,1409.7899999999997,0.0
2026-04-25,STR0016,Automotive,1,2.0,1037.32,388.43999999999994,0.0
2026-04-25,STR0016,Grocery,1,2.0,231.12,67.42000000000002,0.0
2026-04-25,STR0017,Apparel,1,3.0,1640.9499999999998,742.4799999999998,0.0
2026-04-25,STR0017,Automotive,1,1.0,338.98,20.99000000000001,85.25
2026-04-25,STR0017,Home,1,2.0,366.7,79.5,64.88
2026-04-25,STR0017,Sports,1,3.0,916.0500000000001,432.12,48.31999999999999
2026-04-25,STR0018,Apparel,1,4.0,827.8,513.72,0.0
2026-04-25,STR0018,Automotive,1,3.0,426.07000000000005,69.96000000000001,47.33999999999995
2026-04-25,STR0018,Electronics,1,1.0,53.3,31.879999999999995,2.8000000000000043
2026-04-25,STR0018,Home,1,1.0,465.78,204.61999999999995,0.0
2026-04-25,STR0018,Office,1,2.0,431.46,61.15999999999997,107.86000000000007
2026-04-25,STR0019,Apparel,1,3.0,934.03,273.66999999999996,0.0
2026-04-25,STR0020,Apparel,1,1.0,1143.66,716.3300000000002,0.0
2026-04-25,STR0020,Automotive,1,1.0,130.89,7.359999999999985,14.54000000000002
2026-04-25,STR0021,Apparel,1,2.0,587.2,208.50000000000006,147.03999999999996
2026-04-25,STR0021,Automotive,1,1.0,306.5,63.44999999999999,76.62
2026-04-25,STR0021,Electronics,1,5.0,1882.6,675.5999999999999,0.0
2026-04-25,STR0021,Grocery,1,2.0,119.28,60.5,0.0
2026-04-25,STR0021,Health & Beauty,1,2.0,797.24,188.94000000000005,0.0
2026-04-25,STR0021,Home,1,4.0,1768.72,390.31999999999994,0.0
2026-04-25,STR0021,Office,1,1.0,290.47,63.51000000000002,32.26999999999998
2026-04-25,STR0021,Sports,1,2.0,1149.2,344.1,287.55999999999995
2026-04-25,STR0022,Apparel,1,2.0,728.98,-55.69999999999993,183.5
2026-04-25,STR0022,Electronics,2,5.0,2253.33,1059.7,0.0
2026-04-25,STR0025,Apparel,1,5.0,2168.25,986.55,382.65000000000015
2026-04-25,STR0025,Grocery,1,1.0,410.14,106.72999999999996,72.38
2026-04-25,STR0025,Home,1,3.0,985.9000000000001,197.6500000000001,246.95999999999998
2026-04-25,STR0025,Office,1,3.0,1073.56,495.12,257.8999999999999
2026-04-26,STR0001,Apparel,1,5.0,2020.3,815.8,0.0
2026-04-26,STR0001,Automotive,1,4.0,1129.84,210.07999999999993,125.75999999999999
2026-04-26,STR0001,Health & Beauty,1,1.0,479.17,215.81,25.21999999999997
2026-04-26,STR0001,Office,1,4.0,55.92,15.200000000000003,0.0
2026-04-26,STR0003,Apparel,1,2.0,471.3,96.88,0.0
2026-04-26,STR0003,Home,1,1.0,249.18,83.03,43.96999999999997
2026-04-26,STR0003,Sports,1,1.0,210.93,12.939999999999998,38.099999999999994
2026-04-26,STR0005,Grocery,1,1.0,408.14,104.72999999999996,72.38
2026-04-26,STR0005,Health & Beauty,1,5.0,1696.0,580.5100000000002,0.0
2026-04-26,STR0005,Home,1,2.0,1171.58,501.4,0.0
2026-04-26,STR0006,Automotive,1,1.0,692.49,299.5,0.0
2026-04-26,STR0006,Electronics,1,1.0,629.21,277.71000000000004,0.0
2026-04-26,STR0006,Office,1,3.0,919.8700000000001,516.5800000000002,0.0
2026-04-26,STR0007,Apparel,1,1.0,914.93,487.59999999999997,228.73000000000013
2026-04-26,STR0007,Automotive,1,2.0,752.62,154.39999999999998,188.65999999999997
2026-04-26,STR0007,Home,1,1.0,100.58,22.090000000000003,11.180000000000007
2026-04-26,STR0007,Sports,1,1.0,8.98,0.07000000000000028,2.25
2026-04-26,STR0008,Grocery,1,3.0,349.68,104.13000000000002,0.0
2026-04-26,STR0008,Home,1,1.0,138.59,10.88000000000001,0.0
2026-04-26,STR0008,Office,1,3.0,978.4000000000001,376.7800000000001,0.0
2026-04-26,STR0009,Automotive,2,6.0,2763.65,902.0800000000002,534.2999999999997
2026-04-26,STR0009,Health & Beauty,1,2.0,1183.0,712.44,0.0
2026-04-26,STR0009,Home,2,6.0,1304.08,607.52,72.3599999999999
2026-04-26,STR0009,Sports,2,5.0,2017.1399999999999,1046.59,313.54999999999995
2026-04-26,STR0010,Health & Beauty,1,2.0,875.99,479.04999999999995,10.420000000000016
2026-04-26,STR0011,Automotive,2,5.0,1508.83,193.37,0.0
2026-04-26,STR0011,Health & Beauty,1,2.0,943.96,131.20000000000005,49.67999999999995
2026-04-26,STR0012,Grocery,1,5.0,5016.2,2828.35,885.5500000000001
2026-04-26,STR0013,Automotive,2,3.0,243.54,68.23999999999998,14.280000000000001
2026-04-26,STR0013,Electronics,2,6.0,1923.94,1029.24,0.0
2026-04-26,STR0013,Grocery,2,2.0,493.72999999999996,98.68999999999994,54.86000000000007
2026-04-26,STR0013,Office,2,10.0,4342.0,1477.65,147.02999999999997
2026-04-26,STR0014,Home,2,4.0,1639.45,787.0700000000002,300.20999999999987
2026-04-26,STR0014,Office,1,1.0,79.53,22.520000000000003,8.840000000000003
2026-04-26,STR0016,Apparel,1,3.0,538.7,100.28000000000009,0.0
2026-04-26,STR0016,Health & Beauty,1,2.0,94.06,55.1,0.0
2026-04-26,STR0016,Home,1,5.0,2823.6000000000004,1628.8500000000004,313.75
2026-04-26,STR0016,Sports,1,2.0,1560.78,932.68,0.0
2026-04-26,STR0017,Grocery,1,2.0,834.56,222.67999999999995,0.0
2026-04-26,STR0017,Health & Beauty,1,6.0,775.07,105.65999999999998,149.57999999999998
2026-04-26,STR0017,Home,1,4.0,3394.88,1680.1200000000001,849.96
2026-04-26,STR0017,Office,2,7.0,2015.0,1163.82,106.44999999999987
2026-04-26,STR0017,Sports,1,1.0,600.59,307.97,0.0
2026-04-26,STR0018,Automotive,1,5.0,113.05,5.749999999999986,20.85000000000001
2026-04-26,STR0018,Electronics,1,2.0,441.78,119.53999999999996,0.0
2026-04-26,STR0018,Office,1,1.0,74.25,8.599999999999994,3.9099999999999966
2026-04-26,STR0020,Apparel,1,2.0,51.18,27.5,9.020000000000003
2026-04-26,STR0020,Health & Beauty,1,5.0,3388.05,1964.4,0.0
2026-04-26,STR0022,Health & Beauty,1,5.0,1524.55,228.89,0.0
2026-04-26,STR0022,Office,1,1.0,105.43,-11.849999999999994,26.359999999999985
2026-04-26,STR0024,Automotive,1,2.0,99.74,27.019999999999996,17.60000000000001
2026-04-26,STR0024,Grocery,1,4.0,1672.8,202.03999999999996,0.0
2026-04-26,STR0024,Home,1,2.0,1207.11,626.3,79.81000000000006
2026-04-26,STR0025,Health & Beauty,1,4.0,1165.0,612.48,130.0
2026-04-27,STR0001,Apparel,1,1.0,86.83,46.41,15.670000000000002
2026-04-27,STR0001,Automotive,2,3.0,204.01999999999998,56.92,17.60000000000001
2026-04-27,STR0001,Grocery,1,5.0,469.12,70.10000000000001,52.13999999999997
2026-04-27,STR0001,Home,1,5.0,2347.9,335.8499999999999,0.0
2026-04-27,STR0002,Automotive,1,4.0,4224.2,2535.16,0.0
2026-04-27,STR0002,Grocery,2,4.0,1504.3400000000001,157.08000000000004,167.1199999999999
2026-04-27,STR0002,Health & Beauty,1,2.0,791.47,295.95,56.54000000000002
2026-04-27,STR0002,Office,1,4.0,46.32,5.600000000000001,11.600000000000001
2026-04-27,STR0002,Sports,1,1.0,416.71,59.870000000000005,0.0
2026-04-27,STR0003,Electronics,1,2.0,1667.88,1028.42,0.0
2026-04-27,STR0003,Health & Beauty,1,5.0,2435.25,456.70000000000005,128.19999999999993
2026-04-27,STR0003,Home,1,2.0,1275.36,400.69999999999993,142.26
2026-04-27,STR0004,Apparel,1,2.0,240.98,59.45999999999998,12.680000000000007
2026-04-27,STR0004,Home,1,3.0,1136.04,525.3899999999999,126.20999999999998
2026-04-27,STR0005,Grocery,1,1.0,34.52,17.930000000000003,0.0
2026-04-27,STR0006,Apparel,1,1.0,709.62,398.14,125.23000000000002
2026-04-27,STR0006,Home,1,5.0,2725.0,1618.7,0.0
2026-04-27,STR0006,Sports,2,5.0,2616.02,1063.94,119.97000000000003
2026-04-27,STR0007,Apparel,1,5.0,833.25,411.05,0.0
2026-04-27,STR0007,Electronics,1,3.0,1398.3899999999999,753.29,0.0
2026-04-27,STR0007,Grocery,1,1.0,151.87,82.03,0.0
2026-04-27,STR0007,Health & Beauty,2,2.0,608.9,193.88,63.109999999999985
2026-04-27,STR0007,Sports,2,8.0,2851.56,898.6,428.6199999999998
2026-04-27,STR0008,Apparel,1,1.0,309.62,124.30000000000001,16.30000000000001
2026-04-27,STR0008,Electronics,1,1.0,420.24,212.93,0.0
2026-04-27,STR0008,Office,2,5.0,3060.03,1215.1800000000003,0.0
2026-04-27,STR0008,Sports,2,9.0,2008.21,783.76,385.48999999999984
2026-04-27,STR0009,Apparel,2,2.0,703.37,287.66999999999996,79.55000000000001
2026-04-27,STR0009,Automotive,4,10.0,2492.63,1164.17,23.80000000000001
2026-04-27,STR0009,Electronics,3,7.0,2392.2799999999997,1011.9499999999999,181.21999999999994
2026-04-27,STR0009,Grocery,2,4.0,1834.63,1057.24,0.0
2026-04-27,STR0009,Health & Beauty,2,6.0,1684.5700000000002,461.44,182.76999999999998
2026-04-27,STR0009,Office,2,8.0,3705.92,2234.9200000000005,25.829999999999956
2026-04-27,STR0009,Sports,1,1.0,844.64,468.96,44.460000000000036
2026-04-27,STR0010,Apparel,1,6.0,375.1,187.3,0.0
2026-04-27,STR0010,Home,1,5.0,623.65,-14.899999999999977,69.3
2026-04-27,STR0011,Health & Beauty,1,3.0,874.9300000000001,458.90999999999997,25.21999999999997
2026-04-27,STR0011,Home,1,4.0,2683.8,1316.6000000000001,298.3199999999997
2026-04-27,STR0011,Office,1,5.0,3570.08,1916.41,216.75
2026-04-27,STR0012,Apparel,1,3.0,234.14999999999998,137.09999999999997,0.0
2026-04-27,STR0012,Automotive,1,1.0,864.55,501.62999999999994,0.0
2026-04-27,STR0012,Health & Beauty,1,4.0,3581.44,2006.68,0.0
2026-04-27,STR0012,Sports,1,1.0,111.86,111.86,0.0
2026-04-27,STR0013,Health & Beauty,1,1.0,45.7,-81.72,11.43
2026-04-27,STR0014,Apparel,3,5.0,903.5799999999999,503.83000000000004,33.129999999999995
2026-04-27,STR0014,Automotive,1,6.0,1544.68,273.35999999999996,323.26
2026-04-27,STR0014,Home,2,9.0,3976.3,865.3999999999999,557.5
2026-04-27,STR0014,Sports,2,8.0,1967.44,803.74,299.86
2026-04-27,STR0015,Apparel,1,1.0,714.59,393.52000000000004,0.0
2026-04-27,STR0015,Grocery,1,1.0,124.61,47.760000000000005,0.0
2026-04-27,STR0015,Home,1,1.0,892.0,446.16,157.76999999999998
2026-04-27,STR0017,Apparel,1,5.0,1562.4,615.6500000000001,275.69999999999993
2026-04-27,STR0017,Grocery,1,4.0,71.8,35.04,0.0
2026-04-27,STR0017,Home,3,8.0,817.11,149.38,85.74000000000001
2026-04-27,STR0017,Office,1,3.0,600.77,323.63,0.0
2026-04-27,STR0017,Sports,1,1.0,333.94,122.47,17.579999999999984
2026-04-27,STR0018,Health & Beauty,1,1.0,315.17,116.74000000000001,16.589999999999975
2026-04-27,STR0019,Apparel,1,2.0,198.54,117.69999999999999,10.460000000000008
2026-04-27,STR0019,Electronics,1,7.0,2061.08,1004.1400000000001,370.2399999999998
2026-04-27,STR0019,Home,1,1.0,797.12,449.52,0.0
2026-04-27,STR0019,Sports,1,2.0,147.94,2.3000000000000114,38.24000000000001
2026-04-27,STR0020,Apparel,2,7.0,2536.96,1471.1100000000001,7.799999999999983
2026-04-27,STR0020,Automotive,1,4.0,3458.2,2006.5199999999998,0.0
2026-04-27,STR0020,Electronics,1,4.0,1605.24,484.5400000000001,48.620000000000005
2026-04-27,STR0020,Office,1,4.0,886.96,240.96000000000004,0.0
2026-04-27,STR0021,Apparel,1,1.0,19.74,8.569999999999999,0.0
2026-04-27,STR0021,Health & Beauty,1,5.0,1233.61,46.90999999999994,225.82000000000005
2026-04-27,STR0022,Apparel,1,2.0,1237.06,629.4399999999999,309.76
2026-04-27,STR0022,Automotive,1,3.0,976.9499999999999,247.79999999999984,172.41000000000008
2026-04-27,STR0022,Health & Beauty,2,12.0,6344.29,2997.83,524.42
2026-04-27,STR0022,Home,1,7.0,4232.07,2400.82,262.40000000000003
2026-04-27,STR0022,Office,1,4.0,539.56,168.56,135.12
2026-04-27,STR0022,Sports,1,1.0,76.21,37.25999999999999,4.010000000000005
2026-04-27,STR0023,Apparel,1,1.0,402.22,208.72000000000003,100.55999999999995
2026-04-27,STR0023,Automotive,1,6.0,1002.62,383.42,130.16000000000003
2026-04-27,STR0025,Apparel,1,1.0,237.96,100.4,12.789999999999992
2026-04-27,STR0025,Automotive,1,2.0,212.58,52.06,53.640000000000015
2026-04-27,STR0025,Electronics,2,5.0,920.1600000000001,523.2300000000001,0.0
2026-04-27,STR0025,Grocery,2,2.0,786.35,357.86,92.24000000000001
2026-04-27,STR0025,Health & Beauty,2,2.0,522.55,184.42,100.88
2026-04-27,STR0025,Home,1,6.0,3487.9199999999996,1762.4099999999999,0.0
2026-04-27,STR0025,Sports,1,1.0,401.39,243.08999999999997,0.0
2026-04-28,STR0001,Apparel,1,3.0,593.37,357.81,31.22999999999999
2026-04-28,STR0001,Electronics,1,4.0,698.64,238.39999999999998,0.0
2026-04-28,STR0001,Home,1,2.0,881.92,228.29999999999995,46.42000000000007
2026-04-28,STR0001,Sports,1,5.0,3421.7000000000003,1189.9,0.0
2026-04-28,STR0002,Apparel,1,1.0,62.86,26.549999999999997,0.0
2026-04-28,STR0002,Electronics,1,1.0,40.39,21.34,0.0
2026-04-28,STR0002,Sports,1,4.0,1622.32,494.59000000000003,60.0
2026-04-28,STR0003,Apparel,1,4.0,1722.28,222.51999999999998,0.0
2026-04-28,STR0003,Automotive,1,1.0,377.31,78.19999999999999,94.32999999999998
2026-04-28,STR0003,Grocery,1,3.0,1478.6399999999999,249.32999999999993,0.0
2026-04-28,STR0005,Apparel,1,5.0,232.7,130.59999999999997,41.050000000000004
2026-04-28,STR0005,Electronics,1,4.0,1891.68,550.2,210.27999999999997
2026-04-28,STR0005,Health & Beauty,1,1.0,331.76,133.32999999999998,0.0
2026-04-28,STR0005,Home,1,1.0,214.37,60.849999999999994,0.0
2026-04-28,STR0005,Office,2,5.0,2309.42,628.64,16.49000000000001
2026-04-28,STR0005,Sports,1,2.0,399.08,118.12,99.78000000000003
2026-04-28,STR0006,Apparel,1,4.0,2157.44,1014.04,0.0
2026-04-28,STR0006,Office,1,4.0,1429.1100000000001,503.46000000000004,51.210000000000036
2026-04-28,STR0007,Office,1,1.0,101.32,35.66999999999999,25.830000000000013
2026-04-28,STR0007,Sports,1,1.0,213.49,118.26,0.0
2026-04-28,STR0009,Automotive,1,2.0,1729.1,1003.2599999999999,0.0
2026-04-28,STR0010,Home,1,4.0,3030.84,1640.44,159.63999999999987
2026-04-28,STR0011,Apparel,1,2.0,1092.68,565.22,273.15999999999985
2026-04-28,STR0011,Health & Beauty,1,1.0,223.21,66.27000000000001,0.0
2026-04-28,STR0011,Office,1,2.0,205.86,-28.69999999999999,52.71999999999997
2026-04-28,STR0011,Sports,1,3.0,1049.25,378.87,0.0
2026-04-28,STR0013,Apparel,1,3.0,2504.55,1570.1100000000001,0.0
2026-04-28,STR0013,Automotive,1,1.0,729.4,359.45,81.04000000000008
2026-04-28,STR0013,Grocery,2,7.0,1366.06,505.2700000000001,61.349999999999966
2026-04-28,STR0013,Health & Beauty,1,6.0,2174.7200000000003,329.05999999999995,75.40000000000009
2026-04-28,STR0013,Home,1,1.0,83.21,44.379999999999995,0.0
2026-04-28,STR0014,Office,1,3.0,743.88,408.0,39.14999999999995
2026-04-28,STR0016,Apparel,1,4.0,1606.36,400.28,283.48
2026-04-28,STR0016,Sports,1,5.0,1159.03,315.3700000000001,37.5
2026-04-28,STR0017,Electronics,2,12.0,5754.5,2187.2000000000007,333.2599999999999
2026-04-28,STR0017,Grocery,1,2.0,1199.24,621.98,0.0
2026-04-28,STR0017,Home,1,2.0,55.8,10.219999999999999,6.200000000000003
2026-04-28,STR0018,Apparel,1,2.0,757.72,408.12,0.0
2026-04-28,STR0018,Electronics,1,5.0,380.09999999999997,222.14999999999998,0.0
2026-04-28,STR0018,Sports,1,5.0,177.1,9.949999999999989,31.6
2026-04-28,STR0019,Electronics,1,2.0,1262.42,559.4200000000001,0.0
2026-04-28,STR0019,Health & Beauty,1,4.0,2788.19,1383.32,585.8900000000001
2026-04-28,STR0019,Home,1,1.0,302.32,145.01999999999998,0.0
2026-04-28,STR0020,Automotive,1,2.0,463.4,246.29999999999998,0.0
2026-04-28,STR0020,Electronics,1,3.0,740.89,304.27,0.0
2026-04-28,STR0020,Grocery,1,1.0,24.58,1.3099999999999987,1.2900000000000027
2026-04-28,STR0020,Home,1,3.0,1076.79,348.9599999999999,0.0
2026-04-28,STR0020,Office,1,2.0,655.6,254.52000000000004,0.0
2026-04-28,STR0020,Sports,1,1.0,370.06,40.95999999999998,65.30000000000001
2026-04-28,STR0021,Apparel,3,8.0,1320.64,459.31000000000006,192.84
2026-04-28,STR0021,Automotive,2,5.0,1609.79,343.65999999999997,190.58999999999992
2026-04-28,STR0021,Electronics,1,1.0,325.52,30.099999999999966,0.0
2026-04-28,STR0021,Home,1,1.0,216.29,72.69,0.0
2026-04-28,STR0021,Sports,1,5.0,948.3499999999999,449.14999999999986,238.35000000000008
2026-04-28,STR0025,Apparel,2,3.0,1499.8,512.77,108.30999999999997
2026-04-28,STR0025,Automotive,1,3.0,2581.83,1513.32,286.86
2026-04-28,STR0025,Electronics,1,5.0,742.3000000000001,167.0000000000001,130.99999999999994
2026-04-28,STR0025,Health & Beauty,1,5.0,3473.15,2019.2,182.8000000000003
2026-04-28,STR0025,Home,1,1.0,629.28,252.45999999999998,157.32000000000005
2026-04-28,STR0025,Sports,1,2.0,307.27,155.46,9.810000000000002
2026-04-29,STR0001,Apparel,1,3.0,1301.9499999999998,447.9999999999999,0.0
2026-04-29,STR0001,Office,1,1.0,221.86,109.90000000000002,39.14999999999998
2026-04-29,STR0001,Sports,1,2.0,146.58,31.400000000000006,0.0
2026-04-29,STR0003,Apparel,1,1.0,167.65,83.21000000000001,0.0
2026-04-29,STR0003,Automotive,1,1.0,253.51,140.07999999999998,45.09000000000003
2026-04-29,STR0003,Office,1,3.0,2632.31,1523.09,292.5899999999999
2026-04-29,STR0004,Apparel,1,1.0,689.74,283.14,121.72000000000003
2026-04-29,STR0004,Electronics,1,3.0,442.38,65.84999999999997,23.279999999999973
2026-04-29,STR0004,Home,1,1.0,209.37,55.849999999999994,0.0
2026-04-29,STR0005,Office,1,3.0,1739.54,973.28,0.0
2026-04-29,STR0005,Sports,1,1.0,332.26,108.79999999999998,17.49000000000001
2026-04-29,STR0006,Apparel,1,3.0,229.14999999999998,132.09999999999997,0.0
2026-04-29,STR0006,Grocery,1,1.0,51.65,3.1499999999999986,9.120000000000005
2026-04-29,STR0006,Home,1,2.0,1027.96,246.72000000000003,181.39999999999986
2026-04-29,STR0006,Sports,1,1.0,156.1,59.14999999999999,0.0
2026-04-29,STR0008,Apparel,1,1.0,49.27,28.85,5.479999999999997
2026-04-29,STR0008,Health & Beauty,1,1.0,566.13,279.79,29.799999999999955
2026-04-29,STR0008,Sports,1,2.0,223.72,223.72,0.0
2026-04-29,STR0009,Apparel,1,1.0,12.100000000000001,-2.919999999999998,1.8999999999999986
2026-04-29,STR0009,Grocery,1,1.0,236.64,17.589999999999975,0.0
2026-04-29,STR0009,Office,1,2.0,1486.6,917.5799999999999,0.0
2026-04-29,STR0010,Electronics,1,1.0,75.5,18.189999999999998,0.0
2026-04-29,STR0010,Health & Beauty,1,8.0,2217.76,1032.88,67.19999999999999
2026-04-29,STR0011,Apparel,1,4.0,3639.36,2238.92,0.0
2026-04-29,STR0011,Automotive,1,5.0,1680.55,20.00999999999999,282.86
2026-04-29,STR0011,Home,1,3.0,885.27,389.67999999999995,81.83999999999997
2026-04-29,STR0011,Office,1,2.0,955.62,117.51999999999998,106.39999999999998
2026-04-29,STR0012,Apparel,1,4.0,676.24,306.72,0.0
2026-04-29,STR0012,Automotive,1,1.0,314.02,129.79999999999998,0.0
2026-04-29,STR0012,Electronics,2,5.0,1046.04,568.76,68.36000000000001
2026-04-29,STR0013,Apparel,1,2.0,77.18,21.60000000000001,8.679999999999993
2026-04-29,STR0013,Automotive,2,4.0,2079.06,1206.2,95.62000000000012
2026-04-29,STR0013,Grocery,1,1.0,132.58,62.74000000000001,15.289999999999992
2026-04-29,STR0014,Automotive,2,4.0,803.97,392.45000000000005,15.989999999999995
2026-04-29,STR0014,Electronics,1,1.0,903.99,486.13,0.0
2026-04-29,STR0014,Health & Beauty,2,6.0,1708.54,1004.2399999999999,18.840000000000032
2026-04-29,STR0014,Home,1,3.0,1048.83,81.5499999999999,220.23000000000013
2026-04-29,STR0015,Grocery,1,2.0,396.62,248.70000000000002,0.0
2026-04-29,STR0015,Health & Beauty,1,2.0,469.9,97.66,64.67000000000002
2026-04-29,STR0016,Apparel,2,5.0,2490.42,929.09,101.40000000000009
2026-04-29,STR0016,Grocery,1,1.0,836.72,427.87,0.0
2026-04-29,STR0016,Office,1,1.0,584.51,239.81,146.13
2026-04-29,STR0016,Sports,1,3.0,1448.3899999999999,835.0699999999999,0.0
2026-04-29,STR0017,Automotive,1,3.0,198.77,51.08000000000001,0.0
2026-04-29,STR0017,Office,1,5.0,2921.98,1290.58,0.0
2026-04-29,STR0019,Apparel,1,1.0,345.72,61.07000000000005,86.92999999999995
2026-04-29,STR0019,Office,1,3.0,1348.6,730.5500000000001,179.94999999999993
2026-04-29,STR0020,Apparel,1,5.0,712.5,290.3,125.75000000000003
2026-04-29,STR0020,Grocery,1,1.0,500.55,258.94,0.0
2026-04-29,STR0023,Automotive,1,5.0,325.90000000000003,150.35000000000002,0.0
2026-04-29,STR0024,Electronics,1,4.0,1077.12,629.1199999999999,56.680000000000064
2026-04-29,STR0024,Health & Beauty,1,2.0,361.56,158.58,63.80000000000001
2026-04-29,STR0024,Home,2,3.0,684.83,147.88,48.42999999999998
2026-04-29,STR0024,Office,1,6.0,2151.62,979.72,0.0
2026-04-29,STR0025,Apparel,1,2.0,441.44,34.51999999999998,49.60000000000002
2026-04-29,STR0025,Electronics,1,2.0,1171.42,367.4000000000001,130.37999999999988
2026-04-29,STR0025,Home,1,7.0,4645.76,2397.26,444.20000000000016
2026-04-30,STR0001,Automotive,1,2.0,1451.46,775.2,161.37999999999988
2026-04-30,STR0001,Grocery,1,2.0,109.98,17.260000000000005,12.33999999999999
2026-04-30,STR0001,Office,2,11.0,3728.02,1327.71,554.8899999999999
2026-04-30,STR0003,Automotive,1,2.0,852.46,216.48000000000002,0.0
2026-04-30,STR0004,Sports,1,1.0,100.57,100.57,11.290000000000006
2026-04-30,STR0005,Automotive,1,4.0,346.48,48.960000000000036,86.63999999999999
2026-04-30,STR0005,Grocery,1,1.0,276.92,169.32000000000002,0.0
2026-04-30,STR0005,Home,1,4.0,1172.6,507.9999999999999,0.0
2026-04-30,STR0005,Sports,1,6.0,1898.7,941.62,221.72000000000003
2026-04-30,STR0006,Grocery,2,6.0,438.0,71.06000000000004,54.41999999999999
2026-04-30,STR0006,Health & Beauty,1,1.0,700.63,299.45,0.0
2026-04-30,STR0006,Home,1,2.0,893.08,430.62000000000006,99.77999999999997
2026-04-30,STR0006,Office,1,2.0,87.64,50.8,4.6200000000000045
2026-04-30,STR0008,Automotive,1,1.0,8.3,0.9400000000000004,0.0
2026-04-30,STR0010,Office,1,1.0,156.05,68.72000000000001,27.539999999999992
2026-04-30,STR0011,Automotive,1,8.0,4559.52,2161.67,705.3300000000004
2026-04-30,STR0011,Electronics,1,2.0,224.78,58.30000000000001,39.66
2026-04-30,STR0011,Grocery,1,2.0,509.18,215.72000000000003,0.0
2026-04-30,STR0011,Health & Beauty,1,5.0,3390.05,1966.4,0.0
2026-04-30,STR0011,Home,1,1.0,436.06,40.79000000000002,110.26000000000005
2026-04-30,STR0011,Office,2,7.0,3238.44,1406.82,223.39999999999986
2026-04-30,STR0012,Apparel,1,4.0,637.08,299.32000000000005,33.51999999999998
2026-04-30,STR0012,Automotive,3,8.0,2877.36,1048.4,187.0999999999998
2026-04-30,STR0012,Grocery,2,5.0,1499.4,213.29000000000002,196.60000000000002
2026-04-30,STR0012,Health & Beauty,2,8.0,946.1999999999999,548.6599999999999,119.34
2026-04-30,STR0012,Office,3,10.0,5075.18,2438.6400000000003,407.4799999999999
2026-04-30,STR0012,Sports,1,1.0,507.12,209.76,0.0
2026-04-30,STR0013,Office,1,1.0,536.24,331.96000000000004,0.0
2026-04-30,STR0013,Sports,1,5.0,208.7,41.54999999999998,0.0
2026-04-30,STR0014,Grocery,1,5.0,2006.2,798.1499999999999,501.55
2026-04-30,STR0014,Health & Beauty,1,2.0,1182.0,711.44,0.0
2026-04-30,STR0014,Home,1,6.0,2528.62,949.3699999999997,446.95
2026-04-30,STR0014,Office,1,4.0,1039.6,251.83999999999992,115.60000000000014
2026-04-30,STR0014,Sports,1,1.0,184.18,69.02000000000001,0.0
2026-04-30,STR0015,Electronics,1,5.0,2008.55,431.79999999999995,0.0
2026-04-30,STR0020,Home,1,5.0,752.75,297.9,0.0
2026-04-30,STR0020,Office,1,5.0,547.75,260.05,0.0
2026-04-30,STR0020,Sports,2,7.0,5190.79,2668.5500000000006,89.63
2026-04-30,STR0023,Apparel,1,9.0,6361.990000000001,3949.920000000001,0.0
2026-04-30,STR0023,Automotive,1,5.0,293.29999999999995,117.74999999999994,32.60000000000005
2026-04-30,STR0023,Office,1,1.0,103.32,37.66999999999999,25.830000000000013
2026-04-30,STR0024,Automotive,1,2.0,218.54,64.69999999999999,11.5
2026-04-30,STR0024,Office,1,1.0,250.67,86.45999999999998,0.0
2026-04-30,STR0025,Apparel,2,7.0,3212.45,1457.8200000000002,302.09
2026-04-30,STR0025,Automotive,1,1.0,99.82,29.959999999999994,5.25
2026-04-30,STR0025,Electronics,1,2.0,504.66,141.54000000000002,56.30000000000001
2026-04-30,STR0025,Home,1,2.0,431.04,81.96000000000004,0.0
2026-04-30,STR0025,Sports,2,2.0,956.0899999999999,308.84999999999997,97.26999999999998
2026-05-01,STR0001,Apparel,1,2.0,421.64,14.71999999999997,74.40000000000003
2026-05-01,STR0002,Apparel,1,2.0,331.16,43.26000000000005,0.0
2026-05-01,STR0002,Automotive,1,5.0,3227.7,1537.0499999999997,806.9
2026-05-01,STR0004,Automotive,1,3.0,1320.1200000000001,213.87000000000012,0.0
2026-05-01,STR0004,Office,1,3.0,147.01,9.369999999999976,8.010000000000005
2026-05-01,STR0006,Home,2,6.0,500.4,185.58,26.37000000000001
2026-05-01,STR0006,Office,2,7.0,3277.15,1822.3500000000001,0.0
2026-05-01,STR0009,Sports,1,2.0,91.4,37.480000000000004,0.0
2026-05-01,STR0010,Home,1,2.0,1699.94,842.5600000000001,424.98
2026-05-01,STR0011,Apparel,1,1.0,378.66,74.15000000000003,94.66999999999996
2026-05-01,STR0011,Health & Beauty,1,4.0,2207.68,543.2799999999997,0.0
2026-05-01,STR0011,Home,1,1.0,569.45,178.83000000000004,30.229999999999905
2026-05-01,STR0012,Apparel,1,2.0,1166.0,553.64,129.77999999999997
2026-05-01,STR0012,Automotive,1,1.0,332.22,79.78000000000003,0.0
2026-05-01,STR0012,Electronics,1,3.0,250.35000000000002,140.52000000000004,13.170000000000002
2026-05-01,STR0012,Health & Beauty,1,3.0,140.22,27.599999999999994,0.0
2026-05-01,STR0012,Home,1,5.0,395.25,201.10000000000002,20.799999999999983
2026-05-01,STR0013,Apparel,1,4.0,3146.96,1618.6000000000001,349.6399999999999
2026-05-01,STR0013,Automotive,2,4.0,1393.11,129.9699999999998,122.89000000000007
2026-05-01,STR0013,Health & Beauty,1,1.0,119.04,44.27000000000001,0.0
2026-05-01,STR0013,Home,1,1.0,549.25,256.82,28.960000000000036
2026-05-01,STR0013,Office,1,1.0,376.24,189.69,41.920000000000016
2026-05-01,STR0015,Apparel,1,3.0,333.45000000000005,63.63000000000005,17.549999999999983
2026-05-01,STR0015,Automotive,1,2.0,230.04,76.19999999999999,0.0
2026-05-01,STR0015,Health & Beauty,1,1.0,684.21,333.51000000000005,36.120000000000005
2026-05-01,STR0015,Home,1,3.0,575.91,313.86,0.0
2026-05-01,STR0015,Office,1,5.0,3671.61,2140.05,0.0
2026-05-01,STR0016,Electronics,1,5.0,1261.65,353.85000000000014,140.75000000000003
2026-05-01,STR0016,Health & Beauty,1,5.0,3486.0200000000004,1737.88,141.1199999999999
2026-05-01,STR0016,Home,1,1.0,888.44,509.74000000000007,0.0
2026-05-01,STR0018,Apparel,1,1.0,100.46,9.699999999999989,25.370000000000005
2026-05-01,STR0018,Office,1,2.0,537.32,167.02000000000004,0.0
2026-05-01,STR0019,Apparel,1,2.0,266.24,97.36000000000001,67.06
2026-05-01,STR0019,Automotive,1,2.0,182.08,33.32000000000002,32.47999999999999
2026-05-01,STR0019,Electronics,1,2.0,465.54,134.40000000000003,0.0
2026-05-01,STR0019,Grocery,3,12.0,5550.24,2515.8899999999994,291.28
2026-05-01,STR0019,Health & Beauty,2,7.0,4202.18,2137.58,434.0999999999998
2026-05-01,STR0019,Office,1,2.0,275.36,140.16000000000003,68.83999999999997
2026-05-01,STR0019,Sports,1,3.0,1831.0700000000002,661.2200000000003,203.5799999999997
2026-05-01,STR0020,Electronics,2,9.0,2296.98,390.1200000000001,356.4399999999998
2026-05-01,STR0021,Apparel,2,7.0,2192.52,338.59999999999997,259.81000000000006
2026-05-01,STR0021,Automotive,1,2.0,1037.32,388.43999999999994,0.0
2026-05-01,STR0021,Grocery,2,3.0,841.78,223.24000000000004,107.55999999999995
2026-05-01,STR0021,Home,1,1.0,214.52,39.98000000000002,0.0
2026-05-01,STR0021,Sports,1,2.0,1784.7,1023.6400000000001,0.0
2026-05-01,STR0023,Apparel,1,4.0,1743.76,867.16,0.0
2026-05-01,STR0023,Office,1,2.0,1256.14,373.1200000000001,0.0
2026-05-01,STR0025,Automotive,1,3.0,1401.15,750.94,0.0
2026-05-01,STR0025,Grocery,1,1.0,1002.64,565.0699999999999,177.11
2026-05-02,STR0001,Apparel,1,4.0,202.72,77.52,50.68000000000001
2026-05-02,STR0001,Automotive,1,2.0,334.28,174.23999999999998,59.88000000000005
2026-05-02,STR0001,Electronics,2,5.0,1632.25,798.58,92.69999999999997
2026-05-02,STR0001,Grocery,2,4.0,1262.71,716.0200000000001,148.64999999999992
2026-05-02,STR0001,Office,1,1.0,255.03,125.94999999999999,28.340000000000003
2026-05-02,STR0003,Office,1,1.0,101.67,28.5,0.0
2026-05-02,STR0004,Grocery,1,1.0,749.02,339.24,188.51
2026-05-02,STR0004,Home,2,4.0,2432.6800000000003,1058.8200000000002,0.0
2026-05-02,STR0005,Apparel,1,2.0,107.5,66.66,0.0
2026-05-02,STR0005,Grocery,1,2.0,259.06,76.47999999999999,13.639999999999986
2026-05-02,STR0005,Home,1,1.0,487.81,161.39999999999998,0.0
2026-05-02,STR0005,Office,1,2.0,618.04,8.659999999999968,109.06000000000006
2026-05-02,STR0006,Grocery,1,1.0,236.33,97.95000000000002,12.48999999999998
2026-05-02,STR0007,Apparel,1,1.0,143.76,51.379999999999995,25.55000000000001
2026-05-02,STR0007,Automotive,2,2.0,638.6800000000001,297.18000000000006,63.559999999999945
2026-05-02,STR0007,Grocery,1,4.0,1933.44,352.84000000000015,0.0
2026-05-02,STR0007,Home,2,5.0,1681.92,489.68999999999994,246.96000000000004
2026-05-02,STR0007,Office,1,1.0,514.65,235.46999999999997,27.090000000000032
2026-05-02,STR0012,Automotive,1,7.0,1187.37,470.14000000000004,215.36
2026-05-02,STR0012,Home,1,4.0,1570.56,637.7199999999999,392.6400000000001
2026-05-02,STR0013,Sports,1,1.0,249.7,27.22999999999999,44.06
2026-05-02,STR0014,Health & Beauty,1,5.0,2405.45,1416.85,0.0
2026-05-02,STR0014,Home,2,6.0,4040.56,1902.87,745.7999999999998
2026-05-02,STR0015,Apparel,2,3.0,1458.4299999999998,820.44,221.91000000000008
2026-05-02,STR0015,Home,1,2.0,848.14,506.91999999999996,44.639999999999986
2026-05-02,STR0015,Sports,1,5.0,4239.35,2204.9500000000003,471.0500000000002
2026-05-02,STR0016,Automotive,1,8.0,6184.9400000000005,3608.0699999999997,100.2299999999999
2026-05-02,STR0016,Health & Beauty,1,1.0,448.97,206.34000000000003,80.11000000000001
2026-05-02,STR0017,Apparel,1,3.0,871.6600000000001,165.01000000000005,16.600000000000023
2026-05-02,STR0017,Grocery,1,5.0,2552.6499999999996,1109.4999999999995,450.45000000000016
2026-05-02,STR0017,Home,1,5.0,873.25,397.20000000000005,154.09999999999997
2026-05-02,STR0018,Apparel,1,4.0,219.0,137.32,0.0
2026-05-02,STR0018,Electronics,1,1.0,835.44,515.71,0.0
2026-05-02,STR0018,Office,1,5.0,548.9,220.64999999999998,96.85000000000002
2026-05-02,STR0019,Apparel,1,2.0,284.1,69.52000000000001,0.0
2026-05-02,STR0019,Home,2,9.0,3431.83,1589.57,0.0
2026-05-02,STR0019,Office,1,2.0,2004.22,1213.72,0.0
2026-05-02,STR0019,Sports,1,5.0,3420.7000000000003,1188.9,0.0
2026-05-02,STR0020,Apparel,1,2.0,51.18,27.5,9.020000000000003
2026-05-02,STR0020,Electronics,1,2.0,1068.06,365.05999999999995,189.36000000000013
2026-05-02,STR0020,Grocery,1,1.0,807.29,413.15999999999997,0.0
2026-05-02,STR0020,Office,1,2.0,179.62,34.44,44.900000000000006
2026-05-02,STR0023,Home,1,2.0,498.36,166.06,87.93999999999994
2026-05-02,STR0023,Office,1,4.0,1721.32,728.8799999999999,430.31999999999994
2026-05-02,STR0024,Apparel,1,1.0,104.5,64.08,0.0
2026-05-02,STR0025,Automotive,1,3.0,360.46,39.879999999999974,2.780000000000001
2026-05-02,STR0025,Electronics,1,3.0,161.22,63.24000000000001,0.0
2026-05-02,STR0025,Office,1,2.0,979.64,379.79999999999995,0.0
2026-05-03,STR0001,Apparel,2,7.0,893.75,546.1600000000001,3.2699999999999996
2026-05-03,STR0001,Electronics,1,5.0,1051.99,438.24,11.549999999999997
2026-05-03,STR0001,Grocery,3,12.0,4038.16,795.6700000000001,208.89999999999986
2026-05-03,STR0001,Health & Beauty,1,2.0,1442.66,741.2600000000001,0.0
2026-05-03,STR0001,Home,2,4.0,2245.12,1291.1,0.0
2026-05-03,STR0002,Automotive,1,4.0,959.92,506.19999999999993,240.48000000000013
2026-05-03,STR0002,Sports,1,2.0,884.8299999999999,513.5,18.430000000000007
2026-05-03,STR0003,Apparel,2,5.0,1018.99,452.1400000000001,68.04999999999995
2026-05-03,STR0003,Electronics,1,1.0,226.76,114.75999999999999,56.69
2026-05-03,STR0003,Health & Beauty,1,2.0,549.22,166.10000000000002,137.55999999999995
2026-05-03,STR0006,Apparel,1,5.0,2486.55,1425.6000000000001,0.0
2026-05-03,STR0006,Sports,1,2.0,931.54,491.15999999999997,49.139999999999986
2026-05-03,STR0007,Electronics,1,1.0,817.41,455.83,0.0
2026-05-03,STR0007,Sports,1,2.0,904.4,49.139999999999986,226.34000000000003
2026-05-03,STR0008,Apparel,1,2.0,408.34,212.89999999999998,0.0
2026-05-03,STR0008,Automotive,1,5.0,3458.2,1643.5999999999997,864.5499999999998
2026-05-03,STR0008,Health & Beauty,1,2.0,859.96,380.3,214.98000000000002
2026-05-03,STR0008,Office,2,2.0,760.26,368.27,127.55000000000001
2026-05-03,STR0008,Sports,1,3.0,185.19,-7.410000000000025,32.67000000000002
2026-05-03,STR0009,Apparel,1,4.0,2472.68,832.1999999999998,619.4000000000001
2026-05-03,STR0009,Automotive,1,5.0,2691.95,1514.2499999999998,0.0
2026-05-03,STR0009,Electronics,1,1.0,73.17,41.58,3.8499999999999943
2026-05-03,STR0011,Automotive,1,2.0,1250.08,464.0999999999999,138.9000000000001
2026-05-03,STR0011,Office,1,1.0,686.67,270.94999999999993,121.18000000000006
2026-05-03,STR0012,Automotive,1,3.0,1327.4499999999998,791.2099999999999,0.0
2026-05-03,STR0012,Office,1,1.0,501.46,59.94999999999999,125.61000000000007
2026-05-03,STR0014,Home,1,2.0,1022.96,241.72000000000003,181.39999999999986
2026-05-03,STR0015,Grocery,1,4.0,102.58999999999999,59.47,4.050000000000004
2026-05-03,STR0015,Home,1,2.0,656.86,29.539999999999964,34.58000000000004
2026-05-03,STR0017,Apparel,2,3.0,1329.7099999999998,545.6899999999998,194.66000000000008
2026-05-03,STR0017,Health & Beauty,1,4.0,2830.44,1532.1,138.04999999999995
2026-05-03,STR0017,Home,1,5.0,692.95,54.40000000000009,0.0
2026-05-03,STR0017,Office,1,7.0,5696.39,3181.1100000000006,65.56000000000006
2026-05-03,STR0019,Apparel,1,6.0,1418.4,745.7,204.87999999999988
2026-05-03,STR0019,Home,1,2.0,259.12,141.42000000000002,0.0
2026-05-03,STR0019,Sports,1,3.0,241.13,32.150000000000006,42.72000000000003
2026-05-03,STR0020,Automotive,1,2.0,668.28,357.9,0.0
2026-05-03,STR0020,Health & Beauty,1,5.0,1576.7,-59.450000000000045,278.40000000000003
2026-05-03,STR0021,Home,1,1.0,671.2,329.40000000000003,74.57999999999993
2026-05-03,STR0021,Office,2,3.0,1965.39,1038.4,7.949999999999989
2026-05-03,STR0021,Sports,1,1.0,203.22,5.22999999999999,50.81
2026-05-03,STR0023,Apparel,1,1.0,163.14,65.41999999999999,41.03
2026-05-03,STR0023,Electronics,1,2.0,566.9,342.9,0.0
2026-05-03,STR0023,Office,1,4.0,682.0,312.48,120.36000000000001
2026-05-03,STR0023,Sports,1,7.0,3196.3399999999997,1694.3499999999997,0.0
2026-05-03,STR0024,Apparel,1,2.0,86.0,42.38,0.0
2026-05-03,STR0024,Automotive,1,1.0,168.64,88.61999999999999,29.940000000000026
2026-05-03,STR0024,Electronics,1,1.0,67.95,10.64,7.549999999999997
2026-05-03,STR0024,Grocery,1,2.0,57.86,21.259999999999998,0.0
2026-05-03,STR0024,Home,1,2.0,1338.02,542.68,334.5
2026-05-03,STR0024,Sports,2,8.0,2491.06,968.84,464.5599999999999
2026-05-03,STR0025,Automotive,1,5.0,2304.85,311.7999999999997,0.0
2026-05-03,STR0025,Health & Beauty,1,5.0,2209.7,129.19999999999982,552.3999999999999
2026-05-03,STR0025,Home,1,3.0,1972.72,1014.4000000000001,0.0
2026-05-04,STR0001,Apparel,1,1.0,497.78,304.28,0.0
2026-05-04,STR0001,Electronics,1,5.0,1280.2,723.95,0.0
2026-05-04,STR0001,Grocery,1,2.0,67.0,27.72,16.739999999999995
2026-05-04,STR0001,Health & Beauty,1,2.0,684.18,291.31999999999994,0.0
2026-05-04,STR0001,Home,1,5.0,1633.19,804.0500000000002,202.87999999999988
2026-05-04,STR0001,Sports,1,8.0,2180.71,1165.35,48.119999999999976
2026-05-04,STR0002,Home,1,4.0,174.52,63.20000000000002,0.0
2026-05-04,STR0003,Home,1,1.0,438.3,33.55000000000001,0.0
2026-05-04,STR0004,Office,1,3.0,2172.1,1041.02,300.46000000000004
2026-05-04,STR0005,Apparel,1,1.0,743.03,360.94,131.12
2026-05-04,STR0005,Automotive,1,2.0,262.1,148.12,13.799999999999955
2026-05-04,STR0005,Electronics,1,3.0,322.07,60.20999999999999,0.0
2026-05-04,STR0005,Health & Beauty,1,1.0,756.42,418.31999999999994,0.0
2026-05-04,STR0005,Sports,1,3.0,760.4300000000001,309.92,98.26999999999998
2026-05-04,STR0007,Grocery,1,1.0,478.93,279.35,53.31999999999999
2026-05-04,STR0007,Home,1,1.0,39.27,11.440000000000005,4.359999999999999
2026-05-04,STR0009,Apparel,1,4.0,2726.68,1671.7599999999998,0.0
2026-05-04,STR0009,Grocery,1,5.0,1646.99,882.0200000000001,0.0
2026-05-04,STR0009,Health & Beauty,1,4.0,208.08,-301.6,10.95999999999998
2026-05-04,STR0013,Apparel,1,1.0,696.84,286.72,77.42999999999995
2026-05-04,STR0013,Health & Beauty,1,1.0,372.33,208.46999999999997,0.0
2026-05-04,STR0014,Office,1,1.0,581.52,275.31,30.610000000000014
2026-05-04,STR0014,Sports,1,4.0,1869.6999999999998,1014.3999999999999,8.420000000000002
2026-05-04,STR0015,Automotive,1,1.0,956.23,600.06,0.0
2026-05-04,STR0015,Electronics,1,3.0,742.89,306.27,0.0
2026-05-04,STR0015,Sports,1,1.0,112.86,112.86,0.0
2026-05-04,STR0016,Electronics,1,1.0,526.51,92.13999999999999,92.90999999999997
2026-05-04,STR0016,Health & Beauty,1,3.0,992.14,687.99,65.65999999999997
2026-05-04,STR0016,Sports,1,4.0,776.36,350.16,8.420000000000002
2026-05-04,STR0018,Apparel,1,1.0,232.22,124.76,12.219999999999999
2026-05-04,STR0018,Office,1,2.0,1223.26,610.84,0.0
2026-05-04,STR0020,Automotive,1,3.0,678.45,406.32000000000005,35.70000000000002
2026-05-04,STR0020,Office,1,2.0,1755.54,1016.06,195.05999999999995
2026-05-04,STR0021,Apparel,1,4.0,2441.48,1494.8000000000002,0.0
2026-05-04,STR0021,Automotive,1,1.0,326.51,180.23999999999998,0.0
2026-05-04,STR0022,Home,1,1.0,413.89,87.47999999999996,73.92000000000002
2026-05-04,STR0022,Sports,1,2.0,38.1,2.6000000000000014,9.519999999999996
2026-05-04,STR0023,Apparel,1,3.0,2322.81,1092.4499999999998,0.0
2026-05-04,STR0023,Automotive,1,4.0,1601.64,163.08000000000015,0.0
2026-05-04,STR0023,Electronics,2,7.0,2268.55,778.51,366.11000000000007
2026-05-04,STR0023,Sports,1,1.0,468.41,265.92,24.70999999999998
2026-05-04,STR0024,Automotive,1,2.0,234.52,120.54,41.37999999999997
2026-05-04,STR0024,Health & Beauty,1,1.0,330.12,180.02,37.24000000000001
2026-05-04,STR0024,Home,1,5.0,922.75,251.04999999999995,102.75000000000006
2026-05-04,STR0024,Sports,1,3.0,2225.64,1065.4799999999998,392.7599999999999
2026-05-05,STR0001,Electronics,2,8.0,2633.76,1396.3100000000002,197.3999999999998
2026-05-05,STR0001,Health & Beauty,1,1.0,732.38,325.96999999999997,129.24
2026-05-05,STR0001,Sports,2,10.0,1239.26,261.58,169.91000000000003
2026-05-05,STR0002,Office,1,1.0,431.39,152.20999999999998,108.35000000000002
2026-05-05,STR0002,Sports,1,3.0,1804.77,926.91,0.0
2026-05-05,STR0003,Apparel,3,8.0,4668.33,2289.8099999999995,21.55000000000001
2026-05-05,STR0003,Grocery,1,4.0,4014.56,2264.2799999999997,708.44
2026-05-05,STR0003,Office,1,5.0,3216.98,1081.1999999999998,268.60000000000025
2026-05-05,STR0003,Sports,2,5.0,844.04,312.10999999999996,35.25
2026-05-05,STR0004,Automotive,1,3.0,856.71,516.4200000000001,45.09000000000009
2026-05-05,STR0004,Electronics,2,3.0,1709.15,915.92,88.84000000000003
2026-05-05,STR0004,Grocery,1,1.0,224.17,81.30999999999997,11.900000000000006
2026-05-05,STR0004,Health & Beauty,1,1.0,167.03,79.93,41.75999999999999
2026-05-05,STR0004,Office,1,1.0,507.1,262.33000000000004,0.0
2026-05-05,STR0005,Automotive,1,1.0,264.78,12.339999999999975,66.44000000000005
2026-05-05,STR0006,Apparel,1,5.0,2394.55,878.3000000000002,422.7499999999998
2026-05-05,STR0006,Office,1,1.0,157.94,70.09,0.0
2026-05-05,STR0006,Sports,2,10.0,3228.4000000000005,553.9500000000003,608.6899999999999
2026-05-05,STR0007,Health & Beauty,2,6.0,2816.44,480.22,497.01999999999987
2026-05-05,STR0007,Home,1,2.0,1348.74,671.24,337.44000000000005
2026-05-05,STR0007,Office,1,1.0,647.35,332.68,72.14999999999998
2026-05-05,STR0007,Sports,1,1.0,314.35,113.83000000000001,55.46999999999997
2026-05-05,STR0008,Automotive,1,2.0,878.96,245.22000000000003,98.21999999999991
2026-05-05,STR0008,Home,1,4.0,1247.28,413.52,311.8399999999999
2026-05-05,STR0008,Sports,1,4.0,1423.68,851.8000000000001,0.0
2026-05-05,STR0009,Apparel,1,2.0,905.6300000000001,416.2200000000001,43.45999999999998
2026-05-05,STR0009,Health & Beauty,1,4.0,1973.88,525.8800000000001,219.8800000000001
2026-05-05,STR0010,Apparel,1,1.0,428.98,114.46000000000004,76.06
2026-05-05,STR0010,Grocery,2,2.0,609.1899999999999,162.91999999999993,108.4
2026-05-05,STR0010,Home,3,11.0,2425.81,670.56,319.57
2026-05-05,STR0010,Office,1,4.0,324.92,109.16000000000003,17.159999999999968
2026-05-05,STR0010,Sports,1,5.0,2537.34,1081.5500000000002,208.64999999999986
2026-05-05,STR0012,Office,1,2.0,880.68,280.8399999999999,97.96000000000004
2026-05-05,STR0013,Sports,1,1.0,68.19,29.239999999999995,12.030000000000001
2026-05-05,STR0014,Apparel,1,1.0,205.17,107.44999999999999,0.0
2026-05-05,STR0014,Automotive,2,5.0,1609.73,666.8299999999999,189.48999999999987
2026-05-05,STR0014,Home,2,7.0,666.0200000000001,145.47000000000008,28.060000000000002
2026-05-05,STR0014,Office,1,2.0,645.48,191.56,0.0
2026-05-05,STR0015,Home,1,5.0,3790.05,2052.05,199.54999999999984
2026-05-05,STR0017,Apparel,1,2.0,2171.96,1317.3000000000002,114.36000000000013
2026-05-05,STR0018,Apparel,1,2.0,651.84,281.20000000000005,0.0
2026-05-05,STR0018,Automotive,1,5.0,465.25,59.30000000000001,0.0
2026-05-05,STR0018,Grocery,2,2.0,1271.6,574.12,167.74
2026-05-05,STR0018,Office,1,4.0,323.92,108.16000000000003,17.159999999999968
2026-05-05,STR0018,Sports,1,3.0,925.4499999999999,429.2299999999999,131.5200000000001
2026-05-05,STR0019,Apparel,1,4.0,1818.04,896.76,0.0
2026-05-05,STR0019,Grocery,1,2.0,1590.82,952.68,0.0
2026-05-05,STR0019,Home,1,8.0,5147.07,2220.14,271.4199999999998
2026-05-05,STR0022,Apparel,1,2.0,15.36,5.68,5.080000000000002
2026-05-05,STR0023,Health & Beauty,1,5.0,1547.5,854.3000000000001,0.0
2026-05-05,STR0023,Home,1,2.0,83.4,9.88000000000001,14.719999999999999
2026-05-05,STR0023,Sports,1,7.0,3331.85,1654.6799999999996,384.25000000000006
2026-05-05,STR0024,Grocery,1,1.0,241.14,108.78999999999999,0.0
2026-05-05,STR_UNKNOWN,Health & Beauty,1,4.0,1982.28,356.76,0.0
2026-05-06,STR0001,Apparel,1,1.0,25.28,5.859999999999999,0.0
2026-05-06,STR0001,Automotive,1,1.0,951.23,595.06,0.0
2026-05-06,STR0002,Health & Beauty,1,2.0,584.62,201.5,103.15999999999997
2026-05-06,STR0002,Office,1,5.0,3433.35,1354.7499999999995,605.9000000000003
2026-05-06,STR0002,Sports,1,9.0,1923.99,787.91,101.32
2026-05-06,STR0004,Office,1,1.0,1021.27,598.4300000000001,0.0
2026-05-06,STR0004,Sports,1,3.0,896.3700000000001,261.96000000000015,158.18999999999988
2026-05-06,STR0005,Apparel,1,6.0,3064.84,1451.0099999999998,384.4599999999999
2026-05-06,STR0005,Automotive,1,1.0,269.99,59.94,47.64999999999998
2026-05-06,STR0005,Electronics,1,1.0,419.24,211.93,0.0
2026-05-06,STR0005,Grocery,1,5.0,262.04999999999995,30.249999999999943,46.25
2026-05-06,STR0005,Office,1,1.0,57.18,4.119999999999997,0.0
2026-05-06,STR0005,Sports,1,1.0,465.2,22.899999999999977,82.09999999999997
2026-05-06,STR0007,Home,1,2.0,781.4,248.15999999999997,0.0
2026-05-06,STR0007,Sports,1,2.0,633.96,274.62000000000006,70.53999999999996
2026-05-06,STR0008,Apparel,1,2.0,448.18,104.86000000000001,0.0
2026-05-06,STR0008,Automotive,1,2.0,254.8,94.28,13.420000000000016
2026-05-06,STR0008,Electronics,1,5.0,251.95,47.849999999999994,13.500000000000014
2026-05-06,STR0008,Home,2,5.0,336.89,164.74,0.0
2026-05-06,STR0008,Office,1,1.0,398.68,-15.379999999999995,70.34999999999997
2026-05-06,STR0009,Automotive,2,7.0,1468.03,664.1399999999999,335.56000000000006
2026-05-06,STR0009,Grocery,2,4.0,932.8900000000001,465.56000000000006,106.64999999999998
2026-05-06,STR0009,Home,1,5.0,2465.7,1202.5,435.3
2026-05-06,STR0011,Automotive,1,2.0,13.28,-1.4400000000000013,3.320000000000002
2026-05-06,STR0011,Electronics,1,3.0,2288.25,1123.47,120.41999999999996
2026-05-06,STR0011,Grocery,2,9.0,2196.6099999999997,549.77,140.91999999999996
2026-05-06,STR0011,Sports,2,6.0,897.75,345.65999999999997,105.42000000000004
2026-05-06,STR0012,Automotive,1,4.0,1395.92,680.0400000000001,155.07999999999993
2026-05-06,STR0012,Home,2,5.0,3124.67,1666.4999999999998,0.0
2026-05-06,STR0012,Office,1,3.0,523.23,261.24,27.54000000000002
2026-05-06,STR0012,Sports,1,1.0,494.12,291.63,0.0
2026-05-06,STR0014,Apparel,1,2.0,1925.52,1052.02,340.67999999999984
2026-05-06,STR0014,Health & Beauty,1,2.0,88.48,13.400000000000006,0.0
2026-05-06,STR0015,Apparel,1,1.0,678.86,357.79,35.73000000000002
2026-05-06,STR0015,Home,1,5.0,3585.25,1891.5,632.7000000000004
2026-05-06,STR0017,Apparel,1,2.0,232.0,52.120000000000005,0.0
2026-05-06,STR0017,Grocery,2,4.0,1644.13,837.0200000000001,0.0
2026-05-06,STR0017,Home,3,14.0,4230.59,1850.1599999999999,123.75999999999993
2026-05-06,STR0017,Office,1,1.0,539.84,93.00000000000006,134.95999999999992
2026-05-06,STR0020,Grocery,1,5.0,284.65000000000003,137.70000000000005,15.04999999999999
2026-05-06,STR0020,Home,2,3.0,1956.75,1036.6399999999999,84.36000000000013
2026-05-06,STR0020,Sports,1,3.0,748.29,326.85,0.0
2026-05-06,STR0023,Apparel,2,2.0,1066.49,559.87,46.50999999999999
2026-05-06,STR0023,Automotive,1,5.0,1843.7,-149.35000000000014,461.1500000000001
2026-05-06,STR0023,Grocery,1,2.0,640.02,156.15999999999997,0.0
2026-05-06,STR0023,Sports,2,7.0,4753.38,2138.56,319.02000000000015
2026-05-06,STR0024,Automotive,1,3.0,98.55000000000001,28.200000000000017,0.0
2026-05-06,STR0024,Electronics,1,2.0,955.96,955.96,106.44000000000005
2026-05-06,STR0024,Health & Beauty,1,5.0,139.45,41.64999999999999,0.0
2026-05-06,STR0024,Home,1,1.0,753.17,374.46999999999997,133.2700000000001
2026-05-06,STR0024,Sports,1,1.0,277.2,97.53,70.55000000000001
2026-05-07,STR0001,Electronics,1,3.0,196.41,101.64,34.64999999999999
2026-05-07,STR0001,Grocery,1,1.0,229.88,51.22999999999999,0.0
2026-05-07,STR0003,Apparel,1,1.0,102.81,12.049999999999997,19.019999999999996
2026-05-07,STR0003,Automotive,1,2.0,511.02,284.15999999999997,90.18000000000006
2026-05-07,STR0004,Electronics,1,1.0,325.52,30.099999999999966,0.0
2026-05-07,STR0004,Health & Beauty,1,2.0,953.34,426.62,50.43999999999994
2026-05-07,STR0005,Grocery,1,1.0,202.36,59.5,35.70999999999998
2026-05-07,STR0006,Automotive,1,1.0,250.51,137.07999999999998,45.09000000000003
2026-05-07,STR0006,Electronics,1,4.0,1056.28,103.15999999999997,0.0
2026-05-07,STR0006,Office,1,4.0,396.6,209.96000000000004,0.0
2026-05-07,STR0007,Apparel,1,4.0,2249.64,1036.6399999999999,0.0
2026-05-07,STR0007,Automotive,1,2.0,14.12,-0.6000000000000014,2.480000000000002
2026-05-07,STR0007,Sports,2,4.0,1268.47,522.45,98.97999999999996
2026-05-07,STR0008,Apparel,3,10.0,3874.4599999999996,1386.08,313.87
2026-05-07,STR0008,Automotive,1,5.0,3141.2599999999998,1205.6299999999999,138.8800000000001
2026-05-07,STR0008,Electronics,1,7.0,1744.25,873.98,403.6299999999999
2026-05-07,STR0008,Grocery,2,6.0,2833.0,587.1,98.55999999999995
2026-05-07,STR0008,Home,1,4.0,1862.4,894.96,0.0
2026-05-07,STR0008,Office,1,4.0,1561.86,727.78,325.9000000000001
2026-05-07,STR0009,Apparel,1,7.0,1428.56,268.03000000000003,131.1200000000001
2026-05-07,STR0009,Health & Beauty,1,1.0,115.04,54.00000000000001,0.0
2026-05-07,STR0009,Home,1,2.0,745.84,223.51999999999998,186.7199999999999
2026-05-07,STR0009,Office,2,2.0,207.54999999999998,52.33999999999999,33.66000000000002
2026-05-07,STR0009,Sports,1,2.0,1755.82,945.8399999999999,92.42000000000007
2026-05-07,STR0011,Health & Beauty,1,2.0,1086.64,314.2400000000001,57.19999999999982
2026-05-07,STR0011,Office,1,4.0,1024.72,284.12,53.92000000000007
2026-05-07,STR0011,Sports,2,6.0,723.22,127.31999999999996,67.92000000000007
2026-05-07,STR0016,Sports,1,5.0,1477.5500000000002,632.7500000000001,164.39999999999998
2026-05-07,STR0017,Home,2,4.0,1332.16,700.52,38.860000000000014
2026-05-07,STR0018,Apparel,1,1.0,264.64,157.57,13.930000000000007
2026-05-07,STR0018,Automotive,1,3.0,2258.7,1104.1799999999998,250.9799999999999
2026-05-07,STR0018,Home,1,2.0,460.96,228.85999999999999,0.0
2026-05-07,STR0019,Sports,1,5.0,1886.55,552.8999999999999,0.0
2026-05-07,STR0020,Health & Beauty,1,2.0,396.7,222.5,20.879999999999995
2026-05-07,STR0020,Home,1,3.0,1110.27,479.73,0.0
2026-05-07,STR0020,Office,2,2.0,1094.15,526.22,40.74000000000001
2026-05-07,STR0021,Home,1,5.0,719.85,265.0,37.90000000000006
2026-05-07,STR0021,Office,1,1.0,327.8,127.26000000000002,0.0
2026-05-07,STR0021,Sports,1,2.0,874.42,291.88,97.25999999999999
2026-05-07,STR0023,Electronics,1,4.0,323.84,41.639999999999986,58.04000000000002
2026-05-07,STR0023,Grocery,1,1.0,838.72,429.87,0.0
2026-05-07,STR0023,Office,1,3.0,2756.42,1487.9,306.39
2026-05-07,STR0024,Electronics,1,1.0,378.84,112.00999999999999,19.939999999999998
2026-05-07,STR0024,Health & Beauty,2,7.0,2571.2400000000002,1697.22,180.91999999999987
2026-05-07,STR0024,Home,1,3.0,2005.83,875.3699999999999,353.97
2026-05-07,STR0024,Office,1,1.0,241.63,107.19999999999999,61.660000000000025
2026-05-07,STR0025,Apparel,1,3.0,1315.3799999999999,598.0799999999999,69.24000000000012
2026-05-08,STR0001,Apparel,1,1.0,276.71,56.589999999999975,31.30000000000001
2026-05-08,STR0001,Automotive,1,3.0,916.19,537.2,0.0
2026-05-08,STR0001,Health & Beauty,1,3.0,792.48,496.15999999999997,117.77999999999997
2026-05-08,STR0001,Home,1,2.0,1026.96,245.72000000000003,181.39999999999986
2026-05-08,STR0001,Sports,2,4.0,1616.4099999999999,628.2199999999999,38.099999999999966
2026-05-08,STR0004,Apparel,1,2.0,53.56,14.719999999999999,0.0
2026-05-08,STR0004,Automotive,1,4.0,2228.44,1311.1999999999998,0.0
2026-05-08,STR0004,Office,1,3.0,1844.56,929.22,155.63000000000005
2026-05-08,STR0005,Apparel,2,6.0,2221.88,1167.6000000000001,93.03999999999996
2026-05-08,STR0005,Automotive,1,4.0,1252.6,332.8399999999999,0.0
2026-05-08,STR0005,Electronics,1,2.0,545.88,247.48000000000002,136.72000000000003
2026-05-08,STR0005,Grocery,1,2.0,52.86,16.259999999999998,0.0
2026-05-08,STR0005,Home,1,1.0,302.32,145.01999999999998,0.0
2026-05-08,STR0005,Sports,1,5.0,2829.35,691.1999999999998,0.0
2026-05-08,STR0006,Home,1,3.0,154.84,58.06,28.199999999999996
2026-05-08,STR0007,Apparel,1,4.0,1238.48,497.20000000000005,65.20000000000005
2026-05-08,STR0007,Home,1,1.0,550.17,256.09999999999997,28.960000000000036
2026-05-08,STR0009,Apparel,1,2.0,586.74,262.88,65.29999999999995
2026-05-08,STR0009,Health & Beauty,1,5.0,1043.95,608.45,0.0
2026-05-08,STR0011,Grocery,1,3.0,466.54,288.55,0.0
2026-05-08,STR0011,Sports,1,4.0,1774.56,885.69,0.0
2026-05-08,STR0012,Automotive,1,5.0,550.68,325.58,9.980000000000018
2026-05-08,STR0012,Health & Beauty,1,2.0,1929.28,1089.32,0.0
2026-05-08,STR0012,Home,1,2.0,690.44,63.120000000000005,0.0
2026-05-08,STR0012,Sports,1,3.0,1281.75,320.65999999999997,37.74000000000001
2026-05-08,STR0013,Apparel,1,1.0,458.16,221.82000000000002,51.01999999999998
2026-05-08,STR0013,Grocery,2,4.0,1687.04,981.72,0.0
2026-05-08,STR0013,Home,1,4.0,467.76,105.06,47.239999999999995
2026-05-08,STR0013,Office,1,5.0,2900.8999999999996,1623.7999999999997,0.0
2026-05-08,STR0014,Apparel,1,5.0,2650.2999999999997,1359.1999999999996,0.0
2026-05-08,STR0014,Automotive,1,1.0,915.46,549.8800000000001,0.0
2026-05-08,STR0014,Grocery,1,2.0,46.28,9.68,11.579999999999998
2026-05-08,STR0014,Health & Beauty,1,4.0,685.3000000000001,374.88000000000005,10.439999999999998
2026-05-08,STR0014,Sports,1,1.0,328.79,159.83,0.0
2026-05-08,STR0015,Home,1,4.0,2986.36,1449.0000000000002,527.1599999999999
2026-05-08,STR0015,Office,1,2.0,979.64,379.79999999999995,0.0
2026-05-08,STR0016,Apparel,1,3.0,569.55,16.48999999999998,101.39000000000004
2026-05-08,STR0017,Automotive,2,7.0,4420.83,2471.8100000000004,473.61000000000035
2026-05-08,STR0017,Electronics,1,5.0,1538.1,792.0999999999999,170.90000000000003
2026-05-08,STR0017,Grocery,1,1.0,133.6,74.27,23.580000000000013
2026-05-08,STR0017,Health & Beauty,1,2.0,55.78,16.660000000000004,0.0
2026-05-08,STR0017,Office,1,1.0,321.95,49.31999999999999,35.99000000000001
2026-05-08,STR0019,Automotive,2,4.0,2301.04,1116.8799999999999,71.46000000000004
2026-05-08,STR0019,Electronics,1,1.0,287.32,140.51999999999998,0.0
2026-05-08,STR0019,Grocery,1,2.0,120.28,61.5,0.0
2026-05-08,STR0019,Health & Beauty,1,2.0,953.34,426.62,50.43999999999994
2026-05-08,STR0019,Office,1,4.0,753.48,316.16,0.0
2026-05-08,STR0022,Electronics,1,1.0,357.2,149.89,63.04000000000002
2026-05-08,STR0022,Health & Beauty,2,3.0,678.15,45.00999999999997,122.43000000000004
2026-05-08,STR0023,Apparel,1,1.0,418.6,218.16000000000003,46.50999999999999
2026-05-08,STR0023,Automotive,1,1.0,72.42,36.15,18.099999999999994
2026-05-08,STR0024,Automotive,1,5.0,2075.25,82.19999999999982,230.60000000000002
2026-05-08,STR0025,Apparel,1,4.0,2028.16,770.0800000000002,0.0
2026-05-08,STR0025,Electronics,1,2.0,135.54,62.31999999999999,35.140000000000015
2026-05-08,STR0025,Grocery,1,3.0,466.54,288.55,0.0
2026-05-09,STR0001,Apparel,1,1.0,102.81,12.049999999999997,19.019999999999996
2026-05-09,STR0001,Automotive,1,2.0,179.04,106.49999999999999,0.0
2026-05-09,STR0001,Electronics,1,5.0,1099.4499999999998,293.8499999999998,0.0
2026-05-09,STR0002,Apparel,1,3.0,1412.2,527.37,219.45999999999992
2026-05-09,STR0002,Automotive,1,1.0,346.98,168.01000000000002,38.76999999999998
2026-05-09,STR0002,Electronics,1,1.0,238.26,56.69999999999999,42.22000000000003
2026-05-09,STR0002,Home,2,3.0,498.5,102.44999999999996,73.50000000000003
2026-05-09,STR0003,Automotive,1,3.0,2177.69,1163.3000000000002,242.06999999999982
2026-05-09,STR0005,Automotive,1,1.0,41.94,5.579999999999998,11.730000000000004
2026-05-09,STR0005,Electronics,1,4.0,907.04,459.03999999999996,226.76
2026-05-09,STR0005,Home,1,2.0,1857.78,1124.3600000000001,98.03999999999996
2026-05-09,STR0005,Sports,1,3.0,52.949999999999996,24.509999999999994,2.789999999999999
2026-05-09,STR0007,Apparel,1,1.0,171.5,87.84,19.060000000000002
2026-05-09,STR0007,Automotive,2,4.0,1090.76,405.46999999999997,0.0
2026-05-09,STR0007,Grocery,1,2.0,1431.74,793.6,159.07999999999993
2026-05-09,STR0007,Health & Beauty,2,7.0,3474.7200000000003,1592.3400000000004,356.62
2026-05-09,STR0007,Home,1,1.0,303.09,60.47999999999996,53.84000000000003
2026-05-09,STR0007,Office,2,4.0,965.29,223.24,70.34999999999997
2026-05-09,STR0008,Automotive,1,2.0,516.01,222.29999999999998,28.620000000000005
2026-05-09,STR0008,Sports,1,1.0,194.21,99.68,0.0
2026-05-09,STR0009,Apparel,2,6.0,3194.71,1790.71,79.49999999999983
2026-05-09,STR0009,Automotive,1,4.0,1760.16,285.1600000000001,0.0
2026-05-09,STR0009,Health & Beauty,1,2.0,1489.04,814.92,165.44000000000005
2026-05-09,STR0009,Home,1,3.0,1425.88,690.15,64.32
2026-05-09,STR0009,Office,1,5.0,280.1,14.800000000000011,14.800000000000004
2026-05-09,STR0010,Electronics,1,9.0,1929.6399999999999,640.89,187.55999999999992
2026-05-09,STR0010,Grocery,1,2.0,1021.96,551.1600000000001,180.33999999999992
2026-05-09,STR0010,Health & Beauty,2,9.0,5906.66,2940.4000000000005,183.07999999999964
2026-05-09,STR0013,Apparel,1,6.0,3707.0,1885.8799999999999,121.71000000000015
2026-05-09,STR0013,Electronics,1,1.0,122.43,61.260000000000005,21.599999999999994
2026-05-09,STR0013,Health & Beauty,1,2.0,936.84,421.73,187.31
2026-05-09,STR0013,Office,1,1.0,143.05,55.20000000000002,15.889999999999986
2026-05-09,STR0013,Sports,1,1.0,249.43,108.95000000000002,0.0
2026-05-09,STR0017,Apparel,1,2.0,57.18,33.5,3.020000000000003
2026-05-09,STR0017,Automotive,1,1.0,538.39,302.85,0.0
2026-05-09,STR0017,Sports,1,3.0,911.9000000000001,7.010000000000105,228.23999999999995
2026-05-09,STR0019,Apparel,1,1.0,512.39,226.53999999999996,26.970000000000027
2026-05-09,STR0019,Home,1,1.0,194.66,51.06,21.629999999999995
2026-05-09,STR0020,Automotive,1,1.0,501.75,77.33999999999997,55.860000000000014
2026-05-09,STR0020,Grocery,1,11.0,1753.23,617.8299999999999,246.34999999999997
2026-05-09,STR0020,Home,1,1.0,723.08,275.70000000000005,38.059999999999945
2026-05-09,STR0021,Automotive,1,5.0,2935.36,1702.4,21.340000000000003
2026-05-09,STR0021,Health & Beauty,1,1.0,119.04,44.27000000000001,0.0
2026-05-09,STR0022,Automotive,1,2.0,784.48,189.32000000000005,196.12
2026-05-09,STR0022,Grocery,1,1.0,600.62,311.99,0.0
2026-05-09,STR0022,Health & Beauty,2,4.0,1533.49,751.1199999999999,314.68999999999994
2026-05-09,STR0022,Office,1,1.0,99.52,61.29,0.0
2026-05-09,STR0022,Sports,1,1.0,101.57,101.57,11.290000000000006
2026-05-09,STR0024,Apparel,3,3.0,1001.99,374.91,92.17999999999999
2026-05-09,STR0024,Automotive,1,8.0,4656.46,2179.6000000000004,465.3999999999998
2026-05-09,STR0024,Grocery,1,1.0,249.82,111.44,0.0
2026-05-09,STR0024,Health & Beauty,1,10.0,5416.650000000001,2457.7000000000007,0.0
2026-05-09,STR0024,Home,1,2.0,1365.06,470.29999999999995,152.22000000000003
2026-05-09,STR0024,Office,1,4.0,2596.4,1337.72,288.5999999999999
2026-05-09,STR0025,Sports,1,3.0,288.45000000000005,113.01000000000005,0.0
2026-05-10,STR0001,Automotive,1,2.0,355.58,102.01999999999998,39.5
2026-05-10,STR0001,Grocery,1,5.0,1249.1,557.1999999999999,0.0
2026-05-10,STR0001,Home,1,2.0,369.84,179.42,41.10000000000002
2026-05-10,STR0001,Office,1,1.0,379.71,232.48999999999998,0.0
2026-05-10,STR0001,Sports,1,2.0,141.09,46.28000000000001,8.810000000000002
2026-05-10,STR0002,Home,2,14.0,7687.13,3280.2299999999996,0.0
2026-05-10,STR0002,Sports,2,11.0,1247.79,382.7399999999999,175.70000000000005
2026-05-10,STR0008,Apparel,1,3.0,491.41999999999996,198.26,123.09
2026-05-10,STR0008,Automotive,1,1.0,372.2,219.6,0.0
2026-05-10,STR0010,Automotive,1,2.0,567.72,210.48000000000002,141.93999999999994
2026-05-10,STR0010,Electronics,1,5.0,3973.1,2374.45,209.10000000000025
2026-05-10,STR0010,Health & Beauty,1,3.0,1383.67,638.4100000000001,73.08000000000004
2026-05-10,STR0011,Sports,1,1.0,346.52,135.04999999999998,0.0
2026-05-10,STR0012,Automotive,1,1.0,127.4,47.14,6.710000000000008
2026-05-10,STR0012,Electronics,1,1.0,367.17,56.59000000000003,64.96999999999997
2026-05-10,STR0012,Office,1,2.0,975.14,416.78,108.34000000000003
2026-05-10,STR0012,Sports,1,4.0,1257.4,290.3600000000001,0.0
2026-05-10,STR0013,Apparel,2,6.0,2389.66,772.98,265.4999999999999
2026-05-10,STR0013,Electronics,1,1.0,2.96,0.77,0.16000000000000014
2026-05-10,STR0013,Health & Beauty,1,2.0,1187.14,556.6200000000001,296.78
2026-05-10,STR0013,Home,2,2.0,1324.67,633.23,147.41000000000003
2026-05-10,STR0013,Office,2,9.0,1044.01,218.0,130.16000000000003
2026-05-10,STR0013,Sports,1,2.0,136.98,8.579999999999984,7.260000000000019
2026-05-10,STR0014,Grocery,1,3.0,874.06,-99.52999999999997,219.77999999999997
2026-05-10,STR0014,Health & Beauty,1,2.0,1330.52,700.0,148.4000000000001
2026-05-10,STR0014,Home,1,1.0,326.38,148.88,0.0
2026-05-10,STR0015,Apparel,2,6.0,3246.06,1821.34,279.08000000000015
2026-05-10,STR0016,Automotive,1,1.0,197.54,70.75999999999999,0.0
2026-05-10,STR0016,Electronics,1,2.0,1504.6,865.1399999999999,167.2800000000002
2026-05-10,STR0016,Health & Beauty,1,4.0,2131.32,1160.8000000000002,0.0
2026-05-10,STR0016,Office,2,4.0,1618.98,557.72,73.47000000000003
2026-05-10,STR0016,Sports,1,1.0,94.95,25.290000000000006,0.0
2026-05-10,STR0018,Sports,1,1.0,64.18,25.230000000000004,16.039999999999992
2026-05-10,STR0019,Apparel,1,3.0,752.13,430.92,83.57999999999996
2026-05-10,STR0019,Grocery,1,3.0,182.31,36.81,0.0
2026-05-10,STR0019,Health & Beauty,1,6.0,3132.09,1456.32,141.81000000000017
2026-05-10,STR0020,Automotive,1,1.0,292.76,140.16,74.44
2026-05-10,STR0020,Grocery,1,1.0,767.88,373.75,40.40999999999997
2026-05-10,STR0020,Home,1,3.0,1181.6200000000001,201.19000000000005,208.89
2026-05-10,STR0021,Apparel,1,1.0,751.0,371.72,132.52999999999997
2026-05-10,STR0021,Automotive,1,2.0,1016.28,394.28,112.92000000000007
2026-05-10,STR0021,Grocery,1,9.0,3959.88,770.49,386.0
2026-05-10,STR0021,Sports,1,2.0,1372.76,738.14,0.0
2026-05-10,STR0022,Apparel,1,4.0,715.1800000000001,318.74,25.359999999999985
2026-05-10,STR0022,Health & Beauty,1,2.0,79.46,4.3799999999999955,14.02000000000001
2026-05-10,STR0024,Apparel,1,1.0,518.53,119.47999999999996,27.290000000000077
2026-05-10,STR0024,Automotive,2,6.0,3988.75,1660.8799999999997,347.2500000000002
2026-05-10,STR0024,Electronics,1,1.0,3.12,0.9300000000000002,0.0
2026-05-10,STR0024,Home,1,1.0,438.3,33.55000000000001,0.0
2026-05-10,STR0025,Health & Beauty,1,4.0,937.92,531.8399999999999,49.360000000000014
2026-05-10,STR0025,Sports,1,2.0,84.28,17.42,0.0
2026-05-11,STR0001,Automotive,2,5.0,2032.33,388.82000000000005,116.66999999999996
2026-05-11,STR0001,Electronics,3,7.0,2343.59,581.91,177.68000000000006
2026-05-11,STR0001,Health & Beauty,1,3.0,212.85000000000002,133.74,0.0
2026-05-11,STR0001,Home,1,2.0,735.18,314.81999999999994,0.0
2026-05-11,STR0001,Office,1,4.0,2933.04,1527.48,325.8800000000001
2026-05-11,STR0003,Health & Beauty,1,1.0,609.9,186.21999999999997,32.10000000000002
2026-05-11,STR0004,Automotive,2,5.0,2252.16,407.5199999999999,537.9800000000001
2026-05-11,STR0004,Electronics,1,2.0,740.23,158.04999999999995,60.25999999999999
2026-05-11,STR0004,Health & Beauty,1,4.0,663.12,314.72,167.03999999999996
2026-05-11,STR0004,Sports,1,3.0,1173.42,555.6300000000001,293.3400000000001
2026-05-11,STR0005,Grocery,1,1.0,910.44,537.9300000000001,47.91999999999996
2026-05-11,STR0006,Automotive,2,2.0,1382.1,717.4100000000001,0.0
2026-05-11,STR0006,Health & Beauty,1,7.0,3440.8100000000004,880.6800000000002,586.02
2026-05-11,STR0006,Sports,2,3.0,1096.6200000000001,452.90000000000003,199.71000000000004
2026-05-11,STR0008,Automotive,1,1.0,97.45,23.070000000000007,10.829999999999998
2026-05-11,STR0008,Electronics,1,1.0,148.46,33.400000000000006,26.19999999999999
2026-05-11,STR0008,Grocery,1,1.0,510.53,221.89999999999998,90.09000000000003
2026-05-11,STR0008,Health & Beauty,1,2.0,973.5,476.66,0.0
2026-05-11,STR0008,Office,1,5.0,4551.0,2453.15,0.0
2026-05-11,STR0010,Automotive,1,2.0,536.08,309.22,60.120000000000005
2026-05-11,STR0010,Health & Beauty,1,2.0,1102.84,270.6399999999999,0.0
2026-05-11,STR0010,Home,1,1.0,378.43,207.82,66.95999999999998
2026-05-11,STR0010,Office,2,6.0,1169.0900000000001,385.91,0.0
2026-05-11,STR0011,Automotive,1,1.0,98.18,32.08000000000001,24.549999999999997
2026-05-11,STR0011,Home,1,3.0,1673.3500000000001,902.44,0.0
2026-05-11,STR0011,Office,1,2.0,1464.64,615.0000000000001,0.0
2026-05-11,STR0012,Apparel,1,2.0,1122.2,284.70000000000005,0.0
2026-05-11,STR0012,Electronics,1,1.0,45.69,24.269999999999996,8.410000000000004
2026-05-11,STR0012,Health & Beauty,1,4.0,2184.48,945.52,386.4000000000001
2026-05-11,STR0012,Sports,2,5.0,1888.9499999999998,1011.7199999999999,15.28000000000003
2026-05-11,STR0013,Apparel,1,5.0,2252.05,1203.15,562.9999999999998
2026-05-11,STR0013,Automotive,1,4.0,2389.48,904.48,0.0
2026-05-11,STR0013,Electronics,1,1.0,243.24,131.99,12.800000000000011
2026-05-11,STR0013,Sports,1,4.0,1144.56,518.1999999999999,0.0
2026-05-11,STR0014,Automotive,2,7.0,2379.33,1211.18,391.03
2026-05-11,STR0014,Health & Beauty,2,3.0,1203.72,501.49,0.0
2026-05-11,STR0014,Home,1,3.0,493.14,207.51,123.27000000000001
2026-05-11,STR0014,Office,1,2.0,189.08,112.62000000000002,9.95999999999998
2026-05-11,STR0014,Sports,2,5.0,2833.6099999999997,1286.2199999999998,328.94000000000017
2026-05-11,STR0015,Apparel,1,5.0,1009.7,110.0,0.0
2026-05-11,STR0015,Automotive,1,4.0,824.54,190.55,47.27999999999997
2026-05-11,STR0015,Electronics,1,3.0,964.71,203.16000000000008,0.0
2026-05-11,STR0015,Office,2,7.0,4564.32,2271.3999999999996,0.0
2026-05-11,STR0016,Apparel,1,4.0,1075.36,654.04,0.0
2026-05-11,STR0016,Automotive,1,1.0,21.22,-0.240000000000002,5.560000000000002
2026-05-11,STR0016,Home,1,3.0,1884.82,874.78,471.4600000000001
2026-05-11,STR0016,Office,1,1.0,745.8,461.28999999999996,0.0
2026-05-11,STR0016,Sports,1,2.0,757.64,441.03999999999996,40.139999999999986
2026-05-11,STR0018,Automotive,1,1.0,1009.74,624.23,0.0
2026-05-11,STR0020,Apparel,1,2.0,1097.3,498.31999999999994,0.0
2026-05-11,STR0020,Office,1,2.0,1030.54,523.26,257.6400000000001
2026-05-11,STR0021,Apparel,1,4.0,2085.76,1266.7200000000003,0.0
2026-05-11,STR0021,Home,1,3.0,987.9000000000001,199.6500000000001,246.95999999999998
2026-05-11,STR0021,Office,1,1.0,160.54,51.209999999999994,28.330000000000013
2026-05-11,STR0021,Sports,1,4.0,35.92,0.28000000000000114,9.0
2026-05-11,STR0023,Health & Beauty,1,2.0,260.2,158.98,0.0
2026-05-11,STR0023,Office,1,5.0,373.55,88.5,66.30000000000003
2026-05-11,STR0024,Apparel,2,2.0,953.8899999999999,343.19999999999993,168.33000000000004
2026-05-11,STR0024,Automotive,1,2.0,878.96,245.22000000000003,98.21999999999991
2026-05-11,STR0024,Grocery,1,2.0,1201.24,623.98,0.0
2026-05-11,STR0025,Apparel,1,4.0,724.08,37.440000000000055,181.27999999999997
2026-05-11,STR_UNKNOWN,Apparel,1,2.0,557.14,343.0,0.0
2026-05-11,STR_UNKNOWN,Automotive,1,4.0,1741.3899999999999,820.69,159.6599999999999
2026-05-12,STR0001,Automotive,1,2.0,311.06,57.5,79.01999999999998
2026-05-12,STR0001,Health & Beauty,1,5.0,28.849999999999998,10.499999999999996,7.200000000000002
2026-05-12,STR0002,Health & Beauty,1,2.0,877.72,313.62,0.0
2026-05-12,STR0004,Apparel,1,2.0,1103.94,314.6400000000001,122.77999999999997
2026-05-12,STR0005,Apparel,1,1.0,746.0,366.72,132.52999999999997
2026-05-12,STR0005,Home,1,1.0,544.0,322.74,0.0
2026-05-12,STR0006,Grocery,1,2.0,756.32,144.74,0.0
2026-05-12,STR0006,Office,2,12.0,2088.43,574.8899999999999,400.1500000000002
2026-05-12,STR0006,Sports,1,6.0,856.98,291.96000000000004,141.69999999999993
2026-05-12,STR0009,Apparel,1,4.0,2049.56,906.1599999999999,107.88000000000011
2026-05-12,STR0010,Apparel,1,1.0,153.28,60.900000000000006,17.03
2026-05-12,STR0010,Grocery,1,3.0,598.95,63.0,105.68999999999997
2026-05-12,STR0011,Automotive,1,5.0,884.25,46.60000000000002,0.0
2026-05-12,STR0012,Apparel,3,7.0,2425.55,1186.75,102.87000000000009
2026-05-12,STR0012,Automotive,3,9.0,3638.2200000000003,1335.0500000000004,614.7699999999998
2026-05-12,STR0012,Electronics,1,3.0,2154.7799999999997,1107.34,0.0
2026-05-12,STR0012,Grocery,2,5.0,1017.25,439.34999999999997,6.080000000000005
2026-05-12,STR0012,Health & Beauty,2,6.0,2826.9,803.94,106.48999999999995
2026-05-12,STR0012,Office,2,6.0,2182.32,748.0799999999999,39.53999999999999
2026-05-12,STR0012,Sports,2,6.0,3260.52,1324.78,140.5999999999999
2026-05-12,STR0014,Apparel,1,2.0,374.76,217.72,41.639999999999986
2026-05-12,STR0014,Electronics,1,2.0,188.44,47.34,0.0
2026-05-12,STR0015,Apparel,1,3.0,919.63,510.31,1.8999999999999986
2026-05-12,STR0015,Electronics,1,1.0,516.25,189.97000000000003,91.46000000000004
2026-05-12,STR0016,Automotive,1,4.0,30.56,1.1199999999999974,1.6400000000000041
2026-05-12,STR0016,Grocery,1,1.0,551.97,157.5,0.0
2026-05-12,STR0016,Health & Beauty,1,1.0,306.88,110.44999999999999,34.20999999999998
2026-05-12,STR0016,Home,1,5.0,3392.0,1654.0,598.6000000000001
2026-05-12,STR0016,Office,1,5.0,2826.3,618.75,314.0500000000003
2026-05-12,STR0017,Apparel,1,2.0,808.12,326.32,0.0
2026-05-12,STR0018,Apparel,2,5.0,1034.36,371.15999999999997,18.989999999999995
2026-05-12,STR0018,Automotive,1,5.0,1011.7,558.1500000000001,178.55000000000004
2026-05-12,STR0018,Electronics,1,1.0,115.22,54.05,28.810000000000002
2026-05-12,STR0018,Office,2,5.0,1257.94,667.35,117.06999999999996
2026-05-12,STR0018,Sports,1,1.0,226.42,126.57999999999998,11.920000000000016
2026-05-12,STR0020,Electronics,2,7.0,1645.28,817.6399999999999,170.90000000000003
2026-05-12,STR0020,Grocery,1,5.0,4188.6,2144.3500000000004,0.0
2026-05-12,STR0020,Home,1,1.0,550.17,256.09999999999997,28.960000000000036
2026-05-12,STR0020,Office,1,1.0,481.32,223.57999999999998,85.82
2026-05-12,STR0020,Sports,1,2.0,631.7,148.18000000000006,0.0
2026-05-12,STR0021,Health & Beauty,1,1.0,90.23,15.460000000000008,23.810000000000002
2026-05-12,STR0022,Office,1,5.0,560.3000000000001,197.35000000000002,0.0
2026-05-12,STR0023,Automotive,1,1.0,348.98,170.01000000000002,38.76999999999998
2026-05-12,STR0024,Apparel,1,5.0,3244.45,1713.5499999999997,0.0
2026-05-12,STR0024,Grocery,1,1.0,236.64,17.589999999999975,0.0
2026-05-12,STR0024,Sports,1,1.0,19.05,1.3000000000000007,4.759999999999998
2026-05-12,STR0025,Automotive,1,5.0,2823.0,1268.0,0.0
2026-05-12,STR0025,Health & Beauty,1,1.0,549.69,187.69000000000005,0.0
2026-05-12,STR0025,Home,1,5.0,1460.75,630.0,0.0
2026-05-13,STR0001,Apparel,1,5.0,1515.4499999999998,641.4499999999998,378.8500000000002
2026-05-13,STR0001,Automotive,1,5.0,2562.3,1279.7500000000002,0.0
2026-05-13,STR0002,Apparel,1,5.0,1632.6,822.9499999999998,0.0
2026-05-13,STR0002,Automotive,1,4.0,2929.0899999999997,1624.2599999999998,170.99999999999994
2026-05-13,STR0002,Electronics,1,1.0,905.99,488.13,0.0
2026-05-13,STR0002,Health & Beauty,1,1.0,475.74,189.40000000000003,119.18999999999994
2026-05-13,STR0002,Home,2,8.0,5334.16,2820.2799999999997,142.12000000000035
2026-05-13,STR0002,Office,1,1.0,353.61,144.43,62.75999999999999
2026-05-13,STR0002,Sports,1,4.0,1578.48,151.12000000000012,83.3599999999999
2026-05-13,STR0003,Electronics,1,1.0,709.97,390.24,125.47000000000003
2026-05-13,STR0003,Sports,1,5.0,3594.4,1581.65,0.0
2026-05-13,STR0004,Apparel,1,4.0,2155.44,1012.04,0.0
2026-05-13,STR0004,Automotive,2,8.0,1486.4,245.4399999999999,277.76000000000005
2026-05-13,STR0004,Home,1,1.0,498.93,267.70000000000005,0.0
2026-05-13,STR0004,Sports,1,5.0,2845.1,1065.2499999999998,0.0
2026-05-13,STR0006,Apparel,1,1.0,563.66,260.40999999999997,0.0
2026-05-13,STR0006,Automotive,1,3.0,271.56,162.75,0.0
2026-05-13,STR0006,Health & Beauty,1,3.0,2109.58,1163.8,111.30000000000007
2026-05-13,STR0007,Apparel,1,1.0,170.31,77.93,0.0
2026-05-13,STR0007,Grocery,2,6.0,2109.96,601.1800000000001,0.0
2026-05-13,STR0007,Health & Beauty,2,8.0,3868.6100000000006,1823.3100000000002,131.82
2026-05-13,STR0007,Office,1,5.0,1288.95,154.1500000000001,322.75000000000006
2026-05-13,STR0008,Apparel,1,4.0,1964.36,385.76,491.08000000000015
2026-05-13,STR0008,Office,1,4.0,1048.68,644.8800000000001,0.0
2026-05-13,STR0009,Apparel,2,4.0,2028.32,1125.8,0.0
2026-05-13,STR0009,Home,1,4.0,482.96,119.07999999999998,121.24000000000007
2026-05-13,STR0009,Office,1,1.0,195.69,34.19,22.30000000000001
2026-05-13,STR0009,Sports,1,3.0,1705.06,637.1499999999999,0.0
2026-05-13,STR0010,Automotive,1,7.0,3896.43,1697.58,158.89999999999986
2026-05-13,STR0011,Grocery,1,3.0,48.849999999999994,21.279999999999994,0.0
2026-05-13,STR0011,Sports,1,1.0,117.56,73.06,0.0
2026-05-13,STR0013,Automotive,1,2.0,872.88,359.86,154.04000000000008
2026-05-13,STR0013,Electronics,2,4.0,247.61,49.520000000000024,13.549999999999999
2026-05-13,STR0013,Sports,1,1.0,314.78,91.31999999999996,34.97000000000003
2026-05-13,STR0014,Automotive,1,1.0,209.83,80.69000000000003,0.0
2026-05-13,STR0014,Home,1,1.0,230.48,114.42999999999999,0.0
2026-05-13,STR0015,Home,1,1.0,261.16,119.93000000000004,29.239999999999952
2026-05-13,STR0015,Office,2,4.0,1793.38,906.0800000000002,0.0
2026-05-13,STR0017,Electronics,1,4.0,2097.96,756.48,0.0
2026-05-13,STR0018,Apparel,1,2.0,521.48,150.84000000000003,130.36
2026-05-13,STR0018,Grocery,1,1.0,645.63,251.5,161.65999999999997
2026-05-13,STR0018,Home,1,3.0,3028.02,1741.95,159.36
2026-05-13,STR0019,Automotive,1,2.0,1727.1,1001.2599999999999,0.0
2026-05-13,STR0019,Electronics,2,2.0,933.1600000000001,542.88,0.0
2026-05-13,STR0019,Grocery,1,2.0,504.18,210.72000000000003,0.0
2026-05-13,STR0020,Apparel,2,5.0,1278.65,433.53,0.0
2026-05-13,STR0020,Automotive,1,5.0,3477.15,2155.98,0.0
2026-05-13,STR0020,Home,2,6.0,1940.2599999999998,388.55999999999983,342.4000000000001
2026-05-13,STR0020,Office,2,6.0,1909.76,550.7399999999999,180.54000000000008
2026-05-13,STR0020,Sports,1,2.0,594.58,147.66000000000003,104.91999999999996
2026-05-13,STR0021,Apparel,1,5.0,3095.1,1044.5,774.2500000000001
2026-05-13,STR0021,Automotive,1,3.0,1199.98,121.05999999999995,0.0
2026-05-13,STR0021,Electronics,1,5.0,1412.25,852.25,0.0
2026-05-13,STR0021,Grocery,1,4.0,647.64,290.64,34.08000000000004
2026-05-13,STR0021,Health & Beauty,1,1.0,861.62,455.21,0.0
2026-05-13,STR0021,Office,1,2.0,1443.0,813.66,0.0
2026-05-13,STR0022,Automotive,1,2.0,471.1,289.68000000000006,0.0
2026-05-13,STR0022,Electronics,1,4.0,506.44,203.1,17.560000000000002
2026-05-13,STR0022,Health & Beauty,2,2.0,885.9200000000001,472.75000000000006,49.469999999999985
2026-05-13,STR0022,Home,1,4.0,1240.24,530.24,65.27999999999997
2026-05-13,STR0022,Office,1,2.0,539.32,169.02000000000004,0.0
2026-05-13,STR0022,Sports,1,1.0,453.97,249.53000000000003,24.159999999999968
2026-05-13,STR0023,Apparel,3,4.0,1692.7199999999998,749.47,117.10000000000002
2026-05-13,STR0023,Grocery,2,3.0,1454.1999999999998,787.16,53.32000000000005
2026-05-13,STR0025,Electronics,1,4.0,558.8,56.759999999999934,62.08000000000004
2026-05-13,STR0025,Grocery,1,2.0,314.36,195.70000000000002,0.0
2026-05-13,STR0025,Home,1,1.0,277.49,111.34,14.659999999999968
2026-05-14,STR0001,Home,1,2.0,984.2,317.34000000000003,0.0
2026-05-14,STR0001,Office,1,2.0,692.6999999999999,178.59999999999997,42.630000000000095
2026-05-14,STR0003,Apparel,1,1.0,215.07,109.74,53.76999999999998
2026-05-14,STR0003,Home,1,4.0,2080.16,910.4399999999998,231.6800000000003
2026-05-14,STR0003,Office,1,6.0,2215.0,736.42,309.9000000000002
2026-05-14,STR0006,Automotive,2,4.0,618.48,111.69999999999996,76.02
2026-05-14,STR0006,Electronics,1,4.0,3345.76,2066.84,0.0
2026-05-14,STR0006,Grocery,1,2.0,958.86,559.7,106.63999999999999
2026-05-14,STR0008,Apparel,2,8.0,3452.96,2076.04,62.68000000000001
2026-05-14,STR0008,Automotive,1,6.0,3750.1,1841.01,915.4500000000002
2026-05-14,STR0008,Electronics,1,5.0,2469.27,800.0600000000002,282.3599999999998
2026-05-14,STR0008,Office,2,6.0,4477.96,2101.15,790.2300000000005
2026-05-14,STR0010,Apparel,1,1.0,117.0,27.060000000000002,0.0
2026-05-14,STR0010,Automotive,1,4.0,2772.96,1201.0,0.0
2026-05-14,STR0010,Sports,1,4.0,320.88,165.07999999999998,0.0
2026-05-14,STR0012,Automotive,1,2.0,880.08,142.58000000000004,0.0
2026-05-14,STR0012,Home,1,2.0,369.84,179.42,41.10000000000002
2026-05-14,STR0013,Office,1,1.0,175.1,62.599999999999994,0.0
2026-05-14,STR0014,Automotive,1,2.0,47.22,4.299999999999997,8.340000000000003
2026-05-14,STR0014,Health & Beauty,1,1.0,474.17,210.81,25.21999999999997
2026-05-14,STR0014,Office,1,1.0,337.65,-6.28000000000003,37.74000000000001
2026-05-14,STR0015,Automotive,1,1.0,65.18,30.070000000000007,0.0
2026-05-14,STR0015,Home,1,2.0,981.6,515.1800000000001,0.0
2026-05-14,STR0016,Automotive,1,1.0,714.61,421.64,0.0
2026-05-14,STR0016,Office,1,1.0,496.32,311.35,0.0
2026-05-14,STR0016,Sports,2,3.0,990.04,432.56,247.52000000000004
2026-05-14,STR0018,Apparel,1,1.0,213.07,107.74,53.76999999999998
2026-05-14,STR0018,Grocery,1,6.0,2759.48,1286.34,394.7399999999999
2026-05-14,STR0018,Health & Beauty,1,2.0,470.14,235.7,118.03999999999996
2026-05-14,STR0020,Health & Beauty,1,3.0,345.12,162.0,0.0
2026-05-14,STR0022,Automotive,1,1.0,134.18,-15.379999999999995,33.54999999999998
2026-05-14,STR0022,Grocery,1,2.0,719.26,326.65999999999997,0.0
2026-05-14,STR0022,Home,1,2.0,864.61,354.67,0.0
2026-05-14,STR0024,Apparel,1,4.0,2074.12,477.91999999999985,109.16000000000031
2026-05-14,STR0024,Automotive,1,4.0,1919.64,675.6400000000001,338.76
2026-05-14,STR0024,Home,1,4.0,1961.2,1028.3600000000001,0.0
2026-05-14,STR0024,Office,1,4.0,900.96,348.36,0.0
2026-05-14,STR0024,Sports,1,1.0,112.86,112.86,0.0
2026-05-14,STR0025,Automotive,1,2.0,754.82,286.00000000000006,39.719999999999914
2026-05-14,STR0025,Grocery,2,3.0,947.87,564.5500000000001,49.89999999999998
2026-05-14,STR0025,Home,1,1.0,410.73,97.87,0.0
2026-05-14,STR0025,Sports,1,5.0,968.7,492.55,107.75000000000006
2026-05-15,STR0001,Apparel,1,1.0,24.55,5.129999999999999,2.7300000000000004
2026-05-15,STR0001,Home,1,1.0,328.43,14.769999999999982,17.29000000000002
2026-05-15,STR0001,Office,1,3.0,2181.21,934.05,242.33999999999992
2026-05-15,STR0002,Health & Beauty,3,7.0,2098.9,306.9899999999999,371.7199999999998
2026-05-15,STR0002,Home,2,3.0,1135.97,199.12,240.77999999999997
2026-05-15,STR0002,Sports,1,5.0,2514.45,1183.6999999999998,0.0
2026-05-15,STR0003,Automotive,1,3.0,498.18999999999994,49.509999999999934,0.0
2026-05-15,STR0003,Grocery,2,6.0,4840.41,2801.5600000000004,0.0
2026-05-15,STR0003,Office,1,1.0,549.92,243.70999999999998,61.210000000000036
2026-05-15,STR0003,Sports,1,3.0,972.58,227.71000000000004,0.0
2026-05-15,STR0004,Grocery,1,1.0,33.5,13.86,8.369999999999997
2026-05-15,STR0004,Health & Beauty,1,5.0,2884.3,1130.8000000000002,722.3500000000001
2026-05-15,STR0006,Apparel,1,1.0,496.51,284.32,0.0
2026-05-15,STR0006,Office,2,3.0,1993.38,1130.38,162.4599999999998
2026-05-15,STR0006,Sports,1,3.0,644.47,358.78000000000003,0.0
2026-05-15,STR0007,Electronics,1,5.0,883.5500000000001,77.95000000000005,220.8999999999999
2026-05-15,STR0007,Health & Beauty,1,3.0,117.19,4.569999999999993,21.030000000000015
2026-05-15,STR0007,Office,1,1.0,42.67,-3.210000000000001,10.670000000000002
2026-05-15,STR0008,Electronics,1,7.0,5069.46,2417.11,163.87999999999965
2026-05-15,STR0008,Health & Beauty,1,1.0,731.19,440.40000000000003,0.0
2026-05-15,STR0008,Office,2,6.0,1451.1799999999998,499.0599999999999,220.32000000000016
2026-05-15,STR0008,Sports,1,2.0,1517.0,755.94,267.70000000000005
2026-05-15,STR0009,Apparel,2,5.0,2015.6399999999999,864.1800000000001,138.74000000000012
2026-05-15,STR0009,Automotive,1,1.0,844.24,421.98,211.30999999999995
2026-05-15,STR0009,Electronics,2,5.0,2743.3399999999997,1552.1299999999999,152.59000000000006
2026-05-15,STR0009,Grocery,1,1.0,519.31,190.71999999999997,57.700000000000045
2026-05-15,STR0009,Health & Beauty,1,7.0,1712.6200000000001,894.4000000000001,0.0
2026-05-15,STR0009,Home,1,4.0,1231.6599999999999,527.3999999999999,0.0
2026-05-15,STR0009,Office,1,7.0,2505.27,860.49,167.35000000000005
2026-05-15,STR0009,Sports,4,8.0,4343.32,2085.37,454.82000000000016
2026-05-15,STR0011,Automotive,1,1.0,463.8,257.66,0.0
2026-05-15,STR0011,Grocery,1,3.0,1133.48,216.1099999999999,0.0
2026-05-15,STR0011,Home,1,2.0,428.74,121.69999999999999,0.0
2026-05-15,STR0012,Automotive,1,5.0,1986.35,814.3,0.0
2026-05-15,STR0012,Health & Beauty,1,2.0,1927.28,1087.32,0.0
2026-05-15,STR0012,Sports,1,1.0,408.39,117.12,72.94999999999999
2026-05-15,STR0013,Automotive,1,4.0,357.24,77.80000000000001,63.039999999999964
2026-05-15,STR0014,Grocery,1,2.0,258.88,119.19999999999999,45.860000000000014
2026-05-15,STR0014,Home,1,2.0,992.03,469.04,86.95999999999998
2026-05-15,STR0014,Sports,1,1.0,282.2,102.53,70.55000000000001
2026-05-15,STR0015,Apparel,2,3.0,250.53,97.16999999999999,0.0
2026-05-15,STR0015,Automotive,1,3.0,1211.94,590.3700000000001,303.0
2026-05-15,STR0015,Electronics,1,1.0,176.71,15.590000000000003,44.17999999999998
2026-05-15,STR0015,Health & Beauty,1,5.0,2004.6,483.8499999999999,0.0
2026-05-15,STR0015,Home,1,2.0,663.04,129.79999999999995,117.36000000000001
2026-05-15,STR0015,Office,1,1.0,370.73,158.17000000000002,0.0
2026-05-15,STR0015,Sports,1,4.0,2503.75,1080.7900000000002,553.4600000000002
2026-05-15,STR0016,Grocery,2,6.0,1192.42,127.69999999999993,204.16000000000003
2026-05-15,STR0016,Health & Beauty,1,5.0,2979.6499999999996,1547.9499999999998,0.0
2026-05-15,STR0016,Office,1,3.0,150.89999999999998,-8.28000000000003,26.640000000000008
2026-05-15,STR0019,Apparel,3,11.0,3153.86,1371.73,404.05
2026-05-15,STR0019,Automotive,1,5.0,3037.1,1572.2499999999998,535.9500000000003
2026-05-15,STR0019,Grocery,2,4.0,2700.79,1410.8,0.0
2026-05-15,STR0019,Health & Beauty,1,1.0,26.28,-101.14,0.0
2026-05-15,STR0019,Home,3,9.0,4254.92,1956.5999999999997,210.50000000000006
2026-05-15,STR0019,Office,2,4.0,523.14,193.10000000000002,116.23999999999998
2026-05-15,STR0019,Sports,2,3.0,686.52,257.89,0.0
2026-05-15,STR0021,Apparel,1,1.0,357.47,216.92000000000002,0.0
2026-05-15,STR0021,Electronics,2,6.0,1495.7800000000002,230.93000000000018,360.5199999999999
2026-05-15,STR0021,Grocery,1,2.0,436.52,109.86999999999998,77.04000000000002
2026-05-15,STR0021,Health & Beauty,1,3.0,899.94,489.08000000000004,0.0
2026-05-15,STR0021,Home,1,1.0,877.63,493.29,0.0
2026-05-15,STR0022,Apparel,2,2.0,664.3499999999999,158.32999999999996,52.49000000000004
2026-05-15,STR0022,Electronics,1,1.0,41.39,22.34,0.0
2026-05-15,STR0022,Grocery,1,3.0,2294.7799999999997,1287.7099999999998,255.08999999999992
2026-05-15,STR0022,Health & Beauty,1,4.0,2966.84,1705.8000000000002,0.0
2026-05-15,STR0022,Sports,1,2.0,734.64,333.59999999999997,0.0
2026-05-15,STR0024,Automotive,2,6.0,1660.07,-88.97999999999982,407.3600000000001
2026-05-15,STR0024,Health & Beauty,1,1.0,749.94,351.25000000000006,0.0
2026-05-15,STR0024,Office,1,1.0,85.77,31.83,0.0
2026-05-15,STR0025,Automotive,1,3.0,543.78,198.51,28.62000000000006
2026-05-15,STR0025,Health & Beauty,1,1.0,401.06,148.83,100.25999999999999
2026-05-15,STR0025,Home,1,1.0,668.61,291.79,117.99000000000001
2026-05-16,STR0005,Electronics,2,8.0,2314.68,1299.6,72.00000000000003
2026-05-16,STR0005,Home,2,3.0,917.24,313.25,16.760000000000005
2026-05-16,STR0005,Sports,1,5.0,1191.7,692.5,0.0
2026-05-16,STR0006,Apparel,2,4.0,582.87,178.33000000000004,31.22999999999999
2026-05-16,STR0006,Home,1,1.0,579.13,285.06,0.0
2026-05-16,STR0006,Sports,1,2.0,1564.56,910.2399999999999,173.84000000000015
2026-05-16,STR0007,Apparel,1,1.0,468.3,263.54,52.14000000000004
2026-05-16,STR0009,Grocery,1,3.0,2827.59,1598.2500000000002,0.0
2026-05-16,STR0009,Home,1,5.0,2741.25,1193.6000000000001,685.2999999999997
2026-05-16,STR0009,Office,1,2.0,224.52,79.34,0.0
2026-05-16,STR0010,Automotive,1,2.0,208.14,68.41999999999999,0.0
2026-05-16,STR0010,Home,1,2.0,1573.2,819.5600000000001,0.0
2026-05-16,STR0010,Office,1,5.0,3188.4500000000003,1493.9,354.4999999999999
2026-05-16,STR0012,Apparel,2,3.0,1231.73,521.0,38.719999999999914
2026-05-16,STR0012,Automotive,1,3.0,1398.3700000000001,425.0500000000002,155.60999999999984
2026-05-16,STR0012,Electronics,1,1.0,475.62,85.94,0.0
2026-05-16,STR0012,Health & Beauty,1,5.0,354.95,115.94999999999999,62.99999999999997
2026-05-16,STR0012,Office,2,11.0,4666.4,1695.0,541.7100000000002
2026-05-16,STR0013,Office,1,6.0,402.14,93.47,15.990000000000016
2026-05-16,STR0014,Apparel,1,1.0,320.92,135.60000000000002,0.0
2026-05-16,STR0014,Automotive,2,6.0,5480.139999999999,3296.0799999999995,77.02000000000004
2026-05-16,STR0014,Electronics,1,2.0,580.26,195.42000000000002,30.799999999999955
2026-05-16,STR0014,Grocery,1,1.0,755.64,436.57,39.76999999999998
2026-05-16,STR0014,Health & Beauty,2,7.0,2074.71,866.17,288.3299999999999
2026-05-16,STR0014,Home,1,5.0,2328.0,1118.6999999999998,0.0
2026-05-16,STR0014,Office,3,8.0,3610.0099999999998,1378.6099999999997,879.1800000000001
2026-05-16,STR0015,Apparel,1,1.0,89.22,28.54,15.739999999999995
2026-05-16,STR0015,Automotive,2,2.0,603.41,179.05,83.43
2026-05-16,STR0015,Electronics,1,5.0,1835.8500000000001,282.9500000000003,324.84999999999985
2026-05-16,STR0015,Grocery,1,2.0,2005.28,1130.1399999999999,354.22
2026-05-16,STR0015,Home,1,2.0,997.86,535.4000000000001,0.0
2026-05-16,STR0016,Apparel,1,4.0,1323.44,566.0400000000001,147.03999999999996
2026-05-16,STR0016,Health & Beauty,2,3.0,848.44,415.63000000000005,100.69999999999996
2026-05-16,STR0016,Home,1,5.0,911.0500000000001,143.45000000000005,160.79999999999998
2026-05-16,STR0016,Sports,1,5.0,2406.35,943.25,601.6000000000003
2026-05-16,STR0018,Apparel,1,2.0,971.32,321.4200000000001,0.0
2026-05-16,STR0018,Automotive,1,2.0,399.16,239.12000000000003,0.0
2026-05-16,STR0018,Electronics,1,4.0,1633.6,697.5999999999999,0.0
2026-05-16,STR0018,Health & Beauty,1,2.0,376.87,315.83,66.51
2026-05-16,STR0018,Home,1,2.0,126.26,-1.8399999999999892,14.019999999999996
2026-05-16,STR0018,Office,1,1.0,457.22,209.11,80.68999999999994
2026-05-16,STR0019,Home,2,6.0,4183.78,2297.38,84.36000000000001
2026-05-16,STR0020,Automotive,1,1.0,536.39,300.85,0.0
2026-05-16,STR0020,Electronics,1,2.0,347.32,117.19999999999999,0.0
2026-05-16,STR0021,Apparel,1,1.0,784.74,402.65000000000003,87.40999999999997
2026-05-16,STR0021,Electronics,1,1.0,54.1,32.68,0.0
2026-05-16,STR0021,Health & Beauty,1,1.0,282.0,83.57,49.75999999999999
2026-05-16,STR0021,Office,2,11.0,7157.34,4090.1899999999996,329.6200000000001
2026-05-16,STR0021,Sports,1,1.0,601.59,308.97,0.0
2026-05-16,STR0022,Apparel,1,1.0,223.87,36.66,11.780000000000001
2026-05-16,STR0022,Electronics,1,5.0,3259.5,1249.45,0.0
2026-05-16,STR0022,Health & Beauty,1,2.0,121.9,7.1200000000000045,6.4199999999999875
2026-05-16,STR0022,Home,1,1.0,138.59,10.88000000000001,0.0
2026-05-16,STR0023,Home,1,4.0,1282.04,655.7199999999999,0.0
2026-05-16,STR0024,Electronics,1,2.0,843.94,426.72,44.41999999999996
2026-05-16,STR0024,Office,1,5.0,2447.1,947.4999999999998,0.0
2026-05-16,STR0025,Apparel,1,5.0,588.09,311.02,48.25000000000003
2026-05-16,STR0025,Automotive,1,2.0,1015.28,393.28,112.92000000000007
2026-05-16,STR0025,Health & Beauty,1,1.0,722.33,371.63000000000005,0.0
2026-05-17,STR0001,Office,1,4.0,1900.4,217.2800000000002,475.0799999999999
2026-05-17,STR0001,Sports,1,2.0,244.98,126.6,0.0
2026-05-17,STR0002,Health & Beauty,1,2.0,45.2,6.080000000000005,5.579999999999998
2026-05-17,STR0002,Home,1,3.0,1315.46,603.19,125.43999999999994
2026-05-17,STR0002,Sports,1,1.0,70.1,12.509999999999991,3.690000000000012
2026-05-17,STR0003,Apparel,2,3.0,1098.73,286.2199999999999,62.60000000000002
2026-05-17,STR0003,Grocery,1,3.0,1504.65,779.82,0.0
2026-05-17,STR0003,Health & Beauty,1,4.0,3580.44,2005.68,0.0
2026-05-17,STR0003,Office,1,5.0,1381.9499999999998,299.2499999999998,243.8500000000002
2026-05-17,STR0003,Sports,1,2.0,1778.2,1026.8400000000001,0.0
2026-05-17,STR0004,Apparel,1,5.0,2512.8999999999996,1545.3999999999996,0.0
2026-05-17,STR0004,Home,2,5.0,3975.9,2206.11,139.68000000000006
2026-05-17,STR0004,Office,1,5.0,549.75,262.05,0.0
2026-05-17,STR0005,Grocery,1,1.0,891.0,498.6,47.15999999999997
2026-05-17,STR0005,Health & Beauty,1,1.0,91.03,29.990000000000002,23.010000000000005
2026-05-17,STR0005,Office,1,2.0,1029.86,514.3799999999999,114.42000000000007
2026-05-17,STR0007,Apparel,1,4.0,351.88,109.16,62.95999999999998
2026-05-17,STR0007,Automotive,1,5.0,2451.5,963.6000000000001,0.0
2026-05-17,STR0007,Grocery,1,3.0,1252.34,334.52,0.0
2026-05-17,STR0007,Home,2,6.0,2140.62,1122.3199999999997,0.0
2026-05-17,STR0007,Office,1,1.0,559.18,138.39999999999998,29.690000000000055
2026-05-17,STR0007,Sports,1,4.0,2020.8,821.3199999999999,0.0
2026-05-17,STR0008,Apparel,1,1.0,909.84,559.73,0.0
2026-05-17,STR0008,Home,1,1.0,175.92,90.52999999999999,0.0
2026-05-17,STR0009,Home,1,1.0,418.22,78.89000000000004,0.0
2026-05-17,STR0009,Office,1,1.0,199.59,107.21000000000001,0.0
2026-05-17,STR0010,Automotive,1,4.0,1419.32,704.8399999999999,0.0
2026-05-17,STR0011,Automotive,2,5.0,2649.0299999999997,1359.94,185.51999999999998
2026-05-17,STR0011,Grocery,1,1.0,805.78,470.09,42.50999999999999
2026-05-17,STR0011,Health & Beauty,2,2.0,230.51000000000002,109.43000000000002,41.19999999999998
2026-05-17,STR0011,Home,1,2.0,756.86,415.64,133.91999999999996
2026-05-17,STR0011,Office,1,2.0,493.26,224.39999999999998,123.32000000000005
2026-05-17,STR0012,Office,1,1.0,815.91,402.46999999999997,143.99
2026-05-17,STR0014,Home,1,4.0,1666.0,358.76,185.68000000000006
2026-05-17,STR0014,Office,1,3.0,885.06,283.43999999999994,98.34000000000009
2026-05-17,STR0016,Home,1,2.0,923.64,418.36,232.15999999999997
2026-05-17,STR0018,Apparel,1,1.0,21.82,2.3999999999999986,5.460000000000001
2026-05-17,STR0018,Automotive,2,7.0,1774.43,808.3399999999999,67.02999999999997
2026-05-17,STR0018,Grocery,1,1.0,766.69,394.18000000000006,191.66999999999996
2026-05-17,STR0019,Apparel,2,5.0,514.49,80.50000000000006,27.469999999999985
2026-05-17,STR0019,Electronics,1,5.0,2997.25,1239.75,157.8000000000003
2026-05-17,STR0019,Health & Beauty,1,1.0,862.97,421.07000000000005,0.0
2026-05-17,STR0022,Electronics,1,4.0,2961.2,1567.36,155.84000000000015
2026-05-17,STR0024,Apparel,1,1.0,206.99,118.67000000000002,0.0
2026-05-17,STR0024,Home,1,1.0,556.52,258.14,0.0
2026-05-17,STR0024,Office,2,6.0,2824.24,1029.7599999999998,0.0
2026-05-18,STR0001,Automotive,1,6.0,433.73,190.79000000000002,69.57
2026-05-18,STR0001,Home,1,5.0,1625.1499999999999,861.1499999999999,0.0
2026-05-18,STR0001,Office,1,1.0,1104.94,668.9300000000001,58.149999999999864
2026-05-18,STR0002,Automotive,1,5.0,2155.8599999999997,717.2999999999997,284.5999999999999
2026-05-18,STR0002,Health & Beauty,1,9.0,4471.38,813.9599999999998,0.0
2026-05-18,STR0002,Home,1,1.0,498.93,267.70000000000005,0.0
2026-05-18,STR0002,Office,1,2.0,176.24,29.900000000000006,31.099999999999994
2026-05-18,STR0002,Sports,1,2.0,1349.04,592.64,0.0
2026-05-18,STR0003,Automotive,1,1.0,231.7,123.14999999999999,0.0
2026-05-18,STR0003,Home,1,1.0,194.91,78.86,34.56999999999999
2026-05-18,STR0003,Sports,1,4.0,2696.24,1186.9599999999998,299.60000000000036
2026-05-18,STR0004,Automotive,1,2.0,1917.5,1146.48,100.98000000000002
2026-05-18,STR0004,Grocery,1,4.0,1641.44,60.840000000000146,290.0
2026-05-18,STR0004,Health & Beauty,1,2.0,598.08,2.480000000000018,150.76
2026-05-18,STR0004,Home,1,5.0,1749.4,435.6500000000001,308.70000000000005
2026-05-18,STR0004,Sports,1,3.0,285.77,67.31,0.0
2026-05-18,STR0009,Apparel,1,3.0,1118.8,601.41,0.0
2026-05-18,STR0009,Health & Beauty,1,2.0,1444.66,743.2600000000001,0.0
2026-05-18,STR0010,Health & Beauty,1,2.0,883.88,51.67999999999995,220.95999999999992
2026-05-18,STR0010,Home,1,1.0,835.26,437.59,0.0
2026-05-18,STR0011,Automotive,1,4.0,515.12,203.76,0.0
2026-05-18,STR0011,Health & Beauty,1,5.0,3003.15,791.4500000000003,750.7999999999998
2026-05-18,STR0011,Home,1,2.0,1518.46,840.96,168.72000000000003
2026-05-18,STR0011,Office,1,2.0,1633.36,794.2199999999999,182.0400000000002
2026-05-18,STR0011,Sports,1,4.0,1333.48,-93.87999999999988,333.3599999999999
2026-05-18,STR0012,Apparel,1,1.0,159.79,67.41,8.52000000000001
2026-05-18,STR0012,Automotive,1,4.0,1037.48,532.1600000000001,183.44000000000005
2026-05-18,STR0012,Home,2,6.0,2490.2200000000003,1071.3400000000001,128.61
2026-05-18,STR0012,Office,1,2.0,154.38,46.5,17.159999999999997
2026-05-18,STR0012,Sports,1,1.0,14.79,5.309999999999999,2.789999999999999
2026-05-18,STR0013,Electronics,1,4.0,3210.56,1657.52,0.0
2026-05-18,STR0013,Health & Beauty,1,1.0,748.79,306.45,0.0
2026-05-18,STR0013,Sports,1,4.0,875.0999999999999,306.52,19.120000000000005
2026-05-18,STR0014,Sports,1,3.0,350.68,217.18,0.0
2026-05-18,STR0015,Apparel,1,1.0,20.74,9.569999999999999,0.0
2026-05-18,STR0015,Electronics,1,1.0,71.72,14.409999999999997,3.780000000000001
2026-05-18,STR0016,Apparel,1,2.0,869.3,300.0,0.0
2026-05-18,STR0016,Home,1,2.0,1669.4,900.7200000000001,87.8599999999999
2026-05-18,STR0016,Office,1,8.0,4006.25,1578.91,676.47
2026-05-18,STR0017,Apparel,1,5.0,2543.4,1496.3000000000002,0.0
2026-05-18,STR0017,Automotive,1,1.0,93.25,12.060000000000002,0.0
2026-05-18,STR0017,Home,2,5.0,1636.74,665.5799999999999,130.55999999999995
2026-05-18,STR0017,Office,3,7.0,3048.7,1383.6100000000001,548.4299999999998
2026-05-18,STR0017,Sports,2,9.0,3440.5,1204.6299999999999,181.16999999999996
2026-05-18,STR0018,Automotive,2,9.0,741.97,229.63000000000005,54.14999999999999
2026-05-18,STR0018,Electronics,2,7.0,523.03,266.76,87.85000000000004
2026-05-18,STR0018,Grocery,1,2.0,316.3,168.38000000000002,79.32
2026-05-18,STR0018,Health & Beauty,2,2.0,1138.23,618.2199999999999,131.2800000000001
2026-05-18,STR0018,Home,1,3.0,854.0699999999999,371.8599999999999,0.0
2026-05-18,STR0018,Office,2,7.0,2709.4300000000003,627.62,181.80000000000007
2026-05-18,STR0021,Apparel,1,8.0,4524.48,1566.6,329.1999999999998
2026-05-18,STR0021,Health & Beauty,1,1.0,481.09,283.37,0.0
2026-05-18,STR0021,Sports,1,3.0,2246.88,1114.92,0.0
2026-05-18,STR0024,Apparel,1,2.0,1486.06,721.88,262.24
2026-05-18,STR0024,Electronics,1,4.0,3623.96,1952.52,0.0
2026-05-18,STR0024,Grocery,1,5.0,3564.5499999999997,1520.2999999999997,629.0500000000003
2026-05-18,STR0024,Home,2,8.0,2249.86,702.1900000000002,29.319999999999993
2026-05-18,STR0024,Sports,1,3.0,1280.05,419.21,100.61000000000013
2026-05-18,STR0025,Apparel,1,2.0,837.2,436.32000000000005,93.01999999999998
2026-05-18,STR0025,Automotive,1,4.0,201.0,-343.67999999999995,0.0
2026-05-18,STR0025,Electronics,2,8.0,3286.84,1157.45,429.15
2026-05-18,STR0025,Health & Beauty,1,4.0,2632.28,1469.1200000000001,292.48
2026-05-18,STR0025,Sports,2,6.0,1247.99,497.63,193.01
2026-05-19,STR0001,Grocery,1,1.0,347.97,23.440000000000055,18.309999999999945
2026-05-19,STR0001,Sports,2,3.0,571.5400000000001,65.48000000000005,97.75999999999999
2026-05-19,STR0004,Home,1,3.0,574.91,312.86,0.0
2026-05-19,STR0005,Electronics,1,1.0,388.9,-22.25,97.23000000000002
2026-05-19,STR0005,Office,1,5.0,2448.5,917.45,612.1500000000001
2026-05-19,STR0007,Automotive,1,1.0,411.14,127.03999999999996,0.0
2026-05-19,STR0007,Grocery,1,6.0,731.52,263.20000000000005,105.78000000000003
2026-05-19,STR0007,Home,1,1.0,415.73,102.87,0.0
2026-05-19,STR0007,Sports,1,1.0,132.69,35.739999999999995,23.409999999999997
2026-05-19,STR0008,Office,1,2.0,1357.66,799.7400000000001,71.72000000000003
2026-05-19,STR0011,Automotive,1,2.0,1613.84,937.5799999999999,0.0
2026-05-19,STR0011,Electronics,1,2.0,682.9,52.19999999999993,120.51999999999998
2026-05-19,STR0011,Home,1,3.0,434.22,178.05,108.53999999999994
2026-05-19,STR0012,Apparel,1,2.0,642.06,292.4599999999999,113.66000000000008
2026-05-19,STR0012,Electronics,1,2.0,954.92,578.8599999999999,0.0
2026-05-19,STR0013,Automotive,1,4.0,1806.3600000000001,240.85000000000002,362.52
2026-05-19,STR0013,Grocery,1,1.0,942.53,532.75,0.0
2026-05-19,STR0013,Sports,1,4.0,59.44,21.519999999999996,14.879999999999995
2026-05-19,STR0015,Apparel,1,1.0,834.85,523.37,0.0
2026-05-19,STR0015,Electronics,1,2.0,868.86,291.1,0.0
2026-05-19,STR0015,Home,1,5.0,1683.0,665.25,420.7499999999999
2026-05-19,STR0015,Sports,1,3.0,2690.2599999999998,1507.5999999999997,0.0
2026-05-19,STR0016,Apparel,2,2.0,560.77,237.08,108.75999999999999
2026-05-19,STR0016,Electronics,2,2.0,422.53,80.36,86.63
2026-05-19,STR0016,Grocery,1,1.0,492.88,83.11000000000001,0.0
2026-05-19,STR0016,Health & Beauty,2,2.0,821.8199999999999,277.31,0.0
2026-05-19,STR0016,Office,1,1.0,458.89,214.11999999999998,51.210000000000036
2026-05-19,STR0016,Sports,2,9.0,3103.3,1393.58,106.8999999999998
2026-05-19,STR0017,Apparel,1,1.0,562.1,143.35000000000002,0.0
2026-05-19,STR0017,Automotive,1,1.0,319.35,140.73000000000002,35.47999999999996
2026-05-19,STR0017,Home,1,1.0,743.78,401.97999999999996,0.0
2026-05-19,STR0020,Sports,1,4.0,451.44,451.44,0.0
2026-05-19,STR0021,Grocery,1,2.0,140.82,1.1800000000000068,35.20000000000002
2026-05-19,STR0021,Health & Beauty,1,1.0,46.74,9.200000000000003,0.0
2026-05-19,STR0021,Office,2,2.0,1377.82,835.35,0.0
2026-05-19,STR0021,Sports,1,2.0,531.94,48.42000000000007,94.75999999999999
2026-05-19,STR0022,Automotive,1,2.0,801.32,82.04000000000008,0.0
2026-05-19,STR0022,Home,1,2.0,890.04,293.28,223.0
2026-05-19,STR0022,Office,1,5.0,212.35000000000002,-17.049999999999983,53.35000000000001
2026-05-19,STR0025,Automotive,1,3.0,979.53,540.7199999999999,0.0
2026-05-19,STR0025,Sports,1,7.0,3534.09,1993.1400000000003,95.32000000000005
2026-05-19,STR_UNKNOWN,Grocery,1,1.0,320.01,78.07999999999998,0.0
2026-05-19,STR_UNKNOWN,Health & Beauty,1,5.0,1254.15,668.0500000000001,221.2999999999998
2026-05-20,STR0002,Home,1,5.0,2217.2,911.3999999999996,116.69999999999987
2026-05-20,STR0003,Automotive,1,4.0,2256.64,766.3399999999999,564.1600000000002
2026-05-20,STR0003,Grocery,1,1.0,225.17,82.30999999999997,11.900000000000006
2026-05-20,STR0003,Health & Beauty,1,3.0,1307.8799999999999,120.75,230.79000000000002
2026-05-20,STR0004,Apparel,1,1.0,774.27,364.15,0.0
2026-05-20,STR0004,Automotive,2,5.0,3716.98,2066.88,0.0
2026-05-20,STR0005,Health & Beauty,1,5.0,583.45,330.40000000000003,65.04999999999995
2026-05-20,STR0005,Home,1,1.0,211.29,67.69,0.0
2026-05-20,STR0008,Office,1,1.0,643.47,364.51000000000005,71.72000000000003
2026-05-20,STR0009,Automotive,1,1.0,105.29,25.03,26.820000000000007
2026-05-20,STR0009,Grocery,1,1.0,492.88,83.11000000000001,0.0
2026-05-20,STR0009,Health & Beauty,1,1.0,382.92,46.58000000000004,20.149999999999977
2026-05-20,STR0009,Home,1,5.0,3970.25,1981.8999999999999,209.04999999999973
2026-05-20,STR0009,Sports,1,5.0,1076.45,600.3,0.0
2026-05-20,STR0010,Automotive,1,2.0,1383.98,598.0,0.0
2026-05-20,STR0010,Office,1,1.0,295.02,94.47999999999999,32.78000000000003
2026-05-20,STR0011,Home,1,5.0,3953.85,2032.15,439.30000000000007
2026-05-20,STR0011,Sports,1,1.0,540.57,184.60000000000002,28.449999999999932
2026-05-20,STR0012,Automotive,1,5.0,790.8499999999999,488.0499999999999,0.0
2026-05-20,STR0012,Health & Beauty,1,5.0,1870.6499999999999,1051.35,0.0
2026-05-20,STR0012,Office,1,3.0,160.02,22.379999999999995,0.0
2026-05-20,STR0013,Apparel,1,1.0,36.92,9.130000000000003,6.509999999999998
2026-05-20,STR0013,Electronics,1,1.0,401.71,86.35999999999996,0.0
2026-05-20,STR0013,Health & Beauty,1,1.0,281.87,42.03999999999999,0.0
2026-05-20,STR0013,Home,1,3.0,188.04,91.25999999999999,0.0
2026-05-20,STR0013,Office,1,1.0,478.81,59.75999999999999,53.19999999999999
2026-05-20,STR0013,Sports,1,2.0,1094.6,209.9999999999999,0.0
2026-05-20,STR0014,Apparel,1,5.0,2433.3,808.5500000000002,0.0
2026-05-20,STR0016,Electronics,1,1.0,65.27,28.659999999999997,17.570000000000007
2026-05-20,STR0016,Health & Beauty,2,6.0,2458.5,1238.06,18.700000000000003
2026-05-20,STR0016,Home,1,4.0,139.6,28.28,34.920000000000016
2026-05-20,STR0016,Office,2,5.0,1637.81,719.97,17.210000000000008
2026-05-20,STR0017,Apparel,1,4.0,2856.36,1572.0800000000002,0.0
2026-05-20,STR0017,Automotive,1,3.0,1555.98,582.6600000000001,0.0
2026-05-20,STR0017,Grocery,1,10.0,5203.8,2315.7,637.6999999999998
2026-05-20,STR0017,Health & Beauty,1,3.0,221.77,78.37000000000003,25.199999999999974
2026-05-20,STR0017,Home,1,4.0,1658.1000000000001,855.1200000000001,180.78000000000006
2026-05-20,STR0017,Sports,1,3.0,748.29,326.85,0.0
2026-05-20,STR0018,Home,1,4.0,1646.48,595.48,0.0
2026-05-20,STR0018,Office,1,3.0,188.97,25.839999999999996,17.760000000000005
2026-05-20,STR0019,Health & Beauty,1,1.0,376.92,79.12,0.0
2026-05-20,STR0019,Office,2,8.0,3883.95,2025.4999999999998,62.88000000000011
2026-05-20,STR0020,Electronics,1,12.0,2728.56,967.44,186.60000000000002
2026-05-20,STR0021,Automotive,1,3.0,1540.38,770.8500000000001,0.0
2026-05-20,STR0021,Sports,1,5.0,1211.1,428.14999999999986,214.59999999999994
2026-05-20,STR0022,Automotive,2,3.0,1677.8000000000002,902.7900000000002,3.260000000000005
2026-05-20,STR0022,Home,1,1.0,41.45,13.620000000000005,2.1799999999999997
2026-05-20,STR0022,Office,1,4.0,2210.96,587.72,0.0
2026-05-20,STR0023,Home,1,4.0,3205.64,1850.6399999999999,168.72000000000025
2026-05-20,STR0024,Apparel,1,3.0,262.65999999999997,80.61999999999998,47.219999999999985
2026-05-20,STR0024,Electronics,2,4.0,1802.74,600.73,26.29000000000002
2026-05-20,STR0024,Grocery,1,4.0,352.04,72.76000000000005,0.0
2026-05-20,STR0024,Health & Beauty,1,1.0,650.1,299.40000000000003,72.23000000000002
2026-05-20,STR0024,Office,2,5.0,3260.18,1618.78,275.12
2026-05-21,STR0001,Apparel,1,2.0,250.7,36.119999999999976,28.400000000000034
2026-05-21,STR0001,Automotive,1,1.0,680.88,342.75,121.03999999999996
2026-05-21,STR0001,Health & Beauty,1,2.0,416.8,192.38000000000002,0.0
2026-05-21,STR0001,Home,1,2.0,872.0,429.48,218.0
2026-05-21,STR0001,Office,1,3.0,2879.7,1639.3799999999999,0.0
2026-05-21,STR0001,Sports,1,5.0,2828.35,690.1999999999998,0.0
2026-05-21,STR0002,Automotive,1,2.0,848.96,250.74,94.31999999999994
2026-05-21,STR0002,Office,1,1.0,514.93,257.18999999999994,57.210000000000036
2026-05-21,STR0005,Apparel,2,6.0,1759.19,877.21,83.57999999999996
2026-05-21,STR0005,Automotive,1,1.0,395.66,36.02000000000004,0.0
2026-05-21,STR0005,Grocery,1,1.0,676.1,357.03000000000003,119.30999999999995
2026-05-21,STR0005,Home,1,2.0,1090.0,647.48,0.0
2026-05-21,STR0005,Office,1,3.0,1726.6000000000001,782.5900000000001,432.89999999999986
2026-05-21,STR0006,Grocery,1,2.0,622.68,-26.379999999999995,109.88
2026-05-21,STR0006,Health & Beauty,1,2.0,375.82,201.62,41.75999999999999
2026-05-21,STR0006,Office,1,4.0,516.6,254.0,0.0
2026-05-21,STR0006,Sports,1,1.0,314.93,19.00999999999999,79.98000000000002
2026-05-21,STR0007,Automotive,1,5.0,4119.55,2291.6500000000005,457.75000000000034
2026-05-21,STR0008,Automotive,1,5.0,431.09000000000003,130.11,43.33000000000001
2026-05-21,STR0008,Health & Beauty,1,2.0,1133.96,435.6,200.1199999999999
2026-05-21,STR0008,Home,1,1.0,640.94,403.0200000000001,0.0
2026-05-21,STR0008,Office,1,4.0,2645.66,1285.9299999999998,324.69000000000005
2026-05-21,STR0009,Apparel,2,8.0,4241.59,2219.76,0.0
2026-05-21,STR0009,Automotive,1,4.0,551.8,323.8399999999999,0.0
2026-05-21,STR0009,Grocery,1,1.0,416.45,48.75999999999999,0.0
2026-05-21,STR0009,Office,1,6.0,854.3,469.88,8.840000000000003
2026-05-21,STR0012,Automotive,1,1.0,137.95,80.95999999999998,0.0
2026-05-21,STR0012,Office,1,3.0,998.98,361.29999999999995,111.20999999999998
2026-05-21,STR0013,Automotive,1,1.0,6.64,-0.7200000000000006,1.660000000000001
2026-05-21,STR0014,Apparel,1,4.0,172.0,84.76,0.0
2026-05-21,STR0014,Home,1,3.0,1674.3500000000001,903.44,0.0
2026-05-21,STR0016,Home,1,2.0,1100.64,310.10000000000014,0.0
2026-05-21,STR0016,Office,1,5.0,3060.65,1529.6000000000001,0.0
2026-05-21,STR0017,Apparel,3,9.0,5632.5599999999995,3344.2,68.16
2026-05-21,STR0017,Health & Beauty,1,1.0,294.46,146.29999999999998,0.0
2026-05-21,STR0017,Home,2,9.0,3620.1,1849.1999999999998,272.5
2026-05-21,STR0017,Office,2,3.0,2185.38,1087.99,141.79999999999995
2026-05-21,STR0023,Sports,1,1.0,892.35,511.82000000000005,0.0
2026-05-22,STR0002,Apparel,1,2.0,348.94,191.9,62.45999999999998
2026-05-22,STR0002,Automotive,1,1.0,166.72,51.629999999999995,19.080000000000013
2026-05-22,STR0002,Electronics,1,1.0,525.74,190.37,0.0
2026-05-22,STR0002,Home,1,3.0,1072.99,485.67999999999995,189.72000000000003
2026-05-22,STR0002,Sports,1,1.0,571.77,181.82,101.77999999999997
2026-05-22,STR0004,Electronics,2,4.0,1917.17,448.7100000000001,163.9799999999998
2026-05-22,STR0004,Home,1,1.0,1051.77,605.9300000000001,0.0
2026-05-22,STR0004,Office,1,6.0,1984.52,573.1000000000001,36.0
2026-05-22,STR0006,Automotive,1,1.0,112.99,32.72999999999999,20.12000000000002
2026-05-22,STR0006,Office,1,2.0,1101.84,489.41999999999996,122.42000000000007
2026-05-22,STR0006,Sports,1,5.0,230.87,99.71999999999998,0.0
2026-05-22,STR0008,Apparel,1,1.0,563.66,260.40999999999997,0.0
2026-05-22,STR0008,Office,1,2.0,94.68,-11.439999999999998,23.679999999999993
2026-05-22,STR0009,Grocery,1,1.0,11.57,1.5199999999999996,0.0
2026-05-22,STR0009,Sports,1,2.0,708.4,-5.279999999999973,125.01999999999998
2026-05-22,STR0010,Apparel,1,5.0,2529.42,1213.15,601.9599999999996
2026-05-22,STR0010,Automotive,1,4.0,247.68,107.24000000000001,13.04000000000002
2026-05-22,STR0010,Electronics,2,5.0,566.38,27.730000000000004,137.33999999999997
2026-05-22,STR0010,Health & Beauty,2,4.0,1611.5400000000002,888.3800000000001,1.08
2026-05-22,STR0010,Home,4,12.0,5838.9800000000005,2959.04,290.4799999999998
2026-05-22,STR0010,Office,2,6.0,5239.05,3085.6600000000003,0.0
2026-05-22,STR0010,Sports,2,6.0,1556.9399999999998,242.66999999999987,162.95000000000016
2026-05-22,STR0011,Electronics,1,5.0,1533.1,787.0999999999999,170.90000000000003
2026-05-22,STR0011,Health & Beauty,1,3.0,149.54,-232.72000000000003,24.140000000000015
2026-05-22,STR0011,Home,1,4.0,2441.69,1399.21,81.75
2026-05-22,STR0011,Sports,1,1.0,434.36,105.25999999999999,0.0
2026-05-22,STR0013,Apparel,1,3.0,1645.9499999999998,747.4799999999998,0.0
2026-05-22,STR0013,Sports,1,4.0,1984.0,868.26,70.53999999999996
2026-05-22,STR0014,Automotive,1,2.0,335.46,36.339999999999975,0.0
2026-05-22,STR0014,Grocery,1,5.0,4707.65,2658.75,0.0
2026-05-22,STR0015,Automotive,1,2.0,484.16,231.50000000000003,122.30000000000001
2026-05-22,STR0015,Health & Beauty,1,1.0,239.59,-0.2400000000000091,42.28
2026-05-22,STR0017,Electronics,1,1.0,309.24,13.819999999999993,16.279999999999973
2026-05-22,STR0017,Health & Beauty,1,4.0,519.4,316.96,0.0
2026-05-22,STR0017,Home,1,4.0,194.24,47.20000000000002,0.0
2026-05-22,STR0018,Home,1,1.0,216.22,66.31,54.54999999999998
2026-05-22,STR0019,Grocery,1,1.0,358.63,162.32999999999998,0.0
2026-05-22,STR0019,Office,1,1.0,172.1,104.5,0.0
2026-05-22,STR0019,Sports,1,3.0,1463.1100000000001,545.8,78.03999999999996
2026-05-22,STR0021,Apparel,1,1.0,833.85,522.37,0.0
2026-05-22,STR0021,Automotive,1,1.0,131.05,74.06,6.899999999999977
2026-05-22,STR0021,Home,2,2.0,495.42999999999995,204.50999999999996,30.830000000000013
2026-05-22,STR0021,Office,1,5.0,4760.0,2783.75,250.55000000000007
2026-05-22,STR0021,Sports,1,1.0,284.27,42.50999999999999,31.58000000000004
2026-05-22,STR0023,Automotive,1,3.0,1313.33,117.5,69.18
2026-05-22,STR0023,Grocery,1,5.0,939.9499999999999,570.15,49.60000000000008
2026-05-22,STR0023,Health & Beauty,1,1.0,512.73,126.53000000000003,57.18999999999994
2026-05-22,STR0023,Home,1,5.0,1939.46,1129.6499999999999,8.099999999999994
2026-05-22,STR0024,Home,1,1.0,368.09,157.90999999999997,0.0
2026-05-22,STR0024,Office,1,1.0,365.73,153.17000000000002,0.0
2026-05-22,STR0025,Automotive,1,2.0,612.0,125.89999999999998,153.24
2026-05-22,STR0025,Health & Beauty,2,2.0,336.84000000000003,111.57,34.389999999999986
2026-05-22,STR0025,Home,1,5.0,1387.45,556.7,73.29999999999984
2026-05-22,STR0025,Sports,2,7.0,849.83,272.34000000000003,122.55
2026-05-23,STR0001,Electronics,1,1.0,631.21,279.71000000000004,0.0
2026-05-23,STR0001,Grocery,1,1.0,942.53,532.75,0.0
2026-05-23,STR0001,Health & Beauty,1,2.0,747.66,419.93999999999994,0.0
2026-05-23,STR0001,Home,1,2.0,885.88,363.55999999999995,46.67999999999995
2026-05-23,STR0001,Sports,1,1.0,564.87,137.24,0.0
2026-05-23,STR0003,Grocery,1,3.0,2105.14,1212.62,0.0
2026-05-23,STR0003,Health & Beauty,1,1.0,895.36,501.67,0.0
2026-05-23,STR0004,Apparel,1,3.0,1151.58,428.8799999999999,60.599999999999966
2026-05-23,STR0004,Automotive,1,4.0,3380.96,1691.92,845.2399999999998
2026-05-23,STR0004,Health & Beauty,1,1.0,306.92,306.92,16.41999999999996
2026-05-23,STR0005,Health & Beauty,1,1.0,510.89,115.18,0.0
2026-05-23,STR0005,Office,1,5.0,3837.6,1770.4,959.9000000000001
2026-05-23,STR0007,Health & Beauty,1,2.0,112.54,45.120000000000005,0.0
2026-05-23,STR0007,Sports,1,1.0,894.98,488.1,47.10000000000002
2026-05-23,STR0009,Electronics,1,1.0,553.51,317.1,0.0
2026-05-23,STR0009,Office,1,2.0,1082.48,673.9200000000001,0.0
2026-05-23,STR0009,Sports,1,3.0,1321.6299999999999,661.06,147.39
2026-05-23,STR0011,Grocery,1,1.0,196.94,89.22,21.879999999999995
2026-05-23,STR0011,Home,1,2.0,801.5,460.28,89.27999999999997
2026-05-23,STR0012,Apparel,1,2.0,1818.68,1118.46,0.0
2026-05-23,STR0012,Automotive,1,3.0,478.05,228.99,34.31
2026-05-23,STR0012,Home,1,4.0,512.48,122.72000000000003,0.0
2026-05-23,STR0012,Sports,1,2.0,404.44,8.45999999999998,101.62
2026-05-23,STR0013,Automotive,1,3.0,436.29,65.69999999999999,0.0
2026-05-23,STR0013,Electronics,1,2.0,695.08,117.32000000000005,173.77999999999997
2026-05-23,STR0013,Health & Beauty,1,4.0,618.08,320.32000000000005,32.51999999999998
2026-05-23,STR0013,Home,1,3.0,759.5699999999999,274.46999999999997,149.75999999999993
2026-05-23,STR0020,Apparel,2,6.0,1560.8600000000001,782.96,363.94000000000005
2026-05-23,STR0020,Home,1,1.0,321.76,165.17999999999998,0.0
2026-05-23,STR0020,Office,1,6.0,5258.01,2906.3,277.28999999999996
2026-05-23,STR0021,Office,1,1.0,59.18,6.119999999999997,0.0
2026-05-23,STR0024,Automotive,1,1.0,488.3,190.72000000000003,0.0
2026-05-23,STR0024,Home,1,5.0,4212.95,2519.2,0.0
2026-05-23,STR0024,Office,1,1.0,645.47,366.51000000000005,71.72000000000003
2026-05-23,STR0024,Sports,1,2.0,1650.48,996.16,86.92000000000007
2026-05-24,STR0001,Apparel,1,5.0,1213.8,526.0,63.94999999999996
2026-05-24,STR0001,Sports,1,2.0,833.42,119.74000000000001,0.0
2026-05-24,STR0002,Automotive,2,4.0,1116.72,564.72,21.019999999999982
2026-05-24,STR0002,Electronics,1,5.0,528.9,112.69999999999999,132.2
2026-05-24,STR0002,Grocery,1,3.0,480.73,212.98000000000002,25.56000000000003
2026-05-24,STR0002,Home,2,2.0,1189.26,675.1800000000001,53.120000000000005
2026-05-24,STR0003,Automotive,1,10.0,2318.0,1038.5500000000002,193.8499999999999
2026-05-24,STR0003,Electronics,1,1.0,677.46,289.20000000000005,120.42999999999995
2026-05-24,STR0003,Grocery,1,1.0,9.57,-0.4800000000000004,0.0
2026-05-24,STR0003,Health & Beauty,1,1.0,198.35,111.25,10.439999999999998
2026-05-24,STR0004,Electronics,1,5.0,412.5,181.28,49.53
2026-05-24,STR0004,Grocery,1,2.0,1291.31,687.7399999999999,0.0
2026-05-24,STR0004,Health & Beauty,1,5.0,3707.8,2131.5,0.0
2026-05-24,STR0004,Sports,1,4.0,1249.4,573.5600000000001,65.75999999999999
2026-05-24,STR0005,Automotive,1,2.0,417.66,159.38000000000005,0.0
2026-05-24,STR0005,Electronics,1,4.0,1677.36,335.8799999999999,420.60000000000014
2026-05-24,STR0005,Home,1,1.0,447.05,44.639999999999986,23.529999999999973
2026-05-24,STR0005,Sports,1,4.0,1610.52,616.8,0.0
2026-05-24,STR0006,Electronics,1,5.0,1908.1,331.3499999999999,100.44999999999987
2026-05-24,STR0006,Health & Beauty,1,4.0,1502.68,311.48,0.0
2026-05-24,STR0007,Apparel,1,5.0,1277.0,750.35,67.19999999999985
2026-05-24,STR0007,Automotive,1,3.0,1050.15,40.38000000000011,116.66999999999996
2026-05-24,STR0007,Office,1,1.0,93.46,35.919999999999995,16.49000000000001
2026-05-24,STR0008,Automotive,1,4.0,1671.16,196.16000000000008,88.0
2026-05-24,STR0008,Electronics,1,2.0,247.91,62.3,17.47
2026-05-24,STR0008,Office,1,1.0,654.54,229.71999999999997,73.28000000000009
2026-05-24,STR0009,Automotive,1,3.0,167.22,58.14,8.79
2026-05-24,STR0009,Health & Beauty,1,3.0,895.18,399.84999999999997,0.0
2026-05-24,STR0009,Home,1,2.0,369.9,101.21999999999997,41.10000000000002
2026-05-24,STR0009,Office,1,5.0,266.70000000000005,37.30000000000004,0.0
2026-05-24,STR0010,Apparel,1,1.0,260.74,75.42000000000002,65.18
2026-05-24,STR0010,Automotive,1,1.0,915.46,549.8800000000001,0.0
2026-05-24,STR0010,Electronics,3,8.0,2791.8899999999994,805.5099999999998,0.0
2026-05-24,STR0010,Grocery,2,4.0,473.52,166.12,24.920000000000016
2026-05-24,STR0010,Office,2,3.0,1874.07,916.4699999999999,236.79999999999995
2026-05-24,STR0010,Sports,1,5.0,1975.5,963.05,494.09999999999997
2026-05-24,STR0011,Apparel,1,3.0,1946.67,1028.13,0.0
2026-05-24,STR0011,Electronics,1,2.0,866.28,245.12,0.0
2026-05-24,STR0011,Sports,1,1.0,122.87,65.59,0.0
2026-05-24,STR0012,Apparel,1,1.0,746.0,366.72,132.52999999999997
2026-05-24,STR0012,Home,1,2.0,836.44,157.7800000000001,0.0
2026-05-24,STR0012,Sports,1,1.0,86.34,27.860000000000007,4.810000000000002
2026-05-24,STR0013,Automotive,1,1.0,132.78,72.22,23.789999999999992
2026-05-24,STR0013,Grocery,1,4.0,3228.16,1651.6399999999999,0.0
2026-05-24,STR0015,Apparel,1,4.0,2858.36,1574.0800000000002,0.0
2026-05-24,STR0015,Electronics,1,1.0,419.24,211.93,0.0
2026-05-24,STR0015,Health & Beauty,1,2.0,651.68,651.68,0.0
2026-05-24,STR0015,Home,1,2.0,1342.4,658.8000000000001,149.15999999999985
2026-05-24,STR0015,Office,1,5.0,4316.1,2074.3500000000004,227.14999999999975
2026-05-24,STR0015,Sports,1,2.0,1357.1,577.1999999999999,0.0
2026-05-24,STR0018,Automotive,1,1.0,694.49,301.5,0.0
2026-05-24,STR0018,Grocery,1,7.0,550.1899999999999,119.39999999999999,124.60000000000001
2026-05-24,STR0018,Home,1,1.0,214.29,70.69,0.0
2026-05-24,STR0018,Sports,1,1.0,181.23,43.349999999999994,0.0
2026-05-24,STR0019,Electronics,1,3.0,1303.29,436.65,0.0
2026-05-24,STR0019,Health & Beauty,1,1.0,333.68,22.400000000000034,17.819999999999993
2026-05-24,STR0019,Sports,1,4.0,624.4,236.59999999999997,0.0
2026-05-24,STR0021,Apparel,1,3.0,1364.9,634.44,0.0
2026-05-24,STR0021,Electronics,1,1.0,88.35,44.48,0.0
2026-05-24,STR0021,Health & Beauty,1,1.0,190.58,33.640000000000015,33.629999999999995
2026-05-24,STR0021,Home,1,2.0,1037.44,449.30000000000007,115.81999999999994
2026-05-24,STR0021,Office,1,5.0,514.5999999999999,186.3499999999999,129.15000000000006
2026-05-24,STR0022,Apparel,2,7.0,1410.5600000000002,491.36000000000007,56.80000000000007
2026-05-24,STR0022,Home,1,4.0,3374.36,2019.3600000000001,0.0
2026-05-24,STR0023,Electronics,1,4.0,1909.84,1157.7199999999998,0.0
2026-05-24,STR0023,Home,1,5.0,277.04999999999995,115.74999999999997,31.350000000000016
2026-05-24,STR0023,Sports,1,5.0,233.5,98.69999999999999,0.0
2026-05-24,STR0024,Apparel,1,3.0,1602.0,345.75,84.30000000000007
2026-05-24,STR0024,Automotive,1,5.0,520.3499999999999,171.0499999999999,0.0
2026-05-24,STR0024,Electronics,1,5.0,196.6,101.35,10.350000000000001
2026-05-25,STR0002,Automotive,1,1.0,325.65,82.59999999999997,57.47000000000003
2026-05-25,STR0002,Electronics,1,3.0,2207.41,1122.6699999999998,245.81999999999982
2026-05-25,STR0002,Grocery,1,1.0,26.04,7.739999999999998,2.8900000000000006
2026-05-25,STR0002,Health & Beauty,2,4.0,952.58,194.74000000000007,87.74000000000001
2026-05-25,STR0002,Home,1,4.0,1399.85,612.73,32.18000000000001
2026-05-25,STR0004,Health & Beauty,1,2.0,135.62,68.2,24.28
2026-05-25,STR0004,Home,1,1.0,292.4,151.17,0.0
2026-05-25,STR0004,Office,1,1.0,110.26,37.67,0.0
2026-05-25,STR0005,Automotive,1,1.0,597.37,226.12,0.0
2026-05-25,STR0005,Office,1,3.0,1495.77,278.3399999999999,166.2000000000001
2026-05-25,STR0006,Automotive,1,1.0,311.15,-25.439999999999998,77.79000000000002
2026-05-25,STR0006,Home,1,10.0,5099.02,1506.72,757.8400000000004
2026-05-25,STR0006,Sports,1,1.0,236.34,136.5,0.0
2026-05-25,STR0007,Apparel,1,4.0,949.1,305.86,174.88
2026-05-25,STR0007,Electronics,1,4.0,326.84,44.639999999999986,58.04000000000002
2026-05-25,STR0007,Grocery,1,2.0,312.36,193.70000000000002,0.0
2026-05-25,STR0007,Office,1,2.0,445.98,122.98000000000002,0.0
2026-05-25,STR0007,Sports,3,7.0,2963.66,1182.45,2.1099999999999994
2026-05-25,STR0009,Apparel,1,3.0,1640.9499999999998,742.4799999999998,0.0
2026-05-25,STR0009,Automotive,1,4.0,1346.36,631.8799999999999,70.96000000000004
2026-05-25,STR0009,Office,1,2.0,1127.36,285.79999999999995,59.38000000000011
2026-05-25,STR0009,Sports,1,1.0,84.54,26.06000000000001,9.61
2026-05-25,STR0010,Office,1,5.0,230.65,138.55,0.0
2026-05-25,STR0011,Automotive,1,1.0,497.75,73.33999999999997,55.860000000000014
2026-05-25,STR0011,Electronics,1,5.0,247.45000000000002,140.35000000000002,28.049999999999997
2026-05-25,STR0011,Grocery,2,5.0,2731.6400000000003,1205.94,131.33000000000015
2026-05-25,STR0011,Home,1,10.0,4259.35,1822.63,869.85
2026-05-25,STR0011,Office,2,2.0,308.03,49.70999999999998,64.30000000000004
2026-05-25,STR0014,Home,1,1.0,287.14,44.52999999999997,71.79000000000002
2026-05-25,STR0016,Apparel,1,3.0,624.55,192.08999999999997,32.87000000000003
2026-05-25,STR0016,Home,1,1.0,23.8,1.0100000000000016,6.199999999999999
2026-05-25,STR0017,Apparel,2,5.0,1694.01,653.9499999999999,68.81
2026-05-25,STR0017,Automotive,1,3.0,893.28,435.48,223.32
2026-05-25,STR0017,Grocery,1,2.0,1199.24,621.98,0.0
2026-05-25,STR0017,Home,1,1.0,392.31,52.98000000000002,20.910000000000025
2026-05-25,STR0017,Office,1,2.0,938.06,109.93999999999994,0.0
2026-05-25,STR0020,Home,1,2.0,791.52,269.19999999999993,140.03999999999996
2026-05-25,STR0020,Office,1,1.0,109.95,52.410000000000004,0.0
2026-05-25,STR0021,Apparel,1,3.0,865.3199999999999,229.83999999999997,146.93000000000006
2026-05-25,STR0021,Office,1,1.0,168.24,55.74000000000001,8.859999999999985
2026-05-25,STR0021,Sports,1,2.0,117.5,44.84,0.0
2026-05-25,STR0022,Apparel,1,1.0,200.17,102.44999999999999,0.0
2026-05-25,STR0022,Automotive,1,2.0,704.06,-33.440000000000055,176.0200000000001
2026-05-25,STR0022,Health & Beauty,1,7.0,1522.19,375.49,69.48000000000008
2026-05-25,STR0022,Sports,1,1.0,94.59,21.77000000000001,0.0
2026-05-25,STR0024,Health & Beauty,1,3.0,886.53,886.53,98.48999999999995
2026-05-25,STR0025,Apparel,1,5.0,3243.85,1925.1999999999998,170.7499999999999
2026-05-25,STR0025,Automotive,1,2.0,915.26,444.18,161.51999999999998
2026-05-25,STR0025,Electronics,1,1.0,531.2,531.2,0.0
2026-05-25,STR0025,Sports,2,6.0,2612.54,816.1999999999998,87.08000000000015
2026-05-26,STR0001,Health & Beauty,1,1.0,360.01,55.860000000000014,40.110000000000014
2026-05-26,STR0002,Health & Beauty,1,4.0,2198.76,750.7600000000002,0.0
2026-05-26,STR0002,Sports,1,4.0,1839.42,343.43999999999994,289.0200000000001
2026-05-26,STR0003,Apparel,1,1.0,64.86,28.549999999999997,0.0
2026-05-26,STR0003,Electronics,1,2.0,998.9,328.15999999999997,52.58000000000004
2026-05-26,STR0003,Health & Beauty,1,1.0,265.58,148.35999999999999,29.50999999999999
2026-05-26,STR0003,Home,1,1.0,466.44,133.01,24.660000000000025
2026-05-26,STR0005,Grocery,1,2.0,51.74,5.200000000000003,0.0
2026-05-26,STR0006,Apparel,1,5.0,4540.4,2356.6499999999996,1135.5999999999995
2026-05-26,STR0006,Health & Beauty,1,3.0,1010.6999999999999,519.1199999999999,112.29000000000002
2026-05-26,STR0006,Sports,1,4.0,1448.48,454.76,161.03999999999996
2026-05-26,STR0007,Office,1,2.0,96.34,4.579999999999998,5.340000000000003
2026-05-26,STR0008,Apparel,1,1.0,244.44,136.98000000000002,0.0
2026-05-26,STR0008,Electronics,2,8.0,2951.6400000000003,1092.28,185.81999999999982
2026-05-26,STR0008,Health & Beauty,1,1.0,110.08,-1.3599999999999994,28.769999999999996
2026-05-26,STR0008,Home,1,4.0,1558.12,724.3599999999999,0.0
2026-05-26,STR0008,Office,1,1.0,249.25,148.3,13.170000000000016
2026-05-26,STR0008,Sports,1,1.0,293.76,71.28999999999999,0.0
2026-05-26,STR0010,Automotive,1,1.0,121.73,55.63000000000001,0.0
2026-05-26,STR0010,Electronics,1,5.0,1885.75,842.6999999999998,333.15
2026-05-26,STR0010,Office,1,2.0,101.34,9.579999999999998,5.340000000000003
2026-05-26,STR0011,Electronics,1,1.0,93.35,49.48,0.0
2026-05-26,STR0011,Home,1,1.0,351.08,84.45999999999998,39.120000000000005
2026-05-26,STR0013,Automotive,2,2.0,309.91,123.93,53.21999999999997
2026-05-26,STR0013,Electronics,1,2.0,1279.62,503.0999999999999,321.1600000000001
2026-05-26,STR0013,Home,1,2.0,835.5,181.88,92.84000000000003
2026-05-26,STR0016,Electronics,1,4.0,933.08,270.80000000000007,0.0
2026-05-26,STR0017,Apparel,1,5.0,3057.7,1137.8999999999999,0.0
2026-05-26,STR0017,Automotive,2,9.0,6225.1,3111.29,1334.19
2026-05-26,STR0017,Health & Beauty,1,2.0,1024.78,233.36,0.0
2026-05-26,STR0017,Sports,1,2.0,425.64,63.10999999999997,49.86000000000002
2026-05-26,STR0019,Apparel,1,2.0,867.3,394.61999999999995,153.06000000000006
2026-05-26,STR0019,Health & Beauty,1,2.0,7.98,0.6400000000000006,1.4399999999999995
2026-05-26,STR0020,Apparel,1,4.0,404.84,41.799999999999955,101.48000000000002
2026-05-26,STR0020,Electronics,1,4.0,706.84,62.360000000000014,176.7199999999999
2026-05-26,STR0020,Office,1,1.0,829.0,459.26,146.29999999999995
2026-05-26,STR0023,Automotive,1,1.0,337.09,158.46999999999997,17.74000000000001
2026-05-26,STR0023,Electronics,1,3.0,1829.13,850.2900000000002,0.0
2026-05-26,STR0023,Health & Beauty,1,2.0,1411.26,608.9,0.0
2026-05-26,STR0023,Home,1,5.0,1777.45,80.80000000000018,313.6500000000001
2026-05-26,STR0023,Office,1,1.0,111.26,38.67,0.0
2026-05-26,STR0024,Apparel,1,7.0,3097.3,682.8199999999999,513.1499999999999
2026-05-26,STR0024,Electronics,1,1.0,87.19,15.289999999999992,0.0
2026-05-26,STR0024,Grocery,2,9.0,1119.49,326.84000000000003,36.96000000000001
2026-05-26,STR0024,Health & Beauty,1,2.0,1611.56,806.46,0.0
2026-05-26,STR0024,Office,1,2.0,1433.38,875.4600000000002,0.0
2026-05-26,STR0025,Apparel,2,5.0,947.47,490.51000000000005,44.17999999999995
2026-05-26,STR0025,Electronics,1,5.0,994.0,188.39999999999998,110.44999999999987
2026-05-26,STR0025,Office,1,1.0,225.6,61.389999999999986,25.069999999999993
2026-05-26,STR_UNKNOWN,Office,1,4.0,4006.44,2425.44,0.0
2026-05-27,STR0001,Automotive,1,8.0,2327.42,-37.05000000000001,377.78
2026-05-27,STR0001,Office,1,2.0,938.06,109.93999999999994,0.0
2026-05-27,STR0002,Apparel,2,6.0,3871.68,2065.77,522.22
2026-05-27,STR0002,Home,1,3.0,1451.22,279.3599999999999,362.8199999999998
2026-05-27,STR0002,Sports,1,4.0,1578.06,633.9200000000001,0.0
2026-05-27,STR0004,Electronics,1,1.0,423.85,109.04000000000002,0.0
2026-05-27,STR0004,Home,1,3.0,1262.25,651.5999999999999,0.0
2026-05-27,STR0004,Sports,1,5.0,547.9,261.5,61.45000000000003
2026-05-27,STR0005,Automotive,1,2.0,611.46,358.80000000000007,0.0
2026-05-27,STR0005,Health & Beauty,2,2.0,362.87,184.61,44.25999999999996
2026-05-27,STR0005,Home,1,5.0,2078.65,514.3499999999999,0.0
2026-05-27,STR0005,Office,1,1.0,172.1,104.5,0.0
2026-05-27,STR0006,Apparel,1,2.0,1168.0,555.64,129.77999999999997
2026-05-27,STR0006,Automotive,1,1.0,411.14,127.03999999999996,0.0
2026-05-27,STR0006,Electronics,1,1.0,819.41,457.83,0.0
2026-05-27,STR0006,Grocery,1,4.0,1018.36,431.44000000000005,0.0
2026-05-27,STR0006,Sports,1,5.0,1280.74,346.35999999999996,11.86
2026-05-27,STR0008,Automotive,1,3.0,986.77,449.86,174.48000000000008
2026-05-27,STR0008,Health & Beauty,1,2.0,813.4200000000001,227.22000000000003,20.060000000000002
2026-05-27,STR0009,Electronics,1,4.0,1687.88,853.44,88.83999999999992
2026-05-27,STR0012,Apparel,1,1.0,104.96,44.279999999999994,0.0
2026-05-27,STR0012,Automotive,1,3.0,2383.19,1228.67,125.48999999999978
2026-05-27,STR0012,Grocery,1,1.0,1180.75,743.1800000000001,0.0
2026-05-27,STR0014,Apparel,2,5.0,1186.83,326.46000000000004,225.25
2026-05-27,STR0014,Automotive,1,1.0,490.09,173.21999999999997,0.0
2026-05-27,STR0014,Home,2,3.0,884.89,317.83,83.63
2026-05-27,STR0015,Apparel,1,2.0,1212.8,570.66,214.3800000000001
2026-05-27,STR0015,Electronics,1,1.0,797.89,409.63,0.0
2026-05-27,STR0015,Grocery,1,3.0,723.42,326.37,0.0
2026-05-27,STR0015,Health & Beauty,1,1.0,231.61,58.630000000000024,0.0
2026-05-27,STR0016,Automotive,1,3.0,1071.6200000000001,368.3900000000001,119.18999999999988
2026-05-27,STR0016,Electronics,1,9.0,2818.75,796.6999999999999,431.3000000000002
2026-05-27,STR0017,Apparel,1,1.0,838.35,459.07000000000005,44.17999999999995
2026-05-27,STR0017,Electronics,1,2.0,419.7,97.45999999999998,22.079999999999984
2026-05-27,STR0017,Health & Beauty,1,1.0,25.89,6.330000000000002,0.0
2026-05-27,STR0017,Sports,1,4.0,1525.28,892.0799999999999,80.27999999999997
2026-05-27,STR0019,Health & Beauty,1,6.0,3712.89,1412.4899999999998,108.36000000000001
2026-05-27,STR0019,Sports,1,1.0,375.04,18.200000000000045,41.66999999999996
2026-05-27,STR0020,Electronics,1,1.0,377.52,136.11999999999998,0.0
2026-05-27,STR0020,Grocery,1,1.0,244.82,106.44,0.0
2026-05-27,STR0020,Health & Beauty,1,3.0,848.1999999999999,127.69000000000001,160.44000000000005
2026-05-27,STR0020,Office,1,3.0,2151.73,962.5900000000001,0.0
2026-05-27,STR0020,Sports,1,5.0,313.6,25.649999999999977,55.35000000000004
2026-05-27,STR0021,Apparel,1,4.0,1873.32,1049.02,31.760000000000005
2026-05-27,STR0021,Electronics,1,1.0,2.12,-0.06999999999999984,0.0
2026-05-27,STR0021,Home,1,5.0,1365.5,582.5999999999999,241.29999999999995
2026-05-27,STR0022,Grocery,2,4.0,2005.8,1069.72,170.05999999999995
2026-05-27,STR0022,Health & Beauty,2,4.0,2177.63,1168.3400000000001,379.37999999999977
2026-05-27,STR0022,Sports,3,5.0,2221.88,939.81,407.6
2026-05-27,STR0023,Apparel,2,5.0,1010.8800000000001,344.20000000000005,0.0
2026-05-27,STR0023,Grocery,1,3.0,599.58,184.44000000000005,149.87999999999994
2026-05-27,STR0023,Home,1,1.0,151.98,89.69,8.0
2026-05-27,STR0024,Apparel,1,3.0,1316.76,418.28999999999996,329.1899999999999
2026-05-27,STR0024,Automotive,1,1.0,709.08,324.24000000000007,125.4799999999999
2026-05-27,STR0025,Automotive,1,3.0,401.33000000000004,160.55,0.0
2026-05-27,STR0025,Sports,1,2.0,429.86,33.879999999999995,76.19999999999999
2026-05-28,STR0002,Apparel,1,1.0,236.78,129.71,41.78999999999999
2026-05-28,STR0002,Automotive,1,1.0,124.15,67.16,13.799999999999983
2026-05-28,STR0003,Automotive,1,3.0,349.77,151.47,18.42
2026-05-28,STR0003,Grocery,1,1.0,483.36,88.21000000000004,0.0
2026-05-28,STR0003,Health & Beauty,1,2.0,114.88,-139.96,21.140000000000015
2026-05-28,STR0003,Home,1,2.0,285.96,161.38,32.0
2026-05-28,STR0003,Sports,1,5.0,2399.95,261.7999999999997,424.4
2026-05-28,STR0004,Office,1,1.0,1001.11,605.86,0.0
2026-05-28,STR0006,Apparel,1,1.0,448.99,249.60000000000002,79.23000000000002
2026-05-28,STR0008,Apparel,2,5.0,659.92,336.30999999999995,83.60000000000002
2026-05-28,STR0008,Health & Beauty,1,5.0,2967.8500000000004,1391.5500000000004,741.9499999999999
2026-05-28,STR0008,Home,1,4.0,514.28,150.39999999999998,90.92000000000007
2026-05-28,STR0008,Office,1,1.0,417.37,208.19,0.0
2026-05-28,STR0011,Apparel,1,4.0,1460.64,-39.11999999999989,258.6399999999999
2026-05-28,STR0011,Home,1,1.0,680.03,232.64999999999998,76.11000000000001
2026-05-28,STR0012,Apparel,1,2.0,1316.26,496.02,232.27999999999997
2026-05-28,STR0012,Health & Beauty,1,1.0,895.36,501.67,0.0
2026-05-28,STR0014,Apparel,1,2.0,994.02,569.64,0.0
2026-05-28,STR0014,Automotive,1,1.0,386.75,207.78,0.0
2026-05-28,STR0014,Grocery,1,1.0,242.01,58.50999999999999,26.889999999999986
2026-05-28,STR0014,Health & Beauty,1,3.0,343.24,8.920000000000016,86.30999999999999
2026-05-28,STR0014,Office,1,1.0,610.13,303.92,0.0
2026-05-28,STR0014,Sports,2,3.0,1966.59,1062.3,48.25999999999999
2026-05-28,STR0015,Apparel,1,2.0,222.3,42.420000000000016,11.699999999999989
2026-05-28,STR0015,Electronics,1,1.0,186.62,21.05000000000001,46.650000000000006
2026-05-28,STR0015,Grocery,1,3.0,424.38,246.39,47.16
2026-05-28,STR0015,Health & Beauty,1,1.0,732.37,290.47,129.60000000000002
2026-05-28,STR0017,Health & Beauty,1,5.0,3332.42,1463.3000000000002,370.2799999999999
2026-05-28,STR0017,Sports,1,2.0,860.46,408.53000000000003,96.15999999999994
2026-05-28,STR0018,Office,1,5.0,560.3000000000001,197.35000000000002,0.0
2026-05-28,STR0019,Grocery,2,6.0,630.56,-1.5400000000000489,83.80000000000001
2026-05-28,STR0019,Health & Beauty,1,4.0,23.08,8.399999999999999,5.760000000000002
2026-05-28,STR0019,Home,1,1.0,463.3,169.23000000000002,115.82999999999998
2026-05-28,STR0019,Sports,1,2.0,639.1,353.16,71.24000000000001
2026-05-28,STR0022,Sports,1,6.0,3387.35,1482.9999999999998,379.26000000000045
2026-05-28,STR0023,Automotive,1,2.0,744.4,439.2,0.0
2026-05-28,STR0023,Grocery,1,1.0,104.92,28.070000000000007,18.689999999999998
2026-05-28,STR0023,Health & Beauty,1,1.0,114.08,2.6400000000000006,28.769999999999996
2026-05-28,STR0023,Home,1,5.0,3591.5499999999997,1853.5499999999997,399.0500000000003
2026-05-28,STR0023,Office,1,2.0,1384.04,681.26,244.42000000000007
2026-05-28,STR0024,Automotive,1,4.0,1727.8,273.1199999999999,304.9200000000001
2026-05-28,STR0024,Grocery,1,4.0,710.4,100.55999999999995,0.0
2026-05-28,STR0024,Health & Beauty,1,4.0,2446.08,1207.12,128.80000000000018
2026-05-28,STR0024,Office,2,8.0,4598.78,2220.73,48.77000000000004
2026-05-28,STR0024,Sports,1,1.0,683.34,236.98000000000002,0.0
2026-05-28,STR0025,Apparel,1,1.0,563.66,260.40999999999997,0.0
2026-05-28,STR0025,Automotive,1,2.0,943.28,345.05999999999995,0.0
2026-05-28,STR0025,Electronics,1,1.0,359.71,134.85999999999999,90.18
2026-05-28,STR0025,Health & Beauty,1,1.0,666.04,316.85999999999996,0.0
2026-05-28,STR0025,Home,1,3.0,410.77,27.639999999999986,0.0
2026-05-29,STR0001,Apparel,1,1.0,367.09,166.64999999999998,93.02000000000004
2026-05-29,STR0005,Automotive,1,1.0,908.42,552.25,47.81000000000006
2026-05-29,STR0005,Office,1,1.0,489.82,189.89999999999998,0.0
2026-05-29,STR0005,Sports,1,5.0,1971.5,959.05,494.09999999999997
2026-05-29,STR0006,Electronics,1,1.0,836.44,516.71,0.0
2026-05-29,STR0006,Grocery,1,2.0,1535.76,747.5,80.81999999999994
2026-05-29,STR0007,Apparel,2,3.0,1165.62,140.77999999999997,237.7700000000001
2026-05-29,STR0007,Home,2,8.0,5359.33,2697.53,302.0
2026-05-29,STR0007,Sports,1,2.0,797.82,205.98000000000002,0.0
2026-05-29,STR0008,Electronics,2,5.0,404.6,159.8,38.73
2026-05-29,STR0008,Grocery,1,1.0,937.53,527.75,0.0
2026-05-29,STR0008,Health & Beauty,1,5.0,2285.2000000000003,1296.6000000000004,120.24999999999977
2026-05-29,STR0008,Office,1,5.0,1445.25,460.54999999999995,0.0
2026-05-29,STR0010,Apparel,1,1.0,201.94,22.0,0.0
2026-05-29,STR0010,Automotive,1,5.0,613.65,283.15,0.0
2026-05-29,STR0010,Office,1,3.0,1379.15,766.3100000000001,243.57
2026-05-29,STR0010,Sports,1,1.0,302.3,0.6700000000000159,76.07999999999998
2026-05-29,STR0012,Automotive,1,8.0,3359.57,917.32,0.0
2026-05-29,STR0012,Home,1,1.0,463.25,241.99,81.75
2026-05-29,STR0012,Office,1,5.0,2244.62,1342.0600000000002,124.99999999999973
2026-05-29,STR0013,Apparel,1,1.0,505.18,268.84000000000003,0.0
2026-05-29,STR0013,Grocery,1,1.0,170.43,81.18,0.0
2026-05-29,STR0013,Home,1,1.0,39.27,11.440000000000005,4.359999999999999
2026-05-29,STR0013,Office,1,4.0,835.24,387.40000000000003,208.79999999999995
2026-05-29,STR0013,Sports,1,4.0,285.48,28.680000000000007,0.0
2026-05-29,STR0014,Apparel,1,1.0,224.59,52.93000000000001,0.0
2026-05-29,STR0014,Sports,1,1.0,44.37,17.409999999999997,2.3300000000000054
2026-05-29,STR0015,Apparel,1,3.0,2047.7599999999998,1256.5699999999997,0.0
2026-05-29,STR0015,Automotive,1,1.0,712.61,419.64,0.0
2026-05-29,STR0015,Grocery,1,2.0,984.76,165.22000000000003,0.0
2026-05-29,STR0015,Office,1,2.0,579.87,227.51999999999998,64.54000000000002
2026-05-29,STR0015,Sports,1,1.0,325.86,77.57000000000002,0.0
2026-05-29,STR0016,Office,1,6.0,1653.28,595.3599999999999,0.0
2026-05-29,STR0017,Automotive,1,1.0,62.26,13.030000000000001,3.3300000000000054
2026-05-29,STR0017,Electronics,2,9.0,3775.75,1532.2000000000003,296.1499999999998
2026-05-29,STR0017,Grocery,1,1.0,122.72,31.429999999999993,13.629999999999995
2026-05-29,STR0017,Health & Beauty,1,1.0,46.03,26.55,0.0
2026-05-29,STR0017,Home,1,4.0,1481.84,430.8399999999999,164.6400000000001
2026-05-29,STR0017,Office,1,3.0,1596.03,338.8799999999999,0.0
2026-05-29,STR0017,Sports,1,2.0,712.34,426.40000000000003,0.0
2026-05-29,STR0018,Apparel,1,4.0,3245.84,1619.44,0.0
2026-05-29,STR0018,Electronics,1,1.0,618.3,216.28999999999996,32.60000000000002
2026-05-29,STR0018,Health & Beauty,1,4.0,1944.52,399.72,343.15999999999985
2026-05-29,STR0018,Home,2,3.0,1585.9099999999999,823.25,0.0
2026-05-29,STR0018,Office,2,7.0,3755.52,2114.74,402.9899999999999
2026-05-29,STR0019,Apparel,1,7.0,2586.0,644.54,179.06000000000006
2026-05-29,STR0019,Automotive,1,1.0,388.07,-36.110000000000014,97.01999999999998
2026-05-29,STR0020,Health & Beauty,1,1.0,178.78,77.29,31.900000000000006
2026-05-29,STR0021,Apparel,1,5.0,2503.34,1105.9899999999998,219.48000000000002
2026-05-29,STR0021,Automotive,1,4.0,837.32,320.7600000000001,0.0
2026-05-29,STR0021,Grocery,1,2.0,1588.56,770.8599999999999,83.88000000000011
2026-05-29,STR0021,Health & Beauty,1,3.0,44.349999999999994,23.589999999999996,0.0
2026-05-29,STR0021,Home,1,1.0,29.45,6.66,1.5500000000000007
2026-05-29,STR0021,Office,3,5.0,1543.26,738.8,54.120000000000005
2026-05-29,STR0022,Apparel,1,2.0,454.48,201.96,0.0
2026-05-29,STR0022,Electronics,1,1.0,41.27,0.45000000000000284,10.82
2026-05-29,STR0022,Grocery,1,1.0,862.52,490.01,95.84000000000003
2026-05-29,STR0022,Home,1,3.0,1724.1999999999998,484.8399999999999,240.76000000000005
2026-05-30,STR0001,Health & Beauty,1,3.0,1440.79,580.1699999999998,361.4400000000001
2026-05-30,STR0002,Apparel,1,5.0,2207.25,1205.05,116.29999999999995
2026-05-30,STR0002,Home,1,4.0,2314.52,1138.24,0.0
2026-05-30,STR0002,Sports,1,1.0,454.68,154.81,50.51999999999998
2026-05-30,STR0004,Apparel,1,1.0,141.07,57.599999999999994,24.900000000000006
2026-05-30,STR0004,Automotive,2,11.0,2900.3900000000003,1073.0600000000004,128.35000000000008
2026-05-30,STR0004,Electronics,1,1.0,131.22,47.980000000000004,0.0
2026-05-30,STR0004,Home,1,2.0,617.56,311.9599999999999,32.5
2026-05-30,STR0004,Office,2,3.0,791.04,301.06,52.71999999999997
2026-05-30,STR0004,Sports,1,5.0,174.1,6.949999999999989,31.6
2026-05-30,STR0005,Apparel,1,4.0,1606.0,649.0,401.52
2026-05-30,STR0005,Automotive,2,4.0,412.67999999999995,124.79999999999998,88.34000000000003
2026-05-30,STR0005,Electronics,1,1.0,423.85,109.04000000000002,0.0
2026-05-30,STR0005,Health & Beauty,2,8.0,1171.8400000000001,637.6500000000001,0.0
2026-05-30,STR0005,Home,1,1.0,1057.46,628.77,0.0
2026-05-30,STR0006,Office,1,2.0,310.1,135.44000000000003,55.079999999999984
2026-05-30,STR0006,Sports,1,3.0,235.66,118.80999999999999,0.0
2026-05-30,STR0007,Health & Beauty,2,2.0,1172.15,593.53,74.20000000000005
2026-05-30,STR0007,Office,1,1.0,351.29,164.74,62.870000000000005
2026-05-30,STR0007,Sports,1,5.0,1269.15,279.20000000000005,0.0
2026-05-30,STR0008,Automotive,1,5.0,670.5500000000001,269.25000000000006,0.0
2026-05-30,STR0008,Home,1,5.0,920.9,340.65,230.49999999999997
2026-05-30,STR0012,Apparel,1,1.0,123.8,21.33,0.0
2026-05-30,STR0012,Automotive,1,5.0,608.65,278.15,0.0
2026-05-30,STR0013,Apparel,1,3.0,77.76,19.5,4.079999999999998
2026-05-30,STR0013,Automotive,3,4.0,743.95,315.14000000000004,56.21999999999997
2026-05-30,STR0013,Electronics,1,1.0,48.68,7.859999999999999,5.410000000000004
2026-05-30,STR0013,Home,1,3.0,1719.96,711.2800000000001,303.88
2026-05-30,STR0013,Sports,2,2.0,1279.29,731.33,0.0
2026-05-30,STR0014,Automotive,1,4.0,1161.76,656.44,61.16000000000008
2026-05-30,STR0016,Electronics,1,5.0,2148.5499999999997,1208.3999999999996,238.75
2026-05-30,STR0016,Home,2,3.0,2379.75,1268.8200000000002,209.94999999999993
2026-05-30,STR0017,Apparel,2,8.0,3374.88,850.1200000000002,489.2399999999998
2026-05-30,STR0017,Health & Beauty,1,1.0,501.32,249.09,0.0
2026-05-30,STR0017,Home,1,5.0,3018.95,1473.8,532.9500000000002
2026-05-30,STR0017,Office,1,5.0,1305.05,745.25,0.0
2026-05-30,STR0017,Sports,1,2.0,626.5,231.36,110.55999999999995
2026-05-30,STR0018,Office,1,4.0,1500.88,-155.3599999999999,375.2399999999998
2026-05-30,STR0018,Sports,1,2.0,551.96,55.38000000000005,97.75999999999999
2026-05-30,STR0019,Apparel,1,2.0,742.22,303.92,131.15999999999997
2026-05-30,STR0020,Automotive,1,2.0,50.84,3.940000000000005,9.86
2026-05-30,STR0020,Grocery,1,2.0,710.22,98.34000000000003,125.33999999999992
2026-05-30,STR0020,Health & Beauty,1,1.0,633.69,284.51000000000005,33.34999999999991
2026-05-30,STR0020,Office,1,4.0,755.48,318.16,0.0
2026-05-30,STR0021,Automotive,1,1.0,285.88,75.82999999999998,31.75999999999999
2026-05-30,STR0021,Health & Beauty,1,3.0,1501.96,745.2700000000001,0.0
2026-05-30,STR0021,Sports,1,5.0,751.0500000000001,406.70000000000005,0.0
2026-05-30,STR0022,Apparel,2,6.0,3699.56,2275.44,0.0
2026-05-30,STR0022,Automotive,1,1.0,50.8,14.439999999999998,5.8700000000000045
2026-05-30,STR0022,Grocery,1,3.0,100.5,41.58,25.109999999999992
2026-05-30,STR0022,Health & Beauty,1,5.0,1197.95,-1.2000000000000455,211.4
2026-05-30,STR0022,Office,1,1.0,909.2,489.63000000000005,0.0
2026-05-30,STR0022,Sports,4,4.0,1194.58,567.9300000000001,27.14
2026-05-30,STR0023,Electronics,1,5.0,3345.75,1747.1,836.4500000000004
2026-05-30,STR0023,Health & Beauty,1,1.0,295.09,177.86999999999998,0.0
2026-05-30,STR0024,Office,1,1.0,745.8,461.28999999999996,0.0
2026-05-31,STR0001,Apparel,1,1.0,337.6,197.05,17.870000000000005
2026-05-31,STR0002,Apparel,1,3.0,798.1800000000001,137.82000000000005,140.84999999999997
2026-05-31,STR0002,Automotive,1,1.0,469.64,170.52999999999997,0.0
2026-05-31,STR0002,Electronics,1,1.0,421.97,213.36,22.20999999999998
2026-05-31,STR0002,Health & Beauty,1,2.0,1462.38,880.8000000000001,0.0
2026-05-31,STR0002,Home,2,6.0,805.84,399.76,36.19999999999993
2026-05-31,STR0002,Office,2,2.0,1687.9499999999998,890.6799999999998,0.0
2026-05-31,STR0003,Health & Beauty,1,8.0,3851.29,1167.6000000000001,267.13
2026-05-31,STR0003,Office,1,2.0,1347.08,669.2599999999999,70.90000000000009
2026-05-31,STR0003,Sports,1,5.0,401.25,37.150000000000034,71.70000000000002
2026-05-31,STR0004,Automotive,2,4.0,162.60000000000002,17.030000000000015,13.989999999999995
2026-05-31,STR0004,Health & Beauty,1,1.0,295.09,177.86999999999998,0.0
2026-05-31,STR0006,Apparel,1,7.0,2921.0799999999995,1080.3099999999995,274.35
2026-05-31,STR0006,Automotive,1,2.0,268.36,-30.75999999999999,67.09999999999997
2026-05-31,STR0006,Electronics,1,2.0,279.4,28.379999999999967,31.04000000000002
2026-05-31,STR0006,Grocery,1,2.0,353.2,48.27999999999997,0.0
2026-05-31,STR0006,Sports,2,8.0,1506.56,680.0400000000001,89.23999999999995
2026-05-31,STR0007,Electronics,1,1.0,428.35,203.50000000000003,22.539999999999964
2026-05-31,STR0008,Grocery,1,3.0,602.08,173.5,107.12999999999994
2026-05-31,STR0008,Home,1,1.0,441.32,199.45999999999998,23.28000000000003
2026-05-31,STR0009,Grocery,1,2.0,272.7,90.11999999999998,0.0
2026-05-31,STR0009,Office,1,1.0,692.52,341.13,122.21000000000004
2026-05-31,STR0010,Apparel,1,1.0,646.89,340.71,0.0
2026-05-31,STR0010,Electronics,1,2.0,1257.42,554.4200000000001,0.0
2026-05-31,STR0010,Grocery,1,3.0,1801.8600000000001,935.9700000000001,0.0
2026-05-31,STR0010,Health & Beauty,1,4.0,2570.24,1217.8399999999997,454.44000000000005
2026-05-31,STR0010,Home,1,1.0,424.09,192.85999999999999,74.84000000000003
2026-05-31,STR0011,Health & Beauty,1,1.0,188.94,112.61,9.939999999999998
2026-05-31,STR0012,Automotive,1,2.0,194.9,46.140000000000015,21.659999999999997
2026-05-31,STR0012,Sports,1,5.0,1191.7,692.5,0.0
2026-05-31,STR0013,Electronics,1,1.0,251.04000000000002,139.79000000000002,0.0
2026-05-31,STR0013,Office,1,2.0,1083.48,525.12,0.0
2026-05-31,STR0013,Sports,1,1.0,617.06,279.7099999999999,109.07000000000005
2026-05-31,STR0016,Automotive,1,1.0,314.02,129.79999999999998,0.0
2026-05-31,STR0017,Apparel,1,9.0,3764.6899999999996,1218.6599999999999,486.6500000000002
2026-05-31,STR0017,Electronics,1,2.0,239.86,117.52000000000001,43.19999999999999
2026-05-31,STR0017,Home,1,1.0,230.48,114.42999999999999,0.0
2026-05-31,STR0018,Apparel,1,5.0,1020.8499999999999,532.2499999999999,0.0
2026-05-31,STR0018,Grocery,1,5.0,1011.8000000000001,297.5,178.5499999999999
2026-05-31,STR0018,Home,1,2.0,140.28,12.180000000000007,0.0
2026-05-31,STR0018,Office,1,1.0,1158.09,722.0799999999999,0.0
2026-05-31,STR0018,Sports,1,3.0,2245.88,1113.92,0.0
2026-05-31,STR0020,Grocery,1,6.0,2454.62,1486.4,10.36
2026-05-31,STR0020,Office,1,4.0,755.48,318.16,0.0
2026-05-31,STR0020,Sports,1,3.0,495.34000000000003,211.75,88.29000000000002
2026-05-31,STR0021,Automotive,1,4.0,259.72,119.28000000000003,0.0
2026-05-31,STR0021,Electronics,1,2.0,112.2,69.36,0.0
2026-05-31,STR0021,Home,1,2.0,740.92,215.41999999999996,82.32000000000005
2026-05-31,STR0021,Office,1,4.0,1687.48,947.6,297.79999999999995
2026-05-31,STR0022,Apparel,1,2.0,466.3,91.88,0.0
2026-05-31,STR0023,Electronics,1,4.0,2671.6,1392.6799999999998,669.1600000000003
2026-05-31,STR0023,Health & Beauty,1,1.0,36.62,17.139999999999997,9.410000000000004
2026-05-31,STR0023,Sports,1,1.0,413.39,122.12,72.94999999999999
2026-05-31,STR0024,Apparel,1,1.0,99.71,39.029999999999994,5.25
2026-05-31,STR0024,Automotive,2,3.0,1752.19,832.95,83.65999999999985
2026-05-31,STR0024,Office,1,2.0,159.06,45.040000000000006,17.680000000000007
2026-05-31,STR0025,Grocery,1,6.0,5374.01,3139.8000000000006,590.3999999999996
2026-05-31,STR0025,Health & Beauty,1,2.0,276.5,127.62,48.80000000000001
2026-05-31,STR0025,Sports,1,6.0,2319.5099999999998,394.8299999999999,12.469999999999999
