transaction_id,basket_sales,payment_amount,tender_count,difference,reconciliation_status
TXN000000003,2117.7400000000002,184.76,1.0,-1932.9800000000002,Mismatch
TXN000000006,914.63,398.0,1.0,-516.63,Mismatch
TXN000000007,1097.3,0.0,0.0,-1097.3,Mismatch
TXN000000008,3843.96,0.0,0.0,-3843.96,Mismatch
TXN000000009,360.93,0.0,0.0,-360.93,Mismatch
TXN000000011,1649.25,195.61,1.0,-1453.6399999999999,Mismatch
TXN000000013,880.08,202.55,1.0,-677.53,Mismatch
TXN000000014,1875.4399999999998,0.0,0.0,-1875.4399999999998,Mismatch
TXN000000015,2326.18,318.42,1.0,-2007.7599999999998,Mismatch
TXN000000018,882.93,0.0,0.0,-882.93,Mismatch
TXN000000019,355.96,329.66,1.0,-26.299999999999955,Mismatch
TXN000000023,569.45,0.0,0.0,-569.45,Mismatch
TXN000000024,756.32,465.62,1.0,-290.70000000000005,Mismatch
TXN000000025,402.32,0.0,0.0,-402.32,Mismatch
TXN000000026,5947.5199999999995,0.0,0.0,-5947.5199999999995,Mismatch
TXN000000029,1919.8,75.06,1.0,-1844.74,Mismatch
TXN000000030,1782.3200000000002,0.0,0.0,-1782.3200000000002,Mismatch
TXN000000031,226.3,190.44,1.0,-35.860000000000014,Mismatch
TXN000000032,4932.74,197.1,1.0,-4735.639999999999,Mismatch
TXN000000034,362.55,0.0,0.0,-362.55,Mismatch
TXN000000035,330.19,110.25,1.0,-219.94,Mismatch
TXN000000036,841.4,0.0,0.0,-841.4,Mismatch
TXN000000041,5170.400000000001,217.82,1.0,-4952.580000000001,Mismatch
TXN000000043,115.04,0.0,0.0,-115.04,Mismatch
TXN000000048,1652.08,0.0,0.0,-1652.08,Mismatch
TXN000000049,1551.44,0.0,0.0,-1551.44,Mismatch
TXN000000050,1336.59,258.57,1.0,-1078.02,Mismatch
TXN000000053,3131.6200000000003,76.19,1.0,-3055.4300000000003,Mismatch
TXN000000056,2321.09,490.48,1.0,-1830.6100000000001,Mismatch
TXN000000060,924.12,77.01,1.0,-847.11,Mismatch
TXN000000062,722.33,0.0,0.0,-722.33,Mismatch
TXN000000064,2429.4,0.0,0.0,-2429.4,Mismatch
TXN000000066,4109.31,0.0,0.0,-4109.31,Mismatch
TXN000000067,6394.38,308.58,1.0,-6085.8,Mismatch
TXN000000070,5197.79,121.88,1.0,-5075.91,Mismatch
TXN000000072,1883.67,765.37,2.0,-1118.3000000000002,Mismatch
TXN000000073,2038.2999999999997,51.78,1.0,-1986.5199999999998,Mismatch
TXN000000075,3492.83,92.07,1.0,-3400.7599999999998,Mismatch
TXN000000077,1927.8500000000001,396.69,1.0,-1531.16,Mismatch
TXN000000079,587.03,313.29,1.0,-273.73999999999995,Mismatch
TXN000000082,2456.67,0.0,0.0,-2456.67,Mismatch
TXN000000084,4794.5,464.33,1.0,-4330.17,Mismatch
TXN000000085,1155.72,0.0,0.0,-1155.72,Mismatch
TXN000000087,2956.52,431.35,1.0,-2525.17,Mismatch
TXN000000090,4045.3900000000003,382.36,1.0,-3663.03,Mismatch
TXN000000095,1616.69,91.36,1.0,-1525.3300000000002,Mismatch
TXN000000098,1438.6799999999998,146.08,1.0,-1292.6,Mismatch
TXN000000099,1501.96,0.0,0.0,-1501.96,Mismatch
TXN000000104,101.67,0.0,0.0,-101.67,Mismatch
TXN000000106,799.4300000000001,269.94,1.0,-529.49,Mismatch
TXN000000115,566.4,0.0,0.0,-566.4,Mismatch
TXN000000116,860.61,368.43,1.0,-492.18,Mismatch
TXN000000117,1673.33,317.27,1.0,-1356.06,Mismatch
TXN000000119,3493.16,0.0,0.0,-3493.16,Mismatch
TXN000000125,1257.7600000000002,182.41000000000003,2.0,-1075.3500000000001,Mismatch
TXN000000131,1295.04,492.03,1.0,-803.01,Mismatch
TXN000000140,2069.05,0.0,0.0,-2069.05,Mismatch
TXN000000141,2935.82,361.92,1.0,-2573.9,Mismatch
TXN000000147,433.39,0.0,0.0,-433.39,Mismatch
TXN000000150,4260.8,308.25,1.0,-3952.55,Mismatch
TXN000000152,818.14,0.0,0.0,-818.14,Mismatch
TXN000000154,4705.469999999999,192.39,1.0,-4513.079999999999,Mismatch
TXN000000155,6831.41,466.12,2.0,-6365.29,Mismatch
TXN000000158,3353.01,0.0,0.0,-3353.01,Mismatch
TXN000000160,6751.96,60.35,1.0,-6691.61,Mismatch
TXN000000162,197.98,380.93,1.0,182.95000000000002,Mismatch
TXN000000163,5042.549999999999,437.1,1.0,-4605.449999999999,Mismatch
TXN000000165,1975.9299999999998,418.15,1.0,-1557.7799999999997,Mismatch
TXN000000170,657.58,158.79,1.0,-498.7900000000001,Mismatch
TXN000000171,4341.95,451.69,1.0,-3890.2599999999998,Mismatch
TXN000000172,3983.37,446.12,1.0,-3537.25,Mismatch
TXN000000173,6500.74,0.0,1.0,-6500.74,Mismatch
TXN000000178,3914.6600000000003,0.0,0.0,-3914.6600000000003,Mismatch
TXN000000179,354.94,361.91,1.0,6.970000000000027,Mismatch
TXN000000180,33.5,151.14,1.0,117.63999999999999,Mismatch
TXN000000186,233.02999999999997,103.27,1.0,-129.76,Mismatch
TXN000000187,3842.1800000000003,215.79,1.0,-3626.3900000000003,Mismatch
TXN000000190,3894.7999999999997,40.15,1.0,-3854.6499999999996,Mismatch
TXN000000196,4363.15,95.91,1.0,-4267.24,Mismatch
TXN000000200,3530.04,435.59,1.0,-3094.45,Mismatch
TXN000000201,988.23,151.12,1.0,-837.11,Mismatch
TXN000000205,510.89,0.0,0.0,-510.89,Mismatch
TXN000000206,1325.54,108.07,1.0,-1217.47,Mismatch
TXN000000208,9335.49,0.0,0.0,-9335.49,Mismatch
TXN000000210,2062.81,339.9,1.0,-1722.9099999999999,Mismatch
TXN000000217,3843.71,0.0,0.0,-3843.71,Mismatch
TXN000000219,188.44,0.0,0.0,-188.44,Mismatch
TXN000000226,2772.96,0.0,0.0,-2772.96,Mismatch
TXN000000228,1173.75,0.0,0.0,-1173.75,Mismatch
TXN000000230,3150.6000000000004,209.88,1.0,-2940.7200000000003,Mismatch
TXN000000231,2158.79,82.18,1.0,-2076.61,Mismatch
TXN000000232,1184.3600000000001,239.22,1.0,-945.1400000000001,Mismatch
TXN000000233,5311.37,0.0,0.0,-5311.37,Mismatch
TXN000000234,1953.15,0.0,0.0,-1953.15,Mismatch
TXN000000235,1349.1999999999998,18.65,1.0,-1330.5499999999997,Mismatch
TXN000000236,847.08,237.84,1.0,-609.24,Mismatch
TXN000000239,3505.7999999999997,49.57,1.0,-3456.2299999999996,Mismatch
TXN000000240,389.78,0.0,0.0,-389.78,Mismatch
TXN000000241,1904.5,465.31,1.0,-1439.19,Mismatch
TXN000000243,521.22,47.85,1.0,-473.37,Mismatch
TXN000000244,959.34,165.9,1.0,-793.44,Mismatch
TXN000000248,1111.9,354.91,1.0,-756.99,Mismatch
TXN000000249,1027.86,0.0,1.0,-1027.86,Mismatch
TXN000000250,1446.85,0.0,0.0,-1446.85,Mismatch
TXN000000252,1407.5900000000001,0.0,0.0,-1407.5900000000001,Mismatch
TXN000000258,2647.16,0.0,0.0,-2647.16,Mismatch
TXN000000260,3009.14,499.3,1.0,-2509.8399999999997,Mismatch
TXN000000262,2492.0699999999997,15.48,1.0,-2476.5899999999997,Mismatch
TXN000000264,43.0,0.0,0.0,-43.0,Mismatch
TXN000000265,2617.68,216.01,1.0,-2401.67,Mismatch
TXN000000268,1430.44,178.83,1.0,-1251.6100000000001,Mismatch
TXN000000269,121.75,381.54,1.0,259.79,Mismatch
TXN000000276,2951.23,0.0,0.0,-2951.23,Mismatch
TXN000000282,2367.34,0.0,0.0,-2367.34,Mismatch
TXN000000283,1585.22,0.0,0.0,-1585.22,Mismatch
TXN000000285,3935.8199999999997,0.0,0.0,-3935.8199999999997,Mismatch
TXN000000288,2948.86,0.0,0.0,-2948.86,Mismatch
TXN000000289,3030.84,0.0,0.0,-3030.84,Mismatch
TXN000000293,326.38,450.96,1.0,124.57999999999998,Mismatch
TXN000000294,1452.26,0.0,0.0,-1452.26,Mismatch
TXN000000299,16.99,0.0,0.0,-16.99,Mismatch
TXN000000305,264.64,0.0,0.0,-264.64,Mismatch
TXN000000306,3717.69,0.0,0.0,-3717.69,Mismatch
TXN000000310,2626.0,0.0,0.0,-2626.0,Mismatch
TXN000000312,2099.59,0.0,0.0,-2099.59,Mismatch
TXN000000314,4996.89,340.69,1.0,-4656.200000000001,Mismatch
TXN000000315,878.14,790.09,2.0,-88.04999999999995,Mismatch
TXN000000316,607.71,0.0,0.0,-607.71,Mismatch
TXN000000322,1986.64,63.65,1.0,-1922.99,Mismatch
TXN000000329,7379.58,0.0,0.0,-7379.58,Mismatch
TXN000000330,123.8,0.0,0.0,-123.8,Mismatch
TXN000000331,1185.4,195.56,1.0,-989.8400000000001,Mismatch
TXN000000332,3686.67,466.71,1.0,-3219.96,Mismatch
TXN000000333,4460.43,156.8,1.0,-4303.63,Mismatch
TXN000000334,1059.72,0.0,0.0,-1059.72,Mismatch
TXN000000336,2309.98,161.88,1.0,-2148.1,Mismatch
TXN000000338,1442.4,0.0,0.0,-1442.4,Mismatch
TXN000000339,2396.4,455.77,1.0,-1940.63,Mismatch
TXN000000344,1370.01,0.0,0.0,-1370.01,Mismatch
TXN000000345,1918.65,0.0,0.0,-1918.65,Mismatch
TXN000000347,150.5,344.59,1.0,194.08999999999997,Mismatch
TXN000000349,696.84,0.0,0.0,-696.84,Mismatch
TXN000000353,4201.95,497.84,1.0,-3704.1099999999997,Mismatch
TXN000000354,1250.06,0.0,0.0,-1250.06,Mismatch
TXN000000356,172.39,0.0,0.0,-172.39,Mismatch
TXN000000357,3525.1099999999997,65.09,1.0,-3460.0199999999995,Mismatch
TXN000000358,1246.76,389.73,1.0,-857.03,Mismatch
TXN000000360,2393.2799999999997,148.55,1.0,-2244.7299999999996,Mismatch
TXN000000362,1752.8,0.0,0.0,-1752.8,Mismatch
TXN000000364,6301.6,27.72,1.0,-6273.88,Mismatch
TXN000000367,1987.28,328.96,1.0,-1658.32,Mismatch
TXN000000368,3403.4799999999996,0.0,0.0,-3403.4799999999996,Mismatch
TXN000000369,2540.84,41.95,1.0,-2498.8900000000003,Mismatch
TXN000000371,4169.25,324.62,1.0,-3844.63,Mismatch
TXN000000373,6116.780000000001,0.0,0.0,-6116.780000000001,Mismatch
TXN000000377,249.88,0.0,0.0,-249.88,Mismatch
TXN000000378,2584.86,0.0,0.0,-2584.86,Mismatch
TXN000000379,187.0,436.28,1.0,249.27999999999997,Mismatch
TXN000000385,5161.08,296.91,1.0,-4864.17,Mismatch
TXN000000386,2385.7400000000002,0.0,0.0,-2385.7400000000002,Mismatch
TXN000000388,323.79,0.0,0.0,-323.79,Mismatch
TXN000000389,631.33,43.02,1.0,-588.3100000000001,Mismatch
TXN000000391,673.47,0.0,0.0,-673.47,Mismatch
TXN000000392,628.77,764.06,2.0,135.28999999999996,Mismatch
TXN000000393,131.26,208.86,1.0,77.60000000000002,Mismatch
TXN000000394,315.82,0.0,0.0,-315.82,Mismatch
TXN000000395,93.48,0.0,0.0,-93.48,Mismatch
TXN000000400,1040.29,0.0,0.0,-1040.29,Mismatch
TXN000000401,2397.6800000000003,0.0,0.0,-2397.6800000000003,Mismatch
TXN000000403,459.89,331.96,1.0,-127.93,Mismatch
TXN000000405,1038.64,409.62,1.0,-629.0200000000001,Mismatch
TXN000000406,8192.18,0.0,0.0,-8192.18,Mismatch
TXN000000410,274.58,10.18,1.0,-264.4,Mismatch
TXN000000411,921.3000000000001,352.56,1.0,-568.74,Mismatch
TXN000000415,1972.44,375.7,1.0,-1596.74,Mismatch
TXN000000419,1100.1399999999999,426.73,1.0,-673.4099999999999,Mismatch
TXN000000421,233.92,154.63,1.0,-79.28999999999999,Mismatch
TXN000000422,1523.81,176.88,1.0,-1346.9299999999998,Mismatch
TXN000000424,1486.6,106.43,1.0,-1380.1699999999998,Mismatch
TXN000000428,2547.66,227.11,1.0,-2320.5499999999997,Mismatch
TXN000000432,1379.1200000000001,317.5,1.0,-1061.6200000000001,Mismatch
TXN000000435,377.39,0.0,0.0,-377.39,Mismatch
TXN000000437,202.36,465.8,1.0,263.44,Mismatch
TXN000000438,1416.4299999999998,21.32,1.0,-1395.11,Mismatch
TXN000000441,1612.92,0.0,0.0,-1612.92,Mismatch
TXN000000442,3482.7799999999997,259.77,1.0,-3223.0099999999998,Mismatch
TXN000000447,1394.8100000000002,136.23,1.0,-1258.5800000000002,Mismatch
TXN000000449,3486.9,0.0,0.0,-3486.9,Mismatch
TXN000000450,4360.46,22.9,1.0,-4337.56,Mismatch
TXN000000454,1503.0,182.98,1.0,-1320.02,Mismatch
TXN000000455,7956.33,142.05,1.0,-7814.28,Mismatch
TXN000000457,952.75,492.49,1.0,-460.26,Mismatch
TXN000000458,4760.0,0.0,0.0,-4760.0,Mismatch
TXN000000463,178.9,359.82,1.0,180.92,Mismatch
TXN000000465,9750.849999999999,0.0,0.0,-9750.849999999999,Mismatch
TXN000000466,2699.2,314.42,1.0,-2384.7799999999997,Mismatch
TXN000000467,3593.1000000000004,99.01,1.0,-3494.09,Mismatch
TXN000000468,48.06,477.1,1.0,429.04,Mismatch
TXN000000473,4178.75,0.0,0.0,-4178.75,Mismatch
TXN000000476,469.09,0.0,0.0,-469.09,Mismatch
TXN000000479,34.52,0.0,0.0,-34.52,Mismatch
TXN000000482,2958.84,0.0,0.0,-2958.84,Mismatch
TXN000000484,777.64,460.46,1.0,-317.18,Mismatch
TXN000000486,2373.77,0.0,0.0,-2373.77,Mismatch
TXN000000487,320.68,0.0,0.0,-320.68,Mismatch
TXN000000490,1106.0500000000002,0.0,0.0,-1106.0500000000002,Mismatch
TXN000000492,595.5699999999999,231.82,1.0,-363.74999999999994,Mismatch
TXN000000493,3297.96,475.13,1.0,-2822.83,Mismatch
TXN000000495,2059.9,83.73,1.0,-1976.17,Mismatch
TXN000000501,966.6800000000001,392.18,1.0,-574.5,Mismatch
TXN000000502,1494.6399999999999,0.0,0.0,-1494.6399999999999,Mismatch
TXN000000510,5925.45,498.83,1.0,-5426.62,Mismatch
TXN000000511,2418.0699999999997,0.0,0.0,-2418.0699999999997,Mismatch
TXN000000513,2996.4700000000003,460.59,1.0,-2535.88,Mismatch
TXN000000517,1044.34,0.0,0.0,-1044.34,Mismatch
TXN000000518,2719.31,453.59,1.0,-2265.72,Mismatch
TXN000000520,1796.76,236.65,1.0,-1560.11,Mismatch
TXN000000521,438.3,24.35,1.0,-413.95,Mismatch
TXN000000522,367.09,414.52,1.0,47.43000000000001,Mismatch
TXN000000523,3719.35,0.0,0.0,-3719.35,Mismatch
TXN000000525,2484.1,0.0,0.0,-2484.1,Mismatch
TXN000000528,1393.1899999999998,113.16,1.0,-1280.0299999999997,Mismatch
TXN000000529,1311.58,0.0,0.0,-1311.58,Mismatch
TXN000000530,310.12,85.08,1.0,-225.04000000000002,Mismatch
TXN000000533,1591.45,18.63,1.0,-1572.82,Mismatch
TXN000000536,1067.55,195.31,1.0,-872.24,Mismatch
TXN000000537,1112.3300000000002,48.42,1.0,-1063.91,Mismatch
TXN000000541,833.99,0.0,0.0,-833.99,Mismatch
TXN000000543,2353.92,406.04,1.0,-1947.88,Mismatch
TXN000000544,1415.3600000000001,0.0,0.0,-1415.3600000000001,Mismatch
TXN000000545,1255.1100000000001,0.0,0.0,-1255.1100000000001,Mismatch
TXN000000548,866.52,356.27,1.0,-510.25,Mismatch
TXN000000549,397.78,0.0,0.0,-397.78,Mismatch
TXN000000553,2612.75,0.0,0.0,-2612.75,Mismatch
TXN000000561,1719.1399999999999,323.47,1.0,-1395.6699999999998,Mismatch
TXN000000562,5426.3099999999995,138.97,1.0,-5287.339999999999,Mismatch
TXN000000564,2949.96,0.0,0.0,-2949.96,Mismatch
TXN000000567,473.78,376.75,1.0,-97.02999999999997,Mismatch
TXN000000569,2181.91,78.45,1.0,-2103.46,Mismatch
TXN000000571,844.7900000000001,105.68,1.0,-739.1100000000001,Mismatch
TXN000000573,5490.53,0.0,0.0,-5490.53,Mismatch
TXN000000576,5249.84,160.6,1.0,-5089.24,Mismatch
TXN000000579,2952.9999999999995,475.61,1.0,-2477.3899999999994,Mismatch
TXN000000580,2028.38,0.0,0.0,-2028.38,Mismatch
TXN000000583,2442.16,0.0,0.0,-2442.16,Mismatch
TXN000000587,2785.1800000000003,480.88,1.0,-2304.3,Mismatch
TXN000000592,331.03,183.61,1.0,-147.41999999999996,Mismatch
TXN000000596,1575.79,172.46,1.0,-1403.33,Mismatch
TXN000000598,1087.8600000000001,0.0,0.0,-1087.8600000000001,Mismatch
TXN000000608,1729.48,290.3,1.0,-1439.18,Mismatch
TXN000000612,641.8,367.83,1.0,-273.96999999999997,Mismatch
TXN000000616,1665.2,392.88,1.0,-1272.3200000000002,Mismatch
TXN000000622,2979.6499999999996,71.15,1.0,-2908.4999999999995,Mismatch
TXN000000625,2461.68,0.0,0.0,-2461.68,Mismatch
TXN000000626,3837.6,0.0,0.0,-3837.6,Mismatch
TXN000000628,11.23,0.0,0.0,-11.23,Mismatch
TXN000000629,1749.4,369.63,1.0,-1379.77,Mismatch
TXN000000630,2651.84,260.62,1.0,-2391.2200000000003,Mismatch
TXN000000631,463.14,0.0,0.0,-463.14,Mismatch
TXN000000633,2223.59,0.0,0.0,-2223.59,Mismatch
TXN000000634,1706.1,0.0,0.0,-1706.1,Mismatch
TXN000000635,457.79999999999995,73.74,1.0,-384.05999999999995,Mismatch
TXN000000636,3410.7799999999997,374.36,1.0,-3036.4199999999996,Mismatch
TXN000000638,274.26,125.28,1.0,-148.98,Mismatch
TXN000000644,4023.9199999999996,224.08,1.0,-3799.8399999999997,Mismatch
TXN000000648,153.69,0.0,0.0,-153.69,Mismatch
TXN000000650,1208.62,325.43,1.0,-883.1899999999998,Mismatch
TXN000000651,2056.3199999999997,0.0,0.0,-2056.3199999999997,Mismatch
TXN000000652,3467.1,0.0,0.0,-3467.1,Mismatch
TXN000000653,2503.4700000000003,162.84,1.0,-2340.63,Mismatch
TXN000000654,3857.13,0.0,0.0,-3857.13,Mismatch
TXN000000655,6193.099999999999,31.44,1.0,-6161.66,Mismatch
TXN000000657,1471.38,0.0,0.0,-1471.38,Mismatch
TXN000000660,52.56,349.34,1.0,296.78,Mismatch
TXN000000661,3060.65,266.98,1.0,-2793.67,Mismatch
TXN000000667,485.13,474.42,1.0,-10.70999999999998,Mismatch
TXN000000672,911.9000000000001,462.64,1.0,-449.2600000000001,Mismatch
TXN000000673,4468.5599999999995,116.71,1.0,-4351.849999999999,Mismatch
TXN000000675,805.43,404.09,1.0,-401.34,Mismatch
TXN000000677,810.91,0.0,0.0,-810.91,Mismatch
TXN000000678,2235.7,0.0,0.0,-2235.7,Mismatch
TXN000000680,5965.07,431.29,1.0,-5533.78,Mismatch
TXN000000681,6993.66,419.9,1.0,-6573.76,Mismatch
TXN000000684,572.09,197.06,1.0,-375.03000000000003,Mismatch
TXN000000687,3257.92,315.1,1.0,-2942.82,Mismatch
TXN000000689,1676.9,317.47,1.0,-1359.43,Mismatch
TXN000000691,1792.96,296.96,1.0,-1496.0,Mismatch
TXN000000692,1445.6999999999998,0.0,0.0,-1445.6999999999998,Mismatch
TXN000000694,1065.26,221.0,1.0,-844.26,Mismatch
TXN000000699,2006.45,335.03,1.0,-1671.42,Mismatch
TXN000000700,2939.65,0.0,0.0,-2939.65,Mismatch
TXN000000701,1576.6100000000001,0.0,0.0,-1576.6100000000001,Mismatch
TXN000000703,429.14,0.0,0.0,-429.14,Mismatch
TXN000000706,4322.0199999999995,9.01,1.0,-4313.009999999999,Mismatch
TXN000000707,255.75,0.0,0.0,-255.75,Mismatch
TXN000000715,2178.2200000000003,263.5,1.0,-1914.7200000000003,Mismatch
TXN000000716,1094.34,67.89,1.0,-1026.4499999999998,Mismatch
TXN000000718,2754.3,0.0,0.0,-2754.3,Mismatch
TXN000000719,741.16,323.98,1.0,-417.17999999999995,Mismatch
TXN000000721,4259.98,322.62,1.0,-3937.3599999999997,Mismatch
TXN000000722,598.4499999999999,0.0,0.0,-598.4499999999999,Mismatch
TXN000000723,939.18,0.0,0.0,-939.18,Mismatch
TXN000000724,3822.82,248.42,1.0,-3574.4,Mismatch
TXN000000725,589.4000000000001,377.26,1.0,-212.1400000000001,Mismatch
TXN000000726,966.5600000000001,0.0,0.0,-966.5600000000001,Mismatch
TXN000000728,2314.52,202.74,1.0,-2111.7799999999997,Mismatch
TXN000000730,174.41,0.0,0.0,-174.41,Mismatch
TXN000000732,5026.36,0.0,0.0,-5026.36,Mismatch
TXN000000734,1854.02,0.0,0.0,-1854.02,Mismatch
TXN000000736,2451.3199999999997,0.0,0.0,-2451.3199999999997,Mismatch
TXN000000738,1069.09,0.0,0.0,-1069.09,Mismatch
TXN000000739,420.52,471.15,1.0,50.629999999999995,Mismatch
TXN000000743,1310.02,0.0,0.0,-1310.02,Mismatch
TXN000000745,927.26,0.0,0.0,-927.26,Mismatch
TXN000000746,6429.4800000000005,0.0,0.0,-6429.4800000000005,Mismatch
TXN000000747,4226.65,0.0,0.0,-4226.65,Mismatch
TXN000000749,1102.6,197.84,1.0,-904.7599999999999,Mismatch
TXN000000752,1885.75,0.0,0.0,-1885.75,Mismatch
TXN000000758,3390.05,373.79,1.0,-3016.26,Mismatch
TXN000000759,2049.98,57.75,1.0,-1992.23,Mismatch
TXN000000761,1213.05,621.25,2.0,-591.8,Mismatch
TXN000000766,547.76,474.74,1.0,-73.01999999999998,Mismatch
TXN000000767,2743.25,489.3,1.0,-2253.95,Mismatch
TXN000000773,1038.47,151.14,1.0,-887.33,Mismatch
TXN000000774,72.2,465.59,1.0,393.39,Mismatch
TXN000000780,3955.9300000000003,433.65,1.0,-3522.28,Mismatch
TXN000000781,2761.77,487.57,1.0,-2274.2,Mismatch
TXN000000782,1043.16,7.29,1.0,-1035.8700000000001,Mismatch
TXN000000785,434.22,270.81,1.0,-163.41000000000003,Mismatch
TXN000000788,6101.48,0.0,0.0,-6101.48,Mismatch
TXN000000791,2250.89,0.0,0.0,-2250.89,Mismatch
TXN000000793,482.15999999999997,203.59,1.0,-278.56999999999994,Mismatch
TXN000000796,6132.54,486.57,1.0,-5645.97,Mismatch
TXN000000797,3226.84,306.72,1.0,-2920.12,Mismatch
TXN000000798,2813.89,70.77,1.0,-2743.12,Mismatch
TXN000000802,3923.76,90.15,1.0,-3833.61,Mismatch
TXN000000803,4870.76,0.0,0.0,-4870.76,Mismatch
TXN000000804,3765.92,359.24,1.0,-3406.6800000000003,Mismatch
TXN000000806,2145.3,0.0,0.0,-2145.3,Mismatch
TXN000000808,1283.0,425.28,1.0,-857.72,Mismatch
TXN000000814,581.52,217.89,1.0,-363.63,Mismatch
TXN000000818,909.84,161.27,1.0,-748.57,Mismatch
TXN000000821,4141.68,0.0,0.0,-4141.68,Mismatch
TXN000000825,1032.57,154.47,1.0,-878.0999999999999,Mismatch
TXN000000827,452.59999999999997,404.21,1.0,-48.389999999999986,Mismatch
TXN000000831,1261.14,273.37,1.0,-987.7700000000001,Mismatch
TXN000000837,1890.6200000000001,115.12,1.0,-1775.5,Mismatch
TXN000000838,740.3,0.0,0.0,-740.3,Mismatch
TXN000000839,2542.4,0.0,0.0,-2542.4,Mismatch
TXN000000841,4404.07,260.02,1.0,-4144.049999999999,Mismatch
TXN000000842,3323.31,0.0,0.0,-3323.31,Mismatch
TXN000000845,4051.7299999999996,165.7,1.0,-3886.0299999999997,Mismatch
TXN000000846,1701.5700000000002,0.0,0.0,-1701.5700000000002,Mismatch
TXN000000848,482.08000000000004,474.53,1.0,-7.550000000000068,Mismatch
TXN000000849,573.34,159.59,1.0,-413.75,Mismatch
TXN000000852,3285.56,0.0,0.0,-3285.56,Mismatch
TXN000000853,2628.05,0.0,0.0,-2628.05,Mismatch
TXN000000854,2177.91,496.03,1.0,-1681.8799999999999,Mismatch
TXN000000856,873.3,402.14,1.0,-471.15999999999997,Mismatch
TXN000000857,2549.91,0.0,0.0,-2549.91,Mismatch
TXN000000860,1224.47,0.0,0.0,-1224.47,Mismatch
TXN000000864,4895.58,570.38,2.0,-4325.2,Mismatch
TXN000000865,1365.5,0.0,0.0,-1365.5,Mismatch
TXN000000867,3564.2,78.21,1.0,-3485.99,Mismatch
TXN000000869,943.16,0.0,0.0,-943.16,Mismatch
TXN000000871,1786.58,121.85,1.0,-1664.73,Mismatch
TXN000000873,949.14,0.0,0.0,-949.14,Mismatch
TXN000000875,7678.59,0.0,0.0,-7678.59,Mismatch
TXN000000878,4278.04,0.0,0.0,-4278.04,Mismatch
TXN000000879,4175.43,494.32,1.0,-3681.11,Mismatch
TXN000000880,104.56,271.73,1.0,167.17000000000002,Mismatch
TXN000000884,989.18,488.13,1.0,-501.04999999999995,Mismatch
TXN000000886,2754.99,0.0,0.0,-2754.99,Mismatch
TXN000000887,2765.39,0.0,0.0,-2765.39,Mismatch
TXN000000888,1420.6499999999999,0.0,0.0,-1420.6499999999999,Mismatch
TXN000000889,3163.8199999999997,256.62,1.0,-2907.2,Mismatch
TXN000000890,2911.59,13.81,1.0,-2897.78,Mismatch
TXN000000894,2935.9100000000003,422.22,1.0,-2513.6900000000005,Mismatch
TXN000000895,884.8,0.0,0.0,-884.8,Mismatch
TXN000000898,2916.26,283.57,1.0,-2632.69,Mismatch
TXN000000899,101.32,302.56,1.0,201.24,Mismatch
TXN000000901,5085.24,0.0,0.0,-5085.24,Mismatch
TXN000000902,892.78,109.32,1.0,-783.46,Mismatch
TXN000000903,6236.0,193.36,1.0,-6042.64,Mismatch
TXN000000904,308.19,0.0,0.0,-308.19,Mismatch
TXN000000906,1233.94,244.42,1.0,-989.5200000000001,Mismatch
TXN000000907,2691.95,478.73,1.0,-2213.22,Mismatch
TXN000000911,1279.44,0.0,0.0,-1279.44,Mismatch
TXN000000914,852.46,0.0,0.0,-852.46,Mismatch
TXN000000915,375.04,0.0,0.0,-375.04,Mismatch
TXN000000916,1411.26,0.0,0.0,-1411.26,Mismatch
TXN000000917,1851.7199999999998,377.87,1.0,-1473.85,Mismatch
TXN000000918,160.44,0.0,0.0,-160.44,Mismatch
TXN000000919,869.2,0.0,0.0,-869.2,Mismatch
TXN000000920,1321.74,0.0,0.0,-1321.74,Mismatch
TXN000000921,68.19,212.08,1.0,143.89000000000001,Mismatch
TXN000000925,1420.72,0.0,0.0,-1420.72,Mismatch
TXN000000926,1843.8600000000001,0.0,0.0,-1843.8600000000001,Mismatch
TXN000000927,4115.75,354.18,1.0,-3761.57,Mismatch
TXN000000931,1748.52,42.25,1.0,-1706.27,Mismatch
TXN000000932,2837.38,0.0,0.0,-2837.38,Mismatch
TXN000000936,3491.4900000000002,0.0,0.0,-3491.4900000000002,Mismatch
TXN000000941,2543.98,53.65,1.0,-2490.33,Mismatch
TXN000000942,2284.04,0.0,0.0,-2284.04,Mismatch
TXN000000943,6968.78,479.78,1.0,-6489.0,Mismatch
TXN000000947,1432.93,33.73,1.0,-1399.2,Mismatch
TXN000000952,4066.53,209.66,1.0,-3856.8700000000003,Mismatch
TXN000000955,1596.24,0.0,0.0,-1596.24,Mismatch
TXN000000959,1727.94,40.32,1.0,-1687.6200000000001,Mismatch
TXN000000964,1091.5,0.0,0.0,-1091.5,Mismatch
TXN000000967,2787.55,365.66,1.0,-2421.8900000000003,Mismatch
TXN000000969,2562.3,258.61,2.0,-2303.69,Mismatch
TXN000000973,1231.0800000000002,0.0,0.0,-1231.0800000000002,Mismatch
TXN000000974,5147.07,264.14,1.0,-4882.929999999999,Mismatch
TXN000000983,2741.68,65.71,1.0,-2675.97,Mismatch
TXN000000984,239.26,190.18,1.0,-49.079999999999984,Mismatch
TXN000000990,7421.870000000001,50.9,1.0,-7370.970000000001,Mismatch
TXN000000994,268.84,427.36,1.0,158.52000000000004,Mismatch
TXN000000995,6098.62,0.0,0.0,-6098.62,Mismatch
TXN000000996,2768.8900000000003,0.0,0.0,-2768.8900000000003,Mismatch
TXN000001001,88.25,331.71,1.0,243.45999999999998,Mismatch
TXN000001002,1381.9,0.0,0.0,-1381.9,Mismatch
TXN000001004,811.76,192.6,1.0,-619.16,Mismatch
TXN000001006,2033.58,0.0,0.0,-2033.58,Mismatch
TXN000001007,411.0,318.65,1.0,-92.35000000000002,Mismatch
TXN000001009,712.44,312.22,1.0,-400.22,Mismatch
TXN000001012,650.25,0.0,0.0,-650.25,Mismatch
TXN000001016,1261.34,165.66,1.0,-1095.6799999999998,Mismatch
TXN000001017,1339.7400000000002,409.93,1.0,-929.8100000000002,Mismatch
TXN000001018,3672.47,278.15,1.0,-3394.3199999999997,Mismatch
TXN000001024,558.48,0.0,0.0,-558.48,Mismatch
TXN000001029,1795.23,0.0,0.0,-1795.23,Mismatch
TXN000001031,1319.04,0.0,0.0,-1319.04,Mismatch
TXN000001032,2496.05,0.0,0.0,-2496.05,Mismatch
TXN000001036,2276.89,0.0,0.0,-2276.89,Mismatch
TXN000001037,367.7,24.87,1.0,-342.83,Mismatch
TXN000001038,892.35,0.0,0.0,-892.35,Mismatch
TXN000001039,1286.9,0.0,0.0,-1286.9,Mismatch
TXN000001040,4842.03,656.17,2.0,-4185.86,Mismatch
TXN000001044,3459.89,75.93,1.0,-3383.96,Mismatch
TXN000001048,380.13,57.36,1.0,-322.77,Mismatch
TXN000001049,3801.94,98.03,1.0,-3703.91,Mismatch
TXN000001051,1380.6,261.17,1.0,-1119.4299999999998,Mismatch
TXN000001055,7128.81,0.0,0.0,-7128.81,Mismatch
TXN000001059,3953.41,97.91,1.0,-3855.5,Mismatch
TXN000001063,2390.91,148.28,1.0,-2242.6299999999997,Mismatch
TXN000001065,5106.64,393.8,1.0,-4712.84,Mismatch
TXN000001071,619.96,283.44,1.0,-336.52000000000004,Mismatch
TXN000001072,705.5,0.0,0.0,-705.5,Mismatch
TXN000001078,4519.03,0.0,0.0,-4519.03,Mismatch
TXN000001082,5602.049999999999,484.55,1.0,-5117.499999999999,Mismatch
TXN000001084,4649.540000000001,0.0,0.0,-4649.540000000001,Mismatch
TXN000001085,4076.6499999999996,0.0,0.0,-4076.6499999999996,Mismatch
TXN000001087,5017.14,339.22,1.0,-4677.92,Mismatch
TXN000001088,53.74,0.0,0.0,-53.74,Mismatch
TXN000001089,3025.05,216.91,1.0,-2808.1400000000003,Mismatch
TXN000001092,94.93,396.18,1.0,301.25,Mismatch
TXN000001093,431.46,0.0,0.0,-431.46,Mismatch
TXN000001096,5324.4,9.51,1.0,-5314.889999999999,Mismatch
TXN000001102,1070.47,0.0,0.0,-1070.47,Mismatch
TXN000001106,4406.77,371.41,1.0,-4035.3600000000006,Mismatch
TXN000001109,47.16,149.5,1.0,102.34,Mismatch
TXN000001110,563.42,183.01,1.0,-380.40999999999997,Mismatch
TXN000001111,45.68,456.07,1.0,410.39,Mismatch
TXN000001113,497.11,398.95,1.0,-98.16000000000003,Mismatch
TXN000001114,540.54,0.0,0.0,-540.54,Mismatch
TXN000001117,4896.06,0.0,0.0,-4896.06,Mismatch
TXN000001118,793.12,401.77,1.0,-391.35,Mismatch
TXN000001120,58.5,0.0,0.0,-58.5,Mismatch
TXN000001121,1586.46,0.0,0.0,-1586.46,Mismatch
TXN000001122,910.44,0.0,0.0,-910.44,Mismatch
TXN000001124,3300.09,0.0,0.0,-3300.09,Mismatch
TXN000001128,325.90000000000003,0.0,0.0,-325.90000000000003,Mismatch
TXN000001129,934.03,472.52,1.0,-461.51,Mismatch
TXN000001132,2777.87,39.59,1.0,-2738.2799999999997,Mismatch
TXN000001135,995.34,0.0,0.0,-995.34,Mismatch
TXN000001145,2569.6499999999996,52.58,1.0,-2517.0699999999997,Mismatch
TXN000001146,2370.25,182.45,1.0,-2187.8,Mismatch
TXN000001147,3965.55,0.0,0.0,-3965.55,Mismatch
TXN000001154,4647.62,441.76,1.0,-4205.86,Mismatch
TXN000001155,370.73,239.22,1.0,-131.51000000000002,Mismatch
TXN000001156,551.32,337.15,2.0,-214.17000000000007,Mismatch
TXN000001158,400.63,298.28,1.0,-102.35000000000002,Mismatch
TXN000001163,45.7,349.08,1.0,303.38,Mismatch
TXN000001167,319.02,0.0,0.0,-319.02,Mismatch
TXN000001173,1943.15,0.0,0.0,-1943.15,Mismatch
TXN000001175,105.29,342.59,1.0,237.29999999999995,Mismatch
TXN000001176,1294.8899999999999,38.06,1.0,-1256.83,Mismatch
TXN000001178,1195.8600000000001,0.0,0.0,-1195.8600000000001,Mismatch
TXN000001183,714.75,204.69,1.0,-510.06,Mismatch
TXN000001186,416.22,334.03,1.0,-82.19000000000005,Mismatch
TXN000001189,895.36,0.0,0.0,-895.36,Mismatch
TXN000001192,998.75,0.0,0.0,-998.75,Mismatch
TXN000001193,2535.6,222.26,1.0,-2313.34,Mismatch
TXN000001194,1491.46,0.0,0.0,-1491.46,Mismatch
TXN000001195,3054.4,252.45,1.0,-2801.9500000000003,Mismatch
TXN000001196,808.88,0.0,0.0,-808.88,Mismatch
TXN000001197,1592.21,82.55,1.0,-1509.66,Mismatch
TXN000001200,629.16,417.73,1.0,-211.42999999999995,Mismatch
TXN000001202,744.77,231.65,1.0,-513.12,Mismatch
TXN000001204,794.8199999999999,0.0,0.0,-794.8199999999999,Mismatch
TXN000001206,1827.8600000000001,0.0,0.0,-1827.8600000000001,Mismatch
TXN000001208,437.40000000000003,89.23,1.0,-348.17,Mismatch
TXN000001210,3154.31,367.56,1.0,-2786.75,Mismatch
TXN000001212,2710.15,0.0,0.0,-2710.15,Mismatch
TXN000001218,1291.93,91.03,1.0,-1200.9,Mismatch
TXN000001219,1611.73,0.0,0.0,-1611.73,Mismatch
TXN000001224,1466.67,0.0,0.0,-1466.67,Mismatch
TXN000001226,862.67,0.0,0.0,-862.67,Mismatch
TXN000001230,2008.5,320.59,1.0,-1687.91,Mismatch
TXN000001234,4283.75,173.89,1.0,-4109.86,Mismatch
TXN000001235,2011.8899999999999,8.06,1.0,-2003.83,Mismatch
TXN000001236,605.14,0.0,0.0,-605.14,Mismatch
TXN000001243,2685.91,15.92,1.0,-2669.99,Mismatch
TXN000001249,643.47,302.08,1.0,-341.39000000000004,Mismatch
TXN000001250,171.59,303.4,1.0,131.80999999999997,Mismatch
TXN000001251,51.12,17.47,1.0,-33.65,Mismatch
TXN000001253,4970.88,286.4,1.0,-4684.4800000000005,Mismatch
TXN000001255,593.57,188.64,1.0,-404.93000000000006,Mismatch
TXN000001266,1423.72,0.0,0.0,-1423.72,Mismatch
TXN000001269,1922.48,284.97,1.0,-1637.51,Mismatch
TXN000001272,1721.81,167.71,1.0,-1554.1,Mismatch
TXN000001273,933.53,340.68,1.0,-592.8499999999999,Mismatch
TXN000001276,2208.75,0.0,0.0,-2208.75,Mismatch
TXN000001278,602.73,0.0,0.0,-602.73,Mismatch
TXN000001279,1590.92,280.35,1.0,-1310.5700000000002,Mismatch
TXN000001280,2211.0200000000004,0.0,0.0,-2211.0200000000004,Mismatch
TXN000001281,770.82,0.0,0.0,-770.82,Mismatch
TXN000001283,1763.09,170.66,1.0,-1592.4299999999998,Mismatch
TXN000001284,877.72,0.0,0.0,-877.72,Mismatch
TXN000001287,1690.98,191.13,1.0,-1499.85,Mismatch
TXN000001290,6999.58,0.0,0.0,-6999.58,Mismatch
TXN000001292,1513.98,0.0,0.0,-1513.98,Mismatch
TXN000001293,2075.25,419.3,1.0,-1655.95,Mismatch
TXN000001295,2241.1,0.0,0.0,-2241.1,Mismatch
TXN000001301,3584.7,354.57,1.0,-3230.1299999999997,Mismatch
TXN000001303,3053.47,473.51,1.0,-2579.96,Mismatch
TXN000001305,6413.389999999999,411.82,1.0,-6001.57,Mismatch
TXN000001309,896.12,380.42,1.0,-515.7,Mismatch
TXN000001311,1094.19,353.31,1.0,-740.8800000000001,Mismatch
TXN000001315,4684.45,82.7,1.0,-4601.75,Mismatch
TXN000001316,1993.8400000000001,0.0,0.0,-1993.8400000000001,Mismatch
TXN000001321,3911.1,0.0,0.0,-3911.1,Mismatch
TXN000001322,1012.08,0.0,0.0,-1012.08,Mismatch
TXN000001323,1398.28,0.0,0.0,-1398.28,Mismatch
TXN000001325,1637.1699999999998,31.02,1.0,-1606.1499999999999,Mismatch
TXN000001327,34.25,475.15,1.0,440.9,Mismatch
TXN000001328,5436.389999999999,0.0,0.0,-5436.389999999999,Mismatch
TXN000001330,2592.92,0.0,0.0,-2592.92,Mismatch
TXN000001331,4428.969999999999,149.06,1.0,-4279.909999999999,Mismatch
TXN000001332,139.68,263.75,1.0,124.07,Mismatch
TXN000001336,3811.04,183.62,1.0,-3627.42,Mismatch
TXN000001338,1962.7400000000002,476.14,1.0,-1486.6000000000004,Mismatch
TXN000001339,2407.87,437.54,1.0,-1970.33,Mismatch
TXN000001340,2597.79,263.76,1.0,-2334.0299999999997,Mismatch
TXN000001343,3585.25,0.0,0.0,-3585.25,Mismatch
TXN000001349,5742.25,173.52,1.0,-5568.73,Mismatch
TXN000001350,2014.0,428.24,1.0,-1585.76,Mismatch
TXN000001351,3306.17,362.66,1.0,-2943.51,Mismatch
TXN000001354,943.28,41.09,1.0,-902.1899999999999,Mismatch
TXN000001356,156.05,0.0,0.0,-156.05,Mismatch
TXN000001361,2917.99,0.0,0.0,-2917.99,Mismatch
TXN000001362,378.42999999999995,0.0,0.0,-378.42999999999995,Mismatch
TXN000001363,1280.57,0.0,0.0,-1280.57,Mismatch
TXN000001365,3586.55,421.93,1.0,-3164.6200000000003,Mismatch
TXN000001366,65.47,279.17,1.0,213.70000000000002,Mismatch
TXN000001367,2295.01,123.11,1.0,-2171.9,Mismatch
TXN000001369,6646.4400000000005,323.27,1.0,-6323.17,Mismatch
TXN000001370,1014.12,0.0,0.0,-1014.12,Mismatch
TXN000001373,3330.8900000000003,490.37,1.0,-2840.5200000000004,Mismatch
TXN000001374,3114.3900000000003,105.4,1.0,-3008.9900000000002,Mismatch
TXN000001375,2943.24,0.0,0.0,-2943.24,Mismatch
TXN000001376,2008.11,179.78,1.0,-1828.33,Mismatch
TXN000001377,3281.33,336.85,1.0,-2944.48,Mismatch
TXN000001378,1233.75,0.0,0.0,-1233.75,Mismatch
TXN000001380,4521.95,0.0,0.0,-4521.95,Mismatch
TXN000001387,5222.63,16.69,1.0,-5205.9400000000005,Mismatch
TXN000001388,385.19,367.95,1.0,-17.24000000000001,Mismatch
TXN000001390,441.44,0.0,0.0,-441.44,Mismatch
TXN000001391,509.07,0.0,0.0,-509.07,Mismatch
TXN000001392,1401.21,0.0,0.0,-1401.21,Mismatch
TXN000001393,5817.18,215.65,1.0,-5601.530000000001,Mismatch
TXN000001394,79.77000000000001,479.67,1.0,399.9,Mismatch
TXN000001406,3742.4800000000005,0.0,0.0,-3742.4800000000005,Mismatch
TXN000001408,9514.24,24.24,1.0,-9490.0,Mismatch
TXN000001409,2437.67,128.45,1.0,-2309.2200000000003,Mismatch
TXN000001410,109.12,0.0,0.0,-109.12,Mismatch
TXN000001412,1212.35,102.45,1.0,-1109.8999999999999,Mismatch
TXN000001413,2512.05,111.7,1.0,-2400.3500000000004,Mismatch
TXN000001414,549.75,0.0,0.0,-549.75,Mismatch
TXN000001416,1230.6,0.0,0.0,-1230.6,Mismatch
TXN000001418,1782.05,194.79,1.0,-1587.26,Mismatch
TXN000001420,1226.48,186.91,1.0,-1039.57,Mismatch
TXN000001421,59.93,471.36,1.0,411.43,Mismatch
TXN000001424,3856.74,0.0,0.0,-3856.74,Mismatch
TXN000001430,1260.23,0.0,0.0,-1260.23,Mismatch
TXN000001432,1348.95,271.17,1.0,-1077.78,Mismatch
TXN000001435,210.93,179.16,1.0,-31.77000000000001,Mismatch
TXN000001441,658.3399999999999,0.0,0.0,-658.3399999999999,Mismatch
TXN000001442,311.35,406.01,1.0,94.65999999999997,Mismatch
TXN000001443,3295.73,0.0,0.0,-3295.73,Mismatch
TXN000001444,457.93999999999994,64.99,1.0,-392.94999999999993,Mismatch
TXN000001449,1384.87,258.94,1.0,-1125.9299999999998,Mismatch
TXN000001451,1778.9499999999998,439.82,1.0,-1339.1299999999999,Mismatch
TXN000001453,199.64,0.0,0.0,-199.64,Mismatch
TXN000001455,2791.58,0.0,0.0,-2791.58,Mismatch
TXN000001458,1370.46,212.76,1.0,-1157.7,Mismatch
TXN000001461,5112.009999999999,0.0,0.0,-5112.009999999999,Mismatch
TXN000001463,738.11,36.5,1.0,-701.61,Mismatch
TXN000001467,3008.52,0.0,0.0,-3008.52,Mismatch
TXN000001468,1063.76,0.0,0.0,-1063.76,Mismatch
TXN000001469,1751.52,314.34,1.0,-1437.18,Mismatch
TXN000001474,41.4,0.0,0.0,-41.4,Mismatch
TXN000001476,4235.03,0.0,0.0,-4235.03,Mismatch
TXN000001478,904.57,0.0,0.0,-904.57,Mismatch
TXN000001479,448.97,284.23,1.0,-164.74,Mismatch
TXN000001480,1384.83,0.0,0.0,-1384.83,Mismatch
TXN000001484,1046.63,143.02,1.0,-903.6100000000001,Mismatch
TXN000001486,1054.2,108.32,1.0,-945.8800000000001,Mismatch
TXN000001489,1462.24,61.66,1.0,-1400.58,Mismatch
TXN000001490,2856.37,244.44,1.0,-2611.93,Mismatch
TXN000001493,1709.84,0.0,0.0,-1709.84,Mismatch
TXN000001496,92.35,0.0,0.0,-92.35,Mismatch
TXN000001498,2859.45,60.44,1.0,-2799.0099999999998,Mismatch
TXN000001499,6558.89,338.18,1.0,-6220.71,Mismatch
TXN000001501,2053.54,444.85,1.0,-1608.69,Mismatch
TXN000001504,303.09,0.0,0.0,-303.09,Mismatch
TXN000001505,2647.48,0.0,0.0,-2647.48,Mismatch
TXN000001508,1460.3,495.91,1.0,-964.3899999999999,Mismatch
TXN000001513,4148.23,246.18,1.0,-3902.0499999999997,Mismatch
TXN000001516,2047.2199999999998,292.49,1.0,-1754.7299999999998,Mismatch
TXN000001518,1180.74,0.0,0.0,-1180.74,Mismatch
TXN000001520,447.42,0.0,0.0,-447.42,Mismatch
TXN000001521,918.99,289.07,1.0,-629.9200000000001,Mismatch
TXN000001522,1196.54,0.0,0.0,-1196.54,Mismatch
TXN000001524,1684.9499999999998,26.25,1.0,-1658.6999999999998,Mismatch
TXN000001529,2522.42,78.83,1.0,-2443.59,Mismatch
TXN000001530,2945.64,0.0,0.0,-2945.64,Mismatch
TXN000001533,2287.5,68.05,1.0,-2219.45,Mismatch
TXN000001534,657.92,0.0,0.0,-657.92,Mismatch
TXN000001540,99.82,0.0,0.0,-99.82,Mismatch
TXN000001543,1698.3899999999999,663.24,2.0,-1035.1499999999999,Mismatch
TXN000001547,6461.429999999999,0.0,0.0,-6461.429999999999,Mismatch
TXN000001549,3047.6400000000003,232.2,1.0,-2815.4400000000005,Mismatch
TXN000001554,3595.7400000000002,88.04,1.0,-3507.7000000000003,Mismatch
TXN000001555,2171.96,0.0,0.0,-2171.96,Mismatch
TXN000001556,2164.7,281.32,1.0,-1883.3799999999999,Mismatch
TXN000001557,2155.1099999999997,229.43,1.0,-1925.6799999999996,Mismatch
TXN000001559,93.46,0.0,0.0,-93.46,Mismatch
TXN000001562,4018.0099999999998,0.0,0.0,-4018.0099999999998,Mismatch
TXN000001563,899.11,0.0,0.0,-899.11,Mismatch
TXN000001564,1697.6100000000001,276.29,1.0,-1421.3200000000002,Mismatch
TXN000001567,4310.94,0.0,0.0,-4310.94,Mismatch
TXN000001570,969.3199999999999,0.0,0.0,-969.3199999999999,Mismatch
TXN000001572,2423.87,52.92,1.0,-2370.95,Mismatch
TXN000001574,7880.06,0.0,0.0,-7880.06,Mismatch
TXN000001579,496.05,62.07,1.0,-433.98,Mismatch
TXN000001581,2784.65,115.65,1.0,-2669.0,Mismatch
TXN000001583,1410.2,62.75,1.0,-1347.45,Mismatch
TXN000001584,2337.64,0.0,0.0,-2337.64,Mismatch
TXN000001586,1409.5,216.47,1.0,-1193.03,Mismatch
TXN000001587,2465.84,0.0,0.0,-2465.84,Mismatch
TXN000001590,4759.72,401.88,1.0,-4357.84,Mismatch
TXN000001592,397.63,485.3,1.0,87.67000000000002,Mismatch
TXN000001593,692.49,222.62,1.0,-469.87,Mismatch
TXN000001594,1720.22,0.0,0.0,-1720.22,Mismatch
TXN000001596,2386.22,242.06,1.0,-2144.16,Mismatch
TXN000001597,1731.2,62.54,1.0,-1668.66,Mismatch
TXN000001598,2630.2400000000002,445.68,1.0,-2184.5600000000004,Mismatch
TXN000001600,1509.0,445.02,1.0,-1063.98,Mismatch
TXN000001601,1643.06,0.0,0.0,-1643.06,Mismatch
TXN000001602,404.68,73.8,1.0,-330.88,Mismatch
TXN000001607,1357.66,0.0,0.0,-1357.66,Mismatch
TXN000001610,264.9,0.0,0.0,-264.9,Mismatch
TXN000001611,3166.38,103.84,1.0,-3062.54,Mismatch
TXN000001612,48.32,0.0,0.0,-48.32,Mismatch
TXN000001614,923.64,106.05,2.0,-817.59,Mismatch
TXN000001615,1008.78,0.0,0.0,-1008.78,Mismatch
TXN000001616,500.66,114.85,1.0,-385.81000000000006,Mismatch
TXN000001617,176.88,50.07,1.0,-126.81,Mismatch
TXN000001619,1995.22,0.0,0.0,-1995.22,Mismatch
TXN000001621,1169.5500000000002,292.87,1.0,-876.6800000000002,Mismatch
TXN000001627,1034.8400000000001,150.42,1.0,-884.4200000000002,Mismatch
TXN000001629,2199.44,257.17,1.0,-1942.27,Mismatch
TXN000001632,346.87,46.3,1.0,-300.57,Mismatch
TXN000001636,118.28,242.5,1.0,124.22,Mismatch
TXN000001637,131.67000000000002,496.81,1.0,365.14,Mismatch
TXN000001638,1860.9800000000002,0.0,0.0,-1860.9800000000002,Mismatch
TXN000001639,327.82,129.23,1.0,-198.59,Mismatch
TXN000001641,2413.72,102.28,1.0,-2311.4399999999996,Mismatch
TXN000001642,2667.0499999999997,0.0,0.0,-2667.0499999999997,Mismatch
TXN000001643,793.7,0.0,0.0,-793.7,Mismatch
TXN000001648,3663.07,452.0,1.0,-3211.07,Mismatch
TXN000001650,1843.99,240.36,1.0,-1603.63,Mismatch
TXN000001651,2187.7999999999997,465.22,1.0,-1722.5799999999997,Mismatch
TXN000001652,548.65,301.55,1.0,-247.09999999999997,Mismatch
TXN000001653,8825.04,0.0,0.0,-8825.04,Mismatch
TXN000001654,490.72,198.44,1.0,-292.28000000000003,Mismatch
TXN000001659,518.54,52.63,1.0,-465.90999999999997,Mismatch
TXN000001662,2392.74,433.44,2.0,-1959.2999999999997,Mismatch
TXN000001663,436.5,0.0,0.0,-436.5,Mismatch
TXN000001664,2069.7200000000003,0.0,0.0,-2069.7200000000003,Mismatch
TXN000001666,707.6800000000001,367.06,1.0,-340.62000000000006,Mismatch
TXN000001671,1154.72,0.0,0.0,-1154.72,Mismatch
TXN000001672,3402.69,450.72,1.0,-2951.9700000000003,Mismatch
TXN000001673,7709.849999999999,251.94,1.0,-7457.91,Mismatch
TXN000001674,855.7,0.0,0.0,-855.7,Mismatch
TXN000001675,257.47,447.34,1.0,189.86999999999995,Mismatch
TXN000001677,2408.41,0.0,0.0,-2408.41,Mismatch
TXN000001678,3392.6,17.68,1.0,-3374.92,Mismatch
TXN000001681,2887.06,0.0,0.0,-2887.06,Mismatch
TXN000001683,6278.04,85.07,1.0,-6192.97,Mismatch
TXN000001684,374.76,315.48,1.0,-59.27999999999997,Mismatch
TXN000001688,1317.57,0.0,0.0,-1317.57,Mismatch
TXN000001689,4106.09,379.14,1.0,-3726.9500000000003,Mismatch
TXN000001690,369.16,112.99,1.0,-256.17,Mismatch
TXN000001692,442.38,137.01,1.0,-305.37,Mismatch
TXN000001700,3439.23,352.94,1.0,-3086.29,Mismatch
TXN000001701,5262.7,366.07,1.0,-4896.63,Mismatch
TXN000001703,1985.3,0.0,0.0,-1985.3,Mismatch
TXN000001710,5350.25,180.52,1.0,-5169.73,Mismatch
TXN000001712,1595.51,0.0,0.0,-1595.51,Mismatch
TXN000001716,3481.57,182.3,1.0,-3299.27,Mismatch
TXN000001717,350.36,0.0,0.0,-350.36,Mismatch
TXN000001719,2350.67,205.37,1.0,-2145.3,Mismatch
TXN000001721,1844.75,52.94,1.0,-1791.81,Mismatch
TXN000001723,2093.1600000000003,0.0,0.0,-2093.1600000000003,Mismatch
TXN000001725,4041.4799999999996,0.0,0.0,-4041.4799999999996,Mismatch
TXN000001728,1800.19,0.0,0.0,-1800.19,Mismatch
TXN000001731,1455.27,353.67,1.0,-1101.6,Mismatch
TXN000001733,2791.3100000000004,77.04,1.0,-2714.2700000000004,Mismatch
TXN000001737,2111.54,26.96,1.0,-2084.58,Mismatch
TXN000001741,172.54,447.5,1.0,274.96000000000004,Mismatch
TXN000001742,3979.87,154.41,1.0,-3825.46,Mismatch
TXN000001745,1091.62,0.0,0.0,-1091.62,Mismatch
TXN000001747,292.86,0.0,0.0,-292.86,Mismatch
TXN000001748,4102.66,80.79,1.0,-4021.87,Mismatch
TXN000001750,194.9,765.89,2.0,570.99,Mismatch
TXN000001755,105.92,0.0,0.0,-105.92,Mismatch
TXN000001760,2244.98,0.0,0.0,-2244.98,Mismatch
TXN000001766,801.73,221.62,1.0,-580.11,Mismatch
TXN000001767,714.29,363.68,1.0,-350.60999999999996,Mismatch
TXN000001770,792.36,0.0,0.0,-792.36,Mismatch
TXN000001772,2197.76,0.0,0.0,-2197.76,Mismatch
TXN000001779,7365.959999999999,329.02,1.0,-7036.939999999999,Mismatch
TXN000001781,4870.54,145.18,1.0,-4725.36,Mismatch
TXN000001787,4395.77,478.65,1.0,-3917.1200000000003,Mismatch
TXN000001788,1708.13,0.0,0.0,-1708.13,Mismatch
TXN000001789,2261.37,330.0,1.0,-1931.37,Mismatch
TXN000001794,789.1500000000001,0.0,0.0,-789.1500000000001,Mismatch
TXN000001795,2957.62,0.0,0.0,-2957.62,Mismatch
TXN000001799,1610.88,401.5,1.0,-1209.38,Mismatch
TXN000001802,1225.7199999999998,160.14,1.0,-1065.58,Mismatch
TXN000001803,221.77,330.24,1.0,108.47,Mismatch
TXN000001804,86.35,489.59,1.0,403.24,Mismatch
TXN000001807,178.19,0.0,0.0,-178.19,Mismatch
TXN000001814,3885.02,497.94,1.0,-3387.08,Mismatch
TXN000001815,642.13,74.13,1.0,-568.0,Mismatch
TXN000001817,1710.6200000000001,7.3,1.0,-1703.3200000000002,Mismatch
TXN000001821,1664.7,357.71,1.0,-1306.99,Mismatch
TXN000001827,508.68,0.0,0.0,-508.68,Mismatch
TXN000001829,8.3,210.96,1.0,202.66,Mismatch
TXN000001830,2751.48,119.23,1.0,-2632.25,Mismatch
TXN000001831,829.9300000000001,0.0,0.0,-829.9300000000001,Mismatch
TXN000001832,776.95,0.0,0.0,-776.95,Mismatch
TXN000001833,502.78,100.36,1.0,-402.41999999999996,Mismatch
TXN000001837,6195.66,218.32,1.0,-5977.34,Mismatch
TXN000001840,1009.74,0.0,0.0,-1009.74,Mismatch
TXN000001848,3306.74,230.41,1.0,-3076.33,Mismatch
TXN000001850,6184.9400000000005,332.13,1.0,-5852.81,Mismatch
TXN000001851,418.13,307.63,1.0,-110.5,Mismatch
TXN000001852,656.58,0.0,0.0,-656.58,Mismatch
TXN000001854,2085.76,467.08,1.0,-1618.6800000000003,Mismatch
TXN000001856,2877.77,330.58,1.0,-2547.19,Mismatch
TXN000001858,2920.3199999999997,320.53,1.0,-2599.79,Mismatch
TXN000001859,735.56,219.54,1.0,-516.02,Mismatch
TXN000001860,90.23,121.18,1.0,30.950000000000003,Mismatch
TXN000001861,1063.4,0.0,0.0,-1063.4,Mismatch
TXN000001864,1617.68,92.33,1.0,-1525.3500000000001,Mismatch
TXN000001869,4736.17,0.0,0.0,-4736.17,Mismatch
TXN000001870,2640.7799999999997,104.18,1.0,-2536.6,Mismatch
TXN000001874,77.50999999999999,89.23,1.0,11.720000000000013,Mismatch
TXN000001876,798.1800000000001,492.58,1.0,-305.6000000000001,Mismatch
TXN000001877,629.1899999999999,101.42,1.0,-527.77,Mismatch
TXN000001879,2258.7,278.58,1.0,-1980.12,Mismatch
TXN000001880,878.0,201.74,1.0,-676.26,Mismatch
TXN000001884,1650.1200000000001,0.0,0.0,-1650.1200000000001,Mismatch
TXN000001887,893.0,499.29,1.0,-393.71,Mismatch
TXN000001891,1352.33,0.0,0.0,-1352.33,Mismatch
TXN000001893,3345.75,35.22,1.0,-3310.53,Mismatch
TXN000001894,4317.97,0.0,0.0,-4317.97,Mismatch
TXN000001899,1542.02,0.0,0.0,-1542.02,Mismatch
TXN000001901,3124.22,277.66,1.0,-2846.56,Mismatch
TXN000001906,146.58,441.2,1.0,294.62,Mismatch
TXN000001910,639.52,405.0,1.0,-234.51999999999998,Mismatch
TXN000001912,901.9300000000001,178.38,1.0,-723.5500000000001,Mismatch
TXN000001913,2182.58,188.23,1.0,-1994.35,Mismatch
TXN000001915,293.46999999999997,431.9,1.0,138.43,Mismatch
TXN000001917,3503.21,230.02,1.0,-3273.19,Mismatch
TXN000001918,1487.39,430.79,1.0,-1056.6000000000001,Mismatch
TXN000001920,588.58,447.81,1.0,-140.77000000000004,Mismatch
TXN000001921,2349.8199999999997,318.22,1.0,-2031.5999999999997,Mismatch
TXN000001925,14.86,153.64,1.0,138.77999999999997,Mismatch
TXN000001926,1429.18,188.13,1.0,-1241.0500000000002,Mismatch
TXN000001927,112.26,0.0,0.0,-112.26,Mismatch
TXN000001928,5919.45,0.0,0.0,-5919.45,Mismatch
TXN000001929,4037.34,97.92,1.0,-3939.42,Mismatch
TXN000001935,2186.54,218.97,1.0,-1967.57,Mismatch
TXN000001938,5382.06,314.05,1.0,-5068.01,Mismatch
TXN000001939,885.9100000000001,119.43,1.0,-766.48,Mismatch
TXN000001940,790.77,208.8,1.0,-581.97,Mismatch
TXN000001942,1588.17,0.0,0.0,-1588.17,Mismatch
TXN000001945,816.36,404.8,1.0,-411.56,Mismatch
TXN000001946,2036.13,0.0,0.0,-2036.13,Mismatch
TXN000001947,115.3,196.62,1.0,81.32000000000001,Mismatch
TXN000001951,3247.0,0.0,0.0,-3247.0,Mismatch
TXN000001954,1328.5900000000001,419.84,1.0,-908.7500000000002,Mismatch
TXN000001955,179.62,0.0,0.0,-179.62,Mismatch
TXN000001957,288.75,403.66,1.0,114.91000000000003,Mismatch
TXN000001959,5577.68,0.0,0.0,-5577.68,Mismatch
TXN000001962,5866.46,0.0,0.0,-5866.46,Mismatch
TXN000001965,286.42,263.7,1.0,-22.720000000000027,Mismatch
TXN000001967,682.21,374.02,1.0,-308.19000000000005,Mismatch
TXN000001968,26.28,0.0,0.0,-26.28,Mismatch
TXN000001969,3196.92,128.69,1.0,-3068.23,Mismatch
TXN000001970,118.56,125.76,1.0,7.200000000000003,Mismatch
TXN000001971,1274.0100000000002,245.73,1.0,-1028.2800000000002,Mismatch
TXN000001981,1449.7800000000002,225.26,1.0,-1224.5200000000002,Mismatch
TXN000001982,3282.67,401.11,1.0,-2881.56,Mismatch
TXN000001983,1023.8599999999999,261.31,1.0,-762.55,Mismatch
TXN000001986,490.8,0.0,0.0,-490.8,Mismatch
TXN000001987,1481.3600000000001,0.0,0.0,-1481.3600000000001,Mismatch
TXN000001988,757.23,0.0,0.0,-757.23,Mismatch
TXN000001990,228.68,18.97,1.0,-209.71,Mismatch
TXN000001996,1222.85,0.0,0.0,-1222.85,Mismatch
TXN000001998,454.21000000000004,0.0,0.0,-454.21000000000004,Mismatch
TXN000001999,5024.03,130.86,1.0,-4893.17,Mismatch
TXN000002001,3027.18,0.0,0.0,-3027.18,Mismatch
TXN000002002,1130.0,331.38,1.0,-798.62,Mismatch
TXN000002005,51.74,21.79,1.0,-29.950000000000003,Mismatch
TXN000002009,75.08,137.97,1.0,62.89,Mismatch
TXN000002011,431.39,359.24,1.0,-72.14999999999998,Mismatch
TXN000002012,1502.83,292.45,1.0,-1210.3799999999999,Mismatch
TXN000002016,3590.79,0.0,0.0,-3590.79,Mismatch
TXN000002020,2177.89,0.0,0.0,-2177.89,Mismatch
TXN000002021,1389.28,287.3,1.0,-1101.98,Mismatch
TXN000002022,1361.44,0.0,0.0,-1361.44,Mismatch
TXN000002025,961.1700000000001,332.39,1.0,-628.7800000000001,Mismatch
TXN000002028,89.73,385.21,1.0,295.47999999999996,Mismatch
TXN000002029,2682.1,481.36,1.0,-2200.74,Mismatch
TXN000002033,386.34000000000003,428.02,1.0,41.67999999999995,Mismatch
TXN000002034,2319.75,438.02,1.0,-1881.73,Mismatch
TXN000002035,1208.36,6.24,1.0,-1202.12,Mismatch
TXN000002038,1584.53,290.48,1.0,-1294.05,Mismatch
TXN000002042,733.8199999999999,175.15,1.0,-558.67,Mismatch
TXN000002043,1935.6799999999998,0.0,0.0,-1935.6799999999998,Mismatch
TXN000002048,2051.16,393.35,1.0,-1657.81,Mismatch
TXN000002049,214.5,0.0,0.0,-214.5,Mismatch
TXN000002050,2244.62,121.4,1.0,-2123.22,Mismatch
TXN000002052,1356.1,80.86,1.0,-1275.24,Mismatch
TXN000002054,325.3,46.67,1.0,-278.63,Mismatch
TXN000002057,643.1999999999999,0.0,0.0,-643.1999999999999,Mismatch
TXN000002058,897.42,262.72,1.0,-634.6999999999999,Mismatch
TXN000002059,55.78,295.79,1.0,240.01000000000002,Mismatch
TXN000002061,1625.23,400.21,1.0,-1225.02,Mismatch
TXN000002065,7048.34,257.28,1.0,-6791.06,Mismatch
TXN000002067,5895.320000000001,0.0,0.0,-5895.320000000001,Mismatch
TXN000002068,1630.69,141.72,1.0,-1488.97,Mismatch
TXN000002070,2360.2400000000002,0.0,0.0,-2360.2400000000002,Mismatch
TXN000002073,903.11,10.71,1.0,-892.4,Mismatch
TXN000002074,687.9000000000001,278.6,1.0,-409.30000000000007,Mismatch
TXN000002076,350.68,118.81,1.0,-231.87,Mismatch
TXN000002078,93.3,17.69,1.0,-75.61,Mismatch
TXN000002083,4239.3099999999995,218.41,1.0,-4020.8999999999996,Mismatch
TXN000002086,5665.23,0.0,0.0,-5665.23,Mismatch
TXN000002088,1814.8,232.4,1.0,-1582.3999999999999,Mismatch
TXN000002089,121.32,342.06,1.0,220.74,Mismatch
TXN000002092,6203.3099999999995,378.28,1.0,-5825.03,Mismatch
TXN000002096,646.9,0.0,0.0,-646.9,Mismatch
TXN000002098,4852.700000000001,0.0,0.0,-4852.700000000001,Mismatch
TXN000002102,2888.55,49.76,1.0,-2838.79,Mismatch
TXN000002103,788.74,348.74,1.0,-440.0,Mismatch
TXN000002105,471.17,52.93,1.0,-418.24,Mismatch
TXN000002107,446.65,481.69,1.0,35.04000000000002,Mismatch
TXN000002108,3256.35,0.0,0.0,-3256.35,Mismatch
TXN000002110,4190.610000000001,209.83,1.0,-3980.7800000000007,Mismatch
TXN000002111,2555.6499999999996,0.0,0.0,-2555.6499999999996,Mismatch
TXN000002112,508.31,198.62,1.0,-309.69,Mismatch
TXN000002115,4967.03,117.63,1.0,-4849.4,Mismatch
TXN000002119,3243.85,0.0,0.0,-3243.85,Mismatch
TXN000002123,676.52,0.0,0.0,-676.52,Mismatch
TXN000002124,478.05,293.63,1.0,-184.42000000000002,Mismatch
TXN000002128,1828.9099999999999,368.48,1.0,-1460.4299999999998,Mismatch
TXN000002129,2627.97,316.37,1.0,-2311.6,Mismatch
TXN000002130,1286.59,0.0,0.0,-1286.59,Mismatch
TXN000002133,4054.9300000000003,310.56,1.0,-3744.3700000000003,Mismatch
TXN000002135,3074.65,0.0,0.0,-3074.65,Mismatch
TXN000002143,2458.5,295.73,1.0,-2162.77,Mismatch
TXN000002147,1584.0,280.26,1.0,-1303.74,Mismatch
TXN000002150,246.42,126.07,1.0,-120.35,Mismatch
TXN000002152,1458.18,465.38,1.0,-992.8000000000001,Mismatch
TXN000002153,2214.0099999999998,0.0,0.0,-2214.0099999999998,Mismatch
TXN000002154,4350.44,341.93,1.0,-4008.5099999999998,Mismatch
TXN000002156,1734.94,206.42,1.0,-1528.52,Mismatch
TXN000002157,4748.84,377.19,1.0,-4371.650000000001,Mismatch
TXN000002159,542.02,16.33,1.0,-525.6899999999999,Mismatch
TXN000002160,801.2800000000001,0.0,0.0,-801.2800000000001,Mismatch
TXN000002161,516.35,392.5,1.0,-123.85000000000002,Mismatch
TXN000002164,5121.1900000000005,0.0,0.0,-5121.1900000000005,Mismatch
TXN000002166,15.36,89.13,1.0,73.77,Mismatch
TXN000002167,651.72,47.47,1.0,-604.25,Mismatch
TXN000002169,267.24,473.04,1.0,205.8,Mismatch
TXN000002170,2319.3399999999997,186.05,1.0,-2133.2899999999995,Mismatch
TXN000002171,1654.1399999999999,0.0,0.0,-1654.1399999999999,Mismatch
TXN000002174,894.71,410.65,1.0,-484.06000000000006,Mismatch
TXN000002175,5581.360000000001,154.62,1.0,-5426.740000000001,Mismatch
TXN000002177,4555.530000000001,112.94,1.0,-4442.590000000001,Mismatch
TXN000002178,518.3199999999999,0.0,0.0,-518.3199999999999,Mismatch
TXN000002183,1879.26,471.09,1.0,-1408.17,Mismatch
TXN000002184,2433.21,0.0,0.0,-2433.21,Mismatch
TXN000002185,3896.43,150.43,1.0,-3746.0,Mismatch
TXN000002188,875.99,480.37,1.0,-395.62,Mismatch
TXN000002190,793.32,0.0,0.0,-793.32,Mismatch
TXN000002191,702.3299999999999,0.0,0.0,-702.3299999999999,Mismatch
TXN000002193,687.53,0.0,0.0,-687.53,Mismatch
TXN000002194,1136.2,117.02,1.0,-1019.1800000000001,Mismatch
TXN000002196,1477.5500000000002,251.23,1.0,-1226.3200000000002,Mismatch
TXN000002200,455.5,293.88,1.0,-161.62,Mismatch
TXN000002201,1070.4099999999999,0.0,0.0,-1070.4099999999999,Mismatch
TXN000002205,1364.09,346.7,1.0,-1017.3899999999999,Mismatch
TXN000002211,507.32,97.69,1.0,-409.63,Mismatch
TXN000002212,2124.48,0.0,0.0,-2124.48,Mismatch
TXN000002213,3011.2,433.83,1.0,-2577.37,Mismatch
TXN000002214,663.48,150.64,1.0,-512.84,Mismatch
TXN000002217,1325.91,371.57,1.0,-954.3400000000001,Mismatch
TXN000002218,1556.2,0.0,0.0,-1556.2,Mismatch
TXN000002219,766.24,232.94,1.0,-533.3,Mismatch
TXN000002221,1527.31,0.0,0.0,-1527.31,Mismatch
TXN000002224,1684.28,305.88,1.0,-1378.4,Mismatch
TXN000002232,4303.1,369.68,1.0,-3933.4200000000005,Mismatch
TXN000002235,3924.7000000000003,0.0,0.0,-3924.7000000000003,Mismatch
TXN000002238,1278.8600000000001,454.15,1.0,-824.7100000000002,Mismatch
TXN000002240,1437.21,0.0,0.0,-1437.21,Mismatch
TXN000002242,1768.61,0.0,0.0,-1768.61,Mismatch
TXN000002243,750.44,319.88,1.0,-430.56000000000006,Mismatch
TXN000002244,1795.73,0.0,0.0,-1795.73,Mismatch
TXN000002246,1584.0,134.56,1.0,-1449.44,Mismatch
TXN000002254,104.5,154.46,1.0,49.96000000000001,Mismatch
TXN000002256,654.99,432.43,1.0,-222.56,Mismatch
TXN000002257,3795.68,130.66,1.0,-3665.02,Mismatch
TXN000002258,154.98,249.12,1.0,94.14000000000001,Mismatch
TXN000002261,2070.79,443.45,1.0,-1627.34,Mismatch
TXN000002264,980.06,163.26,1.0,-816.8,Mismatch
TXN000002267,5158.0,0.0,0.0,-5158.0,Mismatch
TXN000002269,1735.0900000000001,0.0,0.0,-1735.0900000000001,Mismatch
TXN000002270,14.12,318.21,1.0,304.09,Mismatch
TXN000002271,2509.99,237.06,1.0,-2272.93,Mismatch
TXN000002273,188.94,396.95,1.0,208.01,Mismatch
TXN000002274,6803.18,482.17,1.0,-6321.01,Mismatch
TXN000002275,4262.91,295.76,1.0,-3967.1499999999996,Mismatch
TXN000002277,2759.8,62.75,1.0,-2697.05,Mismatch
TXN000002280,2314.5,0.0,0.0,-2314.5,Mismatch
TXN000002285,109.08,479.25,1.0,370.17,Mismatch
TXN000002286,676.01,0.0,0.0,-676.01,Mismatch
TXN000002288,1653.5099999999998,0.0,0.0,-1653.5099999999998,Mismatch
TXN000002289,6815.28,365.38,1.0,-6449.9,Mismatch
TXN000002290,5467.37,12.15,1.0,-5455.22,Mismatch
TXN000002292,1286.66,0.0,0.0,-1286.66,Mismatch
TXN000002295,1433.1799999999998,77.9,1.0,-1355.2799999999997,Mismatch
TXN000002296,2648.8,0.0,0.0,-2648.8,Mismatch
TXN000002297,3128.1,0.0,0.0,-3128.1,Mismatch
TXN000002301,5742.89,265.87,1.0,-5477.02,Mismatch
TXN000002302,5545.95,419.42,1.0,-5126.53,Mismatch
TXN000002303,1232.67,482.96,1.0,-749.71,Mismatch
TXN000002304,3000.5,67.87,1.0,-2932.63,Mismatch
TXN000002307,213.49,27.71,1.0,-185.78,Mismatch
TXN000002309,1161.76,14.73,1.0,-1147.03,Mismatch
TXN000002310,549.69,0.0,0.0,-549.69,Mismatch
TXN000002311,2735.6000000000004,174.86,1.0,-2560.7400000000002,Mismatch
TXN000002312,2156.01,0.0,0.0,-2156.01,Mismatch
TXN000002315,7920.92,149.66,1.0,-7771.26,Mismatch
TXN000002316,4152.59,0.0,0.0,-4152.59,Mismatch
TXN000002319,3309.93,301.69,1.0,-3008.24,Mismatch
TXN000002320,4826.51,376.37,1.0,-4450.14,Mismatch
TXN000002322,2289.48,0.0,0.0,-2289.48,Mismatch
TXN000002324,1716.8700000000001,328.06,1.0,-1388.8100000000002,Mismatch
TXN000002334,826.88,297.41,1.0,-529.47,Mismatch
TXN000002335,1833.0,139.17,1.0,-1693.83,Mismatch
TXN000002342,528.96,46.75,1.0,-482.21000000000004,Mismatch
TXN000002343,4581.75,95.93,1.0,-4485.82,Mismatch
TXN000002348,1127.69,0.0,0.0,-1127.69,Mismatch
TXN000002350,2411.5299999999997,0.0,0.0,-2411.5299999999997,Mismatch
TXN000002351,2078.36,0.0,0.0,-2078.36,Mismatch
TXN000002352,1472.4099999999999,0.0,0.0,-1472.4099999999999,Mismatch
TXN000002356,239.14,36.16,1.0,-202.98,Mismatch
TXN000002359,3082.47,0.0,0.0,-3082.47,Mismatch
TXN000002360,3539.06,461.82,1.0,-3077.24,Mismatch
TXN000002362,1263.57,67.9,1.0,-1195.6699999999998,Mismatch
TXN000002363,28.849999999999998,455.26,1.0,426.40999999999997,Mismatch
TXN000002364,5452.23,0.0,0.0,-5452.23,Mismatch
TXN000002365,1058.01,316.65,1.0,-741.36,Mismatch
TXN000002368,193.55,0.0,0.0,-193.55,Mismatch
TXN000002369,2902.72,271.19,1.0,-2631.5299999999997,Mismatch
TXN000002371,1555.75,352.65,1.0,-1203.1,Mismatch
TXN000002374,1878.24,34.49,1.0,-1843.75,Mismatch
TXN000002380,2600.33,0.0,0.0,-2600.33,Mismatch
TXN000002381,2420.6,0.0,0.0,-2420.6,Mismatch
TXN000002383,409.94,466.48,1.0,56.54000000000002,Mismatch
TXN000002385,331.18,370.33,1.0,39.14999999999998,Mismatch
TXN000002386,883.71,0.0,0.0,-883.71,Mismatch
TXN000002389,574.91,270.48,1.0,-304.42999999999995,Mismatch
TXN000002392,2477.12,0.0,0.0,-2477.12,Mismatch
TXN000002394,1434.1,357.13,1.0,-1076.9699999999998,Mismatch
TXN000002395,1967.1999999999998,241.28,1.0,-1725.9199999999998,Mismatch
TXN000002396,908.76,86.74,1.0,-822.02,Mismatch
TXN000002400,2859.96,344.14,1.0,-2515.82,Mismatch
TXN000002406,1299.65,495.6,1.0,-804.0500000000001,Mismatch
TXN000002407,2944.1,37.18,1.0,-2906.92,Mismatch
TXN000002409,928.87,322.85,1.0,-606.02,Mismatch
TXN000002410,576.85,392.15,1.0,-184.70000000000005,Mismatch
TXN000002411,128.78,0.0,0.0,-128.78,Mismatch
TXN000002412,4888.97,101.02,1.0,-4787.95,Mismatch
TXN000002413,3640.89,144.04,1.0,-3496.85,Mismatch
TXN000002414,5383.549999999999,35.27,1.0,-5348.279999999999,Mismatch
TXN000002417,5636.110000000001,202.21,1.0,-5433.900000000001,Mismatch
TXN000002420,2563.46,0.0,0.0,-2563.46,Mismatch
TXN000002426,3470.4800000000005,79.31,1.0,-3391.1700000000005,Mismatch
TXN000002427,2736.85,0.0,0.0,-2736.85,Mismatch
TXN000002428,6040.92,0.0,0.0,-6040.92,Mismatch
TXN000002430,645.47,0.0,0.0,-645.47,Mismatch
TXN000002432,2472.68,271.92,1.0,-2200.7599999999998,Mismatch
TXN000002433,4478.509999999999,0.0,0.0,-4478.509999999999,Mismatch
TXN000002436,2362.08,0.0,0.0,-2362.08,Mismatch
TXN000002438,510.58,173.17,1.0,-337.40999999999997,Mismatch
TXN000002439,1109.46,344.13,1.0,-765.33,Mismatch
TXN000002444,4499.8,234.37,1.0,-4265.43,Mismatch
TXN000002447,6132.48,307.11,1.0,-5825.37,Mismatch
TXN000002449,264.78,123.7,1.0,-141.07999999999998,Mismatch
TXN000002452,4566.1900000000005,0.0,0.0,-4566.1900000000005,Mismatch
TXN000002453,683.22,241.9,1.0,-441.32000000000005,Mismatch
TXN000002454,595.36,0.0,0.0,-595.36,Mismatch
TXN000002455,1043.41,411.6,1.0,-631.8100000000001,Mismatch
TXN000002463,3490.47,86.8,1.0,-3403.6699999999996,Mismatch
TXN000002466,2341.2,220.78,1.0,-2120.4199999999996,Mismatch
TXN000002471,4313.46,181.56,1.0,-4131.9,Mismatch
TXN000002472,609.9,462.97,1.0,-146.92999999999995,Mismatch
TXN000002473,3510.2000000000003,0.0,0.0,-3510.2000000000003,Mismatch
TXN000002474,577.5699999999999,0.0,0.0,-577.5699999999999,Mismatch
TXN000002476,681.12,94.83,1.0,-586.29,Mismatch
TXN000002479,491.34,0.0,0.0,-491.34,Mismatch
TXN000002482,2779.9500000000003,148.18,1.0,-2631.7700000000004,Mismatch
TXN000002485,1601.5500000000002,0.0,0.0,-1601.5500000000002,Mismatch
TXN000002486,213.07,89.72,1.0,-123.35,Mismatch
TXN000002487,2435.25,470.91,1.0,-1964.34,Mismatch
TXN000002488,1271.92,0.0,0.0,-1271.92,Mismatch
TXN000002490,285.86,399.37,1.0,113.50999999999999,Mismatch
TXN000002491,1079.6200000000001,458.44,1.0,-621.1800000000001,Mismatch
TXN000002493,1763.3,0.0,0.0,-1763.3,Mismatch
TXN000002495,6252.379999999999,0.0,0.0,-6252.379999999999,Mismatch
TXN000002496,220.54,15.15,1.0,-205.39,Mismatch
TXN000002497,230.65,0.0,0.0,-230.65,Mismatch
TXN000002498,2391.12,146.82,1.0,-2244.2999999999997,Mismatch
TXN000002499,5846.299999999999,400.89,1.0,-5445.409999999999,Mismatch
TXN000002500,777.6,175.85,1.0,-601.75,Mismatch
TXN000002505,212.28,133.24,1.0,-79.03999999999999,Mismatch
TXN000002507,288.45000000000005,475.52,1.0,187.06999999999994,Mismatch
TXN000002508,2499.13,498.08,1.0,-2001.0500000000002,Mismatch
TXN000002514,485.47,0.0,0.0,-485.47,Mismatch
TXN000002516,2728.3599999999997,0.0,0.0,-2728.3599999999997,Mismatch
TXN000002517,1224.6,0.0,0.0,-1224.6,Mismatch
TXN000002519,3569.66,0.0,0.0,-3569.66,Mismatch
TXN000002520,3301.08,391.36,1.0,-2909.72,Mismatch
TXN000002522,308.29,43.47,1.0,-264.82000000000005,Mismatch
TXN000002528,843.94,40.24,1.0,-803.7,Mismatch
TXN000002529,3761.3300000000004,0.0,0.0,-3761.3300000000004,Mismatch
TXN000002530,293.29999999999995,215.1,1.0,-78.19999999999996,Mismatch
TXN000002532,1437.1,339.85,1.0,-1097.25,Mismatch
TXN000002533,881.64,0.0,0.0,-881.64,Mismatch
TXN000002534,3120.75,23.61,1.0,-3097.14,Mismatch
TXN000002536,1026.1000000000001,0.0,0.0,-1026.1000000000001,Mismatch
TXN000002538,562.44,0.0,0.0,-562.44,Mismatch
TXN000002541,589.38,95.21,1.0,-494.17,Mismatch
TXN000002544,345.12,0.0,0.0,-345.12,Mismatch
TXN000002546,165.97,135.1,1.0,-30.870000000000005,Mismatch
TXN000002548,3672.56,246.42,1.0,-3426.14,Mismatch
TXN000002551,1449.6,0.0,0.0,-1449.6,Mismatch
TXN000002556,1355.04,78.57000000000001,2.0,-1276.47,Mismatch
TXN000002557,318.28000000000003,50.35,1.0,-267.93,Mismatch
TXN000002558,867.97,0.0,0.0,-867.97,Mismatch
TXN000002559,888.45,391.19,1.0,-497.26000000000005,Mismatch
TXN000002563,2459.82,0.0,0.0,-2459.82,Mismatch
TXN000002565,457.81,77.82,1.0,-379.99,Mismatch
TXN000002567,2745.52,401.72,1.0,-2343.8,Mismatch
TXN000002572,2798.37,530.3399999999999,2.0,-2268.0299999999997,Mismatch
TXN000002577,49.27,217.32,1.0,168.04999999999998,Mismatch
TXN000002579,2167.96,0.0,0.0,-2167.96,Mismatch
TXN000002580,4352.93,369.71,1.0,-3983.2200000000003,Mismatch
TXN000002582,3542.92,67.04,1.0,-3475.88,Mismatch
TXN000002584,545.76,341.01,1.0,-204.75,Mismatch
TXN000002585,2079.2000000000003,129.74,1.0,-1949.4600000000003,Mismatch
TXN000002586,3331.17,104.69,1.0,-3226.48,Mismatch
TXN000002593,262.44,58.29,1.0,-204.15,Mismatch
TXN000002594,216.61,429.7,1.0,213.08999999999997,Mismatch
TXN000002601,745.8,0.0,0.0,-745.8,Mismatch
TXN000002604,1598.15,0.0,0.0,-1598.15,Mismatch
TXN000002606,3713.2799999999997,132.86,1.0,-3580.4199999999996,Mismatch
TXN000002607,694.8100000000001,0.0,0.0,-694.8100000000001,Mismatch
TXN000002608,3343.1800000000003,40.96,1.0,-3302.2200000000003,Mismatch
TXN000002610,2466.84,0.0,0.0,-2466.84,Mismatch
TXN000002614,1340.6200000000001,7.68,1.0,-1332.94,Mismatch
TXN000002617,4083.43,429.12,1.0,-3654.31,Mismatch
TXN000002618,1944.52,0.0,0.0,-1944.52,Mismatch
TXN000002619,4170.139999999999,345.29,1.0,-3824.8499999999995,Mismatch
TXN000002621,3387.1400000000003,305.05,1.0,-3082.09,Mismatch
TXN000002622,1423.68,0.0,0.0,-1423.68,Mismatch
TXN000002626,3157.9,55.22,1.0,-3102.6800000000003,Mismatch
TXN000002628,2951.41,0.0,0.0,-2951.41,Mismatch
TXN000002629,6981.55,217.88,1.0,-6763.67,Mismatch
TXN000002632,25.35,467.31,1.0,441.96,Mismatch
TXN000002633,559.35,387.76,1.0,-171.59000000000003,Mismatch
TXN000002634,1472.3,230.75,1.0,-1241.55,Mismatch
TXN000002636,2026.02,0.0,0.0,-2026.02,Mismatch
TXN000002638,2843.66,461.92,1.0,-2381.74,Mismatch
TXN000002646,711.57,250.91,1.0,-460.6600000000001,Mismatch
TXN000002648,1936.91,56.95,1.0,-1879.96,Mismatch
TXN000002650,2136.38,0.0,0.0,-2136.38,Mismatch
TXN000002652,2598.12,0.0,0.0,-2598.12,Mismatch
TXN000002655,430.36,0.0,0.0,-430.36,Mismatch
TXN000002658,7682.51,0.0,0.0,-7682.51,Mismatch
TXN000002662,178.42000000000002,336.97,1.0,158.55,Mismatch
TXN000002663,287.14,0.0,0.0,-287.14,Mismatch
TXN000002664,536.24,439.36,1.0,-96.88,Mismatch
TXN000002666,3744.0400000000004,225.51,1.0,-3518.5300000000007,Mismatch
TXN000002668,2265.61,0.0,0.0,-2265.61,Mismatch
TXN000002669,3227.68,0.0,0.0,-3227.68,Mismatch
TXN000002671,746.52,0.0,0.0,-746.52,Mismatch
TXN000002673,1694.3200000000002,19.09,1.0,-1675.2300000000002,Mismatch
TXN000002679,678.86,214.09,1.0,-464.77,Mismatch
TXN000002683,354.29,70.54,1.0,-283.75,Mismatch
TXN000002686,231.12,442.14,1.0,211.01999999999998,Mismatch
TXN000002687,563.15,241.49,1.0,-321.65999999999997,Mismatch
TXN000002689,565.24,235.28,1.0,-329.96000000000004,Mismatch
TXN000002692,7835.49,116.8,1.0,-7718.69,Mismatch
TXN000002693,2336.3,0.0,0.0,-2336.3,Mismatch
TXN000002694,1143.57,0.0,0.0,-1143.57,Mismatch
TXN000002696,794.74,30.55,1.0,-764.19,Mismatch
TXN000002697,1566.2,266.42,1.0,-1299.78,Mismatch
TXN000002701,3491.9800000000005,432.19,1.0,-3059.7900000000004,Mismatch
TXN000002707,2690.85,0.0,0.0,-2690.85,Mismatch
TXN000002708,1253.1399999999999,121.38,1.0,-1131.7599999999998,Mismatch
TXN000002709,2607.6000000000004,430.97,1.0,-2176.63,Mismatch
TXN000002710,3433.35,0.0,0.0,-3433.35,Mismatch
TXN000002712,210.35,0.0,0.0,-210.35,Mismatch
TXN000002717,518.2,0.0,0.0,-518.2,Mismatch
TXN000002719,1191.7,283.97,1.0,-907.73,Mismatch
TXN000002721,331.68,0.0,0.0,-331.68,Mismatch
TXN000002722,1609.32,64.88,1.0,-1544.44,Mismatch
TXN000002724,1278.32,225.41,1.0,-1052.9099999999999,Mismatch
TXN000002725,2631.02,0.0,0.0,-2631.02,Mismatch
TXN000002730,2569.66,0.0,0.0,-2569.66,Mismatch
TXN000002731,1679.74,0.0,0.0,-1679.74,Mismatch
TXN000002734,4875.54,0.0,0.0,-4875.54,Mismatch
TXN000002736,1103.15,432.93,1.0,-670.22,Mismatch
TXN000002738,715.02,173.11,1.0,-541.91,Mismatch
TXN000002743,1172.6,136.04,1.0,-1036.56,Mismatch
TXN000002744,3059.24,0.0,0.0,-3059.24,Mismatch
TXN000002749,465.49,446.01,1.0,-19.480000000000018,Mismatch
TXN000002753,6809.71,0.0,0.0,-6809.71,Mismatch
TXN000002754,1694.29,404.58,1.0,-1289.71,Mismatch
TXN000002756,5621.25,0.0,0.0,-5621.25,Mismatch
TXN000002758,787.51,45.66,1.0,-741.85,Mismatch
TXN000002760,352.39,454.1,1.0,101.71000000000004,Mismatch
TXN000002762,3566.9900000000002,407.06,1.0,-3159.9300000000003,Mismatch
TXN000002763,1478.6399999999999,167.11,1.0,-1311.5299999999997,Mismatch
TXN000002764,2597.21,0.0,0.0,-2597.21,Mismatch
TXN000002766,857.5,0.0,0.0,-857.5,Mismatch
TXN000002767,640.44,172.15,1.0,-468.2900000000001,Mismatch
TXN000002771,3570.0299999999997,0.0,0.0,-3570.0299999999997,Mismatch
TXN000002772,2425.58,465.72,1.0,-1959.86,Mismatch
TXN000002777,3135.6899999999996,0.0,0.0,-3135.6899999999996,Mismatch
TXN000002783,7272.41,477.57,1.0,-6794.84,Mismatch
TXN000002784,933.08,0.0,0.0,-933.08,Mismatch
TXN000002785,1284.44,162.6,1.0,-1121.8400000000001,Mismatch
TXN000002787,945.06,173.99,1.0,-771.0699999999999,Mismatch
TXN000002788,1515.04,361.88,1.0,-1153.1599999999999,Mismatch
TXN000002790,1804.77,192.2,1.0,-1612.57,Mismatch
TXN000002791,4123.36,512.63,2.0,-3610.7299999999996,Mismatch
TXN000002792,180.04,59.99,1.0,-120.04999999999998,Mismatch
TXN000002797,640.76,457.91,1.0,-182.84999999999997,Mismatch
TXN000002798,1589.0600000000002,7.8,1.0,-1581.2600000000002,Mismatch
TXN000002800,3039.69,67.26,1.0,-2972.43,Mismatch
TXN000002804,881.88,139.67,1.0,-742.21,Mismatch
TXN000002806,1782.0699999999997,400.18,1.0,-1381.8899999999996,Mismatch
TXN000002808,3535.5499999999997,351.23,1.0,-3184.3199999999997,Mismatch
TXN000002811,5955.4400000000005,388.83,1.0,-5566.610000000001,Mismatch
TXN000002814,1492.4,218.83,1.0,-1273.5700000000002,Mismatch
TXN000002816,2101.8199999999997,0.0,0.0,-2101.8199999999997,Mismatch
TXN000002817,642.13,326.29,1.0,-315.84,Mismatch
TXN000002818,3289.93,0.0,0.0,-3289.93,Mismatch
TXN000002825,1448.3600000000001,0.0,0.0,-1448.3600000000001,Mismatch
TXN000002826,3034.23,0.0,0.0,-3034.23,Mismatch
TXN000002827,2995.41,376.38,1.0,-2619.0299999999997,Mismatch
TXN000002828,5538.79,396.27,1.0,-5142.52,Mismatch
TXN000002831,3129.42,0.0,0.0,-3129.42,Mismatch
TXN000002832,624.72,0.0,0.0,-624.72,Mismatch
TXN000002833,4006.2799999999997,354.41,1.0,-3651.87,Mismatch
TXN000002836,356.88,0.0,0.0,-356.88,Mismatch
TXN000002838,1335.02,68.27,1.0,-1266.75,Mismatch
TXN000002841,995.28,268.44,1.0,-726.8399999999999,Mismatch
TXN000002842,5079.53,0.0,0.0,-5079.53,Mismatch
TXN000002847,25.89,0.0,0.0,-25.89,Mismatch
TXN000002851,1165.0,70.56,1.0,-1094.44,Mismatch
TXN000002856,1780.94,0.0,0.0,-1780.94,Mismatch
TXN000002860,703.56,340.73,1.0,-362.8299999999999,Mismatch
TXN000002861,1458.58,101.14,1.0,-1357.4399999999998,Mismatch
TXN000002863,287.5,376.99,1.0,89.49000000000001,Mismatch
TXN000002864,732.02,140.65,1.0,-591.37,Mismatch
TXN000002865,1108.95,0.0,0.0,-1108.95,Mismatch
TXN000002870,2500.58,0.0,0.0,-2500.58,Mismatch
TXN000002872,94.93,491.46,1.0,396.53,Mismatch
TXN000002873,80.15,198.56,1.0,118.41,Mismatch
TXN000002875,3818.3300000000004,374.77,1.0,-3443.5600000000004,Mismatch
TXN000002876,3084.2,0.0,0.0,-3084.2,Mismatch
TXN000002883,1901.0700000000002,322.78,1.0,-1578.2900000000002,Mismatch
TXN000002887,2376.02,98.01,1.0,-2278.0099999999998,Mismatch
TXN000002889,2586.3399999999997,0.0,0.0,-2586.3399999999997,Mismatch
TXN000002890,379.62,38.38,1.0,-341.24,Mismatch
TXN000002891,2516.27,359.57,1.0,-2156.7,Mismatch
TXN000002892,1131.52,162.09,1.0,-969.43,Mismatch
TXN000002894,2250.2799999999997,237.01,1.0,-2013.2699999999998,Mismatch
TXN000002896,145.67000000000002,0.0,0.0,-145.67000000000002,Mismatch
TXN000002901,458.22,111.3,1.0,-346.92,Mismatch
TXN000002903,1185.28,0.0,0.0,-1185.28,Mismatch
TXN000002904,4350.92,0.0,0.0,-4350.92,Mismatch
TXN000002906,2402.4,0.0,0.0,-2402.4,Mismatch
TXN000002908,3617.96,326.74,1.0,-3291.2200000000003,Mismatch
TXN000002910,1207.3600000000001,0.0,0.0,-1207.3600000000001,Mismatch
TXN000002913,4356.3,121.99,1.0,-4234.31,Mismatch
TXN000002914,532.41,463.81,1.0,-68.59999999999997,Mismatch
TXN000002915,3122.8499999999995,395.15,1.0,-2727.6999999999994,Mismatch
TXN000002916,2097.96,488.64,1.0,-1609.3200000000002,Mismatch
TXN000002919,135.1,115.89,1.0,-19.209999999999994,Mismatch
TXN000002920,1522.6599999999999,7.9,1.0,-1514.7599999999998,Mismatch
TXN000002921,1959.2,0.0,0.0,-1959.2,Mismatch
TXN000002924,758.6700000000001,442.53,1.0,-316.1400000000001,Mismatch
TXN000002926,901.36,255.22,1.0,-646.14,Mismatch
TXN000002927,1382.08,0.0,0.0,-1382.08,Mismatch
TXN000002929,1046.78,116.09,1.0,-930.6899999999999,Mismatch
TXN000002930,124.2,432.01,1.0,307.81,Mismatch
TXN000002931,336.88,0.0,0.0,-336.88,Mismatch
TXN000002932,277.69,322.6,1.0,44.910000000000025,Mismatch
TXN000002938,1738.2600000000002,409.34,1.0,-1328.9200000000003,Mismatch
TXN000002939,1464.64,0.0,0.0,-1464.64,Mismatch
TXN000002940,396.6,466.24,1.0,69.63999999999999,Mismatch
TXN000002941,741.03,482.1,1.0,-258.92999999999995,Mismatch
TXN000002943,8213.29,0.0,0.0,-8213.29,Mismatch
TXN000002947,2883.42,0.0,0.0,-2883.42,Mismatch
TXN000002948,4952.83,481.45,1.0,-4471.38,Mismatch
TXN000002950,1074.3600000000001,320.86,1.0,-753.5000000000001,Mismatch
TXN000002952,77.75,0.0,0.0,-77.75,Mismatch
TXN000002957,4341.41,62.78,1.0,-4278.63,Mismatch
TXN000002958,1120.58,0.0,0.0,-1120.58,Mismatch
TXN000002959,2224.33,456.51,1.0,-1767.82,Mismatch
TXN000002960,347.54,0.0,0.0,-347.54,Mismatch
TXN000002962,1948.4199999999998,54.86,1.0,-1893.56,Mismatch
TXN000002963,867.2,11.26,1.0,-855.94,Mismatch
TXN000002964,2471.6400000000003,173.64,1.0,-2298.0000000000005,Mismatch
TXN000002965,284.94,0.0,0.0,-284.94,Mismatch
TXN000002968,629.54,0.0,0.0,-629.54,Mismatch
TXN000002973,3022.5499999999997,0.0,0.0,-3022.5499999999997,Mismatch
TXN000002975,1175.8,185.7,1.0,-990.0999999999999,Mismatch
TXN000002980,2296.73,0.0,0.0,-2296.73,Mismatch
TXN000002986,2551.86,0.0,0.0,-2551.86,Mismatch
TXN000002988,1297.1,116.57,1.0,-1180.53,Mismatch
TXN000002990,1563.88,0.0,0.0,-1563.88,Mismatch
TXN000002995,976.77,32.61,1.0,-944.16,Mismatch
TXN000002996,1564.94,234.6,1.0,-1330.3400000000001,Mismatch
TXN000002997,1906.21,0.0,0.0,-1906.21,Mismatch
TXN000002999,2429.15,346.36,1.0,-2082.79,Mismatch
TXN000003000,3158.1000000000004,0.0,0.0,-3158.1000000000004,Mismatch
TXN000003002,2319.5099999999998,0.0,0.0,-2319.5099999999998,Mismatch
TXN000003003,2104.76,412.49,1.0,-1692.2700000000002,Mismatch
TXN000003005,440.23,465.39,1.0,25.159999999999968,Mismatch
TXN000003006,2237.41,0.0,0.0,-2237.41,Mismatch
TXN000003009,5553.35,221.88,1.0,-5331.47,Mismatch
TXN000003010,263.41,439.98,1.0,176.57,Mismatch
TXN000003016,613.5600000000001,0.0,0.0,-613.5600000000001,Mismatch
TXN000003019,1019.27,356.05,1.0,-663.22,Mismatch
TXN000003028,1370.4499999999998,415.22,1.0,-955.2299999999998,Mismatch
TXN000003030,1672.7600000000002,309.85,1.0,-1362.9100000000003,Mismatch
TXN000003032,5249.76,246.93,1.0,-5002.83,Mismatch
TXN000003035,965.0,108.9,1.0,-856.1,Mismatch
TXN000003037,521.53,18.66,1.0,-502.86999999999995,Mismatch
TXN000003038,674.94,263.26,1.0,-411.68000000000006,Mismatch
TXN000003039,3077.5,383.33,1.0,-2694.17,Mismatch
TXN000003042,4341.62,589.11,2.0,-3752.5099999999998,Mismatch
TXN000003043,1905.64,236.47,1.0,-1669.17,Mismatch
TXN000003047,1068.2,0.0,0.0,-1068.2,Mismatch
TXN000003049,743.88,224.95,1.0,-518.9300000000001,Mismatch
TXN000003052,575.91,270.83,1.0,-305.08,Mismatch
TXN000003054,798.65,496.09,1.0,-302.56,Mismatch
TXN000003057,1623.15,497.85,1.0,-1125.3000000000002,Mismatch
TXN000003061,1787.9899999999998,0.0,0.0,-1787.9899999999998,Mismatch
TXN000003062,7220.67,0.0,0.0,-7220.67,Mismatch
TXN000003067,234.62,293.8,1.0,59.18000000000001,Mismatch
TXN000003069,3538.18,346.55,1.0,-3191.6299999999997,Mismatch
TXN000003072,2636.84,283.47,1.0,-2353.37,Mismatch
TXN000003073,2689.24,301.48,1.0,-2387.7599999999998,Mismatch
TXN000003074,4937.63,434.08,1.0,-4503.55,Mismatch
TXN000003076,4082.7,0.0,0.0,-4082.7,Mismatch
TXN000003079,51.74,427.85,1.0,376.11,Mismatch
TXN000003087,517.8299999999999,0.0,0.0,-517.8299999999999,Mismatch
TXN000003088,5918.09,0.0,0.0,-5918.09,Mismatch
TXN000003090,3067.31,143.77,1.0,-2923.54,Mismatch
TXN000003091,1206.65,374.97,1.0,-831.6800000000001,Mismatch
TXN000003094,2997.2400000000002,480.06,1.0,-2517.1800000000003,Mismatch
TXN000003095,2333.87,113.15,1.0,-2220.72,Mismatch
TXN000003097,2733.11,353.14,1.0,-2379.9700000000003,Mismatch
TXN000003099,2656.0600000000004,306.97,1.0,-2349.09,Mismatch
TXN000003101,731.27,0.0,0.0,-731.27,Mismatch
TXN000003102,1102.82,0.0,0.0,-1102.82,Mismatch
TXN000003104,268.96,0.0,0.0,-268.96,Mismatch
TXN000003112,1114.7,88.83,1.0,-1025.8700000000001,Mismatch
TXN000003119,142.03,0.0,0.0,-142.03,Mismatch
TXN000003121,835.44,207.99,1.0,-627.45,Mismatch
TXN000003125,507.13,0.0,0.0,-507.13,Mismatch
TXN000003126,1224.42,244.01,1.0,-980.4100000000001,Mismatch
TXN000003131,304.5,386.43,1.0,81.93,Mismatch
TXN000003132,4471.16,241.88,1.0,-4229.28,Mismatch
TXN000003133,4067.34,143.32,1.0,-3924.02,Mismatch
TXN000003134,501.75,0.0,0.0,-501.75,Mismatch
TXN000003137,2551.84,0.0,0.0,-2551.84,Mismatch
TXN000003138,2761.1,64.6,1.0,-2696.5,Mismatch
TXN000003139,2385.51,381.47,1.0,-2004.0400000000002,Mismatch
TXN000003140,471.33,132.73,1.0,-338.6,Mismatch
TXN000003144,437.75,159.93,1.0,-277.82,Mismatch
TXN000003147,2901.37,0.0,0.0,-2901.37,Mismatch
TXN000003148,646.6800000000001,475.31,1.0,-171.37000000000006,Mismatch
TXN000003149,84.46,0.0,0.0,-84.46,Mismatch
TXN000003150,4770.71,435.63,1.0,-4335.08,Mismatch
TXN000003152,2133.4,282.29,1.0,-1851.1100000000001,Mismatch
TXN000003154,1282.04,270.13,1.0,-1011.91,Mismatch
TXN000003158,438.11,0.0,0.0,-438.11,Mismatch
TXN000003159,1440.79,247.88,1.0,-1192.9099999999999,Mismatch
TXN000003163,2055.2200000000003,0.0,0.0,-2055.2200000000003,Mismatch
TXN000003167,1865.04,0.0,0.0,-1865.04,Mismatch
TXN000003170,166.41,246.18,1.0,79.77000000000001,Mismatch
TXN000003174,856.96,0.0,0.0,-856.96,Mismatch
TXN000003176,4933.450000000001,202.96,1.0,-4730.490000000001,Mismatch
TXN000003178,8889.45,391.9,1.0,-8497.550000000001,Mismatch
TXN000003180,3802.2099999999996,0.0,0.0,-3802.2099999999996,Mismatch
TXN000003181,814.1400000000001,246.08,1.0,-568.0600000000001,Mismatch
TXN000003182,1018.33,444.07,1.0,-574.26,Mismatch
TXN000003185,1027.56,0.0,0.0,-1027.56,Mismatch
TXN000003187,1699.94,221.84,1.0,-1478.1000000000001,Mismatch
TXN000003190,403.63,0.0,0.0,-403.63,Mismatch
TXN000003201,1279.6399999999999,208.76,1.0,-1070.8799999999999,Mismatch
TXN000003204,2803.1,54.81,1.0,-2748.29,Mismatch
TXN000003205,2794.66,226.26,1.0,-2568.3999999999996,Mismatch
TXN000003209,2300.57,0.0,0.0,-2300.57,Mismatch
TXN000003210,1479.6299999999999,0.0,0.0,-1479.6299999999999,Mismatch
TXN000003211,1951.76,28.85,1.0,-1922.91,Mismatch
TXN000003212,1150.65,0.0,0.0,-1150.65,Mismatch
TXN000003213,681.72,354.33,1.0,-327.39000000000004,Mismatch
TXN000003217,1357.82,0.0,0.0,-1357.82,Mismatch
TXN000003219,6661.01,360.07,1.0,-6300.9400000000005,Mismatch
TXN000003221,2621.61,333.07,1.0,-2288.54,Mismatch
TXN000003223,663.52,200.13,1.0,-463.39,Mismatch
TXN000003226,3628.28,233.09,1.0,-3395.19,Mismatch
TXN000003227,2070.5200000000004,247.12,1.0,-1823.4000000000005,Mismatch
TXN000003228,2818.75,190.23,1.0,-2628.52,Mismatch
TXN000003229,949.7,0.0,0.0,-949.7,Mismatch
TXN000003230,2678.49,496.55,1.0,-2181.9399999999996,Mismatch
TXN000003232,874.89,123.89,1.0,-751.0,Mismatch
TXN000003235,1848.33,0.0,0.0,-1848.33,Mismatch
TXN000003236,1175.46,331.41,1.0,-844.05,Mismatch
TXN000003239,381.12,117.27,1.0,-263.85,Mismatch
TXN000003242,7264.39,67.47,1.0,-7196.92,Mismatch
TXN000003243,3762.79,0.0,0.0,-3762.79,Mismatch
TXN000003244,1542.94,265.47,1.0,-1277.47,Mismatch
TXN000003245,371.61,17.88,1.0,-353.73,Mismatch
TXN000003254,3639.36,0.0,0.0,-3639.36,Mismatch
TXN000003255,7355.81,317.05,1.0,-7038.76,Mismatch
TXN000003259,3584.7,199.81,1.0,-3384.89,Mismatch
TXN000003261,514.73,337.54,1.0,-177.19,Mismatch
TXN000003262,526.56,0.0,0.0,-526.56,Mismatch
TXN000003263,5691.54,0.0,0.0,-5691.54,Mismatch
TXN000003266,287.52,384.86,1.0,97.34000000000003,Mismatch
TXN000003267,687.1800000000001,0.0,0.0,-687.1800000000001,Mismatch
TXN000003269,756.5699999999999,77.19,1.0,-679.3799999999999,Mismatch
TXN000003272,1945.46,323.78,1.0,-1621.68,Mismatch
TXN000003273,233.05,0.0,0.0,-233.05,Mismatch
TXN000003278,1176.26,115.71,1.0,-1060.55,Mismatch
TXN000003280,751.21,0.0,0.0,-751.21,Mismatch
TXN000003284,1914.5,194.4,1.0,-1720.1,Mismatch
TXN000003286,4156.91,417.05,1.0,-3739.8599999999997,Mismatch
TXN000003287,1422.1799999999998,882.25,2.0,-539.9299999999998,Mismatch
TXN000003290,3121.76,314.61,1.0,-2807.15,Mismatch
TXN000003292,684.21,0.0,0.0,-684.21,Mismatch
TXN000003293,3277.1000000000004,275.61,1.0,-3001.4900000000002,Mismatch
TXN000003294,1583.36,123.95,1.0,-1459.4099999999999,Mismatch
TXN000003295,1048.8999999999999,0.0,0.0,-1048.8999999999999,Mismatch
TXN000003296,134.78,456.68,1.0,321.9,Mismatch
TXN000003298,3909.92,0.0,0.0,-3909.92,Mismatch
TXN000003299,287.47,170.97,1.0,-116.50000000000003,Mismatch
TXN000003300,374.64,0.0,0.0,-374.64,Mismatch
TXN000003302,111.86,18.08,1.0,-93.78,Mismatch
TXN000003304,370.75,80.26,1.0,-290.49,Mismatch
TXN000003306,1997.89,24.25,1.0,-1973.64,Mismatch
TXN000003310,1423.08,151.73,1.0,-1271.35,Mismatch
TXN000003312,363.55,255.5,1.0,-108.05000000000001,Mismatch
TXN000003315,1062.46,44.32,1.0,-1018.14,Mismatch
TXN000003316,3978.23,368.55,1.0,-3609.68,Mismatch
TXN000003319,698.32,309.03,1.0,-389.2900000000001,Mismatch
TXN000003321,1975.04,323.27,1.0,-1651.77,Mismatch
TXN000003323,151.55,252.96,1.0,101.41,Mismatch
TXN000003324,3756.02,0.0,0.0,-3756.02,Mismatch
TXN000003327,695.3,56.56,1.0,-638.74,Mismatch
TXN000003333,905.4,270.4,1.0,-635.0,Mismatch
TXN000003338,2931.54,265.47,1.0,-2666.0699999999997,Mismatch
TXN000003341,6401.09,440.55,1.0,-5960.54,Mismatch
TXN000003343,2534.19,0.0,0.0,-2534.19,Mismatch
TXN000003344,4688.87,430.66,1.0,-4258.21,Mismatch
TXN000003345,3896.58,0.0,0.0,-3896.58,Mismatch
TXN000003346,1281.29,331.35,1.0,-949.9399999999999,Mismatch
TXN000003347,1479.05,0.0,0.0,-1479.05,Mismatch
TXN000003348,4676.34,208.79,1.0,-4467.55,Mismatch
TXN000003349,699.66,102.96,1.0,-596.6999999999999,Mismatch
TXN000003350,3304.99,358.16,1.0,-2946.83,Mismatch
TXN000003356,1360.27,0.0,0.0,-1360.27,Mismatch
TXN000003358,721.86,65.71,1.0,-656.15,Mismatch
TXN000003361,1548.8200000000002,252.13,1.0,-1296.69,Mismatch
TXN000003362,1632.6599999999999,229.94,1.0,-1402.7199999999998,Mismatch
TXN000003363,4902.15,0.0,0.0,-4902.15,Mismatch
TXN000003365,4829.25,127.58,1.0,-4701.67,Mismatch
TXN000003366,2125.37,0.0,0.0,-2125.37,Mismatch
TXN000003370,1814.8500000000001,382.56,1.0,-1432.2900000000002,Mismatch
TXN000003371,3354.37,458.45,2.0,-2895.92,Mismatch
TXN000003372,1512.0700000000002,416.91,1.0,-1095.16,Mismatch
TXN000003375,2388.79,0.0,0.0,-2388.79,Mismatch
TXN000003376,2534.76,131.92,1.0,-2402.84,Mismatch
TXN000003379,3606.5499999999993,0.0,0.0,-3606.5499999999993,Mismatch
TXN000003380,281.0,0.0,0.0,-281.0,Mismatch
TXN000003381,2837.4,58.99,1.0,-2778.4100000000003,Mismatch
TXN000003383,1917.64,156.76,1.0,-1760.88,Mismatch
TXN000003384,33.11,0.0,0.0,-33.11,Mismatch
TXN000003385,2735.69,190.08,1.0,-2545.61,Mismatch
TXN000003390,724.08,0.0,0.0,-724.08,Mismatch
TXN000003391,710.44,243.82,1.0,-466.62000000000006,Mismatch
TXN000003394,959.64,299.41,1.0,-660.23,Mismatch
TXN000003395,2317.37,0.0,0.0,-2317.37,Mismatch
TXN000003398,2441.69,90.4,1.0,-2351.29,Mismatch
TXN000003401,4813.82,0.0,0.0,-4813.82,Mismatch
TXN000003406,6952.0,199.0,1.0,-6753.0,Mismatch
TXN000003409,875.28,498.4,1.0,-376.88,Mismatch
TXN000003410,4150.28,0.0,0.0,-4150.28,Mismatch
TXN000003411,3958.91,0.0,0.0,-3958.91,Mismatch
TXN000003413,1852.81,312.76,1.0,-1540.05,Mismatch
TXN000003415,712.97,107.79,1.0,-605.1800000000001,Mismatch
TXN000003416,3477.13,236.83,1.0,-3240.3,Mismatch
TXN000003418,3560.2000000000003,0.0,0.0,-3560.2000000000003,Mismatch
TXN000003421,4726.79,0.0,0.0,-4726.79,Mismatch
TXN000003423,398.49,0.0,0.0,-398.49,Mismatch
TXN000003424,2437.84,0.0,0.0,-2437.84,Mismatch
TXN000003426,1274.5500000000002,482.59,1.0,-791.9600000000003,Mismatch
TXN000003427,3535.62,294.61,1.0,-3241.0099999999998,Mismatch
TXN000003430,5174.46,370.37,1.0,-4804.09,Mismatch
TXN000003431,1196.08,215.04,1.0,-981.04,Mismatch
TXN000003432,1009.74,251.81,1.0,-757.9300000000001,Mismatch
TXN000003435,438.93000000000006,477.56,1.0,38.62999999999994,Mismatch
TXN000003443,537.76,0.0,0.0,-537.76,Mismatch
TXN000003449,102.82,0.0,0.0,-102.82,Mismatch
TXN000003450,1714.18,0.0,0.0,-1714.18,Mismatch
TXN000003451,742.88,346.26,1.0,-396.62,Mismatch
TXN000003452,3561.24,0.0,0.0,-3561.24,Mismatch
TXN000003454,876.94,277.42,1.0,-599.52,Mismatch
TXN000003455,929.5,266.36,1.0,-663.14,Mismatch
TXN000003457,4364.429999999999,210.4,1.0,-4154.03,Mismatch
TXN000003463,345.24,245.43,1.0,-99.81,Mismatch
TXN000003470,236.76,0.0,0.0,-236.76,Mismatch
TXN000003475,415.78,394.52,1.0,-21.25999999999999,Mismatch
TXN000003476,4915.99,0.0,0.0,-4915.99,Mismatch
TXN000003479,1100.64,0.0,0.0,-1100.64,Mismatch
TXN000003482,305.82,0.0,0.0,-305.82,Mismatch
TXN000003483,1838.84,444.44,1.0,-1394.3999999999999,Mismatch
TXN000003485,1193.2,0.0,0.0,-1193.2,Mismatch
TXN000003487,2965.72,179.01,1.0,-2786.71,Mismatch
TXN000003489,930.8,41.87,1.0,-888.93,Mismatch
TXN000003491,2569.62,207.24,1.0,-2362.38,Mismatch
TXN000003494,3708.5,0.0,0.0,-3708.5,Mismatch
TXN000003497,1119.7,468.81,1.0,-650.8900000000001,Mismatch
TXN000003498,94.05,0.0,0.0,-94.05,Mismatch
TXN000003499,2518.2799999999997,0.0,0.0,-2518.2799999999997,Mismatch
TXN000003500,1612.72,165.78,1.0,-1446.94,Mismatch
TXN000003501,3712.89,118.21,1.0,-3594.68,Mismatch
TXN000003506,385.82,0.0,0.0,-385.82,Mismatch
TXN000003507,2912.11,0.0,0.0,-2912.11,Mismatch
TXN000003511,836.3599999999999,242.96,1.0,-593.3999999999999,Mismatch
TXN000003513,5512.87,159.71,1.0,-5353.16,Mismatch
TXN000003518,7433.65,157.53,1.0,-7276.12,Mismatch
TXN000003519,2071.8,0.0,0.0,-2071.8,Mismatch
TXN000003520,1895.2,28.02,1.0,-1867.18,Mismatch
TXN000003521,1784.28,96.03,1.0,-1688.25,Mismatch
TXN000003527,1071.78,103.24,1.0,-968.54,Mismatch
TXN000003531,3085.78,268.01,1.0,-2817.7700000000004,Mismatch
TXN000003534,585.74,0.0,0.0,-585.74,Mismatch
TXN000003535,2374.39,0.0,0.0,-2374.39,Mismatch
TXN000003541,1970.66,0.0,0.0,-1970.66,Mismatch
TXN000003542,75.5,0.0,0.0,-75.5,Mismatch
TXN000003544,7810.84,358.75,1.0,-7452.09,Mismatch
TXN000003548,2551.67,292.8,1.0,-2258.87,Mismatch
TXN000003549,4913.34,0.0,0.0,-4913.34,Mismatch
TXN000003550,2729.62,96.15,1.0,-2633.47,Mismatch
TXN000003554,1967.28,0.0,0.0,-1967.28,Mismatch
TXN000003556,2281.32,300.95,1.0,-1980.3700000000001,Mismatch
TXN000003559,1291.5,157.6,1.0,-1133.9,Mismatch
TXN000003561,3663.3199999999997,333.04,1.0,-3330.2799999999997,Mismatch
TXN000003562,837.2,0.0,0.0,-837.2,Mismatch
TXN000003563,762.1500000000001,444.36,1.0,-317.7900000000001,Mismatch
TXN000003565,2028.49,285.84,1.0,-1742.65,Mismatch
TXN000003569,514.81,277.94,1.0,-236.86999999999995,Mismatch
TXN000003573,502.78,24.93,1.0,-477.84999999999997,Mismatch
TXN000003575,537.27,0.0,0.0,-537.27,Mismatch
TXN000003577,1553.09,262.96,1.0,-1290.1299999999999,Mismatch
TXN000003580,1153.52,0.0,0.0,-1153.52,Mismatch
TXN000003581,1469.21,0.0,0.0,-1469.21,Mismatch
TXN000003585,4055.7699999999995,221.79,1.0,-3833.9799999999996,Mismatch
TXN000003586,268.44,53.12,1.0,-215.32,Mismatch
TXN000003590,415.39,127.36,1.0,-288.03,Mismatch
TXN000003594,6028.8099999999995,176.15,1.0,-5852.66,Mismatch
TXN000003596,3662.21,131.2,1.0,-3531.01,Mismatch
TXN000003597,466.77,48.47,1.0,-418.29999999999995,Mismatch
TXN000003599,637.7800000000001,0.0,0.0,-637.7800000000001,Mismatch
TXN000003600,3080.16,0.0,0.0,-3080.16,Mismatch
TXN000003605,702.28,465.84,1.0,-236.44,Mismatch
TXN000003609,1821.34,401.46,1.0,-1419.8799999999999,Mismatch
TXN000003610,687.0300000000001,0.0,0.0,-687.0300000000001,Mismatch
TXN000003611,592.87,0.0,0.0,-592.87,Mismatch
TXN000003614,1356.02,330.21,1.0,-1025.81,Mismatch
TXN000003615,2661.93,354.11,1.0,-2307.8199999999997,Mismatch
TXN000003618,423.74,164.19,1.0,-259.55,Mismatch
TXN000003619,1435.88,394.83,1.0,-1041.0500000000002,Mismatch
TXN000003620,4675.88,311.24,1.0,-4364.64,Mismatch
TXN000003623,2049.56,0.0,0.0,-2049.56,Mismatch
TXN000003625,1858.21,0.0,0.0,-1858.21,Mismatch
TXN000003628,3378.2200000000003,456.69,1.0,-2921.53,Mismatch
TXN000003631,1270.02,218.65,1.0,-1051.37,Mismatch
TXN000003632,643.58,0.0,0.0,-643.58,Mismatch
TXN000003633,5557.5599999999995,0.0,0.0,-5557.5599999999995,Mismatch
TXN000003639,3095.1,44.52,1.0,-3050.58,Mismatch
TXN000003640,2172.1,485.12,1.0,-1686.98,Mismatch
TXN000003641,1718.05,0.0,0.0,-1718.05,Mismatch
TXN000003644,1204.9099999999999,180.66,1.0,-1024.2499999999998,Mismatch
TXN000003645,3438.23,345.68,2.0,-3092.55,Mismatch
TXN000003650,437.09000000000003,206.32,1.0,-230.77000000000004,Mismatch
TXN000003651,5126.12,0.0,0.0,-5126.12,Mismatch
TXN000003653,1813.1999999999998,0.0,0.0,-1813.1999999999998,Mismatch
TXN000003654,837.29,158.25,1.0,-679.04,Mismatch
TXN000003655,2691.35,0.0,0.0,-2691.35,Mismatch
TXN000003657,2854.0,312.91,1.0,-2541.09,Mismatch
TXN000003660,1197.74,0.0,0.0,-1197.74,Mismatch
TXN000003668,620.4,96.16,1.0,-524.24,Mismatch
TXN000003669,1006.3599999999999,0.0,0.0,-1006.3599999999999,Mismatch
TXN000003670,473.5,110.17,1.0,-363.33,Mismatch
TXN000003673,3273.46,168.21,1.0,-3105.25,Mismatch
TXN000003683,1235.71,0.0,0.0,-1235.71,Mismatch
TXN000003687,575.31,217.12,1.0,-358.18999999999994,Mismatch
TXN000003693,1978.5,0.0,0.0,-1978.5,Mismatch
TXN000003694,909.2,0.0,0.0,-909.2,Mismatch
TXN000003697,791.52,0.0,0.0,-791.52,Mismatch
TXN000003698,922.25,336.49,1.0,-585.76,Mismatch
TXN000003701,974.88,414.06,1.0,-560.8199999999999,Mismatch
TXN000003702,234.14999999999998,74.76,1.0,-159.39,Mismatch
TXN000003704,1252.04,0.0,0.0,-1252.04,Mismatch
TXN000003705,400.06,442.95,1.0,42.889999999999986,Mismatch
TXN000003706,1532.48,108.52,1.0,-1423.96,Mismatch
TXN000003709,3227.98,421.86,1.0,-2806.12,Mismatch
TXN000003710,2127.84,0.0,0.0,-2127.84,Mismatch
TXN000003711,4332.09,207.38,1.0,-4124.71,Mismatch
TXN000003712,2820.83,483.09,1.0,-2337.74,Mismatch
TXN000003714,638.94,0.0,0.0,-638.94,Mismatch
TXN000003715,719.97,47.44,1.0,-672.53,Mismatch
TXN000003717,437.5,0.0,0.0,-437.5,Mismatch
TXN000003718,3477.38,0.0,0.0,-3477.38,Mismatch
TXN000003719,237.07,235.77,1.0,-1.299999999999983,Mismatch
TXN000003720,1900.75,196.93,1.0,-1703.82,Mismatch
TXN000003721,3258.29,431.52,1.0,-2826.77,Mismatch
TXN000003722,2630.01,0.0,0.0,-2630.01,Mismatch
TXN000003724,1395.35,433.99,1.0,-961.3599999999999,Mismatch
TXN000003726,1395.12,0.0,0.0,-1395.12,Mismatch
TXN000003727,1342.4,346.7,1.0,-995.7,Mismatch
TXN000003729,1755.8,0.0,0.0,-1755.8,Mismatch
TXN000003730,4547.83,283.88,1.0,-4263.95,Mismatch
TXN000003734,3609.61,289.11,1.0,-3320.5,Mismatch
TXN000003735,2945.16,0.0,0.0,-2945.16,Mismatch
TXN000003736,1969.11,0.0,0.0,-1969.11,Mismatch
TXN000003737,2569.95,157.16,1.0,-2412.79,Mismatch
TXN000003739,1760.16,334.93,1.0,-1425.23,Mismatch
TXN000003745,3418.09,0.0,0.0,-3418.09,Mismatch
TXN000003747,1905.3,277.9,1.0,-1627.4,Mismatch
TXN000003749,962.2,413.35,1.0,-548.85,Mismatch
TXN000003753,248.73999999999998,0.0,0.0,-248.73999999999998,Mismatch
TXN000003757,3854.3600000000006,393.78,1.0,-3460.580000000001,Mismatch
TXN000003760,162.35,0.0,0.0,-162.35,Mismatch
TXN000003761,187.59,234.19,1.0,46.599999999999994,Mismatch
TXN000003765,4614.48,0.0,0.0,-4614.48,Mismatch
TXN000003767,789.54,0.0,0.0,-789.54,Mismatch
TXN000003768,458.95,497.59999999999997,2.0,38.64999999999998,Mismatch
TXN000003771,3572.35,380.36,1.0,-3191.99,Mismatch
TXN000003772,3500.14,0.0,0.0,-3500.14,Mismatch
TXN000003773,6040.54,267.0,1.0,-5773.54,Mismatch
TXN000003774,397.76,0.0,0.0,-397.76,Mismatch
TXN000003776,4804.1900000000005,0.0,0.0,-4804.1900000000005,Mismatch
TXN000003781,1020.3199999999999,0.0,0.0,-1020.3199999999999,Mismatch
TXN000003782,1353.89,199.79,1.0,-1154.1000000000001,Mismatch
TXN000003783,1351.14,339.03,2.0,-1012.1100000000001,Mismatch
TXN000003784,2322.9700000000003,193.2,1.0,-2129.7700000000004,Mismatch
TXN000003785,5427.41,269.24,1.0,-5158.17,Mismatch
TXN000003786,1576.9,0.0,0.0,-1576.9,Mismatch
TXN000003787,3369.74,0.0,0.0,-3369.74,Mismatch
TXN000003791,2008.55,0.0,0.0,-2008.55,Mismatch
TXN000003793,4187.25,365.96,1.0,-3821.29,Mismatch
TXN000003795,603.73,116.26,1.0,-487.47,Mismatch
TXN000003800,1949.5,354.2,1.0,-1595.3,Mismatch
TXN000003807,1363.8899999999999,412.02,1.0,-951.8699999999999,Mismatch
TXN000003813,3471.67,266.81,1.0,-3204.86,Mismatch
TXN000003815,4303.62,0.0,0.0,-4303.62,Mismatch
TXN000003816,2230.0299999999997,0.0,0.0,-2230.0299999999997,Mismatch
TXN000003820,3073.6099999999997,0.0,0.0,-3073.6099999999997,Mismatch
TXN000003823,2084.99,0.0,0.0,-2084.99,Mismatch
TXN000003826,2458.93,0.0,0.0,-2458.93,Mismatch
TXN000003830,3108.1,93.7,1.0,-3014.4,Mismatch
TXN000003842,5365.13,0.0,0.0,-5365.13,Mismatch
TXN000003843,3799.3,124.34,1.0,-3674.96,Mismatch
TXN000003844,1601.84,0.0,0.0,-1601.84,Mismatch
TXN000003846,9435.26,0.0,0.0,-9435.26,Mismatch
TXN000003847,3125.62,226.28,1.0,-2899.3399999999997,Mismatch
TXN000003852,3783.73,0.0,0.0,-3783.73,Mismatch
TXN000003853,837.29,0.0,0.0,-837.29,Mismatch
TXN000003855,3491.2,253.54,1.0,-3237.66,Mismatch
TXN000003856,560.3000000000001,154.01,1.0,-406.2900000000001,Mismatch
TXN000003862,1712.68,334.09,1.0,-1378.5900000000001,Mismatch
TXN000003865,3183.3999999999996,265.3,1.0,-2918.0999999999995,Mismatch
TXN000003866,8624.58,537.23,2.0,-8087.35,Mismatch
TXN000003867,498.5,0.0,0.0,-498.5,Mismatch
TXN000003870,1041.96,0.0,0.0,-1041.96,Mismatch
TXN000003871,2065.7000000000003,0.0,0.0,-2065.7000000000003,Mismatch
TXN000003881,1233.83,437.3,1.0,-796.53,Mismatch
TXN000003882,109.95,370.91,1.0,260.96000000000004,Mismatch
TXN000003887,2795.56,59.75,1.0,-2735.81,Mismatch
TXN000003888,64.16,0.0,0.0,-64.16,Mismatch
TXN000003902,968.21,0.0,0.0,-968.21,Mismatch
TXN000003903,6650.33,0.0,0.0,-6650.33,Mismatch
TXN000003904,1320.8000000000002,113.69,1.0,-1207.1100000000001,Mismatch
TXN000003906,2581.79,0.0,0.0,-2581.79,Mismatch
TXN000003912,431.39,418.96,1.0,-12.430000000000007,Mismatch
TXN000003916,1323.55,275.33,1.0,-1048.22,Mismatch
TXN000003917,324.84000000000003,262.96,1.0,-61.88000000000005,Mismatch
TXN000003918,2760.37,106.43,1.0,-2653.94,Mismatch
TXN000003919,1719.74,330.45,1.0,-1389.29,Mismatch
TXN000003922,1579.03,308.96,1.0,-1270.07,Mismatch
TXN000003923,3581.99,92.26,1.0,-3489.7299999999996,Mismatch
TXN000003924,116.87,168.38,1.0,51.50999999999999,Mismatch
TXN000003925,2189.5200000000004,0.0,0.0,-2189.5200000000004,Mismatch
TXN000003929,1652.42,181.41,1.0,-1471.01,Mismatch
TXN000003931,1851.21,0.0,0.0,-1851.21,Mismatch
TXN000003932,1330.28,0.0,0.0,-1330.28,Mismatch
TXN000003933,2866.36,100.89,1.0,-2765.4700000000003,Mismatch
TXN000003934,6.64,21.31,1.0,14.669999999999998,Mismatch
TXN000003936,2412.69,0.0,0.0,-2412.69,Mismatch
TXN000003937,815.91,0.0,0.0,-815.91,Mismatch
TXN000003939,940.03,189.28,1.0,-750.75,Mismatch
TXN000003940,2113.1,0.0,0.0,-2113.1,Mismatch
TXN000003943,5072.77,0.0,0.0,-5072.77,Mismatch
TXN000003946,323.28,0.0,0.0,-323.28,Mismatch
TXN000003948,6409.530000000001,0.0,0.0,-6409.530000000001,Mismatch
TXN000003949,756.05,202.16,1.0,-553.89,Mismatch
TXN000003953,3005.76,0.0,0.0,-3005.76,Mismatch
TXN000003955,917.95,0.0,0.0,-917.95,Mismatch
TXN000003960,2151.37,225.54,1.0,-1925.83,Mismatch
TXN000003968,535.09,0.0,0.0,-535.09,Mismatch
TXN000003971,1300.12,123.8,1.0,-1176.32,Mismatch
TXN000003975,1772.3899999999999,179.62,1.0,-1592.77,Mismatch
TXN000003976,1310.62,376.35,1.0,-934.2699999999999,Mismatch
TXN000003981,326.52,122.64,1.0,-203.88,Mismatch
TXN000003983,3125.16,191.52,1.0,-2933.64,Mismatch
TXN000003986,2482.15,432.91,1.0,-2049.2400000000002,Mismatch
TXN000003987,1902.65,0.0,0.0,-1902.65,Mismatch
TXN000003992,6381.31,285.82,1.0,-6095.490000000001,Mismatch
TXN000003996,2646.47,0.0,0.0,-2646.47,Mismatch
TXN000003999,2639.69,67.53,1.0,-2572.16,Mismatch
TXN000004002,550.49,210.13,1.0,-340.36,Mismatch
TXN000004006,3449.5,465.91,1.0,-2983.59,Mismatch
TXN000004011,3258.7799999999997,319.06,1.0,-2939.72,Mismatch
TXN000004012,958.14,141.95,1.0,-816.19,Mismatch
TXN000004014,1882.33,349.82,1.0,-1532.51,Mismatch
TXN000004015,4788.950000000001,147.57,1.0,-4641.380000000001,Mismatch
TXN000004016,175.1,117.07,1.0,-58.03,Mismatch
TXN000004017,2030.2599999999998,0.0,0.0,-2030.2599999999998,Mismatch
TXN000004018,2540.38,464.29,1.0,-2076.09,Mismatch
TXN000004020,5378.59,0.0,0.0,-5378.59,Mismatch
TXN000004021,236.33,69.98,1.0,-166.35000000000002,Mismatch
TXN000004024,553.84,41.99,1.0,-511.85,Mismatch
TXN000004025,5356.73,0.0,0.0,-5356.73,Mismatch
TXN000004027,1685.56,265.01,1.0,-1420.55,Mismatch
TXN000004028,3659.89,6.93,1.0,-3652.96,Mismatch
TXN000004029,421.48,467.56,1.0,46.079999999999984,Mismatch
TXN000004030,3205.9700000000003,319.97,1.0,-2886.0,Mismatch
TXN000004031,491.02000000000004,454.28,1.0,-36.740000000000066,Mismatch
TXN000004036,2768.08,0.0,0.0,-2768.08,Mismatch
TXN000004037,3342.2,305.38,1.0,-3036.8199999999997,Mismatch
TXN000004038,979.44,368.65,1.0,-610.7900000000001,Mismatch
TXN000004039,558.45,0.0,0.0,-558.45,Mismatch
TXN000004042,2230.59,0.0,0.0,-2230.59,Mismatch
TXN000004044,96.34,108.33,1.0,11.989999999999995,Mismatch
TXN000004049,1576.54,210.0,1.0,-1366.54,Mismatch
TXN000004052,3111.48,277.63,1.0,-2833.85,Mismatch
TXN000004054,3354.06,43.8,1.0,-3310.2599999999998,Mismatch
TXN000004057,2049.73,404.6,1.0,-1645.13,Mismatch
TXN000004058,5099.3099999999995,0.0,0.0,-5099.3099999999995,Mismatch
TXN000004062,4038.1800000000003,0.0,0.0,-4038.1800000000003,Mismatch
TXN000004063,5043.11,0.0,0.0,-5043.11,Mismatch
TXN000004064,250.52,0.0,0.0,-250.52,Mismatch
TXN000004065,1425.8899999999999,0.0,0.0,-1425.8899999999999,Mismatch
TXN000004066,3102.24,0.0,0.0,-3102.24,Mismatch
TXN000004070,2461.54,438.33,1.0,-2023.21,Mismatch
TXN000004071,1184.23,428.29,1.0,-755.94,Mismatch
TXN000004073,1092.0,375.97,1.0,-716.03,Mismatch
TXN000004074,2654.37,0.0,0.0,-2654.37,Mismatch
TXN000004075,1175.46,307.91,1.0,-867.55,Mismatch
TXN000004080,710.22,209.69,1.0,-500.53000000000003,Mismatch
TXN000004083,6676.34,51.02,1.0,-6625.32,Mismatch
TXN000004085,314.02,225.78,1.0,-88.23999999999998,Mismatch
TXN000004086,884.25,241.48,1.0,-642.77,Mismatch
TXN000004088,2419.12,453.42,1.0,-1965.6999999999998,Mismatch
TXN000004091,739.88,0.0,0.0,-739.88,Mismatch
TXN000004095,3947.8599999999997,0.0,0.0,-3947.8599999999997,Mismatch
TXN000004097,5107.61,0.0,0.0,-5107.61,Mismatch
TXN000004099,222.99,0.0,0.0,-222.99,Mismatch
TXN000004102,1623.84,0.0,0.0,-1623.84,Mismatch
TXN000004106,3426.5499999999997,0.0,0.0,-3426.5499999999997,Mismatch
TXN000004109,818.56,205.34,1.0,-613.2199999999999,Mismatch
TXN000004112,313.98,71.25,1.0,-242.73000000000002,Mismatch
TXN000004113,1334.1399999999999,178.55,1.0,-1155.59,Mismatch
TXN000004114,1935.94,199.05,1.0,-1736.89,Mismatch
TXN000004116,1441.32,0.0,0.0,-1441.32,Mismatch
TXN000004120,2267.6800000000003,0.0,0.0,-2267.6800000000003,Mismatch
TXN000004123,280.56,31.39,1.0,-249.17000000000002,Mismatch
TXN000004124,678.01,224.01,1.0,-454.0,Mismatch
TXN000004125,507.34000000000003,370.95,1.0,-136.39000000000004,Mismatch
TXN000004126,3200.26,418.0,1.0,-2782.26,Mismatch
TXN000004131,3764.1500000000005,157.38,1.0,-3606.7700000000004,Mismatch
TXN000004134,2447.1,0.0,0.0,-2447.1,Mismatch
TXN000004135,2150.23,6.27,1.0,-2143.96,Mismatch
TXN000004136,830.0699999999999,0.0,0.0,-830.0699999999999,Mismatch
TXN000004142,3150.33,0.0,0.0,-3150.33,Mismatch
TXN000004143,2550.0299999999997,231.2,1.0,-2318.83,Mismatch
TXN000004144,2617.0699999999997,31.17,1.0,-2585.8999999999996,Mismatch
TXN000004145,490.8,489.33,1.0,-1.4700000000000273,Mismatch
TXN000004150,564.74,351.13,1.0,-213.61,Mismatch
TXN000004151,588.75,0.0,0.0,-588.75,Mismatch
TXN000004152,1905.0700000000002,0.0,0.0,-1905.0700000000002,Mismatch
TXN000004154,3368.14,0.0,0.0,-3368.14,Mismatch
TXN000004159,2309.3599999999997,0.0,0.0,-2309.3599999999997,Mismatch
TXN000004161,1938.75,92.46,1.0,-1846.29,Mismatch
TXN000004164,811.8199999999999,492.85,1.0,-318.9699999999999,Mismatch
TXN000004165,1734.41,77.9,1.0,-1656.51,Mismatch
TXN000004167,2879.51,13.81,1.0,-2865.7000000000003,Mismatch
TXN000004171,961.8,205.17,1.0,-756.63,Mismatch
TXN000004172,1434.44,418.66,1.0,-1015.78,Mismatch
TXN000004174,2312.42,243.98,1.0,-2068.44,Mismatch
TXN000004178,3733.1800000000003,114.16,1.0,-3619.0200000000004,Mismatch
TXN000004179,3073.52,0.0,0.0,-3073.52,Mismatch
TXN000004181,1543.52,708.01,2.0,-835.51,Mismatch
TXN000004185,2871.05,133.35,1.0,-2737.7000000000003,Mismatch
TXN000004190,440.41,0.0,0.0,-440.41,Mismatch
TXN000004193,3150.14,366.19,1.0,-2783.95,Mismatch
TXN000004195,1742.0600000000002,0.0,0.0,-1742.0600000000002,Mismatch
TXN000004199,757.25,23.06,1.0,-734.19,Mismatch
TXN000004200,5719.110000000001,247.51,1.0,-5471.6,Mismatch
TXN000004205,1476.51,422.53,1.0,-1053.98,Mismatch
TXN000004206,741.37,431.02,1.0,-310.35,Mismatch
TXN000004207,2039.1599999999999,0.0,0.0,-2039.1599999999999,Mismatch
TXN000004210,952.2,383.18,1.0,-569.02,Mismatch
TXN000004212,1248.6,233.69,1.0,-1014.9099999999999,Mismatch
TXN000004213,5924.49,0.0,0.0,-5924.49,Mismatch
TXN000004220,2611.33,602.36,2.0,-2008.9699999999998,Mismatch
TXN000004225,2474.66,8.57,1.0,-2466.0899999999997,Mismatch
TXN000004227,670.9,0.0,0.0,-670.9,Mismatch
TXN000004228,364.8,282.68,1.0,-82.12,Mismatch
TXN000004229,1709.1299999999999,36.96,1.0,-1672.1699999999998,Mismatch
TXN000004231,782.76,0.0,0.0,-782.76,Mismatch
TXN000004232,783.64,234.05,2.0,-549.5899999999999,Mismatch
TXN000004237,206.99,0.0,0.0,-206.99,Mismatch
TXN000004239,6544.95,304.88,1.0,-6240.07,Mismatch
TXN000004242,1063.65,0.0,0.0,-1063.65,Mismatch
TXN000004243,809.62,63.22,1.0,-746.4,Mismatch
TXN000004246,1757.79,0.0,0.0,-1757.79,Mismatch
TXN000004247,1910.38,0.0,1.0,-1910.38,Mismatch
TXN000004249,417.22,317.64,1.0,-99.58000000000004,Mismatch
TXN000004250,301.61,339.27,1.0,37.65999999999997,Mismatch
TXN000004254,306.56,74.18,1.0,-232.38,Mismatch
TXN000004256,8991.300000000001,0.0,0.0,-8991.300000000001,Mismatch
TXN000004259,530.25,133.55,1.0,-396.7,Mismatch
TXN000004260,4879.35,363.63,1.0,-4515.72,Mismatch
TXN000004262,2176.89,226.24,1.0,-1950.6499999999999,Mismatch
TXN000004263,3121.6099999999997,40.94,1.0,-3080.6699999999996,Mismatch
TXN000004264,1844.56,0.0,0.0,-1844.56,Mismatch
TXN000004265,2974.0699999999997,0.0,0.0,-2974.0699999999997,Mismatch
TXN000004268,2541.4700000000003,0.0,0.0,-2541.4700000000003,Mismatch
TXN000004269,1202.82,137.83,1.0,-1064.99,Mismatch
TXN000004270,1940.68,0.0,0.0,-1940.68,Mismatch
TXN000004273,2603.71,0.0,0.0,-2603.71,Mismatch
TXN000004274,1071.1100000000001,218.57,1.0,-852.5400000000002,Mismatch
TXN000004276,488.49,0.0,0.0,-488.49,Mismatch
TXN000004279,4628.92,0.0,0.0,-4628.92,Mismatch
TXN000004280,945.7099999999999,492.85,1.0,-452.8599999999999,Mismatch
TXN000004281,3848.35,34.69,1.0,-3813.66,Mismatch
TXN000004284,143.85,0.0,0.0,-143.85,Mismatch
TXN000004288,245.89,190.62,1.0,-55.26999999999998,Mismatch
TXN000004291,3634.06,0.0,0.0,-3634.06,Mismatch
TXN000004293,4737.76,72.58,1.0,-4665.18,Mismatch
TXN000004297,814.2,470.53,1.0,-343.6700000000001,Mismatch
TXN000004300,598.79,217.2,1.0,-381.59,Mismatch
TXN000004301,4232.18,323.48,1.0,-3908.7000000000003,Mismatch
TXN000004304,3116.8199999999997,374.34,1.0,-2742.4799999999996,Mismatch
TXN000004305,1900.6100000000001,0.0,0.0,-1900.6100000000001,Mismatch
TXN000004306,369.82,0.0,0.0,-369.82,Mismatch
TXN000004308,2994.33,0.0,0.0,-2994.33,Mismatch
TXN000004312,2884.3,0.0,0.0,-2884.3,Mismatch
TXN000004314,1733.86,427.19,1.0,-1306.6699999999998,Mismatch
TXN000004315,1409.75,0.0,0.0,-1409.75,Mismatch
TXN000004317,1848.08,219.18,1.0,-1628.8999999999999,Mismatch
TXN000004320,171.72,0.0,0.0,-171.72,Mismatch
TXN000004323,4651.38,0.0,0.0,-4651.38,Mismatch
TXN000004325,5823.17,196.15,1.0,-5627.02,Mismatch
TXN000004328,2888.3900000000003,473.99,1.0,-2414.4000000000005,Mismatch
TXN000004331,233.3,113.86,1.0,-119.44000000000001,Mismatch
TXN000004333,2260.46,0.0,0.0,-2260.46,Mismatch
TXN000004337,1374.1399999999999,218.5,1.0,-1155.6399999999999,Mismatch
TXN000004338,237.99,128.46,1.0,-109.53,Mismatch
TXN000004340,436.28,274.38,1.0,-161.89999999999998,Mismatch
TXN000004345,3311.68,227.22,2.0,-3084.46,Mismatch
TXN000004350,348.82,328.01,1.0,-20.810000000000002,Mismatch
TXN000004351,390.81,0.0,0.0,-390.81,Mismatch
TXN000004352,779.56,0.0,0.0,-779.56,Mismatch
TXN000004353,3411.27,54.65,1.0,-3356.62,Mismatch
TXN000004357,1603.6799999999998,348.55,1.0,-1255.1299999999999,Mismatch
TXN000004361,1663.4,0.0,0.0,-1663.4,Mismatch
TXN000004363,2184.06,200.51,1.0,-1983.55,Mismatch
TXN000004365,3557.55,32.96,1.0,-3524.59,Mismatch
TXN000004368,1965.0,20.21,1.0,-1944.79,Mismatch
TXN000004369,5380.01,452.06,1.0,-4927.95,Mismatch
TXN000004374,828.32,323.13,1.0,-505.19000000000005,Mismatch
TXN000004381,2245.77,0.0,0.0,-2245.77,Mismatch
TXN000004385,2288.25,186.78,1.0,-2101.47,Mismatch
TXN000004386,821.4200000000001,223.01,1.0,-598.4100000000001,Mismatch
TXN000004387,586.63,448.99,1.0,-137.64,Mismatch
TXN000004388,3645.09,432.64,1.0,-3212.4500000000003,Mismatch
TXN000004390,5419.12,0.0,0.0,-5419.12,Mismatch
TXN000004391,348.98,360.12,1.0,11.139999999999986,Mismatch
TXN000004392,2667.24,0.0,0.0,-2667.24,Mismatch
TXN000004394,3236.3700000000003,484.61,1.0,-2751.76,Mismatch
TXN000004395,3089.8599999999997,23.1,1.0,-3066.7599999999998,Mismatch
TXN000004396,2184.48,86.74,1.0,-2097.7400000000002,Mismatch
TXN000004398,428.81,0.0,0.0,-428.81,Mismatch
TXN000004400,3287.7400000000002,357.16,1.0,-2930.5800000000004,Mismatch
TXN000004402,7819.15,321.98,1.0,-7497.17,Mismatch
TXN000004404,1875.44,124.26,1.0,-1751.18,Mismatch
TXN000004409,999.42,106.23,1.0,-893.1899999999999,Mismatch
TXN000004411,1882.21,126.0,1.0,-1756.21,Mismatch
TXN000004414,4507.66,97.71,1.0,-4409.95,Mismatch
TXN000004415,2142.68,0.0,0.0,-2142.68,Mismatch
TXN000004416,3943.9700000000003,477.78,1.0,-3466.1900000000005,Mismatch
TXN000004417,550.77,58.28,1.0,-492.49,Mismatch
TXN000004418,2916.45,152.41,1.0,-2764.04,Mismatch
TXN000004419,4546.22,0.0,0.0,-4546.22,Mismatch
TXN000004424,398.25,0.0,0.0,-398.25,Mismatch
TXN000004426,1689.88,0.0,0.0,-1689.88,Mismatch
TXN000004428,434.33,151.58,1.0,-282.75,Mismatch
TXN000004430,1685.32,0.0,0.0,-1685.32,Mismatch
TXN000004431,314.02,0.0,0.0,-314.02,Mismatch
TXN000004432,992.5699999999999,497.57,1.0,-494.99999999999994,Mismatch
TXN000004435,2951.36,0.0,0.0,-2951.36,Mismatch
TXN000004436,4503.16,0.0,0.0,-4503.16,Mismatch
TXN000004437,794.74,115.78,1.0,-678.96,Mismatch
TXN000004442,187.57,114.7,1.0,-72.86999999999999,Mismatch
TXN000004444,1703.3899999999999,222.21,1.0,-1481.1799999999998,Mismatch
TXN000004448,1118.6,466.4,1.0,-652.1999999999999,Mismatch
TXN000004455,1088.88,353.06,1.0,-735.8200000000002,Mismatch
TXN000004456,2818.94,84.59,1.0,-2734.35,Mismatch
TXN000004458,1728.16,298.72,1.0,-1429.44,Mismatch
TXN000004459,930.24,493.99,1.0,-436.25,Mismatch
TXN000004460,705.16,0.0,0.0,-705.16,Mismatch
TXN000004463,174.28,152.97,1.0,-21.310000000000002,Mismatch
TXN000004466,1205.36,43.99,1.0,-1161.37,Mismatch
TXN000004467,1388.98,304.77,1.0,-1084.21,Mismatch
TXN000004472,1517.8,0.0,0.0,-1517.8,Mismatch
TXN000004476,1156.3600000000001,0.0,0.0,-1156.3600000000001,Mismatch
TXN000004477,1233.35,292.69,1.0,-940.6599999999999,Mismatch
TXN000004481,2745.25,0.0,0.0,-2745.25,Mismatch
TXN000004484,714.78,199.8,1.0,-514.98,Mismatch
TXN000004486,787.39,186.09,1.0,-601.3,Mismatch
TXN000004487,1503.04,164.44,1.0,-1338.6,Mismatch
TXN000004489,2331.98,0.0,0.0,-2331.98,Mismatch
TXN000004493,3966.3,0.0,0.0,-3966.3,Mismatch
TXN000004497,2414.7,346.92,1.0,-2067.7799999999997,Mismatch
TXN000004501,3469.98,0.0,0.0,-3469.98,Mismatch
TXN000004505,184.57,67.72,1.0,-116.85,Mismatch
TXN000004506,1507.3000000000002,278.67,1.0,-1228.63,Mismatch
TXN000004508,1045.55,0.0,0.0,-1045.55,Mismatch
TXN000004510,4249.27,381.33,1.0,-3867.9400000000005,Mismatch
TXN000004513,2497.62,0.0,0.0,-2497.62,Mismatch
TXN000004524,9576.04,115.08,1.0,-9460.960000000001,Mismatch
TXN000004525,2521.98,426.5,1.0,-2095.48,Mismatch
TXN000004526,5688.68,307.29,1.0,-5381.39,Mismatch
TXN000004527,2492.1400000000003,257.18,1.0,-2234.9600000000005,Mismatch
TXN000004528,1419.8999999999999,101.19,1.0,-1318.7099999999998,Mismatch
TXN000004529,1570.5900000000001,0.0,0.0,-1570.5900000000001,Mismatch
TXN000004530,1305.29,0.0,0.0,-1305.29,Mismatch
TXN000004531,1316.26,346.51,1.0,-969.75,Mismatch
TXN000004532,402.14,348.0,1.0,-54.139999999999986,Mismatch
TXN000004535,1222.92,218.6,1.0,-1004.32,Mismatch
TXN000004538,594.72,427.37,1.0,-167.35000000000002,Mismatch
TXN000004542,703.89,0.0,0.0,-703.89,Mismatch
TXN000004544,1043.4,0.0,0.0,-1043.4,Mismatch
TXN000004545,1610.3000000000002,494.62,1.0,-1115.6800000000003,Mismatch
TXN000004546,281.48,0.0,0.0,-281.48,Mismatch
TXN000004552,108.17,132.51,1.0,24.33999999999999,Mismatch
TXN000004553,2792.68,443.63,2.0,-2349.0499999999997,Mismatch
TXN000004556,3710.87,385.73,1.0,-3325.14,Mismatch
TXN000004557,15.45,142.76,1.0,127.30999999999999,Mismatch
TXN000004558,131.79,0.0,0.0,-131.79,Mismatch
TXN000004562,1717.9399999999998,0.0,0.0,-1717.9399999999998,Mismatch
TXN000004563,2153.81,130.25,1.0,-2023.56,Mismatch
TXN000004566,2559.45,165.68,1.0,-2393.77,Mismatch
TXN000004569,3933.56,0.0,0.0,-3933.56,Mismatch
TXN000004570,1118.03,233.3,1.0,-884.73,Mismatch
TXN000004572,1653.28,0.0,0.0,-1653.28,Mismatch
TXN000004573,3239.17,362.35,1.0,-2876.82,Mismatch
TXN000004574,715.08,0.0,0.0,-715.08,Mismatch
TXN000004575,5444.22,0.0,0.0,-5444.22,Mismatch
TXN000004577,3787.2200000000003,0.0,0.0,-3787.2200000000003,Mismatch
TXN000004578,3373.7200000000003,0.0,0.0,-3373.7200000000003,Mismatch
TXN000004583,2391.96,119.29,1.0,-2272.67,Mismatch
TXN000004587,2217.2,0.0,0.0,-2217.2,Mismatch
TXN000004588,932.7,45.02,1.0,-887.6800000000001,Mismatch
TXN000004590,119.46000000000001,0.0,0.0,-119.46000000000001,Mismatch
TXN000004591,5650.51,0.0,0.0,-5650.51,Mismatch
TXN000004592,1672.3899999999999,314.36,1.0,-1358.0299999999997,Mismatch
TXN000004595,1186.26,12.42,1.0,-1173.84,Mismatch
TXN000004601,2093.56,170.06,1.0,-1923.5,Mismatch
TXN000004604,1103.74,0.0,0.0,-1103.74,Mismatch
TXN000004605,629.28,172.79,1.0,-456.49,Mismatch
TXN000004607,1467.13,282.67,1.0,-1184.46,Mismatch
TXN000004608,2269.5699999999997,160.99,1.0,-2108.58,Mismatch
TXN000004609,220.26,0.0,0.0,-220.26,Mismatch
TXN000004611,2627.52,386.43,1.0,-2241.09,Mismatch
TXN000004615,1206.9,0.0,0.0,-1206.9,Mismatch
TXN000004617,1092.68,160.36,1.0,-932.32,Mismatch
TXN000004619,1062.65,322.55,1.0,-740.1000000000001,Mismatch
TXN000004620,1936.29,51.79,1.0,-1884.5,Mismatch
TXN000004621,4199.21,0.0,0.0,-4199.21,Mismatch
TXN000004622,4839.48,233.07,1.0,-4606.41,Mismatch
TXN000004624,17.58,0.0,0.0,-17.58,Mismatch
TXN000004627,3647.31,192.5,1.0,-3454.81,Mismatch
TXN000004630,3175.78,87.05,1.0,-3088.73,Mismatch
TXN000004631,3921.64,0.0,0.0,-3921.64,Mismatch
TXN000004634,4012.39,198.85,1.0,-3813.54,Mismatch
TXN000004635,560.3000000000001,320.8,1.0,-239.50000000000006,Mismatch
TXN000004636,942.69,0.0,0.0,-942.69,Mismatch
TXN000004637,651.68,0.0,0.0,-651.68,Mismatch
TXN000004642,778.8399999999999,0.0,0.0,-778.8399999999999,Mismatch
TXN000004646,793.03,0.0,0.0,-793.03,Mismatch
TXN000004648,298.58,388.73,1.0,90.15000000000003,Mismatch
TXN000004649,3140.08,401.78,1.0,-2738.3,Mismatch
TXN000004650,2798.73,334.98,1.0,-2463.75,Mismatch
TXN000004652,1853.1999999999998,259.54,1.0,-1593.6599999999999,Mismatch
TXN000004653,3883.71,79.69,1.0,-3804.02,Mismatch
TXN000004654,1618.9399999999998,327.86,1.0,-1291.08,Mismatch
TXN000004657,1752.9499999999998,0.0,0.0,-1752.9499999999998,Mismatch
TXN000004662,5847.03,405.73,1.0,-5441.299999999999,Mismatch
TXN000004667,1646.01,371.91,1.0,-1274.1,Mismatch
TXN000004668,4834.45,0.0,0.0,-4834.45,Mismatch
TXN000004671,762.12,0.0,0.0,-762.12,Mismatch
TXN000004674,256.1,0.0,0.0,-256.1,Mismatch
TXN000004676,298.32,0.0,0.0,-298.32,Mismatch
TXN000004679,798.46,63.02,1.0,-735.44,Mismatch
TXN000004683,1941.3,0.0,0.0,-1941.3,Mismatch
TXN000004684,1275.7199999999998,147.04,1.0,-1128.6799999999998,Mismatch
TXN000004685,1453.73,275.44,1.0,-1178.29,Mismatch
TXN000004691,782.75,343.75,1.0,-439.0,Mismatch
TXN000004693,2057.95,67.19,1.0,-1990.7599999999998,Mismatch
TXN000004695,1151.05,150.67,1.0,-1000.38,Mismatch
TXN000004696,1287.04,194.7,2.0,-1092.34,Mismatch
TXN000004698,547.47,496.25,1.0,-51.22000000000003,Mismatch
TXN000004700,328.84,308.82,1.0,-20.019999999999982,Mismatch
TXN000004712,1295.95,462.06,2.0,-833.8900000000001,Mismatch
TXN000004720,4038.15,0.0,0.0,-4038.15,Mismatch
TXN000004728,6894.85,94.13,1.0,-6800.72,Mismatch
TXN000004731,1884.47,200.04,1.0,-1684.43,Mismatch
TXN000004732,4605.04,0.0,0.0,-4605.04,Mismatch
TXN000004734,2767.99,0.0,0.0,-2767.99,Mismatch
TXN000004740,55.13,0.0,0.0,-55.13,Mismatch
TXN000004741,2135.26,18.62,1.0,-2116.6400000000003,Mismatch
TXN000004746,3934.4700000000003,0.0,0.0,-3934.4700000000003,Mismatch
TXN000004749,7849.28,0.0,0.0,-7849.28,Mismatch
TXN000004751,1785.08,272.46,1.0,-1512.62,Mismatch
TXN000004752,1033.8,0.0,0.0,-1033.8,Mismatch
TXN000004756,4614.719999999999,24.69,1.0,-4590.03,Mismatch
TXN000004757,1060.3700000000001,177.89,1.0,-882.4800000000001,Mismatch
TXN000004763,1273.0,0.0,0.0,-1273.0,Mismatch
TXN000004765,1214.08,85.01,1.0,-1129.07,Mismatch
TXN000004770,469.12,0.0,0.0,-469.12,Mismatch
TXN000004774,2577.88,0.0,0.0,-2577.88,Mismatch
TXN000004775,578.86,0.0,0.0,-578.86,Mismatch
TXN000004776,3959.66,647.05,2.0,-3312.6099999999997,Mismatch
TXN000004779,1706.92,188.81,1.0,-1518.1100000000001,Mismatch
TXN000004780,586.74,0.0,0.0,-586.74,Mismatch
TXN000004782,1689.18,0.0,0.0,-1689.18,Mismatch
TXN000004784,2809.61,15.45,1.0,-2794.1600000000003,Mismatch
TXN000004785,1361.48,455.26,1.0,-906.22,Mismatch
TXN000004786,617.82,0.0,0.0,-617.82,Mismatch
TXN000004787,138.25,91.6,1.0,-46.650000000000006,Mismatch
TXN000004790,1987.7900000000002,0.0,0.0,-1987.7900000000002,Mismatch
TXN000004791,383.07,63.05,1.0,-320.02,Mismatch
TXN000004796,952.9599999999999,70.55,1.0,-882.41,Mismatch
TXN000004799,5893.72,280.91,1.0,-5612.81,Mismatch
TXN000004808,1482.92,127.65,1.0,-1355.27,Mismatch
TXN000004812,952.0600000000001,0.0,0.0,-952.0600000000001,Mismatch
TXN000004815,3079.9399999999996,0.0,0.0,-3079.9399999999996,Mismatch
TXN000004818,1629.98,118.83,1.0,-1511.15,Mismatch
TXN000004819,1067.26,488.61,1.0,-578.65,Mismatch
TXN000004820,654.68,479.42,1.0,-175.25999999999993,Mismatch
TXN000004823,403.58,0.0,0.0,-403.58,Mismatch
TXN000004825,5755.88,11.4,1.0,-5744.4800000000005,Mismatch
TXN000004831,46.7,218.5,1.0,171.8,Mismatch
TXN000004832,1077.1599999999999,0.0,0.0,-1077.1599999999999,Mismatch
TXN000004834,3069.3,0.0,0.0,-3069.3,Mismatch
TXN000004835,1605.65,0.0,0.0,-1605.65,Mismatch
TXN000004836,1728.5,162.06,1.0,-1566.44,Mismatch
TXN000004839,4411.28,440.72,1.0,-3970.5599999999995,Mismatch
TXN000004841,3696.5,351.25,1.0,-3345.25,Mismatch
TXN000004843,6972.110000000001,0.0,0.0,-6972.110000000001,Mismatch
TXN000004844,1385.1000000000001,240.53,1.0,-1144.5700000000002,Mismatch
TXN000004846,1711.04,153.88,1.0,-1557.1599999999999,Mismatch
TXN000004847,3297.7,234.58,1.0,-3063.12,Mismatch
TXN000004851,3743.36,378.84,1.0,-3364.52,Mismatch
TXN000004853,612.6,0.0,0.0,-612.6,Mismatch
TXN000004854,280.06,422.52,1.0,142.45999999999998,Mismatch
TXN000004855,1766.32,0.0,0.0,-1766.32,Mismatch
TXN000004857,1578.37,0.0,0.0,-1578.37,Mismatch
TXN000004858,2064.96,56.6,1.0,-2008.3600000000001,Mismatch
TXN000004860,1460.64,286.48,1.0,-1174.16,Mismatch
TXN000004870,648.35,27.04,1.0,-621.3100000000001,Mismatch
TXN000004871,1705.07,0.0,0.0,-1705.07,Mismatch
TXN000004873,5141.07,166.3,1.0,-4974.7699999999995,Mismatch
TXN000004875,167.43,212.58,1.0,45.150000000000006,Mismatch
TXN000004880,4204.18,350.96,1.0,-3853.2200000000003,Mismatch
TXN000004882,1996.0,0.0,0.0,-1996.0,Mismatch
TXN000004883,3269.45,0.0,0.0,-3269.45,Mismatch
TXN000004884,3875.18,0.0,0.0,-3875.18,Mismatch
TXN000004885,3036.29,297.22,1.0,-2739.0699999999997,Mismatch
TXN000004889,236.33,0.0,0.0,-236.33,Mismatch
TXN000004890,1967.55,0.0,0.0,-1967.55,Mismatch
TXN000004891,1544.1,60.23,1.0,-1483.87,Mismatch
TXN000004892,746.6700000000001,0.0,0.0,-746.6700000000001,Mismatch
TXN000004893,3314.95,0.0,0.0,-3314.95,Mismatch
TXN000004896,4105.07,0.0,0.0,-4105.07,Mismatch
TXN000004899,2395.8500000000004,0.0,0.0,-2395.8500000000004,Mismatch
TXN000004900,2163.75,233.71,1.0,-1930.04,Mismatch
TXN000004901,3725.48,0.0,0.0,-3725.48,Mismatch
TXN000004902,2346.1099999999997,0.0,0.0,-2346.1099999999997,Mismatch
TXN000004905,2808.96,135.69,1.0,-2673.27,Mismatch
TXN000004906,643.82,90.46,1.0,-553.36,Mismatch
TXN000004908,933.06,328.33,1.0,-604.73,Mismatch
TXN000004913,105.46,145.79,1.0,40.33,Mismatch
TXN000004914,2157.1,0.0,0.0,-2157.1,Mismatch
TXN000004915,3214.5,216.7,1.0,-2997.8,Mismatch
TXN000004917,2096.59,0.0,0.0,-2096.59,Mismatch
TXN000004925,3293.1800000000003,158.37,1.0,-3134.8100000000004,Mismatch
TXN000004933,3380.1400000000003,341.66,1.0,-3038.4800000000005,Mismatch
TXN000004935,3526.15,105.22,1.0,-3420.9300000000003,Mismatch
TXN000004936,3274.38,92.42,1.0,-3181.96,Mismatch
TXN000004937,742.22,127.47,1.0,-614.75,Mismatch
TXN000004941,236.34,497.42,1.0,261.08000000000004,Mismatch
TXN000004950,1717.1799999999998,0.0,0.0,-1717.1799999999998,Mismatch
TXN000004951,5107.94,365.6,1.0,-4742.339999999999,Mismatch
TXN000004953,1007.78,0.0,0.0,-1007.78,Mismatch
TXN000004955,1308.47,0.0,0.0,-1308.47,Mismatch
TXN000004957,8793.2,110.5,1.0,-8682.7,Mismatch
TXN000004959,2578.1,72.95,1.0,-2505.15,Mismatch
TXN000004961,2254.8,176.09,1.0,-2078.71,Mismatch
TXN000004967,6480.24,0.0,0.0,-6480.24,Mismatch
TXN000004968,8127.54,252.53,1.0,-7875.01,Mismatch
TXN000004970,478.08,117.38,1.0,-360.7,Mismatch
TXN000004971,1360.21,23.18,1.0,-1337.03,Mismatch
TXN000004972,3429.4900000000002,403.49,1.0,-3026.0,Mismatch
TXN000004979,526.16,0.0,0.0,-526.16,Mismatch
TXN000004982,156.32,164.09,1.0,7.77000000000001,Mismatch
TXN000004985,3270.98,507.87,2.0,-2763.11,Mismatch
TXN000004986,1442.66,481.72,1.0,-960.94,Mismatch
TXN000004987,1527.3400000000001,0.0,0.0,-1527.3400000000001,Mismatch
TXN000004988,2551.06,323.74,1.0,-2227.3199999999997,Mismatch
TXN000004991,2228.49,0.0,0.0,-2228.49,Mismatch
TXN000004993,1005.6700000000001,309.38,1.0,-696.2900000000001,Mismatch
TXN000004994,546.76,0.0,0.0,-546.76,Mismatch
TXN000004997,106.28,0.0,0.0,-106.28,Mismatch
TXN000004998,2802.92,0.0,0.0,-2802.92,Mismatch
TXN000004999,693.4499999999999,205.28,1.0,-488.16999999999996,Mismatch
TXN000005000,3794.66,0.0,0.0,-3794.66,Mismatch
TXN000005002,53.4,0.0,0.0,-53.4,Mismatch
TXN000005005,1833.84,488.67,1.0,-1345.1699999999998,Mismatch
TXN000005007,1921.19,0.0,0.0,-1921.19,Mismatch
TXN000005009,316.77,0.0,0.0,-316.77,Mismatch
TXN000005013,1301.83,175.07,1.0,-1126.76,Mismatch
TXN000005016,2752.21,0.0,0.0,-2752.21,Mismatch
TXN000005017,1597.6100000000001,63.63,1.0,-1533.98,Mismatch
TXN000005018,1103.94,385.63,1.0,-718.3100000000001,Mismatch
TXN000005021,3306.2,293.32,1.0,-3012.8799999999997,Mismatch
TXN000005023,4832.9400000000005,335.64,1.0,-4497.3,Mismatch
TXN000005026,369.84,0.0,0.0,-369.84,Mismatch
TXN000005027,3869.89,133.03,1.0,-3736.8599999999997,Mismatch
TXN000005028,2387.2,0.0,0.0,-2387.2,Mismatch
TXN000005030,656.02,0.0,0.0,-656.02,Mismatch
TXN000005032,852.29,228.44,1.0,-623.8499999999999,Mismatch
TXN000005033,2298.5299999999997,7.63,1.0,-2290.8999999999996,Mismatch
TXN000005035,986.24,0.0,0.0,-986.24,Mismatch
TXN000005036,313.35,468.66,1.0,155.31,Mismatch
TXN000005043,187.66,371.61,1.0,183.95000000000002,Mismatch
TXN000005045,2025.8400000000001,18.29,1.0,-2007.5500000000002,Mismatch
TXN000005048,3107.7799999999997,0.0,0.0,-3107.7799999999997,Mismatch
TXN000005050,2415.48,286.47,1.0,-2129.01,Mismatch
TXN000005051,4474.27,406.85,1.0,-4067.4200000000005,Mismatch
TXN000005054,2794.5,146.88,1.0,-2647.62,Mismatch
TXN000005056,3089.0299999999997,389.3,1.0,-2699.7299999999996,Mismatch
TXN000005059,3648.98,314.47,1.0,-3334.51,Mismatch
TXN000005062,1537.85,489.63,1.0,-1048.2199999999998,Mismatch
TXN000005063,5063.36,126.63,1.0,-4936.73,Mismatch
TXN000005064,2093.14,32.78,1.0,-2060.3599999999997,Mismatch
TXN000005068,315.17,0.0,0.0,-315.17,Mismatch
TXN000005069,4538.15,0.0,0.0,-4538.15,Mismatch
TXN000005070,1536.1399999999999,276.24,1.0,-1259.8999999999999,Mismatch
TXN000005073,2287.32,0.0,0.0,-2287.32,Mismatch
TXN000005076,178.78,140.53,1.0,-38.25,Mismatch
TXN000005078,948.01,0.0,0.0,-948.01,Mismatch
TXN000005080,1313.16,338.05,1.0,-975.1100000000001,Mismatch
TXN000005082,3119.9700000000003,478.13,1.0,-2641.84,Mismatch
TXN000005083,1873.6,0.0,0.0,-1873.6,Mismatch
TXN000005084,1046.52,304.57,1.0,-741.95,Mismatch
TXN000005086,3229.62,0.0,0.0,-3229.62,Mismatch
TXN000005087,2070.99,373.03,1.0,-1697.9599999999998,Mismatch
TXN000005092,4056.88,453.46,1.0,-3603.42,Mismatch
TXN000005093,976.51,239.8,1.0,-736.71,Mismatch
TXN000005094,6906.98,46.89,1.0,-6860.089999999999,Mismatch
TXN000005095,861.62,473.74,1.0,-387.88,Mismatch
TXN000005099,110.26,617.8199999999999,2.0,507.55999999999995,Mismatch
TXN000005103,3267.92,403.54,1.0,-2864.38,Mismatch
TXN000005105,3575.6,106.45,1.0,-3469.15,Mismatch
TXN000005107,4195.13,222.81,1.0,-3972.32,Mismatch
TXN000005108,3991.31,0.0,0.0,-3991.31,Mismatch
TXN000005109,218.56,463.71,1.0,245.14999999999998,Mismatch
TXN000005114,914.63,239.81,1.0,-674.8199999999999,Mismatch
TXN000005115,5570.23,10.2,1.0,-5560.03,Mismatch
TXN000005116,1064.15,263.41,1.0,-800.74,Mismatch
TXN000005117,1456.04,325.75,1.0,-1130.29,Mismatch
TXN000005119,1959.66,0.0,0.0,-1959.66,Mismatch
TXN000005123,4637.85,266.81,1.0,-4371.04,Mismatch
TXN000005125,293.82,405.7,1.0,111.88,Mismatch
TXN000005129,3544.55,269.14,1.0,-3275.4100000000003,Mismatch
TXN000005130,3045.8,0.0,0.0,-3045.8,Mismatch
TXN000005134,5906.09,216.36,1.0,-5689.7300000000005,Mismatch
TXN000005139,373.78,179.42,1.0,-194.35999999999999,Mismatch
TXN000005140,1687.88,220.54,1.0,-1467.3400000000001,Mismatch
TXN000005144,3656.3,94.25,1.0,-3562.05,Mismatch
TXN000005146,8957.7,0.0,0.0,-8957.7,Mismatch
TXN000005154,2997.56,385.97,1.0,-2611.59,Mismatch
TXN000005155,975.19,0.0,0.0,-975.19,Mismatch
TXN000005159,292.74,0.0,0.0,-292.74,Mismatch
TXN000005163,1312.97,0.0,0.0,-1312.97,Mismatch
TXN000005165,746.0,334.0,1.0,-412.0,Mismatch
TXN000005166,3175.8199999999997,363.86,1.0,-2811.9599999999996,Mismatch
TXN000005167,671.4,293.06,1.0,-378.34,Mismatch
TXN000005168,417.45,0.0,0.0,-417.45,Mismatch
TXN000005169,824.66,0.0,0.0,-824.66,Mismatch
TXN000005172,1689.32,0.0,0.0,-1689.32,Mismatch
TXN000005173,1203.04,140.11,1.0,-1062.9299999999998,Mismatch
TXN000005177,5005.8,0.0,0.0,-5005.8,Mismatch
TXN000005178,897.98,0.0,0.0,-897.98,Mismatch
TXN000005185,248.02,388.88,1.0,140.85999999999999,Mismatch
TXN000005186,945.5,220.74,1.0,-724.76,Mismatch
TXN000005188,808.12,0.0,0.0,-808.12,Mismatch
TXN000005189,1710.33,96.54,1.0,-1613.79,Mismatch
TXN000005191,492.26,0.0,0.0,-492.26,Mismatch
TXN000005195,397.76,0.0,0.0,-397.76,Mismatch
TXN000005197,2727.11,277.98,1.0,-2449.13,Mismatch
TXN000005199,2318.95,287.56,1.0,-2031.3899999999999,Mismatch
TXN000005203,1214.64,0.0,0.0,-1214.64,Mismatch
TXN000005208,1237.41,0.0,0.0,-1237.41,Mismatch
TXN000005211,2306.98,82.75,1.0,-2224.23,Mismatch
TXN000005213,3185.38,0.0,0.0,-3185.38,Mismatch
TXN000005219,962.8,54.85,1.0,-907.9499999999999,Mismatch
TXN000005225,2462.16,352.37,1.0,-2109.79,Mismatch
TXN000005228,2058.4,0.0,0.0,-2058.4,Mismatch
TXN000005229,681.68,285.08,1.0,-396.59999999999997,Mismatch
TXN000005230,3504.8999999999996,0.0,0.0,-3504.8999999999996,Mismatch
TXN000005231,462.96000000000004,117.93,1.0,-345.03000000000003,Mismatch
TXN000005236,328.51,407.78,1.0,79.26999999999998,Mismatch
TXN000005238,2069.4,0.0,0.0,-2069.4,Mismatch
TXN000005239,1008.46,0.0,0.0,-1008.46,Mismatch
TXN000005240,4934.18,99.98,1.0,-4834.200000000001,Mismatch
TXN000005244,2076.4,0.0,0.0,-2076.4,Mismatch
TXN000005246,1064.73,0.0,1.0,-1064.73,Mismatch
TXN000005250,1869.6999999999998,224.24,1.0,-1645.4599999999998,Mismatch
TXN000005252,465.78,0.0,0.0,-465.78,Mismatch
TXN000005253,127.69999999999999,0.0,0.0,-127.69999999999999,Mismatch
TXN000005254,317.64,0.0,0.0,-317.64,Mismatch
TXN000005255,3327.96,0.0,0.0,-3327.96,Mismatch
TXN000005257,1533.84,318.92,1.0,-1214.9199999999998,Mismatch
TXN000005258,4372.91,0.0,0.0,-4372.91,Mismatch
TXN000005259,1429.45,294.34,1.0,-1135.1100000000001,Mismatch
TXN000005261,1126.36,408.82,1.0,-717.54,Mismatch
TXN000005264,1007.52,0.0,0.0,-1007.52,Mismatch
TXN000005268,2225.64,188.91,1.0,-2036.7299999999998,Mismatch
TXN000005270,642.2,0.0,0.0,-642.2,Mismatch
TXN000005273,789.7,223.85,1.0,-565.85,Mismatch
TXN000005275,3629.95,432.02,1.0,-3197.93,Mismatch
TXN000005278,3402.36,0.0,0.0,-3402.36,Mismatch
TXN000005285,2901.75,0.0,0.0,-2901.75,Mismatch
TXN000005286,1454.26,0.0,0.0,-1454.26,Mismatch
TXN000005287,2370.54,0.0,0.0,-2370.54,Mismatch
TXN000005289,1762.9699999999998,446.58,1.0,-1316.3899999999999,Mismatch
TXN000005294,1324.3899999999999,0.0,0.0,-1324.3899999999999,Mismatch
TXN000005296,431.76,262.45,1.0,-169.31,Mismatch
TXN000005298,770.54,364.34,1.0,-406.2,Mismatch
TXN000005301,3558.8599999999997,0.0,0.0,-3558.8599999999997,Mismatch
TXN000005304,1329.38,14.99,1.0,-1314.39,Mismatch
TXN000005305,1325.5,63.03,1.0,-1262.47,Mismatch
TXN000005309,1581.1399999999999,0.0,0.0,-1581.1399999999999,Mismatch
TXN000005310,2489.65,0.0,0.0,-2489.65,Mismatch
TXN000005317,1366.82,448.37,1.0,-918.4499999999999,Mismatch
TXN000005318,2132.09,62.81,1.0,-2069.28,Mismatch
TXN000005319,259.82,351.16,1.0,91.34000000000003,Mismatch
TXN000005320,106.56,272.51,1.0,165.95,Mismatch
TXN000005322,2916.19,0.0,0.0,-2916.19,Mismatch
TXN000005323,5276.39,0.0,0.0,-5276.39,Mismatch
TXN000005333,640.1899999999999,358.39,1.0,-281.79999999999995,Mismatch
TXN000005334,796.64,0.0,0.0,-796.64,Mismatch
TXN000005337,5052.08,401.64,1.0,-4650.44,Mismatch
TXN000005342,7458.549999999999,145.69,1.0,-7312.86,Mismatch
TXN000005344,561.22,379.08,1.0,-182.14000000000004,Mismatch
TXN000005347,548.63,373.7,1.0,-174.93,Mismatch
TXN000005349,322.07,279.47,1.0,-42.599999999999966,Mismatch
TXN000005350,1549.0800000000002,474.57,1.0,-1074.5100000000002,Mismatch
TXN000005351,1079.76,0.0,0.0,-1079.76,Mismatch
TXN000005357,1957.56,252.92,1.0,-1704.6399999999999,Mismatch
TXN000005358,41.74,0.0,0.0,-41.74,Mismatch
TXN000005359,1472.76,234.47,1.0,-1238.29,Mismatch
TXN000005361,1583.3999999999999,212.27,1.0,-1371.1299999999999,Mismatch
TXN000005362,75.96,0.0,0.0,-75.96,Mismatch
TXN000005364,5938.44,60.52,1.0,-5877.919999999999,Mismatch
TXN000005365,1078.4,42.91,1.0,-1035.49,Mismatch
TXN000005366,3472.24,0.0,0.0,-3472.24,Mismatch
TXN000005369,724.6500000000001,33.04,1.0,-691.6100000000001,Mismatch
TXN000005373,4383.66,0.0,0.0,-4383.66,Mismatch
TXN000005374,1400.38,123.79,1.0,-1276.5900000000001,Mismatch
TXN000005378,3565.7599999999998,457.73,1.0,-3108.0299999999997,Mismatch
TXN000005380,5541.49,260.83,1.0,-5280.66,Mismatch
TXN000005384,2325.14,0.0,0.0,-2325.14,Mismatch
TXN000005386,2871.6400000000003,0.0,0.0,-2871.6400000000003,Mismatch
TXN000005388,2365.65,119.37,1.0,-2246.28,Mismatch
TXN000005392,2829.45,0.0,0.0,-2829.45,Mismatch
TXN000005395,2403.79,224.35,1.0,-2179.44,Mismatch
TXN000005397,1204.9499999999998,0.0,0.0,-1204.9499999999998,Mismatch
TXN000005398,1015.1800000000001,292.26,1.0,-722.9200000000001,Mismatch
TXN000005399,2704.4700000000003,43.07,1.0,-2661.4,Mismatch
TXN000005400,3875.4999999999995,0.0,0.0,-3875.4999999999995,Mismatch
TXN000005401,3805.94,407.5,1.0,-3398.44,Mismatch
TXN000005403,680.03,220.04,1.0,-459.99,Mismatch
TXN000005408,1766.3699999999997,6.4,1.0,-1759.9699999999996,Mismatch
TXN000005410,2031.82,72.59,1.0,-1959.23,Mismatch
TXN000005411,2013.65,191.81,1.0,-1821.8400000000001,Mismatch
TXN000005417,3288.44,118.33,1.0,-3170.11,Mismatch
TXN000005419,2128.34,0.0,0.0,-2128.34,Mismatch
TXN000005424,2023.17,120.38,1.0,-1902.79,Mismatch
TXN000005425,3284.64,14.0,1.0,-3270.64,Mismatch
TXN000005427,1539.78,356.91,1.0,-1182.87,Mismatch
TXN000005428,1857.4,414.62,2.0,-1442.7800000000002,Mismatch
TXN000005429,1792.39,134.65,1.0,-1657.74,Mismatch
TXN000005431,4778.13,0.0,0.0,-4778.13,Mismatch
TXN000005435,3918.66,242.64,1.0,-3676.02,Mismatch
TXN000005436,3077.5,0.0,0.0,-3077.5,Mismatch
TXN000005445,887.06,0.0,0.0,-887.06,Mismatch
TXN000005446,437.88,0.0,0.0,-437.88,Mismatch
TXN000005447,4147.9,459.41,1.0,-3688.49,Mismatch
TXN000005450,8239.080000000002,0.0,0.0,-8239.080000000002,Mismatch
TXN000005451,186.87,235.08,1.0,48.21000000000001,Mismatch
TXN000005452,3366.91,39.69,1.0,-3327.22,Mismatch
TXN000005457,2070.82,0.0,0.0,-2070.82,Mismatch
TXN000005459,4305.610000000001,294.03,1.0,-4011.580000000001,Mismatch
TXN000005461,339.18,0.0,0.0,-339.18,Mismatch
TXN000005464,5233.7300000000005,109.33,1.0,-5124.400000000001,Mismatch
TXN000005466,440.31,0.0,0.0,-440.31,Mismatch
TXN000005468,2692.25,315.99,1.0,-2376.26,Mismatch
TXN000005469,922.34,60.52,1.0,-861.82,Mismatch
TXN000005470,3013.04,475.48,1.0,-2537.56,Mismatch
TXN000005472,2018.6200000000001,124.27,1.0,-1894.3500000000001,Mismatch
TXN000005473,1696.0,379.45,1.0,-1316.55,Mismatch
TXN000005475,4617.87,0.0,0.0,-4617.87,Mismatch
TXN000005476,821.19,0.0,0.0,-821.19,Mismatch
TXN000005481,2044.04,482.15,1.0,-1561.8899999999999,Mismatch
TXN000005484,4191.6,0.0,0.0,-4191.6,Mismatch
TXN000005485,1237.99,368.26,1.0,-869.73,Mismatch
TXN000005489,83.4,0.0,0.0,-83.4,Mismatch
TXN000005493,2726.04,174.35,1.0,-2551.69,Mismatch
TXN000005495,1923.64,79.26,1.0,-1844.38,Mismatch
TXN000005498,5961.94,0.0,0.0,-5961.94,Mismatch
TXN000005501,113.23000000000002,370.72,1.0,257.49,Mismatch
TXN000005502,3661.33,321.73,1.0,-3339.6,Mismatch
TXN000005505,2234.0,143.83,1.0,-2090.17,Mismatch
TXN000005508,4619.11,0.0,0.0,-4619.11,Mismatch
TXN000005509,3078.86,0.0,0.0,-3078.86,Mismatch
TXN000005510,611.46,232.8,1.0,-378.66,Mismatch
TXN000005514,1306.08,289.32,1.0,-1016.76,Mismatch
TXN000005516,42.14,0.0,0.0,-42.14,Mismatch
TXN000005518,148.46,689.35,2.0,540.89,Mismatch
TXN000005520,444.42999999999995,0.0,0.0,-444.42999999999995,Mismatch
TXN000005523,3902.59,484.73,1.0,-3417.86,Mismatch
TXN000005527,1215.69,218.22,1.0,-997.47,Mismatch
TXN000005528,102.65,0.0,0.0,-102.65,Mismatch
TXN000005534,182.65,180.01,1.0,-2.640000000000015,Mismatch
TXN000005536,1040.8799999999999,255.47,1.0,-785.4099999999999,Mismatch
TXN000005537,1087.32,0.0,0.0,-1087.32,Mismatch
TXN000005539,1682.81,120.8,1.0,-1562.01,Mismatch
TXN000005540,783.6600000000001,189.38,1.0,-594.2800000000001,Mismatch
TXN000005543,3644.83,0.0,0.0,-3644.83,Mismatch
TXN000005550,4072.16,331.43,1.0,-3740.73,Mismatch
TXN000005551,1533.14,58.7,1.0,-1474.44,Mismatch
TXN000005553,4995.58,0.0,0.0,-4995.58,Mismatch
TXN000005555,639.9,0.0,0.0,-639.9,Mismatch
TXN000005557,4452.15,0.0,0.0,-4452.15,Mismatch
TXN000005558,123.62,0.0,0.0,-123.62,Mismatch
TXN000005560,7524.9,309.93,1.0,-7214.969999999999,Mismatch
TXN000005561,90.59,0.0,0.0,-90.59,Mismatch
TXN000005563,3318.9300000000003,0.0,0.0,-3318.9300000000003,Mismatch
TXN000005564,1144.05,186.01,1.0,-958.04,Mismatch
TXN000005566,3706.52,0.0,0.0,-3706.52,Mismatch
TXN000005568,1040.88,0.0,0.0,-1040.88,Mismatch
TXN000005569,2764.1099999999997,27.9,1.0,-2736.2099999999996,Mismatch
TXN000005571,3547.88,0.0,0.0,-3547.88,Mismatch
TXN000005572,1490.2600000000002,21.83,1.0,-1468.4300000000003,Mismatch
TXN000005580,3917.0499999999997,288.22,1.0,-3628.83,Mismatch
TXN000005581,1380.6100000000001,427.3,1.0,-953.3100000000002,Mismatch
TXN000005584,2342.1099999999997,230.52,1.0,-2111.5899999999997,Mismatch
TXN000005585,2489.77,245.67,1.0,-2244.1,Mismatch
TXN000005587,861.2,46.19,1.0,-815.01,Mismatch
TXN000005588,550.95,209.46,1.0,-341.49,Mismatch
TXN000005593,2043.53,320.04,1.0,-1723.49,Mismatch
TXN000005594,174.52,0.0,0.0,-174.52,Mismatch
TXN000005598,461.82,99.86,1.0,-361.96,Mismatch
TXN000005599,1142.31,415.42,1.0,-726.8899999999999,Mismatch
TXN000005600,1144.51,180.71,1.0,-963.8,Mismatch
TXN000005603,2831.2200000000003,0.0,0.0,-2831.2200000000003,Mismatch
TXN000005606,2565.82,0.0,0.0,-2565.82,Mismatch
TXN000005609,1362.19,112.54,1.0,-1249.65,Mismatch
TXN000005614,1050.15,0.0,0.0,-1050.15,Mismatch
TXN000005617,863.6199999999999,201.87,1.0,-661.7499999999999,Mismatch
TXN000005618,544.0,0.0,0.0,-544.0,Mismatch
TXN000005620,3946.5,292.29,1.0,-3654.21,Mismatch
TXN000005621,3833.5200000000004,78.96,1.0,-3754.5600000000004,Mismatch
TXN000005624,1936.75,48.58,1.0,-1888.17,Mismatch
TXN000005627,710.28,131.28,1.0,-579.0,Mismatch
TXN000005628,289.33,0.0,0.0,-289.33,Mismatch
TXN000005629,4152.66,0.0,0.0,-4152.66,Mismatch
TXN000005633,2206.27,185.15,1.0,-2021.12,Mismatch
TXN000005635,2090.38,306.49,1.0,-1783.89,Mismatch
TXN000005637,735.52,0.0,0.0,-735.52,Mismatch
TXN000005638,2383.2400000000002,249.37,1.0,-2133.8700000000003,Mismatch
TXN000005641,2873.2999999999997,5.76,1.0,-2867.5399999999995,Mismatch
TXN000005642,3278.54,392.23,1.0,-2886.31,Mismatch
TXN000005644,978.64,411.4,1.0,-567.24,Mismatch
TXN000005648,3219.2599999999998,0.0,0.0,-3219.2599999999998,Mismatch
TXN000005650,3017.73,0.0,0.0,-3017.73,Mismatch
TXN000005651,2276.18,0.0,0.0,-2276.18,Mismatch
TXN000005652,2169.8,344.73,1.0,-1825.0700000000002,Mismatch
TXN000005653,2684.17,427.97,1.0,-2256.2,Mismatch
TXN000005660,1041.6,60.73,1.0,-980.8699999999999,Mismatch
TXN000005661,2407.04,0.0,0.0,-2407.04,Mismatch
TXN000005662,957.86,488.09,1.0,-469.77000000000004,Mismatch
TXN000005663,2443.9,0.0,0.0,-2443.9,Mismatch
TXN000005664,3570.5299999999997,211.74,1.0,-3358.79,Mismatch
TXN000005666,422.07,227.76,1.0,-194.31,Mismatch
TXN000005669,2297.76,476.55,1.0,-1821.2100000000003,Mismatch
TXN000005670,1603.3400000000001,379.41,1.0,-1223.93,Mismatch
TXN000005671,2165.94,485.27,1.0,-1680.67,Mismatch
TXN000005676,2997.9700000000003,0.0,0.0,-2997.9700000000003,Mismatch
TXN000005677,1404.8400000000001,74.03,1.0,-1330.8100000000002,Mismatch
TXN000005680,4383.98,0.0,0.0,-4383.98,Mismatch
TXN000005681,2821.52,83.25,1.0,-2738.27,Mismatch
TXN000005691,862.14,0.0,0.0,-862.14,Mismatch
TXN000005693,581.86,0.0,0.0,-581.86,Mismatch
TXN000005694,917.13,5.43,1.0,-911.7,Mismatch
TXN000005695,7.06,58.15,1.0,51.089999999999996,Mismatch
TXN000005703,6487.2699999999995,0.0,0.0,-6487.2699999999995,Mismatch
TXN000005704,2540.6,0.0,0.0,-2540.6,Mismatch
TXN000005705,1186.3899999999999,0.0,0.0,-1186.3899999999999,Mismatch
TXN000005709,2422.52,125.07,1.0,-2297.45,Mismatch
TXN000005711,220.0,0.0,0.0,-220.0,Mismatch
TXN000005712,475.07,0.0,0.0,-475.07,Mismatch
TXN000005718,702.28,462.56,1.0,-239.71999999999997,Mismatch
TXN000005719,1779.7299999999998,0.0,0.0,-1779.7299999999998,Mismatch
TXN000005721,729.11,0.0,0.0,-729.11,Mismatch
TXN000005722,150.66,0.0,0.0,-150.66,Mismatch
TXN000005723,2856.1499999999996,120.32,1.0,-2735.8299999999995,Mismatch
TXN000005727,3836.32,0.0,0.0,-3836.32,Mismatch
TXN000005732,2328.51,274.05,1.0,-2054.46,Mismatch
TXN000005734,1881.1000000000001,40.62,1.0,-1840.4800000000002,Mismatch
TXN000005736,2527.2,239.92,1.0,-2287.2799999999997,Mismatch
TXN000005737,3380.96,0.0,0.0,-3380.96,Mismatch
TXN000005746,1837.2900000000002,124.67,1.0,-1712.6200000000001,Mismatch
TXN000005751,1699.54,68.23,1.0,-1631.31,Mismatch
TXN000005753,2499.54,0.0,0.0,-2499.54,Mismatch
TXN000005760,75.59,0.0,0.0,-75.59,Mismatch
TXN000005762,1957.2500000000002,287.24,1.0,-1670.0100000000002,Mismatch
TXN000005765,1018.25,309.16,1.0,-709.0899999999999,Mismatch
TXN000005768,3265.88,345.37,1.0,-2920.51,Mismatch
TXN000005773,3286.65,33.94,1.0,-3252.71,Mismatch
TXN000005774,3568.4,0.0,0.0,-3568.4,Mismatch
TXN000005775,1772.26,5.13,1.0,-1767.1299999999999,Mismatch
TXN000005776,1791.77,413.93,1.0,-1377.84,Mismatch
TXN000005777,212.09,0.0,0.0,-212.09,Mismatch
TXN000005780,1467.9,0.0,0.0,-1467.9,Mismatch
TXN000005782,1382.83,374.38,1.0,-1008.4499999999999,Mismatch
TXN000005786,988.2900000000001,416.02,1.0,-572.2700000000001,Mismatch
TXN000005787,2649.21,0.0,0.0,-2649.21,Mismatch
TXN000005792,1961.61,0.0,0.0,-1961.61,Mismatch
TXN000005795,602.9499999999999,103.78,1.0,-499.16999999999996,Mismatch
TXN000005796,779.16,0.0,0.0,-779.16,Mismatch
TXN000005800,4993.67,0.0,0.0,-4993.67,Mismatch
TXN000005801,2433.3,488.71,1.0,-1944.5900000000001,Mismatch
TXN000005802,4479.21,425.15,1.0,-4054.06,Mismatch
TXN000005803,1791.5,0.0,0.0,-1791.5,Mismatch
TXN000005805,862.52,27.41,1.0,-835.11,Mismatch
TXN000005806,843.04,190.91,1.0,-652.13,Mismatch
TXN000005808,642.06,188.69,1.0,-453.36999999999995,Mismatch
TXN000005811,4215.2,0.0,0.0,-4215.2,Mismatch
TXN000005812,3472.52,0.0,0.0,-3472.52,Mismatch
TXN000005813,1613.69,0.0,0.0,-1613.69,Mismatch
TXN000005815,4385.27,464.6,1.0,-3920.6700000000005,Mismatch
TXN000005822,4687.110000000001,44.28,1.0,-4642.830000000001,Mismatch
TXN000005823,1613.45,0.0,0.0,-1613.45,Mismatch
TXN000005825,1061.4,0.0,0.0,-1061.4,Mismatch
TXN000005826,2478.11,187.4,1.0,-2290.71,Mismatch
TXN000005828,1076.45,13.57,1.0,-1062.88,Mismatch
TXN000005829,1267.24,339.12,1.0,-928.12,Mismatch
TXN000005831,2213.2599999999998,0.0,0.0,-2213.2599999999998,Mismatch
TXN000005842,3197.8,442.41,1.0,-2755.3900000000003,Mismatch
TXN000005843,1776.62,468.0,1.0,-1308.62,Mismatch
TXN000005844,2640.02,93.28,1.0,-2546.74,Mismatch
TXN000005845,5262.75,0.0,0.0,-5262.75,Mismatch
TXN000005846,7246.110000000001,0.0,0.0,-7246.110000000001,Mismatch
TXN000005849,1906.96,313.71,1.0,-1593.25,Mismatch
TXN000005851,1668.56,0.0,0.0,-1668.56,Mismatch
TXN000005852,3123.58,0.0,0.0,-3123.58,Mismatch
TXN000005853,588.36,342.74,1.0,-245.62,Mismatch
TXN000005856,2744.87,0.0,0.0,-2744.87,Mismatch
TXN000005857,4805.74,97.12,1.0,-4708.62,Mismatch
TXN000005858,1279.3000000000002,159.02,1.0,-1120.2800000000002,Mismatch
TXN000005859,4306.21,0.0,0.0,-4306.21,Mismatch
TXN000005860,295.09,480.56,1.0,185.47000000000003,Mismatch
TXN000005861,1741.4,224.18,1.0,-1517.22,Mismatch
TXN000005862,1347.2,182.27,1.0,-1164.93,Mismatch
TXN000005863,35.57,87.27,1.0,51.699999999999996,Mismatch
TXN000005867,905.44,59.29,1.0,-846.1500000000001,Mismatch
TXN000005868,2296.74,66.16,1.0,-2230.58,Mismatch
TXN000005870,1774.27,126.9,1.0,-1647.37,Mismatch
TXN000005875,1616.25,0.0,0.0,-1616.25,Mismatch
TXN000005876,742.68,0.0,0.0,-742.68,Mismatch
TXN000005877,96.72,0.0,0.0,-96.72,Mismatch
TXN000005879,4318.32,49.71,1.0,-4268.61,Mismatch
TXN000005880,1548.63,0.0,0.0,-1548.63,Mismatch
TXN000005884,260.2,113.48,1.0,-146.71999999999997,Mismatch
TXN000005888,2931.31,0.0,0.0,-2931.31,Mismatch
TXN000005893,4185.2300000000005,309.41,1.0,-3875.8200000000006,Mismatch
TXN000005894,1466.76,148.6,1.0,-1318.16,Mismatch
TXN000005899,323.0,83.76,1.0,-239.24,Mismatch
TXN000005903,1454.2,314.9,1.0,-1139.3000000000002,Mismatch
TXN000005904,1377.02,0.0,0.0,-1377.02,Mismatch
TXN000005905,346.52,0.0,0.0,-346.52,Mismatch
TXN000005906,1919.1,0.0,0.0,-1919.1,Mismatch
TXN000005907,4686.87,0.0,0.0,-4686.87,Mismatch
TXN000005908,608.22,121.59,1.0,-486.63,Mismatch
TXN000005911,3226.4,0.0,0.0,-3226.4,Mismatch
TXN000005912,2662.63,191.21,1.0,-2471.42,Mismatch
TXN000005914,3772.41,0.0,0.0,-3772.41,Mismatch
TXN000005915,1378.87,124.69,1.0,-1254.1799999999998,Mismatch
TXN000005916,3262.68,0.0,0.0,-3262.68,Mismatch
TXN000005918,886.53,60.31,1.0,-826.22,Mismatch
TXN000005919,2999.9,299.5,1.0,-2700.4,Mismatch
TXN000005920,259.72,0.0,0.0,-259.72,Mismatch
TXN000005922,1253.05,19.93,1.0,-1233.12,Mismatch
TXN000005923,1526.04,0.0,0.0,-1526.04,Mismatch
TXN000005926,3619.38,219.62,1.0,-3399.76,Mismatch
TXN000005927,2263.2999999999997,411.14,1.0,-1852.1599999999999,Mismatch
TXN000005930,1117.67,289.5,1.0,-828.1700000000001,Mismatch
TXN000005932,1089.25,295.38,1.0,-793.87,Mismatch
TXN000005933,3387.35,316.32,1.0,-3071.0299999999997,Mismatch
TXN000005937,763.6800000000001,0.0,0.0,-763.6800000000001,Mismatch
TXN000005939,3966.0,11.61,1.0,-3954.39,Mismatch
TXN000005940,375.51,81.44,1.0,-294.07,Mismatch
TXN000005941,1925.7900000000002,496.85,1.0,-1428.94,Mismatch
TXN000005942,316.57,0.0,0.0,-316.57,Mismatch
TXN000005943,1531.3000000000002,394.13,1.0,-1137.17,Mismatch
TXN000005945,104.52,243.67,1.0,139.14999999999998,Mismatch
TXN000005947,877.7,428.0,1.0,-449.70000000000005,Mismatch
TXN000005950,242.96,0.0,0.0,-242.96,Mismatch
TXN000005952,694.49,397.12,1.0,-297.37,Mismatch
TXN000005953,2397.7,53.47,1.0,-2344.23,Mismatch
TXN000005957,1775.5,0.0,0.0,-1775.5,Mismatch
TXN000005960,469.90999999999997,15.59,1.0,-454.32,Mismatch
TXN000005963,4033.37,125.76,1.0,-3907.6099999999997,Mismatch
TXN000005964,1651.0,293.45,1.0,-1357.55,Mismatch
TXN000005969,5578.86,60.16,1.0,-5518.7,Mismatch
TXN000005970,1962.3500000000001,0.0,0.0,-1962.3500000000001,Mismatch
TXN000005971,5020.4,0.0,0.0,-5020.4,Mismatch
TXN000005972,1982.28,0.0,0.0,-1982.28,Mismatch
TXN000005975,999.0500000000001,0.0,0.0,-999.0500000000001,Mismatch
TXN000005982,5141.12,0.0,0.0,-5141.12,Mismatch
TXN000005984,2926.24,229.31,1.0,-2696.93,Mismatch
TXN000005991,1325.73,39.06,1.0,-1286.67,Mismatch
TXN000005992,1114.3000000000002,129.93,1.0,-984.3700000000001,Mismatch
TXN000005993,3875.37,360.09,1.0,-3515.2799999999997,Mismatch
TXN000005997,104.7,452.92,1.0,348.22,Mismatch
TXN000006001,903.47,0.0,0.0,-903.47,Mismatch
TXN000006006,369.35,178.97,1.0,-190.38000000000002,Mismatch
TXN000006007,1126.0,0.0,0.0,-1126.0,Mismatch
TXN000006009,2080.7799999999997,0.0,0.0,-2080.7799999999997,Mismatch
TXN000006012,1698.8200000000002,15.57,1.0,-1683.2500000000002,Mismatch
TXN000006015,2131.15,0.0,0.0,-2131.15,Mismatch
TXN000006016,1951.58,357.4,1.0,-1594.1799999999998,Mismatch
TXN000006018,916.96,430.59,1.0,-486.37000000000006,Mismatch
TXN000006020,4892.51,361.67,1.0,-4530.84,Mismatch
TXN000006022,6323.5,238.69,1.0,-6084.81,Mismatch
TXN000006024,965.22,0.0,0.0,-965.22,Mismatch
TXN000006026,1114.15,0.0,0.0,-1114.15,Mismatch
TXN000006028,2665.56,0.0,0.0,-2665.56,Mismatch
TXN000006033,1697.5400000000002,442.31,1.0,-1255.2300000000002,Mismatch
TXN000006034,373.4,206.89,1.0,-166.51,Mismatch
TXN000006038,3304.33,0.0,0.0,-3304.33,Mismatch
TXN000006039,517.25,237.77,1.0,-279.48,Mismatch
TXN000006040,1818.26,0.0,0.0,-1818.26,Mismatch
TXN000006042,1182.77,0.0,0.0,-1182.77,Mismatch
TXN000006043,3295.8,0.0,0.0,-3295.8,Mismatch
TXN000006047,3029.2200000000003,0.0,0.0,-3029.2200000000003,Mismatch
TXN000006048,110.73,457.64,1.0,346.90999999999997,Mismatch
TXN000006056,1077.68,372.11,1.0,-705.57,Mismatch
TXN000006063,4194.07,72.44,1.0,-4121.63,Mismatch
TXN000006064,292.23,575.03,2.0,282.79999999999995,Mismatch
TXN000006069,3499.21,33.52,1.0,-3465.69,Mismatch
TXN000006070,3271.95,217.69,1.0,-3054.2599999999998,Mismatch
TXN000006071,229.14999999999998,0.0,0.0,-229.14999999999998,Mismatch
TXN000006073,2259.6899999999996,0.0,0.0,-2259.6899999999996,Mismatch
TXN000006074,428.02,171.5,1.0,-256.52,Mismatch
TXN000006076,2805.85,244.71,1.0,-2561.14,Mismatch
TXN000006077,748.66,140.69,1.0,-607.97,Mismatch
TXN000006078,6893.1,389.48,1.0,-6503.620000000001,Mismatch
TXN000006080,5990.46,0.0,0.0,-5990.46,Mismatch
TXN000006084,4737.46,0.0,0.0,-4737.46,Mismatch
TXN000006086,2712.48,166.4,1.0,-2546.08,Mismatch
TXN000006089,1822.54,149.94,1.0,-1672.6,Mismatch
TXN000006090,4148.09,0.0,0.0,-4148.09,Mismatch
TXN000006091,2826.3,236.25,1.0,-2590.05,Mismatch
TXN000006092,2621.19,0.0,0.0,-2621.19,Mismatch
TXN000006094,980.6,365.75,1.0,-614.85,Mismatch
TXN000006100,315.96,0.0,0.0,-315.96,Mismatch
TXN000006103,1149.28,269.5,1.0,-879.78,Mismatch
TXN000006108,4295.700000000001,119.1,1.0,-4176.6,Mismatch
TXN000006109,4913.59,117.73,1.0,-4795.860000000001,Mismatch
TXN000006110,3864.41,0.0,0.0,-3864.41,Mismatch
TXN000006112,3071.38,327.91,1.0,-2743.4700000000003,Mismatch
TXN000006114,2298.98,218.82,1.0,-2080.16,Mismatch
TXN000006117,489.82,69.32,1.0,-420.5,Mismatch
TXN000006118,732.98,263.13,1.0,-469.85,Mismatch
TXN000006125,1624.53,0.0,0.0,-1624.53,Mismatch
TXN000006126,5790.6900000000005,0.0,0.0,-5790.6900000000005,Mismatch
TXN000006128,3852.18,0.0,0.0,-3852.18,Mismatch
TXN000006130,486.92,210.69,1.0,-276.23,Mismatch
TXN000006132,1039.96,0.0,0.0,-1039.96,Mismatch
TXN000006135,2177.69,244.23,1.0,-1933.46,Mismatch
TXN000006136,1184.75,0.0,0.0,-1184.75,Mismatch
TXN000006138,3888.07,158.54,1.0,-3729.53,Mismatch
TXN000006139,130.82,468.19,1.0,337.37,Mismatch
TXN000006142,246.37,129.9,1.0,-116.47,Mismatch
TXN000006144,1554.14,209.53,1.0,-1344.6100000000001,Mismatch
TXN000006145,1484.48,0.0,0.0,-1484.48,Mismatch
TXN000006148,1829.5900000000001,452.36,1.0,-1377.23,Mismatch
TXN000006154,2508.61,0.0,0.0,-2508.61,Mismatch
TXN000006158,1203.26,266.16,1.0,-937.0999999999999,Mismatch
TXN000006160,856.98,0.0,0.0,-856.98,Mismatch
TXN000006165,3045.2799999999997,233.75,1.0,-2811.5299999999997,Mismatch
TXN000006167,893.19,138.16,1.0,-755.0300000000001,Mismatch
TXN000006168,1537.44,0.0,0.0,-1537.44,Mismatch
TXN000006169,9925.63,78.52,1.0,-9847.109999999999,Mismatch
TXN000006170,1974.41,369.98,1.0,-1604.43,Mismatch
TXN000006175,1294.55,0.0,0.0,-1294.55,Mismatch
TXN000006177,5294.95,342.45,1.0,-4952.5,Mismatch
TXN000006181,461.34000000000003,0.0,0.0,-461.34000000000003,Mismatch
TXN000006183,1901.0900000000001,9.11,1.0,-1891.9800000000002,Mismatch
TXN000006187,1218.8,0.0,0.0,-1218.8,Mismatch
TXN000006188,1901.9,0.0,0.0,-1901.9,Mismatch
TXN000006191,767.7,91.32,1.0,-676.3800000000001,Mismatch
TXN000006194,463.6,0.0,0.0,-463.6,Mismatch
TXN000006197,2372.82,166.8,1.0,-2206.02,Mismatch
TXN000006201,2935.1900000000005,0.0,0.0,-2935.1900000000005,Mismatch
TXN000006206,1225.08,333.31,1.0,-891.77,Mismatch
TXN000006209,1170.19,15.97,1.0,-1154.22,Mismatch
TXN000006210,6351.73,9.65,1.0,-6342.08,Mismatch
TXN000006213,2792.96,439.2,1.0,-2353.76,Mismatch
TXN000006217,3906.72,376.98,1.0,-3529.74,Mismatch
TXN000006218,3564.7,461.46,1.0,-3103.24,Mismatch
TXN000006219,924.6999999999999,165.61,1.0,-759.0899999999999,Mismatch
TXN000006221,893.2299999999999,0.0,0.0,-893.2299999999999,Mismatch
TXN000006222,3400.55,0.0,0.0,-3400.55,Mismatch
TXN000006224,1579.7199999999998,306.08,1.0,-1273.6399999999999,Mismatch
TXN000006229,1273.0,0.0,0.0,-1273.0,Mismatch
TXN000006230,831.19,0.0,0.0,-831.19,Mismatch
TXN000006232,181.23,467.09,1.0,285.86,Mismatch
TXN000006233,1314.9199999999998,0.0,0.0,-1314.9199999999998,Mismatch
TXN000006236,1018.36,0.0,0.0,-1018.36,Mismatch
TXN000006237,1913.51,136.64,1.0,-1776.87,Mismatch
TXN000006238,1022.96,0.0,0.0,-1022.96,Mismatch
TXN000006242,3549.92,105.3,1.0,-3444.62,Mismatch
TXN000006246,1204.6799999999998,0.0,0.0,-1204.6799999999998,Mismatch
TXN000006249,6207.02,147.89,1.0,-6059.13,Mismatch
TXN000006250,59.44,0.0,0.0,-59.44,Mismatch
TXN000006252,1870.02,0.0,0.0,-1870.02,Mismatch
TXN000006253,3466.79,349.15,1.0,-3117.64,Mismatch
TXN000006254,6190.299999999999,398.61,1.0,-5791.69,Mismatch
TXN000006255,3466.14,291.28,1.0,-3174.8599999999997,Mismatch
TXN000006259,566.99,316.63,1.0,-250.36,Mismatch
TXN000006260,4888.9800000000005,0.0,0.0,-4888.9800000000005,Mismatch
TXN000006261,459.17,304.14,1.0,-155.03000000000003,Mismatch
TXN000006262,2456.7,234.5,1.0,-2222.2,Mismatch
TXN000006266,4892.66,0.0,0.0,-4892.66,Mismatch
TXN000006269,59.18,184.7,1.0,125.51999999999998,Mismatch
TXN000006271,1013.44,286.83,1.0,-726.6100000000001,Mismatch
TXN000006272,131.78,226.71,1.0,94.93,Mismatch
TXN000006276,1576.0,0.0,0.0,-1576.0,Mismatch
TXN000006277,1314.15,33.34,1.0,-1280.8100000000002,Mismatch
TXN000006278,198.35,497.78,1.0,299.42999999999995,Mismatch
TXN000006282,723.75,39.76,1.0,-683.99,Mismatch
TXN000006283,2913.74,34.96,1.0,-2878.7799999999997,Mismatch
TXN000006285,2891.92,0.0,0.0,-2891.92,Mismatch
TXN000006286,4758.88,476.31,1.0,-4282.57,Mismatch
TXN000006287,676.24,0.0,0.0,-676.24,Mismatch
TXN000006294,3755.65,160.14,1.0,-3595.51,Mismatch
TXN000006296,5293.66,0.0,0.0,-5293.66,Mismatch
TXN000006298,1612.94,440.17,1.0,-1172.77,Mismatch
TXN000006300,2372.2,190.61,1.0,-2181.5899999999997,Mismatch
TXN000006303,516.6,252.96,1.0,-263.64,Mismatch
TXN000006304,638.77,79.18,1.0,-559.5899999999999,Mismatch
TXN000006305,981.4000000000001,18.7,1.0,-962.7,Mismatch
TXN000006308,1471.9,0.0,0.0,-1471.9,Mismatch
TXN000006313,2666.5,480.02,1.0,-2186.48,Mismatch
TXN000006316,1431.0,448.75,1.0,-982.25,Mismatch
TXN000006318,1112.3700000000001,0.0,0.0,-1112.3700000000001,Mismatch
TXN000006321,2609.01,0.0,0.0,-2609.01,Mismatch
TXN000006322,5969.99,351.78,1.0,-5618.21,Mismatch
TXN000006324,545.56,238.41,1.0,-307.15,Mismatch
TXN000006329,1818.05,25.09,1.0,-1792.96,Mismatch
TXN000006333,89.46,419.87,1.0,330.41,Mismatch
TXN000006334,3650.12,253.56,1.0,-3396.56,Mismatch
TXN000006335,408.14,0.0,0.0,-408.14,Mismatch
TXN000006339,766.13,125.42,1.0,-640.71,Mismatch
TXN000006340,1979.64,72.54,1.0,-1907.1000000000001,Mismatch
TXN000006341,1144.64,450.33,1.0,-694.3100000000002,Mismatch
TXN000006347,1230.93,152.68,1.0,-1078.25,Mismatch
TXN000006349,1769.28,0.0,0.0,-1769.28,Mismatch
TXN000006354,3927.07,58.73,1.0,-3868.34,Mismatch
TXN000006356,5283.53,0.0,0.0,-5283.53,Mismatch
TXN000006361,2241.19,0.0,0.0,-2241.19,Mismatch
TXN000006365,871.88,304.94,1.0,-566.94,Mismatch
TXN000006367,254.59,349.97,1.0,95.38000000000002,Mismatch
TXN000006368,928.84,0.0,0.0,-928.84,Mismatch
TXN000006369,206.64,256.52,1.0,49.879999999999995,Mismatch
TXN000006374,933.88,0.0,0.0,-933.88,Mismatch
TXN000006376,196.64,396.8,1.0,200.16000000000003,Mismatch
TXN000006380,708.22,132.17,1.0,-576.0500000000001,Mismatch
TXN000006384,2859.89,170.56,1.0,-2689.33,Mismatch
TXN000006385,2883.1499999999996,204.17,1.0,-2678.9799999999996,Mismatch
TXN000006389,1064.4,0.0,0.0,-1064.4,Mismatch
TXN000006390,128.6,16.16,1.0,-112.44,Mismatch
TXN000006391,961.84,231.22,1.0,-730.62,Mismatch
TXN000006395,8015.48,0.0,0.0,-8015.48,Mismatch
TXN000006397,1965.36,288.13,1.0,-1677.23,Mismatch
TXN000006398,814.8,0.0,0.0,-814.8,Mismatch
TXN000006399,2500.29,0.0,0.0,-2500.29,Mismatch
TXN000006401,4512.25,150.99,1.0,-4361.26,Mismatch
TXN000006402,483.09,40.25,1.0,-442.84,Mismatch
TXN000006407,1722.36,0.0,0.0,-1722.36,Mismatch
TXN000006408,1729.1,345.25,1.0,-1383.85,Mismatch
TXN000006409,1458.5,198.54,1.0,-1259.96,Mismatch
TXN000006410,1254.1,174.76,1.0,-1079.34,Mismatch
TXN000006412,881.27,0.0,0.0,-881.27,Mismatch
TXN000006415,314.36,147.12,1.0,-167.24,Mismatch
TXN000006417,1315.46,21.62,1.0,-1293.8400000000001,Mismatch
TXN000006424,3205.64,0.0,0.0,-3205.64,Mismatch
TXN000006427,1203.08,337.89,1.0,-865.1899999999999,Mismatch
TXN000006428,525.74,350.44,1.0,-175.3,Mismatch
TXN000006431,4230.57,0.0,0.0,-4230.57,Mismatch
TXN000006434,2796.0499999999997,354.56,1.0,-2441.49,Mismatch
TXN000006438,1524.48,0.0,0.0,-1524.48,Mismatch
TXN000006439,2325.5,0.0,0.0,-2325.5,Mismatch
TXN000006440,824.54,0.0,0.0,-824.54,Mismatch
TXN000006442,230.65,0.0,0.0,-230.65,Mismatch
TXN000006444,2509.7400000000002,130.96,1.0,-2378.78,Mismatch
TXN000006445,1910.73,0.0,0.0,-1910.73,Mismatch
TXN000006446,167.18,434.7,1.0,267.52,Mismatch
TXN000006447,3336.41,437.31,1.0,-2899.1,Mismatch
TXN000006450,3001.27,0.0,0.0,-3001.27,Mismatch
TXN000006453,4330.150000000001,0.0,0.0,-4330.150000000001,Mismatch
TXN000006454,1696.9099999999999,62.09,1.0,-1634.82,Mismatch
TXN000006456,4119.55,258.03,1.0,-3861.5200000000004,Mismatch
TXN000006459,1890.79,0.0,0.0,-1890.79,Mismatch
TXN000006465,2247.18,199.8,1.0,-2047.3799999999999,Mismatch
TXN000006466,1471.3600000000001,0.0,0.0,-1471.3600000000001,Mismatch
TXN000006467,2319.6,56.65,1.0,-2262.95,Mismatch
TXN000006469,566.9,0.0,0.0,-566.9,Mismatch
TXN000006470,624.37,416.92,1.0,-207.45,Mismatch
TXN000006471,746.4,223.04,1.0,-523.36,Mismatch
TXN000006475,2239.24,192.14,1.0,-2047.1,Mismatch
TXN000006477,1581.6,0.0,0.0,-1581.6,Mismatch
TXN000006481,1855.6000000000001,0.0,0.0,-1855.6000000000001,Mismatch
TXN000006482,463.6,0.0,0.0,-463.6,Mismatch
TXN000006486,548.25,450.22,1.0,-98.02999999999997,Mismatch
TXN000006487,7099.92,0.0,0.0,-7099.92,Mismatch
TXN000006488,4394.37,0.0,0.0,-4394.37,Mismatch
TXN000006492,608.65,28.04,1.0,-580.61,Mismatch
TXN000006494,608.55,78.27,1.0,-530.28,Mismatch
TXN000006499,971.6600000000001,106.04,1.0,-865.6200000000001,Mismatch
TXN000006501,1037.32,173.91,1.0,-863.41,Mismatch
TXN000006502,563.74,284.63,1.0,-279.11,Mismatch
TXN000006506,508.6,452.81,1.0,-55.79000000000002,Mismatch
TXN000006509,4145.0,0.0,0.0,-4145.0,Mismatch
TXN000006510,9398.88,189.68,1.0,-9209.199999999999,Mismatch
TXN000006519,2318.0,110.44,1.0,-2207.56,Mismatch
TXN000006520,263.58,338.74,1.0,75.16000000000003,Mismatch
TXN000006522,2456.7799999999997,0.0,0.0,-2456.7799999999997,Mismatch
TXN000006524,115.09,417.76,2.0,302.66999999999996,Mismatch
TXN000006529,905.77,43.78,1.0,-861.99,Mismatch
TXN000006530,5429.47,486.05,1.0,-4943.42,Mismatch
TXN000006531,720.48,165.09,2.0,-555.39,Mismatch
TXN000006532,370.58,0.0,0.0,-370.58,Mismatch
TXN000006533,562.0,494.38,1.0,-67.62,Mismatch
TXN000006542,481.09,19.72,1.0,-461.37,Mismatch
TXN000006545,2976.87,0.0,0.0,-2976.87,Mismatch
TXN000006547,2518.86,50.14,1.0,-2468.7200000000003,Mismatch
TXN000006548,2686.16,474.32,1.0,-2211.8399999999997,Mismatch
TXN000006550,80.25,161.29,1.0,81.03999999999999,Mismatch
TXN000006551,5002.82,0.0,0.0,-5002.82,Mismatch
TXN000006552,2080.11,0.0,0.0,-2080.11,Mismatch
TXN000006555,167.64,54.18,1.0,-113.45999999999998,Mismatch
TXN000006560,2282.0,339.24,1.0,-1942.76,Mismatch
TXN000006563,64.18,115.25,1.0,51.06999999999999,Mismatch
TXN000006564,2967.8500000000004,432.91,1.0,-2534.9400000000005,Mismatch
TXN000006565,3868.87,0.0,0.0,-3868.87,Mismatch
TXN000006568,3631.9900000000002,347.05,1.0,-3284.94,Mismatch
TXN000006577,4340.92,170.91,1.0,-4170.01,Mismatch
TXN000006579,5972.34,0.0,0.0,-5972.34,Mismatch
TXN000006580,2276.1400000000003,0.0,0.0,-2276.1400000000003,Mismatch
TXN000006581,339.91,123.93,1.0,-215.98000000000002,Mismatch
TXN000006582,2847.76,0.0,0.0,-2847.76,Mismatch
TXN000006585,872.0,0.0,0.0,-872.0,Mismatch
TXN000006586,1951.5300000000002,185.62,1.0,-1765.9100000000003,Mismatch
TXN000006587,1030.45,212.73,1.0,-817.72,Mismatch
TXN000006589,2421.96,0.0,0.0,-2421.96,Mismatch
TXN000006591,740.18,167.95,1.0,-572.23,Mismatch
TXN000006593,5797.47,173.68,1.0,-5623.79,Mismatch
TXN000006595,1013.6700000000001,60.25,1.0,-953.4200000000001,Mismatch
TXN000006597,4035.12,0.0,0.0,-4035.12,Mismatch
TXN000006599,1916.72,0.0,0.0,-1916.72,Mismatch
TXN000006602,1582.72,0.0,0.0,-1582.72,Mismatch
TXN000006603,110.76,486.36,1.0,375.6,Mismatch
TXN000006604,919.01,267.18,1.0,-651.8299999999999,Mismatch
TXN000006607,656.81,0.0,0.0,-656.81,Mismatch
TXN000006610,640.94,198.55,1.0,-442.39000000000004,Mismatch
TXN000006614,4293.0,290.69,2.0,-4002.31,Mismatch
TXN000006615,7005.68,0.0,0.0,-7005.68,Mismatch
TXN000006616,2644.33,0.0,0.0,-2644.33,Mismatch
TXN000006620,5060.099999999999,426.93,1.0,-4633.169999999999,Mismatch
TXN000006621,2353.84,499.74,1.0,-1854.1000000000001,Mismatch
TXN000006624,2381.6499999999996,0.0,0.0,-2381.6499999999996,Mismatch
TXN000006626,4737.619999999999,391.46,1.0,-4346.159999999999,Mismatch
TXN000006627,2135.32,108.98,1.0,-2026.3400000000001,Mismatch
TXN000006630,157.19,0.0,0.0,-157.19,Mismatch
TXN000006631,1657.2400000000002,382.91,1.0,-1274.3300000000002,Mismatch
TXN000006635,1191.9,210.54,1.0,-981.3600000000001,Mismatch
TXN000006637,3898.8900000000003,808.08,2.0,-3090.8100000000004,Mismatch
TXN000006642,3001.29,60.2,1.0,-2941.09,Mismatch
TXN000006644,3199.8999999999996,0.0,0.0,-3199.8999999999996,Mismatch
TXN000006649,3161.7599999999998,374.01,1.0,-2787.75,Mismatch
TXN000006650,4006.44,0.0,0.0,-4006.44,Mismatch
TXN000006657,372.33,346.66,1.0,-25.66999999999996,Mismatch
TXN000006661,1789.79,141.21,1.0,-1648.58,Mismatch
TXN000006662,330.46,0.0,0.0,-330.46,Mismatch
TXN000006663,2885.91,21.72,1.0,-2864.19,Mismatch
TXN000006665,674.29,316.2,1.0,-358.09,Mismatch
TXN000006666,664.44,347.69,1.0,-316.75000000000006,Mismatch
TXN000006667,2694.14,45.86,1.0,-2648.2799999999997,Mismatch
TXN000006668,3788.25,393.56,1.0,-3394.69,Mismatch
TXN000006673,4220.85,246.02,1.0,-3974.8300000000004,Mismatch
TXN000006674,590.04,20.27,1.0,-569.77,Mismatch
TXN000006681,2023.28,0.0,0.0,-2023.28,Mismatch
TXN000006687,4743.4400000000005,138.47,1.0,-4604.97,Mismatch
TXN000006692,1292.01,0.0,0.0,-1292.01,Mismatch
TXN000006695,2151.51,245.19,1.0,-1906.3200000000002,Mismatch
TXN000006697,3325.36,373.15,1.0,-2952.21,Mismatch
TXN000006700,684.34,0.0,0.0,-684.34,Mismatch
TXN000006705,6615.93,412.04,1.0,-6203.89,Mismatch
TXN000006708,855.6800000000001,0.0,0.0,-855.6800000000001,Mismatch
TXN000006710,2367.61,0.0,0.0,-2367.61,Mismatch
TXN000006712,1004.4100000000001,275.52,1.0,-728.8900000000001,Mismatch
TXN000006713,438.59,306.74,1.0,-131.84999999999997,Mismatch
TXN000006714,74.92,412.28,1.0,337.35999999999996,Mismatch
TXN000006719,2440.21,162.78,1.0,-2277.43,Mismatch
TXN000006720,5139.55,138.52,1.0,-5001.03,Mismatch
TXN000006722,4192.88,0.0,0.0,-4192.88,Mismatch
TXN000006728,4260.910000000001,309.04,1.0,-3951.870000000001,Mismatch
TXN000006731,2091.5,0.0,0.0,-2091.5,Mismatch
TXN000006734,220.13,0.0,0.0,-220.13,Mismatch
TXN000006735,1036.93,0.0,0.0,-1036.93,Mismatch
TXN000006737,3433.21,358.64,1.0,-3074.57,Mismatch
TXN000006738,64.18,415.61,1.0,351.43,Mismatch
TXN000006742,1304.52,0.0,0.0,-1304.52,Mismatch
TXN000006747,2723.52,0.0,0.0,-2723.52,Mismatch
TXN000006748,1077.9,0.0,0.0,-1077.9,Mismatch
TXN000006751,4513.62,228.26,1.0,-4285.36,Mismatch
TXN000006754,899.5999999999999,465.96,1.0,-433.63999999999993,Mismatch
TXN000006755,4632.65,5.44,1.0,-4627.21,Mismatch
TXN000006756,4656.990000000001,205.36,1.0,-4451.630000000001,Mismatch
TXN000006758,2990.84,65.78,1.0,-2925.06,Mismatch
TXN000006761,404.88,202.49,1.0,-202.39,Mismatch
TXN000006762,3668.9,0.0,0.0,-3668.9,Mismatch
TXN000006769,243.24,0.0,0.0,-243.24,Mismatch
TXN000006770,1848.38,192.91,1.0,-1655.47,Mismatch
TXN000006775,1265.05,159.08,1.0,-1105.97,Mismatch
TXN000006776,5681.74,0.0,0.0,-5681.74,Mismatch
TXN000006779,2095.65,0.0,0.0,-2095.65,Mismatch
TXN000006783,350.19,224.66,1.0,-125.53,Mismatch
TXN000006784,3790.05,0.0,0.0,-3790.05,Mismatch
TXN000006792,218.99,44.67,1.0,-174.32,Mismatch
TXN000006793,264.66,79.37,1.0,-185.29000000000002,Mismatch
TXN000006798,2070.85,0.0,0.0,-2070.85,Mismatch
TXN000006801,1329.04,388.16,1.0,-940.8799999999999,Mismatch
TXN000006803,876.38,373.59,1.0,-502.79,Mismatch
TXN000006805,4195.16,17.63,1.0,-4177.53,Mismatch
TXN000006807,1883.04,0.0,0.0,-1883.04,Mismatch
TXN000006808,5852.9400000000005,0.0,0.0,-5852.9400000000005,Mismatch
TXN000006813,1591.5,159.63,1.0,-1431.87,Mismatch
TXN000006814,1067.16,7.44,1.0,-1059.72,Mismatch
TXN000006822,8834.05,0.0,0.0,-8834.05,Mismatch
TXN000006824,1726.69,334.95,1.0,-1391.74,Mismatch
TXN000006825,368.82,0.0,0.0,-368.82,Mismatch
TXN000006827,1409.97,0.0,0.0,-1409.97,Mismatch
TXN000006828,2802.95,206.62,1.0,-2596.33,Mismatch
TXN000006830,698.04,0.0,0.0,-698.04,Mismatch
TXN000006831,1502.72,175.51,1.0,-1327.21,Mismatch
TXN000006832,3228.7,140.03,1.0,-3088.6699999999996,Mismatch
TXN000006833,708.52,158.84,1.0,-549.68,Mismatch
TXN000006835,5576.9,139.24,1.0,-5437.66,Mismatch
TXN000006841,360.13,312.54,1.0,-47.589999999999975,Mismatch
TXN000006843,231.61,0.0,0.0,-231.61,Mismatch
TXN000006848,1524.9,0.0,0.0,-1524.9,Mismatch
TXN000006852,4181.53,52.97,1.0,-4128.5599999999995,Mismatch
TXN000006853,1255.6100000000001,170.61,1.0,-1085.0,Mismatch
TXN000006855,3408.8599999999997,333.17,1.0,-3075.6899999999996,Mismatch
TXN000006859,1183.97,367.61,1.0,-816.36,Mismatch
TXN000006862,2872.76,475.54,1.0,-2397.2200000000003,Mismatch
TXN000006865,4630.219999999999,0.0,0.0,-4630.219999999999,Mismatch
TXN000006866,1769.04,0.0,0.0,-1769.04,Mismatch
TXN000006867,1261.6100000000001,0.0,0.0,-1261.6100000000001,Mismatch
TXN000006869,2011.56,0.0,0.0,-2011.56,Mismatch
TXN000006871,4629.86,389.09,1.0,-4240.7699999999995,Mismatch
TXN000006873,507.76,286.6,1.0,-221.15999999999997,Mismatch
TXN000006875,2123.97,324.37,1.0,-1799.6,Mismatch
TXN000006876,2121.9700000000003,0.0,0.0,-2121.9700000000003,Mismatch
TXN000006878,2760.48,0.0,0.0,-2760.48,Mismatch
TXN000006883,1403.26,226.8,1.0,-1176.46,Mismatch
TXN000006885,1515.44,0.0,0.0,-1515.44,Mismatch
TXN000006887,1576.58,335.31,1.0,-1241.27,Mismatch
TXN000006889,2913.1,0.0,0.0,-2913.1,Mismatch
TXN000006891,506.44,0.0,0.0,-506.44,Mismatch
TXN000006894,1436.86,421.81,1.0,-1015.05,Mismatch
TXN000006895,2825.76,287.98,1.0,-2537.78,Mismatch
TXN000006896,450.41,0.0,0.0,-450.41,Mismatch
TXN000006898,4697.2,243.93,1.0,-4453.2699999999995,Mismatch
TXN000006900,1620.88,464.1,1.0,-1156.7800000000002,Mismatch
TXN000006902,3478.7,0.0,0.0,-3478.7,Mismatch
TXN000006906,723.99,0.0,0.0,-723.99,Mismatch
TXN000006907,4235.1,365.24,1.0,-3869.8600000000006,Mismatch
TXN000006908,6037.92,465.81,1.0,-5572.11,Mismatch
TXN000006911,5590.91,397.56,1.0,-5193.349999999999,Mismatch
TXN000006912,4178.719999999999,251.15,1.0,-3927.5699999999993,Mismatch
TXN000006913,1491.56,33.38,1.0,-1458.1799999999998,Mismatch
TXN000006917,90.81,0.0,0.0,-90.81,Mismatch
TXN000006918,47.22,302.41,1.0,255.19000000000003,Mismatch
TXN000006919,165.98,0.0,0.0,-165.98,Mismatch
TXN000006920,3909.93,273.12,1.0,-3636.81,Mismatch
TXN000006921,4627.83,0.0,0.0,-4627.83,Mismatch
TXN000006925,451.44,141.17,1.0,-310.27,Mismatch
TXN000006926,802.68,0.0,0.0,-802.68,Mismatch
TXN000006930,1889.16,110.63,1.0,-1778.5300000000002,Mismatch
TXN000006936,762.75,158.6,1.0,-604.15,Mismatch
TXN000006937,2334.14,87.85,1.0,-2246.29,Mismatch
TXN000006938,1832.17,0.0,0.0,-1832.17,Mismatch
TXN000006943,5529.549999999999,81.26,1.0,-5448.289999999999,Mismatch
TXN000006944,268.9,14.4,1.0,-254.49999999999997,Mismatch
TXN000006946,475.1,37.3,1.0,-437.8,Mismatch
TXN000006948,752.23,0.0,0.0,-752.23,Mismatch
TXN000006951,1443.0,160.89,1.0,-1282.1100000000001,Mismatch
TXN000006953,5013.18,322.37,1.0,-4690.81,Mismatch
TXN000006954,2632.28,184.27,1.0,-2448.01,Mismatch
TXN000006955,625.02,272.65,1.0,-352.37,Mismatch
TXN000006958,1531.12,0.0,0.0,-1531.12,Mismatch
TXN000006963,2157.81,182.31,1.0,-1975.5,Mismatch
TXN000006965,709.66,285.25,1.0,-424.40999999999997,Mismatch
TXN000006968,2202.29,0.0,0.0,-2202.29,Mismatch
TXN000006970,2711.0899999999997,41.89,1.0,-2669.2,Mismatch
TXN000006971,2886.09,18.09,1.0,-2868.0,Mismatch
TXN000006972,283.59999999999997,43.5,1.0,-240.09999999999997,Mismatch
TXN000006974,558.42,0.0,0.0,-558.42,Mismatch
TXN000006977,1978.35,381.83,1.0,-1596.52,Mismatch
TXN000006979,1329.54,0.0,0.0,-1329.54,Mismatch
TXN000006983,1559.0100000000002,163.54,1.0,-1395.4700000000003,Mismatch
TXN000006986,2080.36,274.41,1.0,-1805.95,Mismatch
TXN000006991,2146.1499999999996,0.0,0.0,-2146.1499999999996,Mismatch
TXN000006992,4548.840000000001,223.96,1.0,-4324.880000000001,Mismatch
TXN000006994,4507.49,0.0,0.0,-4507.49,Mismatch
TXN000006995,1435.69,0.0,0.0,-1435.69,Mismatch
TXN000006996,4238.02,458.02,1.0,-3780.0000000000005,Mismatch
TXN000006999,191.18,0.0,0.0,-191.18,Mismatch
TXN000007001,2216.2200000000003,280.07,1.0,-1936.1500000000003,Mismatch
TXN000007002,694.76,392.37,1.0,-302.39,Mismatch
TXN000007004,3258.0299999999997,0.0,0.0,-3258.0299999999997,Mismatch
TXN000007005,2108.76,0.0,0.0,-2108.76,Mismatch
TXN000007010,356.64,0.0,0.0,-356.64,Mismatch
TXN000007011,1558.52,0.0,0.0,-1558.52,Mismatch
TXN000007013,742.08,0.0,0.0,-742.08,Mismatch
TXN000007015,414.17,20.77,1.0,-393.40000000000003,Mismatch
TXN000007017,1098.6999999999998,206.45,1.0,-892.2499999999998,Mismatch
TXN000007018,154.84,309.43,1.0,154.59,Mismatch
TXN000007022,541.45,163.24,1.0,-378.21000000000004,Mismatch
TXN000007023,532.12,297.85,1.0,-234.26999999999998,Mismatch
TXN000007025,6375.549999999999,0.0,0.0,-6375.549999999999,Mismatch
TXN000007026,6563.24,122.34,1.0,-6440.9,Mismatch
TXN000007028,4594.9800000000005,0.0,0.0,-4594.9800000000005,Mismatch
TXN000007029,754.02,405.42,1.0,-348.59999999999997,Mismatch
TXN000007030,3187.25,212.73,1.0,-2974.52,Mismatch
TXN000007032,873.38,0.0,0.0,-873.38,Mismatch
TXN000007033,1665.56,0.0,0.0,-1665.56,Mismatch
TXN000007034,2005.44,0.0,0.0,-2005.44,Mismatch
TXN000007037,157.34,0.0,0.0,-157.34,Mismatch
TXN000007038,2778.34,283.03,1.0,-2495.3100000000004,Mismatch
TXN000007041,1891.87,0.0,0.0,-1891.87,Mismatch
TXN000007044,3514.08,0.0,0.0,-3514.08,Mismatch
TXN000007045,1056.76,0.0,0.0,-1056.76,Mismatch
TXN000007046,2094.4500000000003,317.18,1.0,-1777.2700000000002,Mismatch
TXN000007049,4362.04,0.0,0.0,-4362.04,Mismatch
TXN000007050,2793.1299999999997,495.97,1.0,-2297.16,Mismatch
TXN000007051,2523.79,0.0,0.0,-2523.79,Mismatch
TXN000007055,2465.75,0.0,0.0,-2465.75,Mismatch
TXN000007057,629.0799999999999,103.88,1.0,-525.1999999999999,Mismatch
TXN000007060,2528.74,49.49,1.0,-2479.25,Mismatch
TXN000007063,1836.74,90.18,1.0,-1746.56,Mismatch
TXN000007064,1047.88,0.0,0.0,-1047.88,Mismatch
TXN000007067,1670.79,0.0,0.0,-1670.79,Mismatch
TXN000007068,4253.0,372.74,1.0,-3880.26,Mismatch
TXN000007069,175.92,177.11,1.0,1.1900000000000261,Mismatch
TXN000007070,2271.2,377.26,1.0,-1893.9399999999998,Mismatch
TXN000007072,3343.76,217.78,1.0,-3125.98,Mismatch
TXN000007075,2258.96,233.82,1.0,-2025.14,Mismatch
TXN000007076,2227.46,319.01,1.0,-1908.45,Mismatch
TXN000007077,1340.15,446.45,1.0,-893.7,Mismatch
TXN000007081,653.42,0.0,0.0,-653.42,Mismatch
TXN000007084,278.91,0.0,0.0,-278.91,Mismatch
TXN000007085,1715.23,426.44,1.0,-1288.79,Mismatch
TXN000007090,3604.32,223.79,1.0,-3380.53,Mismatch
TXN000007092,4826.16,147.37,1.0,-4678.79,Mismatch
TXN000007093,1925.6799999999998,228.31,1.0,-1697.37,Mismatch
TXN000007094,3382.01,0.0,0.0,-3382.01,Mismatch
TXN000007097,4304.37,0.0,0.0,-4304.37,Mismatch
TXN000007099,3888.04,164.64,1.0,-3723.4,Mismatch
TXN000007101,1870.8400000000001,156.42,1.0,-1714.42,Mismatch
TXN000007113,3269.42,0.0,0.0,-3269.42,Mismatch
TXN000007114,595.25,74.8,1.0,-520.45,Mismatch
TXN000007117,2737.56,0.0,0.0,-2737.56,Mismatch
TXN000007118,186.5,484.94,1.0,298.44,Mismatch
TXN000007122,3918.98,25.79,1.0,-3893.19,Mismatch
TXN000007123,2703.34,0.0,0.0,-2703.34,Mismatch
TXN000007124,6661.98,0.0,0.0,-6661.98,Mismatch
TXN000007125,646.99,290.1,1.0,-356.89,Mismatch
TXN000007126,76.4,0.0,0.0,-76.4,Mismatch
TXN000007127,5599.62,177.45,1.0,-5422.17,Mismatch
TXN000007128,4700.700000000001,0.0,0.0,-4700.700000000001,Mismatch
TXN000007132,2383.37,450.83,1.0,-1932.54,Mismatch
TXN000007135,3791.86,0.0,0.0,-3791.86,Mismatch
TXN000007136,2259.62,22.85,1.0,-2236.77,Mismatch
TXN000007137,1292.43,0.0,0.0,-1292.43,Mismatch
TXN000007139,7074.77,0.0,0.0,-7074.77,Mismatch
TXN000007140,1671.5,441.36,1.0,-1230.1399999999999,Mismatch
TXN000007141,748.2700000000001,481.56,1.0,-266.7100000000001,Mismatch
TXN000007142,1654.67,155.22,1.0,-1499.45,Mismatch
TXN000007143,449.68,485.15,1.0,35.46999999999997,Mismatch
TXN000007145,319.68,35.39,1.0,-284.29,Mismatch
TXN000007149,1975.72,0.0,0.0,-1975.72,Mismatch
TXN000007152,2291.29,0.0,0.0,-2291.29,Mismatch
TXN000007155,686.67,486.97,1.0,-199.69999999999993,Mismatch
TXN000007156,4160.82,289.32,1.0,-3871.4999999999995,Mismatch
TXN000007158,997.52,0.0,0.0,-997.52,Mismatch
TXN000007159,2161.1000000000004,28.85,1.0,-2132.2500000000005,Mismatch
TXN000007160,2443.5299999999997,448.36,1.0,-1995.1699999999996,Mismatch
TXN000007164,392.88,53.69,1.0,-339.19,Mismatch
TXN000007166,2624.3999999999996,375.76,1.0,-2248.6399999999994,Mismatch
TXN000007169,2471.98,29.6,1.0,-2442.38,Mismatch
TXN000007170,915.4799999999999,171.71,1.0,-743.7699999999999,Mismatch
TXN000007172,357.24,0.0,0.0,-357.24,Mismatch
TXN000007175,1869.8400000000001,144.31,1.0,-1725.5300000000002,Mismatch
TXN000007178,1019.01,89.62,1.0,-929.39,Mismatch
TXN000007179,1939.83,119.92,1.0,-1819.9099999999999,Mismatch
TXN000007184,2723.61,476.0,1.0,-2247.61,Mismatch
TXN000007186,1202.2599999999998,0.0,0.0,-1202.2599999999998,Mismatch
TXN000007188,92.89999999999999,189.76,1.0,96.86,Mismatch
TXN000007190,4597.83,306.76,1.0,-4291.07,Mismatch
TXN000007193,1681.3500000000001,13.33,1.0,-1668.0200000000002,Mismatch
TXN000007195,3972.87,5.29,1.0,-3967.58,Mismatch
TXN000007197,58.75,0.0,0.0,-58.75,Mismatch
TXN000007202,271.28,286.44,1.0,15.160000000000025,Mismatch
TXN000007203,4173.05,214.41,1.0,-3958.6400000000003,Mismatch
TXN000007204,3940.55,159.7,1.0,-3780.8500000000004,Mismatch
TXN000007206,5201.35,204.63,1.0,-4996.72,Mismatch
TXN000007210,569.62,164.62,1.0,-405.0,Mismatch
TXN000007212,217.18,0.0,0.0,-217.18,Mismatch
TXN000007217,695.84,0.0,0.0,-695.84,Mismatch
TXN000007219,2709.07,299.73,1.0,-2409.34,Mismatch
TXN000007220,3184.86,720.77,2.0,-2464.09,Mismatch
TXN000007224,776.26,53.24,1.0,-723.02,Mismatch
TXN000007225,5107.429999999999,129.53,1.0,-4977.9,Mismatch
TXN000007226,2652.26,12.93,1.0,-2639.3300000000004,Mismatch
TXN000007227,2217.76,0.0,0.0,-2217.76,Mismatch
TXN000007228,2805.33,464.14,1.0,-2341.19,Mismatch
TXN000007229,3842.55,181.14,1.0,-3661.4100000000003,Mismatch
TXN000007231,891.37,0.0,0.0,-891.37,Mismatch
TXN000007233,421.64,229.19,1.0,-192.45,Mismatch
TXN000007235,4150.06,367.85,1.0,-3782.2100000000005,Mismatch
TXN000007236,303.74,579.02,2.0,275.28,Mismatch
TXN000007238,1830.9,34.34,1.0,-1796.5600000000002,Mismatch
TXN000007240,758.39,79.57,1.0,-678.8199999999999,Mismatch
TXN000007241,1820.31,104.55,1.0,-1715.76,Mismatch
TXN000007242,379.14,0.0,0.0,-379.14,Mismatch
TXN000007243,2311.5,0.0,0.0,-2311.5,Mismatch
TXN000007246,2942.46,376.63,1.0,-2565.83,Mismatch
TXN000007248,1320.6699999999998,255.14,1.0,-1065.5299999999997,Mismatch
TXN000007249,570.14,0.0,0.0,-570.14,Mismatch
TXN000007252,4000.74,177.57,1.0,-3823.1699999999996,Mismatch
TXN000007255,45.75,0.0,0.0,-45.75,Mismatch
TXN000007259,3307.16,117.75,1.0,-3189.41,Mismatch
TXN000007260,2603.8799999999997,200.48,1.0,-2403.3999999999996,Mismatch
TXN000007262,3898.92,64.12,1.0,-3834.8,Mismatch
TXN000007265,862.1800000000001,0.0,0.0,-862.1800000000001,Mismatch
TXN000007268,938.06,0.0,0.0,-938.06,Mismatch
TXN000007269,3239.72,494.46,1.0,-2745.2599999999998,Mismatch
TXN000007273,942.53,0.0,0.0,-942.53,Mismatch
TXN000007274,808.12,293.69,1.0,-514.4300000000001,Mismatch
TXN000007275,2644.64,43.72,1.0,-2600.92,Mismatch
TXN000007279,2032.76,349.7,1.0,-1683.06,Mismatch
TXN000007280,596.88,0.0,0.0,-596.88,Mismatch
TXN000007281,1466.35,0.0,0.0,-1466.35,Mismatch
TXN000007282,177.1,0.0,0.0,-177.1,Mismatch
TXN000007284,4202.83,70.88,1.0,-4131.95,Mismatch
TXN000007285,1675.0,0.0,0.0,-1675.0,Mismatch
TXN000007288,901.62,0.0,0.0,-901.62,Mismatch
TXN000007289,862.97,0.0,0.0,-862.97,Mismatch
TXN000007290,905.9,493.6,1.0,-412.29999999999995,Mismatch
TXN000007291,4621.63,0.0,0.0,-4621.63,Mismatch
TXN000007292,79.35,96.31,1.0,16.960000000000008,Mismatch
TXN000007293,489.7,446.06,1.0,-43.639999999999986,Mismatch
TXN000007294,742.89,14.52,1.0,-728.37,Mismatch
TXN000007296,2724.5699999999997,397.84,1.0,-2326.7299999999996,Mismatch
TXN000007297,1411.26,282.66,1.0,-1128.6,Mismatch
TXN000007300,468.3,236.88,1.0,-231.42000000000002,Mismatch
TXN000007301,1626.15,0.0,0.0,-1626.15,Mismatch
TXN000007308,1202.5500000000002,271.81,1.0,-930.7400000000002,Mismatch
TXN000007309,160.94,0.0,0.0,-160.94,Mismatch
TXN000007310,880.52,0.0,0.0,-880.52,Mismatch
TXN000007314,2198.5299999999997,0.0,0.0,-2198.5299999999997,Mismatch
TXN000007315,293.69,395.34,1.0,101.64999999999998,Mismatch
TXN000007318,3572.27,197.52,1.0,-3374.75,Mismatch
TXN000007319,623.23,348.09,1.0,-275.14000000000004,Mismatch
TXN000007321,2123.42,0.0,0.0,-2123.42,Mismatch
TXN000007322,1582.5,0.0,0.0,-1582.5,Mismatch
TXN000007325,3789.6899999999996,331.8,1.0,-3457.8899999999994,Mismatch
TXN000007326,4511.11,384.68,1.0,-4126.429999999999,Mismatch
TXN000007327,1072.1100000000001,455.3,1.0,-616.8100000000002,Mismatch
TXN000007328,1253.35,0.0,0.0,-1253.35,Mismatch
TXN000007329,104.08,0.0,0.0,-104.08,Mismatch
TXN000007331,1194.94,485.78,1.0,-709.1600000000001,Mismatch
TXN000007335,872.32,367.57,1.0,-504.75000000000006,Mismatch
TXN000007338,905.8499999999999,143.8,1.0,-762.05,Mismatch
TXN000007339,6284.360000000001,0.0,0.0,-6284.360000000001,Mismatch
TXN000007342,3346.34,0.0,0.0,-3346.34,Mismatch
TXN000007343,3265.48,261.13,1.0,-3004.35,Mismatch
TXN000007345,4455.56,201.56,1.0,-4254.0,Mismatch
TXN000007346,1812.1800000000003,0.0,0.0,-1812.1800000000003,Mismatch
TXN000007347,1933.85,304.88,1.0,-1628.9699999999998,Mismatch
TXN000007349,4376.05,0.0,0.0,-4376.05,Mismatch
TXN000007350,972.03,100.14,1.0,-871.89,Mismatch
TXN000007353,4277.45,0.0,0.0,-4277.45,Mismatch
TXN000007354,3214.61,0.0,0.0,-3214.61,Mismatch
TXN000007356,789.48,292.52,1.0,-496.96000000000004,Mismatch
TXN000007360,352.75,198.32,1.0,-154.43,Mismatch
TXN000007361,3154.8900000000003,0.0,0.0,-3154.8900000000003,Mismatch
TXN000007367,3861.0,0.0,0.0,-3861.0,Mismatch
TXN000007370,1182.28,186.32,1.0,-995.96,Mismatch
TXN000007372,1230.55,0.0,0.0,-1230.55,Mismatch
TXN000007375,1699.36,0.0,1.0,-1699.36,Mismatch
TXN000007377,886.48,383.65,1.0,-502.83000000000004,Mismatch
TXN000007378,331.76,0.0,0.0,-331.76,Mismatch
TXN000007379,1105.92,142.26,1.0,-963.6600000000001,Mismatch
TXN000007383,1868.6,265.7,1.0,-1602.8999999999999,Mismatch
TXN000007386,4325.1,399.22,1.0,-3925.88,Mismatch
TXN000007387,40.85,572.55,2.0,531.6999999999999,Mismatch
TXN000007388,585.66,414.21,1.0,-171.45,Mismatch
TXN000007395,3681.62,469.21,1.0,-3212.41,Mismatch
TXN000007396,2052.84,103.62,1.0,-1949.2200000000003,Mismatch
TXN000007398,823.98,480.38,1.0,-343.6,Mismatch
TXN000007400,461.85,127.48,1.0,-334.37,Mismatch
TXN000007404,1008.1700000000001,0.0,0.0,-1008.1700000000001,Mismatch
TXN000007410,910.8499999999999,148.15,1.0,-762.6999999999999,Mismatch
TXN000007413,3171.08,362.21,1.0,-2808.87,Mismatch
TXN000007414,2311.7,262.41,1.0,-2049.29,Mismatch
TXN000007416,498.93,0.0,0.0,-498.93,Mismatch
TXN000007420,309.9,238.6,1.0,-71.29999999999998,Mismatch
TXN000007421,4002.11,80.08,1.0,-3922.03,Mismatch
TXN000007426,4212.48,152.34,1.0,-4060.1399999999994,Mismatch
TXN000007429,4016.63,0.0,0.0,-4016.63,Mismatch
TXN000007430,1313.43,0.0,0.0,-1313.43,Mismatch
TXN000007432,945.06,0.0,0.0,-945.06,Mismatch
TXN000007437,873.28,72.44,1.0,-800.8399999999999,Mismatch
TXN000007438,4358.5599999999995,0.0,0.0,-4358.5599999999995,Mismatch
TXN000007439,1412.6599999999999,0.0,0.0,-1412.6599999999999,Mismatch
TXN000007440,3743.86,0.0,0.0,-3743.86,Mismatch
TXN000007441,998.44,0.0,0.0,-998.44,Mismatch
TXN000007442,633.91,264.34,1.0,-369.57,Mismatch
TXN000007443,168.31,133.31,1.0,-35.0,Mismatch
TXN000007444,562.44,190.19,1.0,-372.25000000000006,Mismatch
TXN000007445,718.54,274.41,2.0,-444.12999999999994,Mismatch
TXN000007446,1186.27,0.0,0.0,-1186.27,Mismatch
TXN000007447,3612.6499999999996,404.8,1.0,-3207.8499999999995,Mismatch
TXN000007448,3374.85,0.0,0.0,-3374.85,Mismatch
TXN000007449,1701.35,0.0,0.0,-1701.35,Mismatch
TXN000007451,1668.78,134.32,1.0,-1534.46,Mismatch
TXN000007452,919.92,369.3,1.0,-550.6199999999999,Mismatch
TXN000007454,1531.14,489.07,1.0,-1042.0700000000002,Mismatch
TXN000007455,778.44,0.0,0.0,-778.44,Mismatch
TXN000007456,2715.5499999999997,0.0,0.0,-2715.5499999999997,Mismatch
TXN000007459,2450.6,66.04,1.0,-2384.56,Mismatch
TXN000007462,91.4,465.0,1.0,373.6,Mismatch
TXN000007463,583.48,0.0,0.0,-583.48,Mismatch
TXN000007464,3177.56,0.0,0.0,-3177.56,Mismatch
TXN000007466,5016.2,443.92,1.0,-4572.28,Mismatch
TXN000007467,158.94,18.11,1.0,-140.82999999999998,Mismatch
TXN000007468,2024.81,44.42,1.0,-1980.3899999999999,Mismatch
TXN000007472,727.46,266.54,2.0,-460.92,Mismatch
TXN000007473,966.2399999999999,0.0,0.0,-966.2399999999999,Mismatch
TXN000007474,1133.96,0.0,0.0,-1133.96,Mismatch
TXN000007477,3566.62,284.45,1.0,-3282.17,Mismatch
TXN000007478,2370.5,0.0,0.0,-2370.5,Mismatch
TXN000007480,484.27,221.42,1.0,-262.85,Mismatch
TXN000007485,5041.13,0.0,0.0,-5041.13,Mismatch
TXN000007486,868.08,0.0,0.0,-868.08,Mismatch
TXN000007487,692.79,0.0,0.0,-692.79,Mismatch
TXN000007489,2944.7999999999997,227.82,1.0,-2716.9799999999996,Mismatch
TXN000007490,99.82,0.0,0.0,-99.82,Mismatch
TXN000007493,1014.24,281.11,1.0,-733.13,Mismatch
TXN000007495,1278.8899999999999,0.0,0.0,-1278.8899999999999,Mismatch
TXN000007496,1009.34,108.83,1.0,-900.51,Mismatch
TXN000007503,5363.09,0.0,0.0,-5363.09,Mismatch
TXN000007505,2147.4900000000002,0.0,0.0,-2147.4900000000002,Mismatch
TXN000007506,1585.46,0.0,0.0,-1585.46,Mismatch
TXN000007507,6214.96,320.66,1.0,-5894.3,Mismatch
TXN000007514,1934.39,21.65,1.0,-1912.74,Mismatch
TXN000007518,2074.67,70.84,1.0,-2003.8300000000002,Mismatch
TXN000007520,2075.92,44.06,1.0,-2031.8600000000001,Mismatch
TXN000007522,2459.88,0.0,0.0,-2459.88,Mismatch
TXN000007530,877.85,84.65,1.0,-793.2,Mismatch
TXN000007531,2327.1800000000003,409.9,1.0,-1917.2800000000002,Mismatch
TXN000007533,113.04,0.0,0.0,-113.04,Mismatch
TXN000007538,344.75,328.76,1.0,-15.990000000000009,Mismatch
TXN000007539,1660.6399999999999,0.0,0.0,-1660.6399999999999,Mismatch
TXN000007541,3340.28,44.45,1.0,-3295.8300000000004,Mismatch
TXN000007544,2533.0499999999997,34.6,1.0,-2498.45,Mismatch
TXN000007545,320.92,0.0,0.0,-320.92,Mismatch
TXN000007546,3259.42,0.0,0.0,-3259.42,Mismatch
TXN000007548,2597.0499999999997,102.0,1.0,-2495.0499999999997,Mismatch
TXN000007549,388.11,0.0,0.0,-388.11,Mismatch
TXN000007551,2041.47,0.0,0.0,-2041.47,Mismatch
TXN000007553,2961.2,250.64999999999998,2.0,-2710.5499999999997,Mismatch
TXN000007556,2466.2999999999997,65.71,1.0,-2400.5899999999997,Mismatch
TXN000007558,1867.37,159.66,1.0,-1707.7099999999998,Mismatch
TXN000007559,996.1199999999999,0.0,0.0,-996.1199999999999,Mismatch
TXN000007563,6799.81,0.0,0.0,-6799.81,Mismatch
TXN000007564,1721.22,0.0,0.0,-1721.22,Mismatch
TXN000007566,5346.21,0.0,0.0,-5346.21,Mismatch
TXN000007577,223.07,355.08,1.0,132.01,Mismatch
TXN000007583,3276.64,0.0,0.0,-3276.64,Mismatch
TXN000007584,3646.87,0.0,0.0,-3646.87,Mismatch
TXN000007586,2619.2,308.22,1.0,-2310.9799999999996,Mismatch
TXN000007587,2232.7799999999997,80.51,1.0,-2152.2699999999995,Mismatch
TXN000007588,2850.36,499.88,1.0,-2350.48,Mismatch
TXN000007592,201.72,449.86,1.0,248.14000000000001,Mismatch
TXN000007594,868.94,409.29,1.0,-459.65000000000003,Mismatch
TXN000007595,3947.43,272.66,1.0,-3674.77,Mismatch
TXN000007596,5043.26,322.98,1.0,-4720.280000000001,Mismatch
TXN000007597,1093.02,0.0,0.0,-1093.02,Mismatch
TXN000007599,5182.71,69.27,1.0,-5113.44,Mismatch
TXN000007600,1176.68,420.92,1.0,-755.76,Mismatch
TXN000007601,862.5,409.62,1.0,-452.88,Mismatch
TXN000007602,4237.8,559.19,2.0,-3678.61,Mismatch
TXN000007605,570.2,457.86,1.0,-112.34000000000003,Mismatch
TXN000007608,2939.74,487.95,1.0,-2451.79,Mismatch
TXN000007609,201.14,274.52,1.0,73.38,Mismatch
TXN000007612,848.1899999999999,214.56,1.0,-633.6299999999999,Mismatch
TXN000007616,431.24,71.53,1.0,-359.71000000000004,Mismatch
TXN000007618,6220.2,0.0,0.0,-6220.2,Mismatch
TXN000007619,1136.93,447.37,1.0,-689.5600000000001,Mismatch
TXN000007620,1859.42,419.66,1.0,-1439.76,Mismatch
TXN000007621,991.13,74.45,1.0,-916.68,Mismatch
TXN000007637,794.64,105.47,1.0,-689.17,Mismatch
TXN000007644,3612.48,0.0,0.0,-3612.48,Mismatch
TXN000007646,1869.59,0.0,0.0,-1869.59,Mismatch
TXN000007647,5782.03,332.11,1.0,-5449.92,Mismatch
TXN000007649,418.0,0.0,0.0,-418.0,Mismatch
TXN000007651,445.58,0.0,0.0,-445.58,Mismatch
TXN000007657,1022.88,317.27,1.0,-705.61,Mismatch
TXN000007658,3113.59,783.0899999999999,2.0,-2330.5,Mismatch
TXN000007659,3134.96,188.56,1.0,-2946.4,Mismatch
TXN000007660,1358.78,472.8,1.0,-885.98,Mismatch
TXN000007661,4969.79,0.0,0.0,-4969.79,Mismatch
TXN000007662,5288.219999999999,0.0,0.0,-5288.219999999999,Mismatch
TXN000007664,1222.2,353.41,1.0,-868.79,Mismatch
TXN000007666,1265.91,422.99,1.0,-842.9200000000001,Mismatch
TXN000007672,325.03,181.43,1.0,-143.59999999999997,Mismatch
TXN000007675,1125.82,492.33,1.0,-633.49,Mismatch
TXN000007676,255.31,0.0,0.0,-255.31,Mismatch
TXN000007678,1719.92,211.18,1.0,-1508.74,Mismatch
TXN000007679,2231.34,0.0,0.0,-2231.34,Mismatch
TXN000007680,829.48,422.66,1.0,-406.82,Mismatch
TXN000007682,3557.52,0.0,0.0,-3557.52,Mismatch
TXN000007685,2407.96,100.6,1.0,-2307.36,Mismatch
TXN000007691,2713.26,62.37,1.0,-2650.8900000000003,Mismatch
TXN000007693,2735.7400000000002,206.01,1.0,-2529.7300000000005,Mismatch
TXN000007694,755.48,0.0,0.0,-755.48,Mismatch
TXN000007695,2696.5,205.2,1.0,-2491.3,Mismatch
TXN000007696,312.65,396.33,1.0,83.68,Mismatch
TXN000007697,2770.3,275.25,1.0,-2495.05,Mismatch
TXN000007703,2473.63,0.0,0.0,-2473.63,Mismatch
TXN000007704,729.4,311.42,1.0,-417.97999999999996,Mismatch
TXN000007708,4555.75,0.0,0.0,-4555.75,Mismatch
TXN000007709,2433.99,0.0,0.0,-2433.99,Mismatch
TXN000007711,1105.2,475.62,1.0,-629.58,Mismatch
TXN000007713,1419.32,402.08,1.0,-1017.24,Mismatch
TXN000007714,536.53,0.0,0.0,-536.53,Mismatch
TXN000007715,1691.08,345.75,1.0,-1345.33,Mismatch
TXN000007716,257.90999999999997,421.62,1.0,163.71000000000004,Mismatch
TXN000007717,2964.14,402.01,2.0,-2562.13,Mismatch
TXN000007720,6803.32,0.0,0.0,-6803.32,Mismatch
TXN000007727,4868.7,141.22,1.0,-4727.48,Mismatch
TXN000007728,5878.39,158.29,1.0,-5720.1,Mismatch
TXN000007729,1379.67,383.38,1.0,-996.2900000000001,Mismatch
TXN000007730,904.44,435.21,1.0,-469.2300000000001,Mismatch
TXN000007732,451.99,0.0,0.0,-451.99,Mismatch
TXN000007735,2252.09,0.0,0.0,-2252.09,Mismatch
TXN000007741,3024.3199999999997,294.49,1.0,-2729.83,Mismatch
TXN000007742,3651.27,433.0,1.0,-3218.27,Mismatch
TXN000007743,1431.9,0.0,0.0,-1431.9,Mismatch
TXN000007744,5608.43,0.0,0.0,-5608.43,Mismatch
TXN000007746,369.9,291.58,1.0,-78.32,Mismatch
TXN000007747,744.94,438.4,1.0,-306.5400000000001,Mismatch
TXN000007748,4498.35,0.0,0.0,-4498.35,Mismatch
TXN000007749,5550.78,467.76,1.0,-5083.0199999999995,Mismatch
TXN000007750,1846.3500000000001,58.76,1.0,-1787.5900000000001,Mismatch
TXN000007751,1254.35,0.0,0.0,-1254.35,Mismatch
TXN000007753,92.46,0.0,0.0,-92.46,Mismatch
TXN000007754,3374.39,0.0,0.0,-3374.39,Mismatch
TXN000007760,2476.31,99.24,1.0,-2377.07,Mismatch
TXN000007761,2373.99,0.0,0.0,-2373.99,Mismatch
TXN000007766,244.44,0.0,0.0,-244.44,Mismatch
TXN000007767,3317.1600000000003,0.0,0.0,-3317.1600000000003,Mismatch
TXN000007768,5555.76,0.0,0.0,-5555.76,Mismatch
TXN000007772,953.02,358.13,1.0,-594.89,Mismatch
TXN000007773,1498.35,437.65,1.0,-1060.6999999999998,Mismatch
TXN000007774,1515.4,285.83,1.0,-1229.5700000000002,Mismatch
TXN000007775,694.86,0.0,0.0,-694.86,Mismatch
TXN000007776,1344.95,0.0,0.0,-1344.95,Mismatch
TXN000007777,1934.91,90.85,1.0,-1844.0600000000002,Mismatch
TXN000007782,1501.32,408.68,1.0,-1092.6399999999999,Mismatch
TXN000007783,4860.030000000001,0.0,0.0,-4860.030000000001,Mismatch
TXN000007785,506.59,169.39,1.0,-337.2,Mismatch
TXN000007788,4564.36,0.0,0.0,-4564.36,Mismatch
TXN000007789,2172.71,75.73,1.0,-2096.98,Mismatch
TXN000007790,119.61,146.3,1.0,26.690000000000012,Mismatch
TXN000007791,1336.7400000000002,312.55,1.0,-1024.1900000000003,Mismatch
TXN000007794,1936.16,347.05,1.0,-1589.1100000000001,Mismatch
TXN000007795,214.38,373.05,1.0,158.67000000000002,Mismatch
TXN000007796,1670.25,430.05,1.0,-1240.2,Mismatch
TXN000007798,79.26,114.31,1.0,35.05,Mismatch
TXN000007799,5651.24,99.64,1.0,-5551.599999999999,Mismatch
TXN000007800,764.2,372.57,1.0,-391.63000000000005,Mismatch
TXN000007802,579.18,433.31,1.0,-145.86999999999995,Mismatch
TXN000007804,369.9,273.62,1.0,-96.27999999999997,Mismatch
TXN000007806,730.1899999999999,155.55,1.0,-574.6399999999999,Mismatch
TXN000007807,5224.92,0.0,0.0,-5224.92,Mismatch
TXN000007809,1253.55,14.13,1.0,-1239.4199999999998,Mismatch
TXN000007812,6667.5,0.0,0.0,-6667.5,Mismatch
TXN000007813,1475.52,404.61,1.0,-1070.9099999999999,Mismatch
TXN000007815,1926.53,336.84,1.0,-1589.69,Mismatch
TXN000007817,975.07,162.11,1.0,-812.96,Mismatch
TXN000007819,1470.1799999999998,205.82,1.0,-1264.36,Mismatch
TXN000007820,3439.2400000000002,304.33,1.0,-3134.9100000000003,Mismatch
TXN000007821,3207.48,297.51,1.0,-2909.9700000000003,Mismatch
TXN000007822,550.0,222.27,1.0,-327.73,Mismatch
TXN000007827,1581.36,393.92,1.0,-1187.4399999999998,Mismatch
TXN000007831,1077.7,28.89,1.0,-1048.81,Mismatch
TXN000007832,647.89,0.0,0.0,-647.89,Mismatch
TXN000007834,4810.76,55.4,1.0,-4755.360000000001,Mismatch
TXN000007835,3972.48,0.0,0.0,-3972.48,Mismatch
TXN000007836,250.67,292.77,1.0,42.099999999999994,Mismatch
TXN000007841,3873.09,0.0,0.0,-3873.09,Mismatch
TXN000007842,1334.6299999999999,0.0,0.0,-1334.6299999999999,Mismatch
TXN000007843,441.78,258.59,1.0,-183.19,Mismatch
TXN000007845,460.96,0.0,0.0,-460.96,Mismatch
TXN000007846,325.52,138.75,1.0,-186.76999999999998,Mismatch
TXN000007850,766.98,420.34,1.0,-346.64000000000004,Mismatch
TXN000007851,4674.12,0.0,0.0,-4674.12,Mismatch
TXN000007854,613.54,460.45,1.0,-153.08999999999997,Mismatch
TXN000007856,4232.6,324.78,1.0,-3907.8200000000006,Mismatch
TXN000007857,1315.3799999999999,0.0,0.0,-1315.3799999999999,Mismatch
TXN000007859,22.87,0.0,0.0,-22.87,Mismatch
TXN000007860,1640.6999999999998,0.0,0.0,-1640.6999999999998,Mismatch
TXN000007861,1683.53,110.72,1.0,-1572.81,Mismatch
TXN000007862,835.08,0.0,0.0,-835.08,Mismatch
TXN000007864,77.49,408.37,1.0,330.88,Mismatch
TXN000007865,2179.2200000000003,0.0,0.0,-2179.2200000000003,Mismatch
TXN000007867,251.6,206.96,1.0,-44.639999999999986,Mismatch
TXN000007868,2495.99,476.27,1.0,-2019.7199999999998,Mismatch
TXN000007869,1537.3300000000002,422.91,1.0,-1114.42,Mismatch
TXN000007871,5869.72,0.0,1.0,-5869.72,Mismatch
TXN000007873,3905.5,0.0,0.0,-3905.5,Mismatch
TXN000007874,2054.5499999999997,0.0,0.0,-2054.5499999999997,Mismatch
TXN000007876,802.02,389.46,1.0,-412.56,Mismatch
TXN000007877,4715.8,411.54,1.0,-4304.26,Mismatch
TXN000007879,1723.0,313.47,1.0,-1409.53,Mismatch
TXN000007880,2069.3,442.96,1.0,-1626.3400000000001,Mismatch
TXN000007883,3894.63,454.39,1.0,-3440.2400000000002,Mismatch
TXN000007885,1660.24,187.56,1.0,-1472.68,Mismatch
TXN000007887,175.94,114.33,1.0,-61.61,Mismatch
TXN000007889,2203.27,192.06,1.0,-2011.21,Mismatch
TXN000007892,2228.3,191.66,1.0,-2036.64,Mismatch
TXN000007895,335.12,209.99,1.0,-125.13,Mismatch
TXN000007896,3303.4199999999996,0.0,0.0,-3303.4199999999996,Mismatch
TXN000007898,2874.35,307.87,1.0,-2566.48,Mismatch
TXN000007900,1678.6000000000001,280.46,1.0,-1398.14,Mismatch
TXN000007902,5793.360000000001,0.0,0.0,-5793.360000000001,Mismatch
TXN000007906,1160.33,346.78,1.0,-813.55,Mismatch
TXN000007907,4606.34,332.67,1.0,-4273.67,Mismatch
TXN000007908,500.5,0.0,0.0,-500.5,Mismatch
TXN000007909,1771.5300000000002,0.0,0.0,-1771.5300000000002,Mismatch
TXN000007910,699.37,0.0,0.0,-699.37,Mismatch
TXN000007913,292.76,0.0,0.0,-292.76,Mismatch
TXN000007918,7088.87,0.0,0.0,-7088.87,Mismatch
TXN000007919,1445.16,338.2,1.0,-1106.96,Mismatch
TXN000007922,4083.89,0.0,0.0,-4083.89,Mismatch
TXN000007924,2288.24,366.0,1.0,-1922.2399999999998,Mismatch
TXN000007930,6771.360000000001,87.67,1.0,-6683.6900000000005,Mismatch
TXN000007932,1637.82,81.32,1.0,-1556.5,Mismatch
TXN000007935,241.14,374.35,1.0,133.21000000000004,Mismatch
TXN000007936,2497.04,0.0,0.0,-2497.04,Mismatch
TXN000007937,4606.41,29.14,1.0,-4577.2699999999995,Mismatch
TXN000007939,1377.3,0.0,0.0,-1377.3,Mismatch
TXN000007941,1188.77,214.43,1.0,-974.3399999999999,Mismatch
TXN000007942,3739.88,379.8,1.0,-3360.08,Mismatch
TXN000007943,556.52,273.77,1.0,-282.75,Mismatch
TXN000007944,2239.52,0.0,0.0,-2239.52,Mismatch
TXN000007951,2309.33,497.35,1.0,-1811.98,Mismatch
TXN000007952,2063.83,58.73,1.0,-2005.1,Mismatch
TXN000007957,3163.7400000000002,0.0,0.0,-3163.7400000000002,Mismatch
TXN000007958,4136.5199999999995,0.0,0.0,-4136.5199999999995,Mismatch
TXN000007959,658.28,0.0,0.0,-658.28,Mismatch
TXN000007961,1612.25,0.0,0.0,-1612.25,Mismatch
TXN000007962,760.14,382.81,1.0,-377.33,Mismatch
TXN000007963,2643.08,0.0,0.0,-2643.08,Mismatch
TXN000007966,1245.64,0.0,0.0,-1245.64,Mismatch
TXN000007973,445.98,195.96,1.0,-250.02,Mismatch
TXN000007978,4494.42,277.88,1.0,-4216.54,Mismatch
TXN000007980,649.84,438.91,1.0,-210.93,Mismatch
TXN000007981,1878.53,464.93,1.0,-1413.6,Mismatch
TXN000007982,6465.31,22.05,1.0,-6443.26,Mismatch
TXN000007983,4822.849999999999,0.0,0.0,-4822.849999999999,Mismatch
TXN000007985,1226.58,425.95,1.0,-800.6299999999999,Mismatch
TXN000007986,3706.17,0.0,0.0,-3706.17,Mismatch
TXN000007988,2560.72,249.53,1.0,-2311.1899999999996,Mismatch
TXN000007989,67.0,0.0,0.0,-67.0,Mismatch
TXN000007991,1631.9,243.51,1.0,-1388.39,Mismatch
TXN000007994,3310.88,277.19,1.0,-3033.69,Mismatch
TXN000008000,2551.88,475.07,1.0,-2076.81,Mismatch
TXN000008002,4769.38,218.79,1.0,-4550.59,Mismatch
TXN000008003,4950.75,266.06,1.0,-4684.69,Mismatch
TXN000008004,969.76,163.23,1.0,-806.53,Mismatch
TXN000008005,3806.5800000000004,0.0,0.0,-3806.5800000000004,Mismatch
TXN000008007,997.11,0.0,0.0,-997.11,Mismatch
TXN000008009,1001.11,265.76,1.0,-735.35,Mismatch
TXN000008010,6091.2300000000005,0.0,0.0,-6091.2300000000005,Mismatch
TXN000008011,2573.61,110.77,1.0,-2462.84,Mismatch
TXN000008014,2325.7,360.93,1.0,-1964.7699999999998,Mismatch
TXN000008017,4563.2300000000005,30.89,1.0,-4532.34,Mismatch
TXN000008020,484.54,365.66,1.0,-118.88,Mismatch
TXN000008021,555.54,79.81,1.0,-475.72999999999996,Mismatch
TXN000008022,235.6,499.47,1.0,263.87,Mismatch
TXN000008026,569.55,96.56,1.0,-472.98999999999995,Mismatch
TXN000008028,1273.1599999999999,124.42,1.0,-1148.7399999999998,Mismatch
TXN000008029,21.81,366.52,1.0,344.71,Mismatch
TXN000008032,373.55,0.0,0.0,-373.55,Mismatch
TXN000008034,613.8299999999999,30.46,1.0,-583.3699999999999,Mismatch
TXN000008035,166.12,181.55,1.0,15.430000000000007,Mismatch
TXN000008037,169.55,0.0,1.0,-169.55,Mismatch
TXN000008038,2633.25,131.98,1.0,-2501.27,Mismatch
TXN000008039,1576.48,0.0,0.0,-1576.48,Mismatch
TXN000008040,2386.18,0.0,0.0,-2386.18,Mismatch
TXN000008049,271.5,0.0,0.0,-271.5,Mismatch
TXN000008050,890.04,179.36,1.0,-710.68,Mismatch
TXN000008053,5320.700000000001,0.0,0.0,-5320.700000000001,Mismatch
TXN000008057,2420.39,396.93,1.0,-2023.4599999999998,Mismatch
TXN000008058,2145.38,0.0,0.0,-2145.38,Mismatch
TXN000008059,3538.38,268.18,1.0,-3270.2000000000003,Mismatch
TXN000008060,1677.83,0.0,0.0,-1677.83,Mismatch
TXN000008061,2117.0,183.58,1.0,-1933.42,Mismatch
TXN000008064,49.05,0.0,0.0,-49.05,Mismatch
TXN000008067,1679.0,0.0,0.0,-1679.0,Mismatch
TXN000008069,4187.15,286.86,1.0,-3900.2899999999995,Mismatch
TXN000008070,1506.04,248.92,1.0,-1257.12,Mismatch
TXN000008072,3117.35,67.19,1.0,-3050.16,Mismatch
TXN000008073,343.89,0.0,0.0,-343.89,Mismatch
TXN000008074,2433.29,0.0,0.0,-2433.29,Mismatch
TXN000008078,680.88,175.88,1.0,-505.0,Mismatch
TXN000008079,1787.94,352.66,1.0,-1435.28,Mismatch
TXN000008080,2258.8199999999997,0.0,0.0,-2258.8199999999997,Mismatch
TXN000008087,4538.9400000000005,134.82,1.0,-4404.120000000001,Mismatch
TXN000008089,2313.6,0.0,0.0,-2313.6,Mismatch
TXN000008093,6963.96,0.0,0.0,-6963.96,Mismatch
TXN000008094,2884.2200000000003,331.86,1.0,-2552.36,Mismatch
TXN000008095,264.77,362.17,1.0,97.40000000000003,Mismatch
TXN000008099,1725.57,0.0,0.0,-1725.57,Mismatch
TXN000008102,1254.76,351.48,1.0,-903.28,Mismatch
TXN000008103,376.71,68.97,1.0,-307.74,Mismatch
TXN000008104,50.74,0.0,0.0,-50.74,Mismatch
TXN000008105,2741.4,0.0,0.0,-2741.4,Mismatch
TXN000008109,32.85,0.0,0.0,-32.85,Mismatch
TXN000008113,553.84,0.0,0.0,-553.84,Mismatch
TXN000008115,791.0,0.0,0.0,-791.0,Mismatch
TXN000008118,5666.470000000001,441.58,1.0,-5224.890000000001,Mismatch
TXN000008122,377.34999999999997,0.0,0.0,-377.34999999999997,Mismatch
TXN000008123,1200.77,335.3,1.0,-865.47,Mismatch
TXN000008124,1345.9099999999999,386.54,1.0,-959.3699999999999,Mismatch
TXN000008127,927.96,208.66,1.0,-719.3000000000001,Mismatch
TXN000008128,3273.14,452.78,1.0,-2820.3599999999997,Mismatch
TXN000008138,611.78,69.13,1.0,-542.65,Mismatch
TXN000008142,880.68,107.9,1.0,-772.78,Mismatch
TXN000008143,4335.82,0.0,0.0,-4335.82,Mismatch
TXN000008144,2146.59,115.37,1.0,-2031.2200000000003,Mismatch
TXN000008150,2091.6,0.0,0.0,-2091.6,Mismatch
TXN000008151,5807.91,150.15,1.0,-5657.76,Mismatch
TXN000008155,1591.56,287.59,1.0,-1303.97,Mismatch
TXN000008157,378.94,0.0,0.0,-378.94,Mismatch
TXN000008161,1787.22,0.0,0.0,-1787.22,Mismatch
TXN000008164,3693.3,311.17,1.0,-3382.13,Mismatch
TXN000008166,1533.1100000000001,0.0,0.0,-1533.1100000000001,Mismatch
TXN000008167,140.22,0.0,0.0,-140.22,Mismatch
TXN000008170,385.58,370.95,1.0,-14.629999999999995,Mismatch
TXN000008174,249.7,88.79,1.0,-160.90999999999997,Mismatch
TXN000008176,1936.0700000000002,0.0,0.0,-1936.0700000000002,Mismatch
TXN000008177,147.18,58.2,1.0,-88.98,Mismatch
TXN000008179,347.72,0.0,0.0,-347.72,Mismatch
TXN000008181,798.16,146.09,1.0,-652.0699999999999,Mismatch
TXN000008182,374.76,57.56,1.0,-317.2,Mismatch
TXN000008183,544.8,0.0,0.0,-544.8,Mismatch
TXN000008184,1516.46,162.36,1.0,-1354.1,Mismatch
TXN000008188,1240.75,0.0,0.0,-1240.75,Mismatch
TXN000008190,96.77,0.0,0.0,-96.77,Mismatch
TXN000008193,527.15,0.0,0.0,-527.15,Mismatch
TXN000008195,1022.1999999999999,0.0,0.0,-1022.1999999999999,Mismatch
TXN000008200,5468.860000000001,231.06,1.0,-5237.8,Mismatch
TXN000008201,4510.23,0.0,0.0,-4510.23,Mismatch
TXN000008202,2414.86,461.13,1.0,-1953.73,Mismatch
TXN000008204,1482.75,231.09,1.0,-1251.66,Mismatch
TXN000008206,41.82,72.85,1.0,31.029999999999994,Mismatch
TXN000008209,8370.91,0.0,0.0,-8370.91,Mismatch
TXN000008210,789.85,0.0,0.0,-789.85,Mismatch
TXN000008212,7536.52,177.77,1.0,-7358.75,Mismatch
TXN000008214,2878.3900000000003,0.0,0.0,-2878.3900000000003,Mismatch
TXN000008215,800.23,248.9,1.0,-551.33,Mismatch
TXN000008217,2219.68,0.0,0.0,-2219.68,Mismatch
TXN000008218,340.40000000000003,0.0,0.0,-340.40000000000003,Mismatch
TXN000008219,2791.98,130.45,1.0,-2661.53,Mismatch
TXN000008222,219.88,0.0,0.0,-219.88,Mismatch
TXN000008226,7587.38,0.0,0.0,-7587.38,Mismatch
TXN000008227,7177.33,0.0,0.0,-7177.33,Mismatch
TXN000008230,932.3700000000001,151.67,1.0,-780.7000000000002,Mismatch
TXN000008232,1478.3200000000002,168.2,1.0,-1310.1200000000001,Mismatch
TXN000008234,1839.7,478.97,1.0,-1360.73,Mismatch
TXN000008235,578.78,358.09,1.0,-220.69,Mismatch
TXN000008236,1606.49,0.0,0.0,-1606.49,Mismatch
TXN000008237,941.0999999999999,363.15,1.0,-577.9499999999999,Mismatch
TXN000008241,1852.0,202.68,1.0,-1649.32,Mismatch
TXN000008242,1569.52,177.45,1.0,-1392.07,Mismatch
TXN000008245,1901.19,0.0,0.0,-1901.19,Mismatch
TXN000008248,3871.34,45.12,1.0,-3826.2200000000003,Mismatch
TXN000008249,8950.800000000001,437.87,1.0,-8512.93,Mismatch
TXN000008254,1484.13,100.23,1.0,-1383.9,Mismatch
TXN000008258,2730.63,221.09,1.0,-2509.54,Mismatch
TXN000008259,3492.65,433.75,1.0,-3058.9,Mismatch
TXN000008260,2452.5,178.41,1.0,-2274.09,Mismatch
TXN000008264,579.87,35.1,1.0,-544.77,Mismatch
TXN000008265,3793.88,386.83,1.0,-3407.05,Mismatch
TXN000008268,2390.7,458.13,1.0,-1932.5699999999997,Mismatch
TXN000008271,3609.24,0.0,0.0,-3609.24,Mismatch
TXN000008274,448.99,0.0,0.0,-448.99,Mismatch
TXN000008276,2123.39,6.53,1.0,-2116.8599999999997,Mismatch
TXN000008277,2748.8900000000003,0.0,0.0,-2748.8900000000003,Mismatch
TXN000008278,2306.59,353.13,1.0,-1953.46,Mismatch
TXN000008279,517.6,0.0,0.0,-517.6,Mismatch
TXN000008286,2486.04,0.0,0.0,-2486.04,Mismatch
TXN000008288,2728.56,0.0,0.0,-2728.56,Mismatch
TXN000008289,4898.18,0.0,0.0,-4898.18,Mismatch
TXN000008290,763.24,420.05,1.0,-343.19,Mismatch
TXN000008297,105.07,322.64,1.0,217.57,Mismatch
TXN000008299,617.8100000000001,0.0,0.0,-617.8100000000001,Mismatch
TXN000008306,977.47,66.02,1.0,-911.45,Mismatch
TXN000008307,678.88,431.26,1.0,-247.62,Mismatch
TXN000008308,721.8,0.0,0.0,-721.8,Mismatch
TXN000008312,73.17,203.25,1.0,130.07999999999998,Mismatch
TXN000008314,2504.96,292.17,1.0,-2212.79,Mismatch
TXN000008315,1460.15,0.0,0.0,-1460.15,Mismatch
TXN000008322,294.23,366.11,1.0,71.88,Mismatch
TXN000008326,3173.28,135.27,1.0,-3038.01,Mismatch
TXN000008327,2126.8,0.0,0.0,-2126.8,Mismatch
TXN000008328,3940.5199999999995,215.01,1.0,-3725.5099999999993,Mismatch
TXN000008330,194.82999999999998,82.54,1.0,-112.28999999999998,Mismatch
TXN000008334,5527.16,374.36,1.0,-5152.8,Mismatch
TXN000008335,2976.7299999999996,198.09,1.0,-2778.6399999999994,Mismatch
TXN000008339,728.64,0.0,0.0,-728.64,Mismatch
TXN000008340,360.38,105.39,1.0,-254.99,Mismatch
TXN000008342,42.03,0.0,0.0,-42.03,Mismatch
TXN000008343,3358.7000000000003,332.66,1.0,-3026.0400000000004,Mismatch
TXN000008345,1593.96,0.0,0.0,-1593.96,Mismatch
TXN000008347,679.47,0.0,0.0,-679.47,Mismatch
TXN000008355,4022.1,0.0,0.0,-4022.1,Mismatch
TXN000008356,5938.99,0.0,0.0,-5938.99,Mismatch
TXN000008361,7311.299999999999,450.56,1.0,-6860.739999999999,Mismatch
TXN000008362,544.05,0.0,0.0,-544.05,Mismatch
TXN000008369,714.61,118.87,1.0,-595.74,Mismatch
TXN000008372,167.0,317.28,1.0,150.27999999999997,Mismatch
TXN000008373,2550.2799999999997,396.4,1.0,-2153.8799999999997,Mismatch
TXN000008374,3607.83,0.0,0.0,-3607.83,Mismatch
TXN000008376,1249.83,28.24,1.0,-1221.59,Mismatch
TXN000008380,3220.29,0.0,0.0,-3220.29,Mismatch
TXN000008382,1471.6399999999999,453.63,1.0,-1018.0099999999999,Mismatch
TXN000008384,3251.75,0.0,0.0,-3251.75,Mismatch
TXN000008386,5248.639999999999,0.0,0.0,-5248.639999999999,Mismatch
TXN000008388,4088.52,0.0,0.0,-4088.52,Mismatch
TXN000008389,1133.96,289.24,1.0,-844.72,Mismatch
TXN000008391,3841.13,119.71,1.0,-3721.42,Mismatch
TXN000008393,39.52,0.0,0.0,-39.52,Mismatch
TXN000008395,4153.7,151.27,1.0,-4002.43,Mismatch
TXN000008396,3434.8799999999997,282.27,1.0,-3152.6099999999997,Mismatch
TXN000008399,1794.84,0.0,0.0,-1794.84,Mismatch
TXN000008400,3839.7799999999997,77.05,1.0,-3762.7299999999996,Mismatch
TXN000008402,3594.68,438.64,1.0,-3156.04,Mismatch
TXN000008405,2116.89,0.0,0.0,-2116.89,Mismatch
TXN000008407,3970.86,0.0,0.0,-3970.86,Mismatch
TXN000008408,506.54,0.0,0.0,-506.54,Mismatch
TXN000008410,165.76,113.89,1.0,-51.86999999999999,Mismatch
TXN000008411,6795.03,0.0,0.0,-6795.03,Mismatch
TXN000008413,4977.95,0.0,0.0,-4977.95,Mismatch
TXN000008417,2857.21,242.63,1.0,-2614.58,Mismatch
TXN000008420,2812.37,0.0,0.0,-2812.37,Mismatch
TXN000008421,1823.08,467.61,1.0,-1355.4699999999998,Mismatch
TXN000008425,6148.0,0.0,0.0,-6148.0,Mismatch
TXN000008426,408.4,0.0,0.0,-408.4,Mismatch
TXN000008432,466.3,69.11,1.0,-397.19,Mismatch
TXN000008433,1579.56,351.24,1.0,-1228.32,Mismatch
TXN000008434,539.31,36.19,1.0,-503.11999999999995,Mismatch
TXN000008435,2347.9,0.0,0.0,-2347.9,Mismatch
TXN000008438,1055.32,199.92,1.0,-855.4,Mismatch
TXN000008439,5327.27,131.31,1.0,-5195.96,Mismatch
TXN000008442,1612.51,0.0,0.0,-1612.51,Mismatch
TXN000008443,1441.18,190.75,1.0,-1250.43,Mismatch
TXN000008448,1318.35,98.08,1.0,-1220.27,Mismatch
TXN000008451,2298.14,411.28,1.0,-1886.86,Mismatch
TXN000008452,55.6,0.0,0.0,-55.6,Mismatch
TXN000008458,1114.8,0.0,0.0,-1114.8,Mismatch
TXN000008459,829.3,311.71,1.0,-517.5899999999999,Mismatch
TXN000008461,1922.07,459.77,1.0,-1462.3,Mismatch
TXN000008462,3510.34,485.96,1.0,-3024.38,Mismatch
TXN000008463,4115.71,0.0,0.0,-4115.71,Mismatch
TXN000008464,2550.4500000000003,0.0,0.0,-2550.4500000000003,Mismatch
TXN000008466,1165.94,400.69,1.0,-765.25,Mismatch
TXN000008467,1675.1,17.01,1.0,-1658.09,Mismatch
TXN000008470,337.6,0.0,0.0,-337.6,Mismatch
TXN000008472,2633.73,270.87,1.0,-2362.86,Mismatch
TXN000008474,8757.67,0.0,0.0,-8757.67,Mismatch
TXN000008476,1185.45,96.49,1.0,-1088.96,Mismatch
TXN000008477,1603.96,309.36,1.0,-1294.6,Mismatch
TXN000008479,3967.55,0.0,0.0,-3967.55,Mismatch
TXN000008481,469.21,0.0,0.0,-469.21,Mismatch
TXN000008483,2104.16,554.34,2.0,-1549.8199999999997,Mismatch
TXN000008484,419.7,0.0,0.0,-419.7,Mismatch
TXN000008491,26.92,220.23,1.0,193.31,Mismatch
TXN000008492,4060.31,457.95,1.0,-3602.36,Mismatch
TXN000008494,773.67,90.2,1.0,-683.4699999999999,Mismatch
TXN000008495,5758.99,0.0,0.0,-5758.99,Mismatch
TXN000008500,107.22,393.23,1.0,286.01,Mismatch
TXN000008501,2337.64,455.3,1.0,-1882.34,Mismatch
TXN000008506,1815.5500000000002,352.99,1.0,-1462.5600000000002,Mismatch
TXN000008508,2609.65,0.0,0.0,-2609.65,Mismatch
TXN000008510,1750.3600000000001,0.0,0.0,-1750.3600000000001,Mismatch
TXN000008513,1244.72,0.0,1.0,-1244.72,Mismatch
TXN000008518,3413.73,405.34,1.0,-3008.39,Mismatch
TXN000008519,3674.48,0.0,0.0,-3674.48,Mismatch
TXN000008520,3133.15,138.54,1.0,-2994.61,Mismatch
TXN000008524,624.78,0.0,0.0,-624.78,Mismatch
TXN000008527,1816.5900000000001,0.0,0.0,-1816.5900000000001,Mismatch
TXN000008529,3051.92,0.0,0.0,-3051.92,Mismatch
TXN000008535,888.0,109.9,1.0,-778.1,Mismatch
TXN000008539,216.22,0.0,0.0,-216.22,Mismatch
TXN000008542,5539.94,389.99,1.0,-5149.95,Mismatch
TXN000008545,1445.65,176.57,1.0,-1269.0800000000002,Mismatch
TXN000008546,1218.6599999999999,0.0,0.0,-1218.6599999999999,Mismatch
TXN000008548,22.46,0.0,0.0,-22.46,Mismatch
TXN000008550,1142.56,263.47,2.0,-879.0899999999999,Mismatch
TXN000008552,1438.48,176.35,1.0,-1262.13,Mismatch
TXN000008553,4705.67,158.18,1.0,-4547.49,Mismatch
TXN000008556,360.01,108.21,1.0,-251.8,Mismatch
TXN000008557,519.55,0.0,0.0,-519.55,Mismatch
TXN000008559,1455.48,0.0,0.0,-1455.48,Mismatch
TXN000008560,7328.120000000001,366.88,1.0,-6961.240000000001,Mismatch
TXN000008570,2969.16,0.0,0.0,-2969.16,Mismatch
TXN000008571,483.14,0.0,0.0,-483.14,Mismatch
TXN000008573,951.27,317.53,1.0,-633.74,Mismatch
TXN000008574,1922.94,447.71,1.0,-1475.23,Mismatch
TXN000008575,4297.5599999999995,225.49,1.0,-4072.0699999999997,Mismatch
TXN000008577,3055.7,0.0,0.0,-3055.7,Mismatch
TXN000008578,1793.56,214.26,1.0,-1579.3,Mismatch
TXN000008580,490.61,331.22,1.0,-159.39,Mismatch
TXN000008582,714.94,107.59,1.0,-607.35,Mismatch
TXN000008584,742.35,0.0,0.0,-742.35,Mismatch
TXN000008587,5404.16,214.34,1.0,-5189.82,Mismatch
TXN000008589,2426.7400000000002,330.33,1.0,-2096.4100000000003,Mismatch
TXN000008590,2183.07,0.0,0.0,-2183.07,Mismatch
TXN000008594,2689.2400000000002,0.0,0.0,-2689.2400000000002,Mismatch
TXN000008596,5808.2,0.0,0.0,-5808.2,Mismatch
TXN000008598,1409.94,0.0,0.0,-1409.94,Mismatch
TXN000008599,6257.5199999999995,94.78,1.0,-6162.74,Mismatch
TXN000008602,1461.28,294.63,1.0,-1166.65,Mismatch
TXN000008604,233.70000000000002,286.98,1.0,53.28,Mismatch
TXN000008605,5106.61,0.0,0.0,-5106.61,Mismatch
TXN000008606,3043.73,397.2,1.0,-2646.53,Mismatch
TXN000008608,1066.74,0.0,0.0,-1066.74,Mismatch
TXN000008611,955.78,29.52,1.0,-926.26,Mismatch
TXN000008612,1667.6,234.87,1.0,-1432.73,Mismatch
TXN000008614,1024.2,0.0,0.0,-1024.2,Mismatch
TXN000008615,2208.16,0.0,0.0,-2208.16,Mismatch
TXN000008618,1618.41,0.0,0.0,-1618.41,Mismatch
TXN000008621,755.1,0.0,0.0,-755.1,Mismatch
TXN000008624,1515.4499999999998,367.68,1.0,-1147.7699999999998,Mismatch
TXN000008625,2215.96,0.0,0.0,-2215.96,Mismatch
TXN000008626,656.14,0.0,0.0,-656.14,Mismatch
TXN000008629,1151.06,127.82,1.0,-1023.24,Mismatch
TXN000008635,3360.94,61.36,1.0,-3299.58,Mismatch
TXN000008638,1620.88,51.87,1.0,-1569.0100000000002,Mismatch
TXN000008639,1772.9499999999998,453.91,1.0,-1319.0399999999997,Mismatch
TXN000008643,2463.06,10.34,1.0,-2452.72,Mismatch
TXN000008644,169.41,359.94,1.0,190.53,Mismatch
TXN000008645,570.78,267.37,1.0,-303.40999999999997,Mismatch
TXN000008646,2368.7999999999997,179.52,1.0,-2189.2799999999997,Mismatch
TXN000008651,2204.58,262.75,1.0,-1941.83,Mismatch
TXN000008652,1785.66,284.31,1.0,-1501.3500000000001,Mismatch
TXN000008653,758.37,193.64,1.0,-564.73,Mismatch
TXN000008657,3918.3999999999996,229.85,1.0,-3688.5499999999997,Mismatch
TXN000008658,663.24,0.0,0.0,-663.24,Mismatch
TXN000008662,2389.52,0.0,0.0,-2389.52,Mismatch
TXN000008664,2330.52,298.72,1.0,-2031.8,Mismatch
TXN000008667,1689.51,348.3,1.0,-1341.21,Mismatch
TXN000008670,964.6600000000001,326.8,1.0,-637.8600000000001,Mismatch
TXN000008674,1266.9299999999998,493.5,1.0,-773.4299999999998,Mismatch
TXN000008675,3891.8900000000003,479.22,1.0,-3412.67,Mismatch
TXN000008676,1007.62,34.36,1.0,-973.26,Mismatch
TXN000008677,1835.4499999999998,189.18,1.0,-1646.2699999999998,Mismatch
TXN000008679,2637.55,396.84,1.0,-2240.71,Mismatch
TXN000008681,6342.99,0.0,0.0,-6342.99,Mismatch
TXN000008682,4664.8,93.7,1.0,-4571.1,Mismatch
TXN000008684,3280.04,0.0,0.0,-3280.04,Mismatch
TXN000008686,5148.36,0.0,0.0,-5148.36,Mismatch
TXN000008688,90.2,0.0,0.0,-90.2,Mismatch
TXN000008689,124.99,499.54,1.0,374.55,Mismatch
TXN000008690,908.65,44.64,1.0,-864.01,Mismatch
TXN000008691,2863.48,0.0,0.0,-2863.48,Mismatch
TXN000008695,3474.61,423.87,1.0,-3050.7400000000002,Mismatch
TXN000008696,2203.2,0.0,0.0,-2203.2,Mismatch
TXN000008697,1886.55,0.0,0.0,-1886.55,Mismatch
TXN000008698,2545.8900000000003,0.0,0.0,-2545.8900000000003,Mismatch
TXN000008700,907.04,110.7,1.0,-796.3399999999999,Mismatch
TXN000008701,465.49,0.0,0.0,-465.49,Mismatch
TXN000008702,888.42,226.28,1.0,-662.14,Mismatch
TXN000008707,205.48,6.16,1.0,-199.32,Mismatch
TXN000008710,230.42,466.92,1.0,236.50000000000003,Mismatch
TXN000008713,5564.49,91.78,1.0,-5472.71,Mismatch
TXN000008714,4569.35,415.66,1.0,-4153.6900000000005,Mismatch
TXN000008719,509.18,401.53,1.0,-107.65000000000003,Mismatch
TXN000008723,263.11,378.09,1.0,114.97999999999996,Mismatch
TXN000008736,186.7,0.0,1.0,-186.7,Mismatch
TXN000008738,2661.2699999999995,0.0,0.0,-2661.2699999999995,Mismatch
TXN000008739,5786.09,299.34,1.0,-5486.75,Mismatch
TXN000008740,297.75,0.0,0.0,-297.75,Mismatch
TXN000008743,860.14,256.09,1.0,-604.05,Mismatch
TXN000008744,1888.04,0.0,0.0,-1888.04,Mismatch
TXN000008745,4464.32,213.88,1.0,-4250.44,Mismatch
TXN000008746,1390.97,123.59,1.0,-1267.38,Mismatch
TXN000008749,1669.96,5.88,1.0,-1664.08,Mismatch
TXN000008751,96.15,0.0,0.0,-96.15,Mismatch
TXN000008753,3253.03,0.0,0.0,-3253.03,Mismatch
TXN000008757,1284.84,125.68,1.0,-1159.1599999999999,Mismatch
TXN000008764,1071.6200000000001,79.02,1.0,-992.6000000000001,Mismatch
TXN000008771,903.09,444.67,1.0,-458.42,Mismatch
TXN000008774,426.28999999999996,0.0,0.0,-426.28999999999996,Mismatch
TXN000008776,3056.8999999999996,269.65,1.0,-2787.2499999999995,Mismatch
TXN000008778,705.32,0.0,0.0,-705.32,Mismatch
TXN000008779,4623.17,284.37,1.0,-4338.8,Mismatch
TXN000008781,2522.1,93.98,1.0,-2428.12,Mismatch
TXN000008784,1830.3900000000003,0.0,0.0,-1830.3900000000003,Mismatch
TXN000008787,10073.15,219.4,1.0,-9853.75,Mismatch
TXN000008789,686.21,106.82,1.0,-579.3900000000001,Mismatch
TXN000008791,179.04,0.0,0.0,-179.04,Mismatch
TXN000008792,1217.62,0.0,0.0,-1217.62,Mismatch
TXN000008795,100.46000000000001,467.62,1.0,367.15999999999997,Mismatch
TXN000008799,707.05,337.37,1.0,-369.67999999999995,Mismatch
TXN000008800,1348.19,83.55,1.0,-1264.64,Mismatch
TXN000008803,221.99,242.37,1.0,20.379999999999995,Mismatch
TXN000008808,939.2199999999999,0.0,0.0,-939.2199999999999,Mismatch
TXN000008813,394.59,0.0,0.0,-394.59,Mismatch
TXN000008814,2762.77,0.0,0.0,-2762.77,Mismatch
TXN000008815,1139.58,431.62,1.0,-707.9599999999999,Mismatch
TXN000008817,2741.7,0.0,0.0,-2741.7,Mismatch
TXN000008818,3816.7599999999998,0.0,0.0,-3816.7599999999998,Mismatch
TXN000008821,3087.54,271.88,1.0,-2815.66,Mismatch
TXN000008822,544.75,395.15,1.0,-149.60000000000002,Mismatch
TXN000008823,428.35,0.0,0.0,-428.35,Mismatch
TXN000008832,5567.870000000001,0.0,0.0,-5567.870000000001,Mismatch
TXN000008833,579.21,231.55,1.0,-347.66,Mismatch
TXN000008835,954.92,364.79,1.0,-590.1299999999999,Mismatch
TXN000008836,756.32,464.82,1.0,-291.50000000000006,Mismatch
TXN000008837,3972.6000000000004,0.0,0.0,-3972.6000000000004,Mismatch
TXN000008838,4345.049999999999,454.0,1.0,-3891.0499999999993,Mismatch
TXN000008839,4846.05,0.0,0.0,-4846.05,Mismatch
TXN000008840,2297.3,312.33,1.0,-1984.9700000000003,Mismatch
TXN000008843,4710.8,0.0,0.0,-4710.8,Mismatch
TXN000008844,204.6,401.45,1.0,196.85,Mismatch
TXN000008846,1217.54,42.57,1.0,-1174.97,Mismatch
TXN000008850,4715.03,287.3,1.0,-4427.73,Mismatch
TXN000008852,1488.96,0.0,0.0,-1488.96,Mismatch
TXN000008856,725.08,32.77,1.0,-692.3100000000001,Mismatch
TXN000008857,1574.16,256.42,1.0,-1317.74,Mismatch
TXN000008859,778.75,78.49,1.0,-700.26,Mismatch
TXN000008860,1437.1799999999998,0.0,0.0,-1437.1799999999998,Mismatch
TXN000008861,968.7,0.0,0.0,-968.7,Mismatch
TXN000008864,4894.049999999999,157.21,1.0,-4736.839999999999,Mismatch
TXN000008865,4199.15,30.18,1.0,-4168.969999999999,Mismatch
TXN000008866,2376.74,109.34,1.0,-2267.3999999999996,Mismatch
TXN000008867,1651.68,313.33,1.0,-1338.3500000000001,Mismatch
TXN000008869,790.8499999999999,496.78,1.0,-294.06999999999994,Mismatch
TXN000008870,5735.83,139.85,1.0,-5595.98,Mismatch
TXN000008872,348.98,166.51,1.0,-182.47000000000003,Mismatch
TXN000008873,3071.9900000000002,0.0,0.0,-3071.9900000000002,Mismatch
TXN000008874,328.79,0.0,0.0,-328.79,Mismatch
TXN000008876,5410.17,271.43,1.0,-5138.74,Mismatch
TXN000008878,1528.0,278.91,1.0,-1249.09,Mismatch
TXN000008879,570.14,0.0,0.0,-570.14,Mismatch
TXN000008880,1457.27,211.18,1.0,-1246.09,Mismatch
TXN000008883,3182.3599999999997,0.0,0.0,-3182.3599999999997,Mismatch
TXN000008885,2068.3900000000003,0.0,0.0,-2068.3900000000003,Mismatch
TXN000008886,2505.13,0.0,0.0,-2505.13,Mismatch
TXN000008888,4852.86,156.23,1.0,-4696.63,Mismatch
TXN000008890,768.03,428.73,1.0,-339.29999999999995,Mismatch
TXN000008894,3981.0699999999997,312.54,1.0,-3668.5299999999997,Mismatch
TXN000008900,2296.23,50.96,1.0,-2245.27,Mismatch
TXN000008901,1015.52,465.35,1.0,-550.17,Mismatch
TXN000008902,1656.8999999999999,0.0,0.0,-1656.8999999999999,Mismatch
TXN000008903,477.16999999999996,0.0,0.0,-477.16999999999996,Mismatch
TXN000008905,1727.1,83.32,1.0,-1643.78,Mismatch
TXN000008910,4180.65,426.55,1.0,-3754.0999999999995,Mismatch
TXN000008912,1024.72,237.52,1.0,-787.2,Mismatch
TXN000008914,1288.18,274.69,1.0,-1013.49,Mismatch
TXN000008916,2628.1099999999997,0.0,0.0,-2628.1099999999997,Mismatch
TXN000008918,793.52,0.0,0.0,-793.52,Mismatch
TXN000008919,3897.6400000000003,0.0,0.0,-3897.6400000000003,Mismatch
TXN000008920,3979.14,114.71,1.0,-3864.43,Mismatch
TXN000008923,1329.1,0.0,0.0,-1329.1,Mismatch
TXN000008924,432.17,194.89,1.0,-237.28000000000003,Mismatch
TXN000008926,1422.6399999999999,0.0,0.0,-1422.6399999999999,Mismatch
TXN000008929,1042.72,0.0,0.0,-1042.72,Mismatch
TXN000008930,497.96000000000004,164.19,1.0,-333.77000000000004,Mismatch
TXN000008935,4047.5,0.0,0.0,-4047.5,Mismatch
TXN000008939,4678.63,0.0,0.0,-4678.63,Mismatch
TXN000008943,742.2,20.99,1.0,-721.21,Mismatch
TXN000008949,2757.93,136.58,1.0,-2621.35,Mismatch
TXN000008950,946.74,15.15,1.0,-931.59,Mismatch
TXN000008953,545.4,69.71,1.0,-475.69,Mismatch
TXN000008955,2576.3,0.0,0.0,-2576.3,Mismatch
TXN000008956,914.93,0.0,0.0,-914.93,Mismatch
TXN000008957,100.57,0.0,0.0,-100.57,Mismatch
TXN000008962,1689.03,307.98,1.0,-1381.05,Mismatch
TXN000008964,759.45,113.19,1.0,-646.26,Mismatch
TXN000008967,2961.34,233.74,1.0,-2727.6000000000004,Mismatch
TXN000008972,259.44,333.82,1.0,74.38,Mismatch
TXN000008975,430.98,178.05,1.0,-252.93,Mismatch
TXN000008976,1664.7,0.0,0.0,-1664.7,Mismatch
TXN000008977,3536.8199999999997,11.72,1.0,-3525.1,Mismatch
TXN000008981,2287.4300000000003,0.0,0.0,-2287.4300000000003,Mismatch
TXN000008982,1814.6100000000001,446.45,1.0,-1368.16,Mismatch
TXN000008985,51.33,0.0,0.0,-51.33,Mismatch
TXN000008986,1433.65,0.0,0.0,-1433.65,Mismatch
TXN000008988,890.96,451.13,1.0,-439.83000000000004,Mismatch
TXN000008992,41.94,0.0,0.0,-41.94,Mismatch
TXN000008994,442.46000000000004,313.67,1.0,-128.79000000000002,Mismatch
TXN000008997,1446.8999999999999,0.0,0.0,-1446.8999999999999,Mismatch
TXN000008998,5599.2,0.0,0.0,-5599.2,Mismatch
TXN000009000,1788.65,7.7,1.0,-1780.95,Mismatch
